<?xml version="1.0" encoding="UTF-8"?><BillSummaries>
<item congress="116" measure-type="hr" measure-number="4117" measure-id="id116hr4117" originChamber="HOUSE" orig-publish-date="2019-07-30" update-date="2019-09-18">
<title>IRA Preservation Act of 2019</title>
<summary summary-id="id116hr4117v00" currentChamber="HOUSE" update-date="2019-09-18">
<action-date>2019-07-30</action-date>
<action-desc>Introduced in House</action-desc>
<summary-text><![CDATA[<p><b>IRA Preservation Act of 2019</b></p> <p>This bill modifies requirements for individual retirement accounts (IRAs). It requires the Department of the Treasury to make available to the public an overview of the laws and regulations related to IRAs and examples of common IRA errors and how to avoid them. </p> <p>The bill amends the Internal Revenue Code to (1) reduce penalties for taxpayers who voluntarily correct certain IRA errors, including excess contributions and failures to take required minimum distributions; (2) eliminate the 10% additional tax on early distributions that are attributable to withdrawal of interest or other income earned on excess contributions to an IRA; (3) repeal the tax disqualification penalty (loss of tax-exempt status) for accounts where employees engage in certain prohibited transactions; and (4) revise the statute of limitations for collecting certain taxes in connection with an IRA. </p> <p>Treasury must expand the Employee Plans Compliance Resolution System to allow trustees, custodians, and issuers of IRAs to address inadvertent failures for which an IRA owner was not at fault. </p>]]></summary-text>
</summary>
</item>
<dublinCore xmlns:dc="http://purl.org/dc/elements/1.1/">
<dc:format>text/xml</dc:format>
<dc:language>EN</dc:language>
<dc:rights>Pursuant to Title 17 Section 105 of the United States Code, this file is not subject to copyright protection and is in the public domain.</dc:rights>
<dc:contributor>Congressional Research Service, Library of Congress</dc:contributor>
<dc:description>This file contains bill summaries for federal legislation. A bill summary describes the most significant provisions of a piece of legislation and details the effects the legislative text may have on current law and federal programs. Bill summaries are authored by the Congressional Research Service (CRS) of the Library of Congress. As stated in Public Law 91-510 (2 USC 166 (d)(6)), one of the duties of CRS is "to prepare summaries and digests of bills and resolutions of a public general nature introduced in the Senate or House of Representatives". For more information, refer to the User Guide that accompanies this file.</dc:description>
</dublinCore>
</BillSummaries>
