<?xml version="1.0" encoding="UTF-8"?><BillSummaries>
<item congress="116" measure-type="hr" measure-number="27" measure-id="id116hr27" originChamber="HOUSE" orig-publish-date="2019-01-03" update-date="2019-01-08">
<title>Zero-Baseline Budget Act of 2019</title>
<summary summary-id="id116hr27v00" currentChamber="HOUSE" update-date="2019-01-08">
<action-date>2019-01-03</action-date>
<action-desc>Introduced in House</action-desc>
<summary-text><![CDATA[<p><b>Zero-Baseline Budget Act of 201</b><b>9</b></p> <p>This bill changes the assumptions that the Congressional Budget Office uses to calculate the baseline for discretionary spending. (A baseline is a projection of federal spending and receipts during a fiscal year under current law.) </p> <p>The bill changes the assumptions used for the discretionary spending baseline to eliminate adjustments required under current law for inflation, expiring housing contracts, social insurance administrative expenses, pay adjustments, and changes to other personnel benefits. The bill also prohibits adjustments for inflation or any other factor. </p>]]></summary-text>
</summary>
</item>
<dublinCore xmlns:dc="http://purl.org/dc/elements/1.1/">
<dc:format>text/xml</dc:format>
<dc:language>EN</dc:language>
<dc:rights>Pursuant to Title 17 Section 105 of the United States Code, this file is not subject to copyright protection and is in the public domain.</dc:rights>
<dc:contributor>Congressional Research Service, Library of Congress</dc:contributor>
<dc:description>This file contains bill summaries for federal legislation. A bill summary describes the most significant provisions of a piece of legislation and details the effects the legislative text may have on current law and federal programs. Bill summaries are authored by the Congressional Research Service (CRS) of the Library of Congress. As stated in Public Law 91-510 (2 USC 166 (d)(6)), one of the duties of CRS is "to prepare summaries and digests of bills and resolutions of a public general nature introduced in the Senate or House of Representatives". For more information, refer to the User Guide that accompanies this file.</dc:description>
</dublinCore>
</BillSummaries>
