<?xml version="1.0" encoding="UTF-8"?><BillSummaries>
<item congress="116" measure-type="hr" measure-number="1278" measure-id="id116hr1278" originChamber="HOUSE" orig-publish-date="2019-02-14" update-date="2019-03-06">
<title>African Burial Ground International Memorial Museum and Educational Center Act</title>
<summary summary-id="id116hr1278v00" currentChamber="HOUSE" update-date="2019-03-06">
<action-date>2019-02-14</action-date>
<action-desc>Introduced in House</action-desc>
<summary-text><![CDATA[<p><b>African Burial Ground International Memorial Museum and Educational Center Act</b></p> <p> This bill establishes the African Burial Ground International Memorial Museum and Educational Center at the African Burial Ground National Monument in New York, New York.</p> <p> The National Park Service shall (1) acquire for the museum property that is located adjacent to the national monument or in any other area of the African Burial Ground National Historic Landmark in the city other than the location adjacent to the monument, and (2) construct the museum on the acquired property. </p> <p>The bill establishes within the Department of the Interior the African Burial Ground Advisory Council to (1) make recommendations on the construction of the museum, and (2) advise and assist Interior on all matters relating to the operation and preservation of the museum.</p>]]></summary-text>
</summary>
</item>
<dublinCore xmlns:dc="http://purl.org/dc/elements/1.1/">
<dc:format>text/xml</dc:format>
<dc:language>EN</dc:language>
<dc:rights>Pursuant to Title 17 Section 105 of the United States Code, this file is not subject to copyright protection and is in the public domain.</dc:rights>
<dc:contributor>Congressional Research Service, Library of Congress</dc:contributor>
<dc:description>This file contains bill summaries for federal legislation. A bill summary describes the most significant provisions of a piece of legislation and details the effects the legislative text may have on current law and federal programs. Bill summaries are authored by the Congressional Research Service (CRS) of the Library of Congress. As stated in Public Law 91-510 (2 USC 166 (d)(6)), one of the duties of CRS is "to prepare summaries and digests of bills and resolutions of a public general nature introduced in the Senate or House of Representatives". For more information, refer to the User Guide that accompanies this file.</dc:description>
</dublinCore>
</BillSummaries>
