<?xml version="1.0" encoding="UTF-8"?><BillSummaries>
<item congress="116" measure-type="hr" measure-number="297" measure-id="id116hr297" originChamber="HOUSE" orig-publish-date="2019-01-08" update-date="2019-04-11">
<title>Little Shell Tribe of Chippewa Indians Restoration Act of 2019</title>
<summary summary-id="id116hr297v53" currentChamber="HOUSE" update-date="2019-04-11">
<action-date>2019-03-26</action-date>
<action-desc>Passed House</action-desc>
<summary-text><![CDATA[<p><b>Little Shell Tribe of Chippewa Indians Restoration Act of 2019</b></p> <p> This bill extends federal recognition to the Little Shell Tribe of Chippewa Indians of Montana.</p> <p>The bill makes the tribe and its members eligible for services and benefits provided to federally recognized tribes and their members, without regard to the existence of a reservation or the location of the residence of any member. The service area of the tribe is considered to be the area comprised of Blaine, Cascade, Glacier, and Hill Counties, Montana.</p> <p> The tribe must submit a membership roll to the Department of the Interior as a condition of receiving recognition, services, and benefits. The tribe must maintain the membership roll.</p> <p>Interior must take into trust for the benefit of the tribe 200 acres of land within the tribe's service area to be used for a tribal land base.</p>]]></summary-text>
</summary>
<summary summary-id="id116hr297v00" currentChamber="HOUSE" update-date="2019-02-11">
<action-date>2019-01-08</action-date>
<action-desc>Introduced in House</action-desc>
<summary-text><![CDATA[<p><b>Little Shell Tribe of Chippewa Indians Restoration Act of 2019</b></p> <p> This bill extends federal recognition to the Little Shell Tribe of Chippewa Indians of Montana.</p> <p>The bill makes the tribe and its members eligible for services and benefits provided to federally recognized tribes and their members, without regard to the existence of a reservation or the location of the residence of any member. The service area of the tribe is considered to be the area comprised of Blaine, Cascade, Glacier, and Hill Counties, Montana.</p> <p> The tribe must submit a membership roll to the Department of the Interior as a condition of receiving recognition, services, and benefits. The tribe must maintain the membership roll.</p> <p>Interior must take into trust for the benefit of the tribe 200 acres of land within the tribe's service area to be used for a tribal land base.</p>]]></summary-text>
</summary>
</item>
<dublinCore xmlns:dc="http://purl.org/dc/elements/1.1/">
<dc:format>text/xml</dc:format>
<dc:language>EN</dc:language>
<dc:rights>Pursuant to Title 17 Section 105 of the United States Code, this file is not subject to copyright protection and is in the public domain.</dc:rights>
<dc:contributor>Congressional Research Service, Library of Congress</dc:contributor>
<dc:description>This file contains bill summaries for federal legislation. A bill summary describes the most significant provisions of a piece of legislation and details the effects the legislative text may have on current law and federal programs. Bill summaries are authored by the Congressional Research Service (CRS) of the Library of Congress. As stated in Public Law 91-510 (2 USC 166 (d)(6)), one of the duties of CRS is "to prepare summaries and digests of bills and resolutions of a public general nature introduced in the Senate or House of Representatives". For more information, refer to the User Guide that accompanies this file.</dc:description>
</dublinCore>
</BillSummaries>
