<?xml version="1.0" encoding="UTF-8"?><BillSummaries>
<item congress="116" measure-type="hr" measure-number="264" measure-id="id116hr264" originChamber="HOUSE" orig-publish-date="2019-01-08" update-date="2019-04-22">
<title>Financial Services and General Government Appropriations Act, 2019</title>
<summary summary-id="id116hr264v53" currentChamber="HOUSE" update-date="2019-04-22">
<action-date>2019-01-09</action-date>
<action-desc>Passed House</action-desc>
<summary-text><![CDATA[<p><b>Highlights </b></p> <p>This bill provides FY2019 appropriations to agencies responsible for </p> <ul> <li> regulating the financial, telecommunications, and consumer products industries; </li> <li>collecting taxes and assisting taxpayers; </li> <li> managing federal buildings and the federal workforce; and </li> <li> operating the Executive Office of the President, the judiciary, and the District of Columbia. </li> </ul> <p><b>Full Summary </b></p> <p><b>Financial Services and General Government Appropriations Act, 2019 </b></p> <p>TITLE I--DEPARTMENT OF THE TREASURY </p> <p><i>Department of the Treasury Appropriations Act, 2019 </i></p> <p>This title provides appropriations to the Department of the Treasury for Departmental Offices, including </p> <ul> <li> Salaries and Expenses, </li> <li> the Office of Terrorism and Financial Intelligence, </li> <li> the Cybersecurity Enhancement Account, </li> <li> Department-Wide Systems and Capital Investments Programs, </li> <li> the Office of Inspector General, </li> <li> the Treasury Inspector General for Tax Administration, and </li> <li> the Special Inspector General for the Troubled Asset Relief Program. </li> </ul> <p>The title provides appropriations to Treasury for </p> <ul> <li> the Financial Crimes Enforcement Network, </li> <li> the Bureau of the Fiscal Service, </li> <li> the Alcohol and Tobacco Tax and Trade Bureau, </li> <li> the U.S. Mint, and </li> <li> the Community Development Financial Institutions Fund Program Account. </li> </ul> <p>The title provides appropriations to the Internal Revenue Service (IRS) for </p> <ul> <li> Taxpayer Services, </li> <li> Enforcement, </li> <li> Operations Support, and </li> <li> Business Systems Modernization. </li> </ul> <p>(Sec. 101) This section permits up to 5% of any IRS appropriation provided by this bill to be transferred to any other IRS appropriation upon the advance approval of Congress. </p> <p>(Sec. 102) This section requires the IRS to maintain an employee training program that includes taxpayers' rights, dealing courteously with taxpayers, cross-cultural relations, ethics, and the impartial application of tax law. </p> <p>(Sec. 103) This section requires the IRS to institute and enforce policies and procedures to safeguard the confidentiality of taxpayers' information and protect taxpayers against identity theft. </p> <p>(Sec. 104) This section makes funds available for improved facilities and increased staffing to provide sufficient and effective 1-800 help line service for taxpayers. The IRS must continue to make improvements to the help line service a priority and allocate resources necessary to enhance the response time to taxpayer communications, particularly with regard to victims of tax-related crimes. </p> <p>(Sec. 105) This section prohibits the IRS from using funds provided by this bill to make a video unless it is approved in advance by the Service-Wide Video Editorial Board. </p> <p>(Sec. 106) This section requires the IRS to (1) issue a notice of confirmation of any address changes relating to an employer making employment tax payments, and (2) give special consideration to an offer-in-compromise from a taxpayer who has been the victim of fraud by a third party payroll tax preparer. </p> <p>(Sec. 107) This section prohibits the IRS from using funds provided by this bill to target U.S. citizens for exercising any rights guaranteed under the First Amendment to the U.S. Constitution. </p> <p>(Sec. 108) This section prohibits the IRS from using funds provided by this bill to target groups for regulatory scrutiny based on their ideological beliefs. </p> <p>(Sec. 109) This section requires the IRS to comply with certain procedures and policies for conference spending that were recommended by the Treasury Inspector General for Tax Administration. </p> <p>(Sec. 110) This section prohibits the IRS from using funds provided by this bill for providing employee bonuses or hiring former employees without considering conduct and federal tax compliance. </p> <p>(Sec. 111) This section prohibits the IRS from using funds provided by this bill to violate the confidentiality of tax returns and return information. </p> <p>(Sec. 112) This section prohibits the IRS from using funds, except to the extent permitted under specified sections of the Internal Revenue Code (IRC), to provide to any person a proposed final return or statement for use in satisfying a filing or reporting requirement under the IRC. </p> <p>(Sec. 113) This section provides additional appropriations to the IRS to be remain available through FY2020 for carrying out P.L. 115-97 (commonly known as the Tax Cuts and Jobs Act). </p> <p>(Sec. 114) This section permits Treasury to use funds provided by this bill for </p> <ul> <li> uniforms, </li> <li> insurance for official motor vehicles operated in foreign countries, </li> <li> contracts with the Department of State for health and medical services to employees and their dependents serving in foreign countries, and </li> <li> employment of temporary or intermittent experts and consultants. </li> </ul> <p>(Sec. 115) This section permits certain transfers between Treasury accounts, subject to congressional approval and specified requirements. </p> <p>(Sec. 116) This section permits the IRS to transfer certain funds to the Treasury Inspector General for Tax Administration, subject to congressional approval and specified requirements. </p> <p>(Sec. 117) This section bars Treasury or the Bureau of Engraving and Printing from using funds to redesign the $1 Federal Reserve note. </p> <p>(Sec. 118) This section permits Treasury to transfer funds from Bureau of Fiscal Services--Salaries and Expenses to the Debt Collection Fund to cover the costs of debt collection. It also requires the transferred amounts to be reimbursed from debt collections received in the fund. </p> <p>(Sec. 119) This section prohibits the U.S. Mint from using funds to construct or operate any museum without congressional approval. </p> <p>(Sec. 120) This section prohibits funds from being used to merge the U.S. Mint and the Bureau of Engraving and Printing without congressional approval. </p> <p>(Sec. 121) This section deems funds provided for Treasury's intelligence or intelligence-related activities as authorized for FY2019 until the enactment of the Intelligence Authorization Act for FY2019. </p> <p>(Sec. 122) This section permits up to $5,000 to be made available from the Bureau of Engraving and Printing's Industrial Revolving Fund for official reception and representation expenses. </p> <p>(Sec. 123) This section requires Treasury to submit a capital investment plan to Congress. </p> <p>(Sec. 124) This section requires Treasury to report to Congress on the Franchise Fund. </p> <p>(Sec. 125) This section prohibits Treasury from using funds for certain regulations, revenue rulings, or other guidance related to the standard used to determine the tax-exempt status of a 501(c)(4) organization. </p> <p>(Sec. 126) This section requires the Office of Financial Stability and the Office of Financial Research to report quarterly to Congress on their activities. </p> <p>(Sec. 127) This section permits the Office of Terrorism and Financial Intelligence to reimburse the Departmental Office--Salaries and Expenses account for reception and representation expenses to support the Financial Action Task Force. </p> <p>(Sec. 128) This section permits the Bureau of Engraving and Printing Fund to be used for the acquisition of necessary land for, and construction of, a replacement currency production facility. </p> <p>(Sec. 129) This section requires the Financial Crimes Enforcement Network and the appropriate divisions of Treasury to report to Congress on Geographic Targeting Orders issued since 2016. (Geographic targeting orders impose certain additional recordkeeping and reporting requirements on one or more domestic financial institutions or nonfinancial trades or businesses in a geographic area.) </p> <p>TITLE II--EXECUTIVE OFFICE OF THE PRESIDENT AND FUNDS APPROPRIATED TO THE PRESIDENT </p> <p><i>Executive Office of the President Appropriations Act, 2019 </i></p> <p>This title provides FY2019 appropriations to the Executive Office of the President and designated accounts, including </p> <ul> <li> the White House, </li> <li> the Executive Residence at the White House, </li> <li> White House Repair and Restoration, </li> <li> the Council of Economic Advisers, </li> <li> the National Security Council and the Homeland Security Council, </li> <li> the Office of Administration, </li> <li> the Office of Management and Budget (OMB), </li> <li> the Office of National Drug Control Policy, </li> <li> Unanticipated Needs, </li> <li> Information Technology Oversight and Reform, </li> <li> Special Assistance to the President, and </li> <li> the Official Residence of the Vice President. </li> </ul> <p>(Sec. 201) This section permits certain transfers of funds between accounts within the Executive Office of the President, subject to congressional approval and specified requirements. </p> <p>(Sec. 202) This section requires the OMB to include a statement of budgetary impact with certain executive orders or Presidential memoranda issued or revoked by the President during FY2019. </p> <p>TITLE III--THE JUDICIARY </p> <p><i>Judiciary Appropriations Act, 2019 </i></p> <p>This title provides FY2019 appropriations to the judiciary for </p> <ul> <li> the Supreme Court of the United States; </li> <li> the U.S. Court of Appeals for the Federal Circuit; </li> <li> the U.S. Court of International Trade; </li> <li> Courts of Appeals, District Courts, and Other Judicial Services; </li> <li> the Administrative Office of the U.S. Courts; </li> <li> the Federal Judicial Center; and </li> <li> the U.S. Sentencing Commission. </li> </ul> <p>(Sec. 301) This section permits funds provided by this title for salaries and expenses to be used for the employment of temporary or intermittent experts and consultants. </p> <p>(Sec. 302) This section permits certain transfers of funds between judiciary accounts, if Congress is notified and other specified requirements are met. </p> <p>(Sec. 303) This section permits up to $11,000 of appropriations provided for salaries and expenses for Courts of Appeals, District Courts, and Other Judicial Services to be used for official reception and representation expenses of the Judicial Conference of the United States. </p> <p>(Sec. 304) This section permits the delegation of authority to the judiciary for contracts for repairs that are under $100,000. </p> <p>(Sec. 305) This section continues a pilot program for the U.S. Marshals Service to provide perimeter security services at selected courthouses. </p> <p>(Sec. 306) This section extends several temporary judgeships. </p> <p>TITLE IV--DISTRICT OF COLUMBIA </p> <p><i>District of Columbia Appropriations Act, 2019 </i></p> <p>This title provides FY2019 appropriations to the District of Columbia, including federal payments for </p> <ul> <li> Resident Tuition Support, </li> <li> Emergency Planning and Security Costs in the District of Columbia, </li> <li> District of Columbia Courts, </li> <li> Defender Services in District of Columbia Courts, </li> <li> the Court Services and Offender Supervision Agency for the District of Columbia, </li> <li> the District of Columbia Public Defender Service, </li> <li> the Criminal Justice Coordinating Council, </li> <li> Judicial Commissions, </li> <li> School Improvement, </li> <li> the District of Columbia National Guard, </li> <li> Testing and Treatment of HIV/AIDS, and </li> <li> the District of Columbia Water and Sewer Authority. </li> </ul> <p>The title also provides local funds for the operation of the District out of the General Fund of the District of Columbia. </p> <p>TITLE V--INDEPENDENT AGENCIES </p> <p>This title provides appropriations for independent agencies, including </p> <ul> <li> the Administrative Conference of the United States, </li> <li> the Commodity Futures Trading Commission, </li> <li> the Consumer Product Safety Commission (CPSC), </li> <li> the Election Assistance Commission, </li> <li> the Federal Communications Commission (FCC), </li> <li> the Federal Deposit Insurance Corporation, </li> <li> the Federal Election Commission, </li> <li> the Federal Labor Relations Authority, </li> <li> the Federal Trade Commission (FTC), </li> <li> the General Services Administration (GSA), </li> <li> the Harry S. Truman Scholarship Foundation, </li> <li> the Merit Systems Protection Board, </li> <li> Morris K. Udall and Stewart L. Udall Foundation, </li> <li> the National Archives and Records Administration, </li> <li> the National Credit Union Administration, </li> <li> the Office of Government Ethics, </li> <li> the Office of Personnel Management (OPM), </li> <li> the Office of Special Counsel, </li> <li> the Postal Regulatory Commission, </li> <li> the Privacy and Civil Liberties Oversight Board, </li> <li> the Securities and Exchange Commission (SEC), </li> <li> the Selective Service System, </li> <li> the Small Business Administration (SBA), </li> <li> the U.S. Postal Service, and </li> <li> the U.S. Tax Court. </li> </ul> <p>The title requires the U.S. Postal Service to continue six day delivery and rural delivery of the mail at not less than the 1983 level. </p> <p>(Sec. 501) This section prohibits the CPSC from using funds provided by this bill to finalize, implement, or enforce the proposed Safety Standard for Recreational Off-Highway Vehicles until the National Academy of Sciences completes a specified study and the results are submitted to Congress. </p> <p>(Sec. 510) This section prohibits the FCC from using funds provided by this bill to change the rules for universal service support payments to implement recommendations of the Federal-State Joint Board on Universal Service regarding single connection or primary line restrictions. </p> <p>(Sec. 520) This section permits the GSA to use funds to hire passenger motor vehicles. </p> <p>(Sec. 521) This section permits funds in the Federal Buildings Fund made available for FY2019 to be transferred between activities if necessary to meet program requirements, subject to congressional approval. </p> <p>(Sec. 522) This section requires the FY2020 budget request for U.S. Courthouse construction to (1) meet specified design guide standards for construction; (2) reflect the priorities of the Judicial Conference of the United States as set out in its approved Courthouse Project Priorities plan; and (3) include a standardized courtroom utilization study of each facility to be constructed, replaced, or expanded. </p> <p>(Sec. 523) This section prohibits funds provided by this bill from being used to increase square footage, provide cleaning services or security enhancements, or provide any other service usually provided through the Federal Buildings Fund for any agency that does not pay the assessed rent. </p> <p>(Sec. 524) This section permits the GSA to use specified funds to pay claims against the federal government that are under $250,000 and arise from direct construction projects and building acquisitions if Congress is notified in advance. </p> <p>(Sec. 525) This section requires the GSA, if specified congressional committees adopt a resolution granting lease authority pursuant to a prospectus, to ensure that the delineated area of procurement matches the prospectus. </p> <p>(Sec. 526) This section requires the GSA to submit a spending plan and explanation to Congress for each project funded with the Major Repairs and Alterations or Judiciary Capital Security Program accounts and E-Government projects funded with the Federal Citizens Services Fund.</p> <p> (Sec. 530) This section permits the SBA to transfer specified funds between appropriations accounts. </p> <p>(Sec. 531) This section prohibits SBA funds provided by this bill from being used for a company (1) that is headquartered in China, or (2) for which more than 25% of the voting stock of the company is owned by affiliates that are citizens of China. </p> <p>(Sec. 532) This section requires the SBA to study whether the provision of matchmaking services that link veteran entrepreneurs to business leads in industry sectors or geographic regions would enhance existing SBA veterans entrepreneurship programs. </p> <p>(Sec. 533) This section requires the SBA to </p> <ul> <li> work with federal agencies to review the efforts of each Office of Small and Disadvantaged Business Utilization to comply with the requirements for the offices under the Small Business Act, </li> <li> report to Congress regarding federal agency compliance with the requirements, and </li> <li> report to Congress on the status of the issuance of detailed guidance for the peer review process of the Small Business Procurement Advisory Council. </li> </ul> <p>TITLE VI--GENERAL PROVISIONS--THIS ACT </p> <p>(Sec. 601) This section prohibits funds provided by this bill from being used to pay expenses or otherwise compensate non-federal parties intervening in regulatory or adjudicatory proceedings funded in this bill. </p> <p>(Sec. 602) This section prohibits funds provided by this bill from being obligated beyond the current fiscal year or transferred to other appropriations unless authority is expressly provided by this bill. </p> <p>(Sec. 603) This section limits expenditures for consulting services to contracts where expenditures are a matter of public record, except where otherwise permitted under existing law or an executive order. </p> <p>(Sec. 604) This section prohibits funds provided by this bill from being transferred to any department, agency, or instrumentality of the U.S. government, except pursuant to transfer authority provided by an appropriations Act. </p> <p>(Sec. 605) This section requires enforcement of a Tariff Act of 1930 provision barring the importation of goods manufactured using convict labor. </p> <p>(Sec. 606) This section requires entities receiving funds provided by this bill to comply with the Buy American Act. </p> <p>(Sec. 607) This section prohibits the use of funds provided by this bill by any person or entity convicted of violating the Buy American Act. </p> <p>(Sec. 608) This section provides authority, restrictions, and requirements for reprogramming. It also requires agencies funded in this bill to submit to Congress a report establishing a baseline for the application of reprogramming and transfer authorities. </p> <p>(Sec. 609) This section permits up to 50% of unobligated balances remaining at the end of FY2019 for salaries and expenses to remain available through FY2020, subject to reprogramming guidelines and congressional approval. </p> <p>(Sec. 610) This section prohibits the Executive Office of the President from using funds provided by this bill to request either a Federal Bureau of Investigation background investigation or an IRS determination of tax-exempt status under section 501(a) of the Internal Revenue Code, except with the consent of the individual involved in an investigation or in extraordinary circumstances involving national security. </p> <p>(Sec. 611) This section makes certain cost accounting standards inapplicable to contracts under the Federal Employees Health Benefits Program. </p> <p>(Sec. 612) This section permits the OPM to accept and utilize (without regard to any restriction on unanticipated travel expenses imposed in an appropriations Act) funds provided to resolve litigation and implement any settlement agreements regarding the nonforeign area cost-of-living allowance program. </p> <p>(Sec. 613) This section prohibits funds provided by this bill from being used to pay for an abortion, or the administrative expenses in connection with any health plan under the Federal Employees Health Benefits Program that provides any benefits or coverage for abortions. </p> <p>(Sec. 614) This section provides exceptions to the prohibition in section 613 if the life of the mother would be endangered if the fetus were carried to term, or the pregnancy is the result of an act of rape or incest. </p> <p>(Sec. 615) This section waives Buy American Act restrictions for commercial information technology acquired by the federal government. </p> <p>(Sec. 616) This section prohibits an officer or employee of any regulatory agency or commission funded by this bill from accepting payments or reimbursements for travel, subsistence, or related expenses from a person or entity regulated by the agency or commission, subject to an exception for nonprofit tax-exempt organizations. </p> <p>(Sec. 617) This section permits the Commodity Futures Trading Commission and the Securities and Exchange Commission to use funds for the interagency funding and sponsorship of a joint advisory committee to advise on emerging regulatory issues. </p> <p>(Sec. 618) This section requires agencies covered by this bill to consult with the GSA before seeking new office space or making alterations to existing office space. It also permits any agency with authority to enter into an emergency lease to do so during any period declared by the President to require emergency leasing authority. </p> <p>(Sec. 619) This section provides funds required under current law for </p> <ul> <li> compensation of the President; </li> <li> payments to the Judicial Officers' Retirement Fund, the Judicial Survivors' Annuities Fund, and the U.S. Court of Federal Claims Judges' Retirement Fund; </li> <li> payments of government contributions for health and life insurance benefits of federal retired employees; </li> <li>payments to finance the unfunded liability of annuity benefits under the Civil Service Retirement and Disability Fund; and </li> <li> payments of annuities authorized to be paid from the Civil Service Retirement and Disability Fund. </li> </ul> <p>(Sec. 620) This section permits the Public Company Accounting Oversight Board to obligate specified funds to remain available until expended for the scholarship program established by the Sarbanes-Oxley Act of 2002. </p> <p>(Sec. 621) This section prohibits the FTC from using funds provided by this bill to complete the draft report titled &quot;Interagency Working Group on Food Marketed to Children: Preliminary Proposed Nutrition Principles to Guide Industry Self-Regulatory Efforts&quot; unless the working group complies with Executive Order 13563 (Improving Regulation and Regulatory Review). </p> <p>(Sec. 622) This section prohibits the OPM from using funds provided by this bill to permit contractor security clearance-related background investigators to conduct final quality reviews of their own work. </p> <p>(Sec. 623) This section requires agencies funded by this bill to ensure that the Chief Information Officer of the agency has the authority to participate in budgeting decisions related to information technology. It also requires funding for information technology to be allocated consistent with guidance provided by appropriations Acts, the OMB, and the agency's Chief Information Officer. </p> <p>(Sec. 624) This section prohibits funds provided by this bill from being used in contravention of the Federal Records Act. </p> <p>(Sec. 625) This section prohibits funds provided by this bill from being used to require providers of electronic communication or remote computing services to the public to disclose electronic communications information in a manner that violates the Fourth Amendment of the U.S. Constitution. </p> <p>(Sec. 626) This section prohibits the FCC from making modifications to Universal Service Fund rules related to Mobility Fund Phase II. </p> <p>(Sec. 627) This section requires departments and agencies funded by this bill to provide an Inspector General (IG) funded by this bill with timely access to records, documents, or other materials available to the department or agency over which the IG has responsibility. It also requires each IG to comply with specified statutory limitations on disclosure of the information provided. </p> <p>(Sec. 628) This section prohibits funds provided by this bill from being used to maintain or establish a computer network unless the network blocks pornography. It includes an exception for a law enforcement agency or other entity carrying out criminal investigations, prosecution, adjudication activities, or other law enforcement- or victim assistance-related activity. </p> <p>(Sec. 629) This section prohibits the SEC from using funds provided by this bill for any rule, regulation, or order regarding the disclosure of political contributions, contributions to tax-exempt organizations, or dues paid to trade associations. </p> <p>(Sec. 630) This section prohibits funds provided by this bill from being used to pay award or incentive fees for contractors whose performance is below satisfactory, behind schedule, over budget, or has failed to meet the basic requirements of a contract unless specified requirements are met. </p> <p>(Sec. 631) This section specifies restrictions and congressional notification requirements for spending on conferences. </p> <p>(Sec. 632) This section prohibits funds provided by this bill from being used to acquire telecommunications equipment produced by Huawei Technologies Company, ZTE Corporation or a high-impact or moderate-impact information system unless the agency acquiring the system meets certain requirements for reviews, assessments, reports, and mitigation strategies for risks. </p> <p>(Sec. 633) This section prohibits funds provided by this bill from being used for airline accommodations for any officer or employee in the executive branch that are not coach-class accommodations. </p> <p>(Sec. 634) This section requires the Government Accountability Office to (1) examine the financial impact of the mineral pyrrhotite in concrete home foundations; and (2) recommend regulatory and legislative actions needed to help mitigate the financial impact on banks, mortgage lenders, tax revenues, and homeowners. </p> <p>(Sec. 635) This section specifies that the explanatory statement printed in the Congressional Record regarding division B (Financial Services and General Government Appropriations Act, 2019) of H.R. 21 (Consolidated Appropriations Act, 2019) has the same effect, with respect to this bill, as if it were a joint explanatory statement of a conference committee. </p> <p>(Sec. 636) This section compensates federal employees furloughed as a result of a lapse in appropriations that began on or about December 22, 2018, and ended upon the enactment of this bill. It also ratifies and approves certain obligations incurred in anticipation of the appropriations made and the authority granted by this bill. </p> <p>(Sec. 637) This section reimburses or compensates certain states, federal grantees, and furloughed state employees for any period in FY2019 in which a lapse in appropriations occurs.</p> <p>TITLE VII--GENERAL PROVISIONS--GOVERNMENT-WIDE </p> <p>(Sec. 701) This section requires U.S. departments, agencies, or instrumentalities to administer a written policy designed to ensure that workplaces are free from the illegal use, possession, or distribution of controlled substances by officers and employees. </p> <p>(Sec. 702) This section establishes price limitations on vehicles purchased by the federal government and specifies exceptions. </p> <p>(Sec. 703) This section permits appropriations for the current fiscal year to be used for quarters and cost-of-living allowances. </p> <p>(Sec. 704) This section prohibits the employment of noncitizens whose posts of duty would be in the continental United States, subject to specified exceptions. </p> <p>(Sec. 705) This section permits appropriations provided to any department or agency for necessary expenses such as maintenance and operating expenses to be used for payments to the GSA for space renovation and other services. </p> <p>(Sec. 706) This section permits agencies to use receipts from the sale of materials through recycling or waste prevention programs for (1) acquisition, waste reduction and prevention, and recycling programs; (2) other federal agency environmental management programs; and (3) other employee programs as authorized by law or as deemed appropriate by the agency. </p> <p>(Sec. 707) This section permits funds provided to certain government corporations and agencies for administrative expenses to be used to pay rent and other service costs in District of Columbia. </p> <p>(Sec. 708) This section prohibits interagency financing of boards (except Federal Executive Boards), commissions, councils, committees, or similar groups absent prior statutory approval. </p> <p>(Sec. 709) This section prohibits funds from being used to implement, administer, or enforce any regulation which has been disapproved pursuant to a joint resolution. </p> <p>(Sec. 710) This section prohibits spending more than $5,000 to redecorate or furnish the office of the head of a department or agency during the period in which the official holds office unless Congress is notified in advance. </p> <p>(Sec. 711) This section permits interagency funding of national security and emergency preparedness telecommunications initiatives that benefit multiple federal departments, agencies, or entities. </p> <p>(Sec. 712) This section requires agencies to certify that certain appointments were not created solely or primarily to detail an individual to the White House. It includes an exception for federal employees or members of the Armed Forces detailed to or from an element of the intelligence community. </p> <p>(Sec. 713) This section prohibits the use of funds to prevent federal employees from communicating with Congress or to take disciplinary or personnel actions against employees for communicating with Congress. </p> <p>(Sec. 714) This section prohibits funds from being used for training that is not directly related to the performance of official duties. </p> <p>(Sec. 715) This section prohibits an agency of the executive branch from using funds for publicity or propaganda purposes and for the preparation or distribution of materials designed to support or defeat legislation pending before Congress. </p> <p>(Sec. 716) This section prohibits an agency from providing a federal employee's home address to any labor organization absent employee authorization or a court order. </p> <p>(Sec. 717) This section prohibits funds from being used to provide any non-public information such as mailing, telephone, or electronic mailing lists to any person or organization outside the federal government without approval of Congress. </p> <p>(Sec. 718) This section prohibits funds from being used for propaganda and publicity purposes within the United States not authorized by Congress. </p> <p>(Sec. 719) This section directs agency employees to use official time in an honest effort to perform official duties. It also specifies that employees not under a leave system are obligated to expend an honest effort and a reasonable proportion of their time to perform official duties. </p> <p>(Sec. 720) This section permits agencies that are members of the Federal Accounting Standards Advisory Board (FASB) to use funds provided for the current fiscal year to finance an appropriate share of FASB administrative costs. </p> <p>(Sec. 721) This section permits agencies to transfer funds to the GSA to support specified government-wide and multiagency activities that meet certain requirements and are approved by the OMB. </p> <p>(Sec. 722) This section permits a woman to breastfeed her child at any location in a federal building or on federal property if the woman and child are authorized to be there. </p> <p>(Sec. 723) This section permits interagency funding of the National Science and Technology Council and requires the OMB to provide a report describing the budget and resources connected with the council. </p> <p>(Sec. 724) This section requires documents involving the distribution of federal funds to indicate the agency providing the funds and the amount provided. </p> <p>(Sec. 725) This section prohibits the use of funds to monitor personal information relating to the use of federal Internet sites, subject to specified exceptions. </p> <p>(Sec. 726) This section prohibits the use of funds provided by this bill for health plans with prescription drug coverage unless contraceptive coverage is included. It also (1) includes exemptions for certain religious plans, and (2) prohibits plans from discriminating against individuals who refuse to provide contraceptives due to religious beliefs or moral convictions. </p> <p>(Sec. 727) This section specifies that the United States is committed to ensuring the health of its Olympic, Pan American, and Paralympic athletes and supports the strict adherence to anti-doping in sports through testing, adjudication, education, and research. </p> <p>(Sec. 728) This section permits federal agencies and departments to use funds appropriated for official travel to participate in the fractional aircraft ownership pilot program, if consistent with OMB Circular A-126 regarding official travel for government personnel. </p> <p>(Sec. 729) This section prohibits funds from being used to implement OPM regulations limiting executive branch detailees to the legislative branch or to implement limitations on the Coast Guard Congressional Fellowship Program. </p> <p>(Sec. 730) This section prohibits agencies from using funds for additional law enforcement training facilities that are not within or contiguous to existing locations without the approval of Congress. The Federal Law Enforcement Training Center may obtain the temporary use of additional facilities for training which cannot be accommodated in existing facilities. </p> <p>(Sec. 731) This section prohibits agencies from using funds to produce any prepackaged news story intended for broadcast or distribution in the United States, unless the story includes a notification that it was prepared or funded by the agency. </p> <p>(Sec. 732) This section prohibits the use of funds in contravention of the Privacy Act or associated regulations. </p> <p>(Sec. 733) This section prohibits the use of funds for contracts with any foreign incorporated entity which is an inverted domestic corporation. It also (1) requires a waiver if necessary for national security, and (2) includes an exemption for contracts entered into prior to enactment of this bill and task orders issued pursuant to the contracts. </p> <p>(Sec. 734) This section requires agencies to pay a fee to the OPM for processing retirements of employees who separate under Voluntary Early Retirement Authority or receive Voluntary Separation Incentive Payments. </p> <p>(Sec. 735) This section bars the use of funds to recommend or require any entity submitting an offer for a federal contract to disclose specified political contributions as a condition of submitting the offer. </p> <p>(Sec. 736) This section bars the use of funds for the painting of portraits of a federal officer or employee, including the President, the Vice President, a Member of Congress, or the head of an executive branch agency or legislative branch office. </p> <p>(Sec. 737) This section limits pay increases for certain categories of prevailing rate employees. </p> <p>(Sec. 738) This section eliminates automatic pay increases for the Vice President and certain categories of political appointees. </p> <p>(Sec. 739) This section requires agencies to submit annual reports to Inspectors General or senior ethics officials regarding the costs and contracting procedures for conferences that cost more than $100,000. </p> <p>(Sec. 740) This section prohibits the use of funds to increase, eliminate, or reduce funding for a program, project, or activity, unless the changes have been enacted into law or made using transfer or reprogramming authority provided in an appropriations Act. </p> <p>(Sec. 741) This section prohibits funds from being used for an OPM rule revising the definition of competitive area used in reductions-in-force for federal employees. </p> <p>(Sec. 742) This section prohibits funds from being used to begin or announce a study or public-private competition regarding the conversion of functions performed by federal employees to contractor performance. </p> <p>(Sec. 743) This section prohibits funds from being used to require contractors or employees to sign confidentiality agreements or statements restricting or prohibiting the reporting of waste, fraud, or abuse to investigative or law enforcement representatives. </p> <p>(Sec. 744) This section prohibits the use of funds to implement or enforce a nondisclosure agreement unless it meets specified criteria. </p> <p>(Sec. 745) This section prohibits the use of funds for specified transactions with any corporation with certain unpaid federal tax liabilities, unless an agency has considered suspension or debarment of the corporation and decided that further action is not necessary to protect the interests of the government. </p> <p>(Sec. 746) This section prohibits the use of funds for specified transactions with any corporation that was convicted of a felony within the preceding 24 months, unless an agency has considered suspension or debarment of the corporation and decided that further action is not necessary to protect the interests of the government. </p> <p>(Sec. 747) This section requires the Consumer Financial Protection Bureau to notify Congress of any request for a transfer of funds from the Federal Reserve Board. </p> <p>(Sec. 748) This section requires the Office of Management and Budget to make specified adjustments to discretionary spending limits to account for estimating differences with the Congressional Budget Office. </p> <p>(Sec. 749) This section provides a pay increase for federal employees. </p> <p>(Sec. 750) This section specifies that a reference to &quot;this Act&quot; does not apply to titles IV (District of Columbia) or VIII (General Provisions--District of Columbia) unless it is included in those titles or expressly provided for in this bill. </p> <p>TITLE VIII--GENERAL PROVISIONS--DISTRICT OF COLUMBIA </p> <p>This title sets forth permitted and prohibited uses of funds appropriated by this bill for the District of Columbia. </p> <p>(Sec. 801) This section appropriates District of Columbia funds for making refunds and paying settlements or judgments against the District government. </p> <p>(Sec. 802) This section prohibits the use of federal funds provided by this bill for publicity or propaganda purposes or implementation of any policy including boycott designed to support or defeat legislation pending before Congress or any state legislature. </p> <p>(Sec. 803) This section establishes reprogramming procedures for federal and local funds. </p> <p>(Sec. 804) This section prohibits the use of federal funds for the salaries and expenses of shadow U.S. Representatives or Senators. </p> <p>(Sec. 805) This section requires official vehicles provided to any District officer or employee to be used only for official duties. </p> <p>(Sec. 806) This section prohibits the use of federal funds for a petition drive or civil action seeking voting representation in Congress for the District. </p> <p>(Sec. 807) This section prohibits the use of federal funds provided by this bill to distribute needles or syringes for preventing the spread of blood borne pathogens in any location that local public health or law enforcement authorities have determined to be inappropriate for distribution. </p> <p>(Sec. 808) This section specifies that nothing in this bill prevents the District Council or Mayor from addressing contraceptive coverage by health insurance plans. It also expresses the intent of Congress that legislation enacted on the issue should include a conscience clause providing exceptions for religious beliefs and moral convictions. </p> <p>(Sec. 809) This section prohibits the use of federal funds provided by this bill to legalize or otherwise reduce penalties for the possession, use, or distribution of any schedule I substance under the Controlled Substances Act or any tetrahydrocannabinols derivative (THC, the psychoactive component of marijuana). </p> <p>The section also prohibits funds available to the District government under any authority from being used to legalize or reduce penalties for possession, use, or distribution of any schedule I substance under the Controlled Substance Act or any tetrahydrocannabinols derivative (THC, the psychoactive component of marijuana) for recreational purposes. </p> <p>(Sec. 810) This section prohibits funds available to the District government under any authority from being used for any abortion except where the life of the mother would be endangered if the fetus were carried to term or where the pregnancy is the result of rape or incest. </p> <p>(Sec. 811) This section requires the District Chief Financial Officer (CFO) to submit to Congress, the Mayor, and the Council a revised operating budget for agencies requiring a reallocation to address unanticipated changes in program requirements. </p> <p>(Sec. 812) This section requires the CFO to submit to Congress, the Mayor, and the Council a revised operating budget for the District of Columbia Public Schools that aligns the school budget to actual enrollment. </p> <p>(Sec. 813) This section permits the District to reprogram or transfer funds between operating funds and capital and enterprise funds. The District may not transfer or reprogram for operating expenses any funds derived from bonds, notes, or other obligations issued for capital projects. </p> <p>(Sec. 814) This section prohibits federal funds from being obligated beyond the current fiscal year or transferred unless expressly permitted in this bill. </p> <p>(Sec. 815) This section permits up to 50% of unobligated balances available at the end of FY2019 from federal appropriations for salaries and expenses to remain available through FY2020, subject to congressional approval and reprogramming guidelines. </p> <p>(Sec. 816) This section appropriates local funds to the District for FY2020 if no continuing resolution or regular appropriation for the District is in effect. Provides the funds under the same authorities, conditions, and manner as provided for FY2019. </p> <p>(Sec. 817) This section provides that references to &quot;this Act&quot; in this title or title IV (District of Columbia) refer only to those titles, unless this Act expressly provides otherwise. </p>]]></summary-text>
</summary>
<summary summary-id="id116hr264v00" currentChamber="HOUSE" update-date="2021-07-02">
<action-date>2019-01-08</action-date>
<action-desc>Introduced in House</action-desc>
<summary-text><![CDATA[<p><b>Financial Services and General Government Appropriations Act, 2019</b></p> <p>This bill provides FY2019 appropriations for several federal departments and agencies, including</p> <ul> <li>the Department of the Treasury,</li> <li>the Executive Office of the President,</li> <li>the judiciary,</li> <li>the District of Columbia, and</li> <li>several independent agencies.</li> </ul> <p>The independent agencies funded in the bill include</p> <ul> <li>the Administrative Conference of the United States, </li> <li>the Commodity Futures Trading Commission, </li> <li> the Consumer Product Safety Commission, </li> <li> the Election Assistance Commission, </li> <li> the Federal Communications Commission, </li> <li> the Federal Deposit Insurance Corporation, </li> <li> the Federal Election Commission, </li> <li> the Federal Labor Relations Authority, </li> <li> the Federal Trade Commission, </li> <li> the General Services Administration, </li> <li> the Harry S. Truman Scholarship Fund, </li> <li> the Merit Systems Protection Board, </li> <li> Morris K. Udall and Stewart L. Udall Foundation, </li> <li> the National Archives and Records Administration, </li> <li> the National Credit Union Administration, </li> <li> the Office of Government Ethics, </li> <li> the Office of Personnel Management, </li> <li> the Office of Special Counsel, </li> <li> the Postal Regulatory Commission, </li> <li> the Privacy and Civil Liberties Oversight Board, </li> <li> the Securities and Exchange Commission, </li> <li> the Selective Service System, </li> <li> the Small Business Administration, </li> <li> the U.S. Postal Service, and </li> <li> the U.S. Tax Court. </li> </ul> <p>The bill also sets forth requirements and restrictions for using funds provided by this and other appropriations Acts.</p>]]></summary-text>
</summary>
</item>
<dublinCore xmlns:dc="http://purl.org/dc/elements/1.1/">
<dc:format>text/xml</dc:format>
<dc:language>EN</dc:language>
<dc:rights>Pursuant to Title 17 Section 105 of the United States Code, this file is not subject to copyright protection and is in the public domain.</dc:rights>
<dc:contributor>Congressional Research Service, Library of Congress</dc:contributor>
<dc:description>This file contains bill summaries for federal legislation. A bill summary describes the most significant provisions of a piece of legislation and details the effects the legislative text may have on current law and federal programs. Bill summaries are authored by the Congressional Research Service (CRS) of the Library of Congress. As stated in Public Law 91-510 (2 USC 166 (d)(6)), one of the duties of CRS is "to prepare summaries and digests of bills and resolutions of a public general nature introduced in the Senate or House of Representatives". For more information, refer to the User Guide that accompanies this file.</dc:description>
</dublinCore>
</BillSummaries>
