<?xml version="1.0" encoding="UTF-8"?><BillSummaries>
<item congress="116" measure-type="hr" measure-number="36" measure-id="id116hr36" originChamber="HOUSE" orig-publish-date="2019-01-03" update-date="2019-09-24">
<title>Combating Sexual Harassment in Science Act of 2019</title>
<summary summary-id="id116hr36v53" currentChamber="HOUSE" update-date="2019-09-24">
<action-date>2019-07-23</action-date>
<action-desc>Passed House</action-desc>
<summary-text><![CDATA[<p><b>Combating Sexual Harassment in Science Act of 2019</b></p> <p>This bill addresses sexual harassment and gender harassment in the science, technology, engineering, and mathematics (STEM) fields by supporting research regarding such harassment and efforts to prevent and respond to such harassment.</p> <p>This bill directs the National Science Foundation (NSF) to award grants to institutions of higher education or nonprofit organizations (or their consortia) to</p> <ul> <li>expand research into sexual harassment and gender harassment in the STEM workforce, including students and trainees; and </li> <li>examine interventions for reducing the incidence and negative consequences of such harassment. </li> </ul> <p>The NSF must convene a working group composed of representatives of federal statistical agencies to develop questions on sexual harassment and gender harassment in STEM departments in order to gather national data on the prevalence, nature, and implications of such harassment in institutions of higher education. </p> <p>The NSF shall enter into agreements with the National Academies of Sciences, Engineering, and Medicine to (1) update a responsible conduct guide issued by the National Academies to include, among other things, updated professional standards of conduct in research and evidence-based practices for fostering a climate that is intolerant of sexual harassment and gender harassment; and (2) study the influence of such harassment in institutions of higher education on the career advancement of individuals in the STEM workforce.</p> <p>The National Science and Technology Council shall establish an interagency working group to coordinate the federal science agencies' efforts to reduce the prevalence of sexual harassment and gender harassment involving grant personnel. </p> <p>The Office of Science and Technology Policy must develop a uniform set of policy guidelines for such agencies to prevent and respond to reports of sexual harassment and gender harassment. </p>]]></summary-text>
</summary>
<summary summary-id="id116hr36v07" currentChamber="HOUSE" update-date="2019-07-26">
<action-date>2019-07-12</action-date>
<action-desc>Reported to House</action-desc>
<summary-text><![CDATA[<p><b>Combating Sexual Harassment in Science Act of 2019</b></p> <p>This bill addresses sexual harassment and gender harassment in the science, technology, engineering, and mathematics (STEM) fields by supporting research regarding such harassment and efforts to prevent and respond to such harassment.</p> <p>This bill directs the National Science Foundation (NSF) to award grants to institutions of higher education or nonprofit organizations (or their consortia) to</p> <ul> <li>expand research into sexual harassment and gender harassment in the STEM workforce, including students and trainees; and </li> <li>examine interventions for reducing the incidence and negative consequences of such harassment. </li> </ul> <p>The NSF must convene a working group composed of representatives of federal statistical agencies to develop questions on sexual harassment and gender harassment in STEM departments in order to gather national data on the prevalence, nature, and implications of such harassment in institutions of higher education. </p> <p>The NSF shall enter into agreements with the National Academies of Sciences, Engineering, and Medicine to (1) update a responsible conduct guide issued by the National Academies to include, among other things, updated professional standards of conduct in research and evidence-based practices for fostering a climate that is intolerant of sexual harassment and gender harassment; and (2) study the influence of such harassment in institutions of higher education on the career advancement of individuals in the STEM workforce.</p> <p>The National Science and Technology Council shall establish an interagency working group to coordinate the federal science agencies' efforts to reduce the prevalence of sexual harassment and gender harassment involving grant personnel. </p> <p>The Office of Science and Technology Policy must develop a uniform set of policy guidelines for such agencies to prevent and respond to reports of sexual harassment and gender harassment. </p>]]></summary-text>
</summary>
<summary summary-id="id116hr36v00" currentChamber="HOUSE" update-date="2019-02-15">
<action-date>2019-01-03</action-date>
<action-desc>Introduced in House</action-desc>
<summary-text><![CDATA[<p><b>Combating Sexual Harassment in Science Act of 2019</b></p> <p>This bill addresses sexual harassment in the science, technology, engineering, and mathematics (STEM) fields by supporting sexual harassment research and efforts to prevent and respond to sexual harassment.</p> <p>This bill directs the National Science Foundation (NSF) to award grants to institutions of higher education or nonprofit organizations (or their consortia) to</p> <ul> <li>expand research into sexual harassment in the STEM workforce, including students and trainees; and </li> <li>examine interventions for reducing the incidence and negative consequences of such harassment. </li> </ul> <p>The NSF must convene a working group composed of representatives of federal statistical agencies to develop questions on sexual harassment in STEM departments in order to gather national data on the prevalence, nature, and implications of such harassment in institutions of higher education. </p> <p>The NSF shall enter into agreements with the National Academies of Sciences, Engineering, and Medicine to (1) update a responsible conduct guide issued by the National Academies, and (2) study the influence of sexual harassment in institutions of higher education on the career advancement of individuals in the STEM workforce. </p> <p>The National Science and Technology Council shall establish an interagency working group to coordinate the federal science agencies' efforts to reduce the prevalence of sexual harassment involving grant personnel. </p> <p>The Office of Science and Technology Policy must develop a uniform set of policy guidelines for such agencies to prevent and respond to reports of sexual harassment. </p>]]></summary-text>
</summary>
</item>
<dublinCore xmlns:dc="http://purl.org/dc/elements/1.1/">
<dc:format>text/xml</dc:format>
<dc:language>EN</dc:language>
<dc:rights>Pursuant to Title 17 Section 105 of the United States Code, this file is not subject to copyright protection and is in the public domain.</dc:rights>
<dc:contributor>Congressional Research Service, Library of Congress</dc:contributor>
<dc:description>This file contains bill summaries for federal legislation. A bill summary describes the most significant provisions of a piece of legislation and details the effects the legislative text may have on current law and federal programs. Bill summaries are authored by the Congressional Research Service (CRS) of the Library of Congress. As stated in Public Law 91-510 (2 USC 166 (d)(6)), one of the duties of CRS is "to prepare summaries and digests of bills and resolutions of a public general nature introduced in the Senate or House of Representatives". For more information, refer to the User Guide that accompanies this file.</dc:description>
</dublinCore>
</BillSummaries>
