<?xml version="1.0" encoding="UTF-8"?><BillSummaries>
<item congress="116" measure-type="hr" measure-number="1404" measure-id="id116hr1404" originChamber="HOUSE" orig-publish-date="2019-02-27" update-date="2020-08-23">
<title>Vladimir Putin Transparency Act</title>
<summary summary-id="id116hr1404v53" currentChamber="HOUSE" update-date="2020-08-23">
<action-date>2019-03-12</action-date>
<action-desc>Passed House</action-desc>
<summary-text><![CDATA[<p><b>Vladimir Putin Transparency Act</b></p> <p>This bill directs the Office of the Director of National Intelligence to report to Congress about Russian President Vladimir Putin. The report shall address topics including (1) Putin's estimated net worth and known assets; (2) methods he uses to conceal his assets, such as intermediaries and shell companies; and (3) the identities of the most significant Russian senior officials and oligarchs who help Putin hide his true financial condition.<br> </p>]]></summary-text>
</summary>
<summary summary-id="id116hr1404v00" currentChamber="HOUSE" update-date="2019-03-11">
<action-date>2019-02-27</action-date>
<action-desc>Introduced in House</action-desc>
<summary-text><![CDATA[<p><b>Vladimir Putin Transparency Act</b></p> <p>This bill directs the Office of the Director of National Intelligence to report to Congress about Russian President Vladimir Putin. The report shall address topics including (1) Putin's estimated net worth and known sources of income; (2) intermediaries, including shell companies, that he uses; and (3) the identities of the most significant Russian senior officials and oligarchs who facilitate his corrupt acts.<br> </p>]]></summary-text>
</summary>
</item>
<dublinCore xmlns:dc="http://purl.org/dc/elements/1.1/">
<dc:format>text/xml</dc:format>
<dc:language>EN</dc:language>
<dc:rights>Pursuant to Title 17 Section 105 of the United States Code, this file is not subject to copyright protection and is in the public domain.</dc:rights>
<dc:contributor>Congressional Research Service, Library of Congress</dc:contributor>
<dc:description>This file contains bill summaries for federal legislation. A bill summary describes the most significant provisions of a piece of legislation and details the effects the legislative text may have on current law and federal programs. Bill summaries are authored by the Congressional Research Service (CRS) of the Library of Congress. As stated in Public Law 91-510 (2 USC 166 (d)(6)), one of the duties of CRS is "to prepare summaries and digests of bills and resolutions of a public general nature introduced in the Senate or House of Representatives". For more information, refer to the User Guide that accompanies this file.</dc:description>
</dublinCore>
</BillSummaries>
