<?xml version="1.0" encoding="UTF-8"?><BillSummaries>
<item congress="116" measure-type="hr" measure-number="617" measure-id="id116hr617" originChamber="HOUSE" orig-publish-date="2019-01-16" update-date="2020-10-07">
<title>Department of Energy Veterans' Health Initiative Act</title>
<summary summary-id="id116hr617v25" currentChamber="SENATE" update-date="2020-10-07">
<action-date>2019-12-17</action-date>
<action-desc>Reported to Senate</action-desc>
<summary-text><![CDATA[<p><b>Department of Energy Veterans' Health Initiative Act</b></p> <p> This bill directs the Department of Energy (DOE) to establish a research program in artificial intelligence and high-performance computing that is focused on the development of tools to (1) solve big data challenges associated with veterans' health care, and (2) support the Department of Veterans Affairs in identifying potential health risks and challenges. </p> <p>DOE may carry out research and development activities to develop tools to apply to big data that enable federal agencies, institutions of higher education, nonprofit research organizations, and industry to better leverage the capabilities of DOE to solve complex, big data challenges.</p>]]></summary-text>
</summary>
<summary summary-id="id116hr617v53" currentChamber="HOUSE" update-date="2019-11-29">
<action-date>2019-07-23</action-date>
<action-desc>Passed House</action-desc>
<summary-text><![CDATA[<p><b>Department of Energy Veterans' Health Initiative Act</b></p> <p> This bill directs the Department of Energy (DOE) to establish a research program in artificial intelligence and high-performance computing that is focused on the development of tools to (1) solve big data challenges associated with veterans' health care, and (2) support the Department of Veterans Affairs in identifying potential health risks and challenges. </p> <p>DOE may carry out research and development activities to develop tools to apply to big data that enable federal agencies, institutions of higher education, nonprofit research organizations, and industry to better leverage the capabilities of DOE to solve complex, big data challenges.</p>]]></summary-text>
</summary>
<summary summary-id="id116hr617v00" currentChamber="HOUSE" update-date="2019-02-13">
<action-date>2019-01-16</action-date>
<action-desc>Introduced in House</action-desc>
<summary-text><![CDATA[<p><b>Department of Energy Veterans' Health Initiative Act</b></p> <p> This bill directs the Department of Energy (DOE) to establish a research program in artificial intelligence and high-performance computing that is focused on the development of tools to (1) solve big data challenges associated with veterans' health care, and (2) support the Department of Veterans Affairs in identifying potential health risks and challenges. </p> <p> DOE shall carry out a pilot program to develop tools for big data analytics in order to advance artificial intelligence technologies to solve complex big data challenges. </p>]]></summary-text>
</summary>
</item>
<dublinCore xmlns:dc="http://purl.org/dc/elements/1.1/">
<dc:format>text/xml</dc:format>
<dc:language>EN</dc:language>
<dc:rights>Pursuant to Title 17 Section 105 of the United States Code, this file is not subject to copyright protection and is in the public domain.</dc:rights>
<dc:contributor>Congressional Research Service, Library of Congress</dc:contributor>
<dc:description>This file contains bill summaries for federal legislation. A bill summary describes the most significant provisions of a piece of legislation and details the effects the legislative text may have on current law and federal programs. Bill summaries are authored by the Congressional Research Service (CRS) of the Library of Congress. As stated in Public Law 91-510 (2 USC 166 (d)(6)), one of the duties of CRS is "to prepare summaries and digests of bills and resolutions of a public general nature introduced in the Senate or House of Representatives". For more information, refer to the User Guide that accompanies this file.</dc:description>
</dublinCore>
</BillSummaries>
