<?xml version="1.0" encoding="UTF-8"?><BillSummaries>
<item congress="116" measure-type="hr" measure-number="113" measure-id="id116hr113" originChamber="HOUSE" orig-publish-date="2019-01-03" update-date="2019-02-19">
<title>All-American Flag Act</title>
<summary summary-id="id116hr113v53" currentChamber="HOUSE" update-date="2019-02-19">
<action-date>2019-01-15</action-date>
<action-desc>Passed House</action-desc>
<summary-text><![CDATA[<p><b>All-American Flag Act</b></p> <p>This bill prohibits agencies from using funds to procure a U.S. flag unless such flag has been manufactured in the United States from materials that have been U.S. grown, produced, or manufactured. The bill specifies exceptions to this prohibition, including an exception if flags of satisfactory quality and sufficient quantity cannot be procured as needed at market prices.</p>]]></summary-text>
</summary>
<summary summary-id="id116hr113v00" currentChamber="HOUSE" update-date="2019-02-19">
<action-date>2019-01-03</action-date>
<action-desc>Introduced in House</action-desc>
<summary-text><![CDATA[<p><b>All-American Flag Act</b></p> <p>This bill prohibits agencies from using funds to procure a U.S. flag unless such flag has been manufactured in the United States from materials that have been U.S. grown, produced, or manufactured. The bill specifies exceptions to this prohibition, including an exception if flags of satisfactory quality and sufficient quantity cannot be procured as needed at market prices.</p>]]></summary-text>
</summary>
</item>
<dublinCore xmlns:dc="http://purl.org/dc/elements/1.1/">
<dc:format>text/xml</dc:format>
<dc:language>EN</dc:language>
<dc:rights>Pursuant to Title 17 Section 105 of the United States Code, this file is not subject to copyright protection and is in the public domain.</dc:rights>
<dc:contributor>Congressional Research Service, Library of Congress</dc:contributor>
<dc:description>This file contains bill summaries for federal legislation. A bill summary describes the most significant provisions of a piece of legislation and details the effects the legislative text may have on current law and federal programs. Bill summaries are authored by the Congressional Research Service (CRS) of the Library of Congress. As stated in Public Law 91-510 (2 USC 166 (d)(6)), one of the duties of CRS is "to prepare summaries and digests of bills and resolutions of a public general nature introduced in the Senate or House of Representatives". For more information, refer to the User Guide that accompanies this file.</dc:description>
</dublinCore>
</BillSummaries>
