<?xml version="1.0" encoding="UTF-8"?><BillSummaries>
<item congress="116" measure-type="hr" measure-number="480" measure-id="id116hr480" originChamber="HOUSE" orig-publish-date="2019-01-10" update-date="2019-01-28">
<title>Homeland Threat Assessment Act</title>
<summary summary-id="id116hr480v00" currentChamber="HOUSE" update-date="2019-01-28">
<action-date>2019-01-10</action-date>
<action-desc>Introduced in House</action-desc>
<summary-text><![CDATA[<p><strong>Homeland Threat Assessment Act</strong></p> <p>This bill requires the Department of Homeland Security's Office of Intelligence and Analysis to assess the terrorist threat to the homeland for each of the next five fiscal years.</p> <p>Each assessment shall include:</p> <ul> <li>empirical data assessing terrorist activities and incidents over time in the United States;</li> <li>an evaluation of current and future terrorist tactics;</li> <li>an assessment of criminal activity suspected of financing terrorist activity;</li> <li>detailed information on all individuals denied entry to or removed from the United States as a result of material support provided to a foreign terrorist organization;</li> <li>the efficacy and spread of foreign terrorist organization propaganda, messaging, or recruitment;</li> <li>an assessment of threats, including cyber threats, to the homeland, including to critical infrastructure and federal civilian networks;</li> <li>an assessment of terrorism and criminal threats posed by individuals and organized groups seeking to unlawfully enter the United States; and</li> <li>an assessment of threats to the transportation sector.</li> </ul>]]></summary-text>
</summary>
</item>
<dublinCore xmlns:dc="http://purl.org/dc/elements/1.1/">
<dc:format>text/xml</dc:format>
<dc:language>EN</dc:language>
<dc:rights>Pursuant to Title 17 Section 105 of the United States Code, this file is not subject to copyright protection and is in the public domain.</dc:rights>
<dc:contributor>Congressional Research Service, Library of Congress</dc:contributor>
<dc:description>This file contains bill summaries for federal legislation. A bill summary describes the most significant provisions of a piece of legislation and details the effects the legislative text may have on current law and federal programs. Bill summaries are authored by the Congressional Research Service (CRS) of the Library of Congress. As stated in Public Law 91-510 (2 USC 166 (d)(6)), one of the duties of CRS is "to prepare summaries and digests of bills and resolutions of a public general nature introduced in the Senate or House of Representatives". For more information, refer to the User Guide that accompanies this file.</dc:description>
</dublinCore>
</BillSummaries>
