<?xml version="1.0" encoding="UTF-8"?><BillSummaries>
<item congress="116" measure-type="hr" measure-number="373" measure-id="id116hr373" originChamber="HOUSE" orig-publish-date="2019-01-09" update-date="2019-01-31">
<title>Fairness for Medical Providers Act of 2019</title>
<summary summary-id="id116hr373v00" currentChamber="HOUSE" update-date="2019-01-31">
<action-date>2019-01-09</action-date>
<action-desc>Introduced in House</action-desc>
<summary-text><![CDATA[<p><b>Fairness for Medical Providers Act of 2019</b></p> <p>This bill allows&nbsp;administrative or judicial review of certain decisions by the Centers for Medicare &amp; Medicaid Services (CMS) relating to the Medicare Primary Care Incentive Payment Program. (The program authorized additional payments to certain primary-care practitioners who provided primary-care services on or after January 1, 2011, and before January 1, 2016.) </p> <p>Current law prohibits administrative or judicial review of CMS decisions regarding the eligibility of primary-care practitioners to receive incentive payments under the program. The bill authorizes review of such decisions in cases where the practitioner failed to meet eligibility criteria due to a coding error for provided items and services.</p>]]></summary-text>
</summary>
</item>
<dublinCore xmlns:dc="http://purl.org/dc/elements/1.1/">
<dc:format>text/xml</dc:format>
<dc:language>EN</dc:language>
<dc:rights>Pursuant to Title 17 Section 105 of the United States Code, this file is not subject to copyright protection and is in the public domain.</dc:rights>
<dc:contributor>Congressional Research Service, Library of Congress</dc:contributor>
<dc:description>This file contains bill summaries for federal legislation. A bill summary describes the most significant provisions of a piece of legislation and details the effects the legislative text may have on current law and federal programs. Bill summaries are authored by the Congressional Research Service (CRS) of the Library of Congress. As stated in Public Law 91-510 (2 USC 166 (d)(6)), one of the duties of CRS is "to prepare summaries and digests of bills and resolutions of a public general nature introduced in the Senate or House of Representatives". For more information, refer to the User Guide that accompanies this file.</dc:description>
</dublinCore>
</BillSummaries>
