<?xml version="1.0" encoding="UTF-8"?><BillSummaries>
<item congress="116" measure-type="hr" measure-number="6908" measure-id="id116hr6908" originChamber="HOUSE" orig-publish-date="2020-05-15" update-date="2020-09-14">
<title>Afghanistan Security and Reconstruction Transparency Act</title>
<summary summary-id="id116hr6908v00" currentChamber="HOUSE" update-date="2020-09-14">
<action-date>2020-05-15</action-date>
<action-desc>Introduced in House</action-desc>
<summary-text><![CDATA[<p><b>Afghanistan Security and Reconstruction Transparency Act</b></p> <p>This bill directs the Department of Defense (DOD) to make publicly available certain data and conduct assessments related to the Afghan National Defense and Security Forces (ANDSF).</p> <p>Specifically, DOD shall make publicly available all data related to ANDSF performance, including attrition rates and information about the operational readiness of Afghan National Army and Afghan National Police equipment. DOD shall also produce district-level stability assessments of Afghan government and insurgent control and influence and make such assessments publicly available.</p>]]></summary-text>
</summary>
</item>
<dublinCore xmlns:dc="http://purl.org/dc/elements/1.1/">
<dc:format>text/xml</dc:format>
<dc:language>EN</dc:language>
<dc:rights>Pursuant to Title 17 Section 105 of the United States Code, this file is not subject to copyright protection and is in the public domain.</dc:rights>
<dc:contributor>Congressional Research Service, Library of Congress</dc:contributor>
<dc:description>This file contains bill summaries for federal legislation. A bill summary describes the most significant provisions of a piece of legislation and details the effects the legislative text may have on current law and federal programs. Bill summaries are authored by the Congressional Research Service (CRS) of the Library of Congress. As stated in Public Law 91-510 (2 USC 166 (d)(6)), one of the duties of CRS is "to prepare summaries and digests of bills and resolutions of a public general nature introduced in the Senate or House of Representatives". For more information, refer to the User Guide that accompanies this file.</dc:description>
</dublinCore>
</BillSummaries>
