<?xml version="1.0" encoding="UTF-8"?><BillSummaries>
<item congress="116" measure-type="hr" measure-number="170" measure-id="id116hr170" originChamber="HOUSE" orig-publish-date="2019-01-03" update-date="2019-01-24">
<title>To amend the Black Lung Benefits Act to provide equity for certain eligible survivors, and for other purposes.</title>
<summary summary-id="id116hr170v00" currentChamber="HOUSE" update-date="2019-01-24">
<action-date>2019-01-03</action-date>
<action-desc>Introduced in House</action-desc>
<summary-text><![CDATA[<p>This bill amends the Black Lung Benefits Act to preserve specified amendments made by the Patient Protection and Affordable Care Act (PPACA) in the event those amendments are repealed. The amendments expanded the application of certain eligibility requirements for black lung benefits to claims that were pending on or after the enactment of PPACA. Those requirements (1) established a rebuttable presumption for claims filed by a miner who worked at least 15 years in an underground coal mine that a disabling lung or respiratory condition was due to black lung disease; and (2) entitled the survivors of a miner who, before death, was determined to be eligible for benefits to those benefits without the survivors being required to revalidate the miner's claim. (Previously, survivors were required to prove that the miner's death was caused by black lung disease.)</p>]]></summary-text>
</summary>
</item>
<dublinCore xmlns:dc="http://purl.org/dc/elements/1.1/">
<dc:format>text/xml</dc:format>
<dc:language>EN</dc:language>
<dc:rights>Pursuant to Title 17 Section 105 of the United States Code, this file is not subject to copyright protection and is in the public domain.</dc:rights>
<dc:contributor>Congressional Research Service, Library of Congress</dc:contributor>
<dc:description>This file contains bill summaries for federal legislation. A bill summary describes the most significant provisions of a piece of legislation and details the effects the legislative text may have on current law and federal programs. Bill summaries are authored by the Congressional Research Service (CRS) of the Library of Congress. As stated in Public Law 91-510 (2 USC 166 (d)(6)), one of the duties of CRS is "to prepare summaries and digests of bills and resolutions of a public general nature introduced in the Senate or House of Representatives". For more information, refer to the User Guide that accompanies this file.</dc:description>
</dublinCore>
</BillSummaries>
