<?xml version="1.0" encoding="UTF-8"?><BillSummaries>
<item congress="116" measure-type="hr" measure-number="550" measure-id="id116hr550" originChamber="HOUSE" orig-publish-date="2019-01-15" update-date="2020-02-04">
<title>No War Against Iran Act</title>
<summary summary-id="id116hr550v59" currentChamber="HOUSE" update-date="2020-02-04">
<action-date>2020-01-30</action-date>
<action-desc>House agreed to Senate amendment</action-desc>
<summary-text><![CDATA[<p><b>No War Against Iran Act</b></p> <p>This bill prohibits the obligation or expenditure of federal funds for any use of military force in or against Iran unless Congress has either declared war or enacted specific statutory authorization for such use.</p> <p>An exception is made for a presidential exercise of power to introduce Armed Forces into hostilities (or situations where imminent involvement in hostilities is clearly indicated) when there is a national emergency created by an attack upon the United States.</p> <p>The bill further states that no prior authorizations of military force may be construed to authorize the use of military force against Iran, and it repeals the Authorization for Use of Military Force Against Iraq Resolution of 2002.</p>]]></summary-text>
</summary>
<summary summary-id="id116hr550v55" currentChamber="SENATE" update-date="2020-01-02">
<action-date>2019-12-19</action-date>
<action-desc>Passed Senate</action-desc>
<summary-text><![CDATA[<p><b>Merchant Mariners of World War II Congressional Gold Medal Act of 2019</b></p> <p>This bill provides for a Congressional Gold Medal to be awarded to the U.S. Merchant Mariners of World War II, in recognition of their service during World War II. Following the award of the medal, it shall be given to the American Merchant Marine Museum, where it shall be available for display and research.</p>]]></summary-text>
</summary>
<summary summary-id="id116hr550v53" currentChamber="HOUSE" update-date="2019-10-11">
<action-date>2019-09-19</action-date>
<action-desc>Passed House</action-desc>
<summary-text><![CDATA[<p><b>Merchant Mariners of World War II Congressional Gold Medal Act of 2019</b></p> <p>This bill provides for a Congressional Gold Medal to be awarded to the U.S. Merchant Mariners of World War II, in recognition of their service during World War II.</p> <p>Following the award of the medal, it shall be given to the American Merchant Marine Museum, where it shall be available for display and research.</p>]]></summary-text>
</summary>
<summary summary-id="id116hr550v00" currentChamber="HOUSE" update-date="2019-10-11">
<action-date>2019-01-15</action-date>
<action-desc>Introduced in House</action-desc>
<summary-text><![CDATA[<p><b>Merchant Mariners of World War II Congressional Gold Medal Act of 2019</b></p> <p>This bill provides for a Congressional Gold Medal to be awarded to the U.S. Merchant Mariners of World War II, in recognition of their service during World War II.</p> <p>Following the award of the medal, it shall be given to the American Merchant Marine Museum, where it shall be available for display and research.</p>]]></summary-text>
</summary>
</item>
<dublinCore xmlns:dc="http://purl.org/dc/elements/1.1/">
<dc:format>text/xml</dc:format>
<dc:language>EN</dc:language>
<dc:rights>Pursuant to Title 17 Section 105 of the United States Code, this file is not subject to copyright protection and is in the public domain.</dc:rights>
<dc:contributor>Congressional Research Service, Library of Congress</dc:contributor>
<dc:description>This file contains bill summaries for federal legislation. A bill summary describes the most significant provisions of a piece of legislation and details the effects the legislative text may have on current law and federal programs. Bill summaries are authored by the Congressional Research Service (CRS) of the Library of Congress. As stated in Public Law 91-510 (2 USC 166 (d)(6)), one of the duties of CRS is "to prepare summaries and digests of bills and resolutions of a public general nature introduced in the Senate or House of Representatives". For more information, refer to the User Guide that accompanies this file.</dc:description>
</dublinCore>
</BillSummaries>
