<?xml version="1.0" encoding="UTF-8"?><BillSummaries>
<item congress="116" measure-type="hr" measure-number="518" measure-id="id116hr518" originChamber="HOUSE" orig-publish-date="2019-01-11" update-date="2019-02-11">
<title>To bar Supreme Court decisions in certain Patient Protection and Affordable Care Act cases from citation.</title>
<summary summary-id="id116hr518v00" currentChamber="HOUSE" update-date="2019-02-11">
<action-date>2019-01-11</action-date>
<action-desc>Introduced in House</action-desc>
<summary-text><![CDATA[<p>This bill bars the Supreme Court from citing for the purpose of precedence [<em>sic</em>] in all future cases the following Supreme Court decisions concerning the Patient Protection and Affordable Care Act:</p> <ul> <li><i>National Federation of Independent Business v. Sebelius</i>, </li> <li><i>King v. Burwell</i>, and </li> <li><i>Burwell v. Hobby Lobby Stores Inc</i>.</li></ul> </p>]]></summary-text>
</summary>
</item>
<dublinCore xmlns:dc="http://purl.org/dc/elements/1.1/">
<dc:format>text/xml</dc:format>
<dc:language>EN</dc:language>
<dc:rights>Pursuant to Title 17 Section 105 of the United States Code, this file is not subject to copyright protection and is in the public domain.</dc:rights>
<dc:contributor>Congressional Research Service, Library of Congress</dc:contributor>
<dc:description>This file contains bill summaries for federal legislation. A bill summary describes the most significant provisions of a piece of legislation and details the effects the legislative text may have on current law and federal programs. Bill summaries are authored by the Congressional Research Service (CRS) of the Library of Congress. As stated in Public Law 91-510 (2 USC 166 (d)(6)), one of the duties of CRS is "to prepare summaries and digests of bills and resolutions of a public general nature introduced in the Senate or House of Representatives". For more information, refer to the User Guide that accompanies this file.</dc:description>
</dublinCore>
</BillSummaries>
