<?xml version="1.0" encoding="UTF-8"?><BillSummaries>
<item congress="116" measure-type="hr" measure-number="517" measure-id="id116hr517" originChamber="HOUSE" orig-publish-date="2019-01-11" update-date="2019-09-18">
<title>Closing Asylum Loopholes Act</title>
<summary summary-id="id116hr517v00" currentChamber="HOUSE" update-date="2019-09-18">
<action-date>2019-01-11</action-date>
<action-desc>Introduced in House</action-desc>
<summary-text><![CDATA[<p><b>Closing Asylum Loopholes Act</b></p> <p>This bill requires an alien's &quot;credible fear of persecution&quot; to be more probable than not in order to be eligible for asylum. It also directs the Department of Homeland Security (DHS) to ensure that the questions asked in expedited removal proceedings are done so in a uniform manner, and to record interviews in expedited removal and asylum proceedings. </p> <p>If an asylum seeker needs an interpreter, DHS shall ensure that a competent interpreter is used who is not affiliated with the government of the country the alien is seeking asylum frrom. <br> </p>]]></summary-text>
</summary>
</item>
<dublinCore xmlns:dc="http://purl.org/dc/elements/1.1/">
<dc:format>text/xml</dc:format>
<dc:language>EN</dc:language>
<dc:rights>Pursuant to Title 17 Section 105 of the United States Code, this file is not subject to copyright protection and is in the public domain.</dc:rights>
<dc:contributor>Congressional Research Service, Library of Congress</dc:contributor>
<dc:description>This file contains bill summaries for federal legislation. A bill summary describes the most significant provisions of a piece of legislation and details the effects the legislative text may have on current law and federal programs. Bill summaries are authored by the Congressional Research Service (CRS) of the Library of Congress. As stated in Public Law 91-510 (2 USC 166 (d)(6)), one of the duties of CRS is "to prepare summaries and digests of bills and resolutions of a public general nature introduced in the Senate or House of Representatives". For more information, refer to the User Guide that accompanies this file.</dc:description>
</dublinCore>
</BillSummaries>
