<?xml version="1.0" encoding="UTF-8"?><BillSummaries>
<item congress="116" measure-type="hr" measure-number="84" measure-id="id116hr84" originChamber="HOUSE" orig-publish-date="2019-01-03" update-date="2019-09-19">
<title>No Free Rent for Freeloaders Act of 2019</title>
<summary summary-id="id116hr84v00" currentChamber="HOUSE" update-date="2019-09-19">
<action-date>2019-01-03</action-date>
<action-desc>Introduced in House</action-desc>
<summary-text><![CDATA[<p><b>No Free Rent for Freeloaders Act of 2019</b></p> <p>This bill directs the Department of Housing and Urban Development (HUD), on an annual basis, to</p> <ul> <li>monitor the extent of noncompliance of public-housing&nbsp;tenants with certain community service and economic self-sufficiency requirements, </li> <li>determine the aggregate amount provided in federal subsidies for all public-housing dwelling units that were occupied by noncompliant tenants, and </li> <li>publish this amount in the Federal Register. </li></ul> <p>In each fiscal year, this amount, as determined and published for the preceding fiscal year, shall be rescinded from funds made available for HUD's&nbsp;Management and Administration account. </p>]]></summary-text>
</summary>
</item>
<dublinCore xmlns:dc="http://purl.org/dc/elements/1.1/">
<dc:format>text/xml</dc:format>
<dc:language>EN</dc:language>
<dc:rights>Pursuant to Title 17 Section 105 of the United States Code, this file is not subject to copyright protection and is in the public domain.</dc:rights>
<dc:contributor>Congressional Research Service, Library of Congress</dc:contributor>
<dc:description>This file contains bill summaries for federal legislation. A bill summary describes the most significant provisions of a piece of legislation and details the effects the legislative text may have on current law and federal programs. Bill summaries are authored by the Congressional Research Service (CRS) of the Library of Congress. As stated in Public Law 91-510 (2 USC 166 (d)(6)), one of the duties of CRS is "to prepare summaries and digests of bills and resolutions of a public general nature introduced in the Senate or House of Representatives". For more information, refer to the User Guide that accompanies this file.</dc:description>
</dublinCore>
</BillSummaries>
