<?xml version="1.0" encoding="UTF-8"?><BillSummaries>
<item congress="116" measure-type="hr" measure-number="248" measure-id="id116hr248" originChamber="HOUSE" orig-publish-date="2019-01-04" update-date="2019-01-23">
<title>REDUCE Act</title>
<summary summary-id="id116hr248v00" currentChamber="HOUSE" update-date="2019-01-23">
<action-date>2019-01-04</action-date>
<action-desc>Introduced in House</action-desc>
<summary-text><![CDATA[<p><strong>Rebalance for an Effective Defense Uniformed and Civilian Employees Act or the REDUCE Act</strong></p> <p>This bill limits full-time positions in the Department of Defense (DOD), in each of FY2025-FY2029, to not more than 85% of the number of such positions at the end of FY2019. Not more than 1,000 of the positions may be career appointees within the Senior Executive Service. DOD may offer voluntary separation incentive payments and voluntary early retirement payments to achieve the reductions but must use involuntary measures, beginning at the start of FY2021, to achieve required reductions in personnel levels if voluntary measures are inadequate.</p>]]></summary-text>
</summary>
</item>
<dublinCore xmlns:dc="http://purl.org/dc/elements/1.1/">
<dc:format>text/xml</dc:format>
<dc:language>EN</dc:language>
<dc:rights>Pursuant to Title 17 Section 105 of the United States Code, this file is not subject to copyright protection and is in the public domain.</dc:rights>
<dc:contributor>Congressional Research Service, Library of Congress</dc:contributor>
<dc:description>This file contains bill summaries for federal legislation. A bill summary describes the most significant provisions of a piece of legislation and details the effects the legislative text may have on current law and federal programs. Bill summaries are authored by the Congressional Research Service (CRS) of the Library of Congress. As stated in Public Law 91-510 (2 USC 166 (d)(6)), one of the duties of CRS is "to prepare summaries and digests of bills and resolutions of a public general nature introduced in the Senate or House of Representatives". For more information, refer to the User Guide that accompanies this file.</dc:description>
</dublinCore>
</BillSummaries>
