<?xml version="1.0" encoding="UTF-8"?><BillSummaries>
<item congress="116" measure-type="hr" measure-number="1037" measure-id="id116hr1037" originChamber="HOUSE" orig-publish-date="2019-02-07" update-date="2019-05-31">
<title>Banking Transparency for Sanctioned Persons Act of 2019</title>
<summary summary-id="id116hr1037v53" currentChamber="HOUSE" update-date="2019-05-31">
<action-date>2019-05-14</action-date>
<action-desc>Passed House</action-desc>
<summary-text><![CDATA[<p><b>Banking Transparency for Sanctioned Persons Act of 2019 </b></p> <p>This bill requires the Department of the Treasury to report semiannually on financial services provided to benefit a state sponsor of terrorism or specified sanctioned persons. </p> <p>Treasury may waive these reporting requirements with respect to a foreign financial institution if </p> <ul> <li>the institution credibly assures Treasury that it will cease conducting transactions for such persons, or </li> <li>the waiver is important to the national interest. </li> </ul>]]></summary-text>
</summary>
<summary summary-id="id116hr1037v00" currentChamber="HOUSE" update-date="2019-02-27">
<action-date>2019-02-07</action-date>
<action-desc>Introduced in House</action-desc>
<summary-text><![CDATA[<p><b>Banking Transparency for Sanctioned Persons Act of 2019 </b></p> <p>This bill requires the Department of the Treasury to report semiannually on financial services provided to benefit a state sponsor of terrorism or specified sanctioned persons. </p> <p>Treasury may waive these reporting requirements with respect to a foreign financial institution if </p> <ul> <li>the institution credibly assures Treasury that it will cease conducting transactions for such persons, or </li> <li>the waiver is important to the national interest. </li> </ul>]]></summary-text>
</summary>
</item>
<dublinCore xmlns:dc="http://purl.org/dc/elements/1.1/">
<dc:format>text/xml</dc:format>
<dc:language>EN</dc:language>
<dc:rights>Pursuant to Title 17 Section 105 of the United States Code, this file is not subject to copyright protection and is in the public domain.</dc:rights>
<dc:contributor>Congressional Research Service, Library of Congress</dc:contributor>
<dc:description>This file contains bill summaries for federal legislation. A bill summary describes the most significant provisions of a piece of legislation and details the effects the legislative text may have on current law and federal programs. Bill summaries are authored by the Congressional Research Service (CRS) of the Library of Congress. As stated in Public Law 91-510 (2 USC 166 (d)(6)), one of the duties of CRS is "to prepare summaries and digests of bills and resolutions of a public general nature introduced in the Senate or House of Representatives". For more information, refer to the User Guide that accompanies this file.</dc:description>
</dublinCore>
</BillSummaries>
