<?xml version="1.0" encoding="UTF-8"?><BillSummaries>
<item congress="116" measure-type="hr" measure-number="4045" measure-id="id116hr4045" originChamber="HOUSE" orig-publish-date="2019-07-25" update-date="2019-09-19">
<title>Disabled Access Credit Expansion Act</title>
<summary summary-id="id116hr4045v00" currentChamber="HOUSE" update-date="2019-09-19">
<action-date>2019-07-25</action-date>
<action-desc>Introduced in House</action-desc>
<summary-text><![CDATA[<p><b>Disabled Access Credit Expansion Act</b> </p> <p>This bill amends the Internal Revenue Code, with respect to the tax credit for expenditures by an eligible small business to provide access to disabled individuals, to (1) increase from $10,250 to $20,500 the annual dollar limitation for eligible access expenditures, (2) require the $20,500 limit to be adjusted for inflation after 2020, and (3) increase from $1 million to $2.5 million the gross receipts limitation for an eligible small business. </p> <p>The bill also requires the Department of Justice (DOJ) to carry out an ADA Mediation Program to (1) facilitate voluntary mediation to resolve disputes arising under the Americans with Disabilities Act of 1990, and (2) train mediators who provide services through the program. DOJ may hire or enter into contracts with personnel for the program. </p> <p>DOJ must also report to Congress on the ADA Information Line, which is a toll-free line operated by DOJ to provide information and materials to the public about the requirements of the Americans with Disabilities Act of 1990. </p>]]></summary-text>
</summary>
</item>
<dublinCore xmlns:dc="http://purl.org/dc/elements/1.1/">
<dc:format>text/xml</dc:format>
<dc:language>EN</dc:language>
<dc:rights>Pursuant to Title 17 Section 105 of the United States Code, this file is not subject to copyright protection and is in the public domain.</dc:rights>
<dc:contributor>Congressional Research Service, Library of Congress</dc:contributor>
<dc:description>This file contains bill summaries for federal legislation. A bill summary describes the most significant provisions of a piece of legislation and details the effects the legislative text may have on current law and federal programs. Bill summaries are authored by the Congressional Research Service (CRS) of the Library of Congress. As stated in Public Law 91-510 (2 USC 166 (d)(6)), one of the duties of CRS is "to prepare summaries and digests of bills and resolutions of a public general nature introduced in the Senate or House of Representatives". For more information, refer to the User Guide that accompanies this file.</dc:description>
</dublinCore>
</BillSummaries>
