<?xml version="1.0" encoding="UTF-8"?><BillSummaries>
<item congress="116" measure-type="hr" measure-number="94" measure-id="id116hr94" originChamber="HOUSE" orig-publish-date="2019-01-03" update-date="2019-02-13">
<title>Amend the Code for Marriage Equality Act of 2019</title>
<summary summary-id="id116hr94v00" currentChamber="HOUSE" update-date="2019-02-13">
<action-date>2019-01-03</action-date>
<action-desc>Introduced in House</action-desc>
<summary-text><![CDATA[<p><b>Amend the Code for Marriage Equality Act of</b> <b>2019</b></p> <p>This bill amends the Internal Revenue Code (IRC), the Social Security Act (SSAct), and other federal laws to replace (1) references to "wife" or "husband" with references to "spouse"; and (2) references to "husband and wife" or "husband or wife" with references to "married couple" or " married person."</p> <p>For purposes of federal laws or regulations, "marriage" is defined as a legal union between two people as spouses. The bill eliminates a definition of "spouse" that refers only to a person of the opposite sex who is a husband or a wife.</p> <p>Requirements concerning compensation to a surviving wife after the disability or death of a person employed at a military, air, or naval base outside the United States are revised to make surviving spouses eligible for such compensation.</p> <p>Under the Family and Medical Leave Act of 1993, provisions concerning the amount of leave available to a husband and wife employed by the same employer are revised to apply to a married couple employed by the same employer.</p> <p>Requirements under the Federal Mine Safety and Health Act of 1977 that make disability and death benefits payable to the wife or widow of a miner are revised to make the benefits payable to the spouse or surviving spouse of a miner.</p> <p>IRC provisions that require a divorced wife's gross income to include the income of any trust she is entitled to receive that would otherwise be includible in the gross income of her husband, or vice versa, are revised to apply to the gross income of individuals who are divorced from their spouse. </p> <p>The bill revises title II (Old Age, Survivors and Disability Insurance) of the SSAct to consolidate separate provisions for a wife's insurance benefits and a husband's insurance benefits into a single standard for a spouse's insurance benefits.</p> <p>Criminal penalties that currently apply to persons who threaten to kill, kidnap, or inflict bodily harm upon a former President's wife or widow are revised to apply to threats made to a former President's spouse or surviving spouse.</p>]]></summary-text>
</summary>
</item>
<dublinCore xmlns:dc="http://purl.org/dc/elements/1.1/">
<dc:format>text/xml</dc:format>
<dc:language>EN</dc:language>
<dc:rights>Pursuant to Title 17 Section 105 of the United States Code, this file is not subject to copyright protection and is in the public domain.</dc:rights>
<dc:contributor>Congressional Research Service, Library of Congress</dc:contributor>
<dc:description>This file contains bill summaries for federal legislation. A bill summary describes the most significant provisions of a piece of legislation and details the effects the legislative text may have on current law and federal programs. Bill summaries are authored by the Congressional Research Service (CRS) of the Library of Congress. As stated in Public Law 91-510 (2 USC 166 (d)(6)), one of the duties of CRS is "to prepare summaries and digests of bills and resolutions of a public general nature introduced in the Senate or House of Representatives". For more information, refer to the User Guide that accompanies this file.</dc:description>
</dublinCore>
</BillSummaries>
