<?xml version="1.0" encoding="UTF-8"?><BillSummaries>
<item congress="116" measure-type="hr" measure-number="909" measure-id="id116hr909" originChamber="HOUSE" orig-publish-date="2019-01-30" update-date="2019-02-25">
<title>Medicaid Expansion Parity Act of 2019</title>
<summary summary-id="id116hr909v00" currentChamber="HOUSE" update-date="2019-02-25">
<action-date>2019-01-30</action-date>
<action-desc>Introduced in House</action-desc>
<summary-text><![CDATA[<p><strong>Medicaid Expansion Parity Act of </strong><b>2019</b></p> <p>This bill provides the enhanced federal medical assistance percentage (FMAP) to every state that expands Medicaid&nbsp;coverage for&nbsp;individuals who are newly eligible under the Patient Protection and Affordable Care Act, regardless of when&nbsp;such expansion takes place. </p> <p>Under current law, the enhanced FMAP is equivalent to 100% in 2014 through 2016, 95% in 2017, 94% in 2018, 93% in 2019, and 90% thereafter. The bill retains this enhanced FMAP, but bases it on a term of years rather than on specific dates.</p> <p>The bill applies retroactively.</p>]]></summary-text>
</summary>
</item>
<dublinCore xmlns:dc="http://purl.org/dc/elements/1.1/">
<dc:format>text/xml</dc:format>
<dc:language>EN</dc:language>
<dc:rights>Pursuant to Title 17 Section 105 of the United States Code, this file is not subject to copyright protection and is in the public domain.</dc:rights>
<dc:contributor>Congressional Research Service, Library of Congress</dc:contributor>
<dc:description>This file contains bill summaries for federal legislation. A bill summary describes the most significant provisions of a piece of legislation and details the effects the legislative text may have on current law and federal programs. Bill summaries are authored by the Congressional Research Service (CRS) of the Library of Congress. As stated in Public Law 91-510 (2 USC 166 (d)(6)), one of the duties of CRS is "to prepare summaries and digests of bills and resolutions of a public general nature introduced in the Senate or House of Representatives". For more information, refer to the User Guide that accompanies this file.</dc:description>
</dublinCore>
</BillSummaries>
