<?xml version="1.0" encoding="UTF-8"?><BillSummaries>
<item congress="116" measure-type="hr" measure-number="150" measure-id="id116hr150" originChamber="HOUSE" orig-publish-date="2019-01-03" update-date="2020-01-24">
<title>Grant Reporting Efficiency and Agreements Transparency Act of 2019</title>
<summary summary-id="id116hr150v49" currentChamber="BOTH" update-date="2020-01-24">
<action-date>2019-12-30</action-date>
<action-desc>Public Law</action-desc>
<summary-text><![CDATA[<p><b>Grant Reporting Efficiency and Agreements Transparency Act of 2019 or the GREAT Act</b></p> <p>This bill requires the establishment and use of data standards for information reported by recipients of federal grants.</p> <p>The bill requires the Office of Management and Budget, jointly with&nbsp;the executive department that issues the most federal grant awards, to (1)&nbsp;establish government-wide data standards for information reported by grant recipients, (2) issue guidance directing federal agencies to apply those standards, and (3)&nbsp;require the publication of recipient-reported data collected from all agencies on a single public website.</p> <p>Each agency shall ensure its awards use the data standards for future information collection requests.</p>]]></summary-text>
</summary>
<summary summary-id="id116hr150v59" currentChamber="HOUSE" update-date="2020-01-24">
<action-date>2019-12-16</action-date>
<action-desc>House agreed to Senate amendment</action-desc>
<summary-text><![CDATA[<p><b>Grant Reporting Efficiency and Agreements Transparency Act of 2019 or the GREAT Act</b></p> <p>This bill requires the establishment and use of data standards for information reported by recipients of federal grants.</p> <p>The bill requires the Office of Management and Budget, jointly with&nbsp;the executive department that issues the most federal grant awards, to (1)&nbsp;establish government-wide data standards for information reported by grant recipients, (2) issue guidance directing federal agencies to apply those standards, and (3)&nbsp;require the publication of recipient-reported data collected from all agencies on a single public website.</p> <p>Each agency shall ensure its awards use the data standards for future information collection requests.</p>]]></summary-text>
</summary>
<summary summary-id="id116hr150v55" currentChamber="SENATE" update-date="2020-01-24">
<action-date>2019-10-21</action-date>
<action-desc>Passed Senate</action-desc>
<summary-text><![CDATA[<p><b>Grant Reporting Efficiency and Agreements Transparency Act of 2019 or the GREAT Act</b></p> <p>This bill requires the establishment and use of data standards for information reported by recipients of federal grants.</p> <p>The bill requires the Office of Management and Budget, jointly with&nbsp;the executive department that issues the most federal grant awards, to (1)&nbsp;establish government-wide data standards for information reported by grant recipients, (2) issue guidance directing federal agencies to apply those standards, and (3)&nbsp;require the publication of recipient-reported data collected from all agencies on a single public website.</p> <p>Each agency shall ensure its awards use the data standards for future information collection requests.</p>]]></summary-text>
</summary>
<summary summary-id="id116hr150v25" currentChamber="SENATE" update-date="2019-12-20">
<action-date>2019-09-10</action-date>
<action-desc>Reported to Senate</action-desc>
<summary-text><![CDATA[<p><b>Grant Reporting Efficiency and Agreements Transparency Act of 2019 or the GREAT Act</b></p> <p>This bill requires the establishment and use of data standards for information reported by recipients of federal grants.</p> <p>The bill requires the Office of Management and Budget, jointly with&nbsp;the executive department that issues the most federal grant awards, to (1)&nbsp;establish government-wide data standards for information reported by grant recipients, (2) issue guidance directing federal agencies to apply those standards, and (3)&nbsp;require the publication of recipient-reported data collected from all agencies on a single public website.</p> <p>Each agency shall ensure its awards use the data standards for future information collection requests.</p>]]></summary-text>
</summary>
<summary summary-id="id116hr150v53" currentChamber="HOUSE" update-date="2019-09-12">
<action-date>2019-01-17</action-date>
<action-desc>Passed House</action-desc>
<summary-text><![CDATA[<p><b>Grant Reporting Efficiency and Agreements Transparency Act of 2019 or the GREAT Act</b></p> <p>This bill requires the Office of Management and Budget, jointly with&nbsp;the executive department that issues the most federal grant awards, to (1)&nbsp;establish government-wide data standards for information reported by grant recipients, (2) issue guidance directing federal agencies to apply those standards, and (3)&nbsp;require the publication of recipient-reported data collected from all agencies on a single public website.</p>]]></summary-text>
</summary>
<summary summary-id="id116hr150v00" currentChamber="HOUSE" update-date="2019-01-28">
<action-date>2019-01-03</action-date>
<action-desc>Introduced in House</action-desc>
<summary-text><![CDATA[<p><b>Grant Reporting Efficiency and Agreements Transparency Act of 2019 or the GREAT Act</b></p> <p>This bill requires the Office of Management and Budget, jointly with&nbsp;the executive department that issues the most federal grant awards, to (1)&nbsp;establish government-wide data standards for information reported by grant recipients, (2) issue guidance directing federal agencies to apply those standards, and (3)&nbsp;require the publication of recipient-reported data collected from all agencies on a single public website.</p>]]></summary-text>
</summary>
</item>
<dublinCore xmlns:dc="http://purl.org/dc/elements/1.1/">
<dc:format>text/xml</dc:format>
<dc:language>EN</dc:language>
<dc:rights>Pursuant to Title 17 Section 105 of the United States Code, this file is not subject to copyright protection and is in the public domain.</dc:rights>
<dc:contributor>Congressional Research Service, Library of Congress</dc:contributor>
<dc:description>This file contains bill summaries for federal legislation. A bill summary describes the most significant provisions of a piece of legislation and details the effects the legislative text may have on current law and federal programs. Bill summaries are authored by the Congressional Research Service (CRS) of the Library of Congress. As stated in Public Law 91-510 (2 USC 166 (d)(6)), one of the duties of CRS is "to prepare summaries and digests of bills and resolutions of a public general nature introduced in the Senate or House of Representatives". For more information, refer to the User Guide that accompanies this file.</dc:description>
</dublinCore>
</BillSummaries>
