<?xml version="1.0" encoding="UTF-8"?><BillSummaries>
<item congress="116" measure-type="hr" measure-number="359" measure-id="id116hr359" originChamber="HOUSE" orig-publish-date="2019-01-09" update-date="2021-02-01">
<title>Enhancing Grid Security through Public-Private Partnerships Act</title>
<summary summary-id="id116hr359v53" currentChamber="HOUSE" update-date="2021-02-01">
<action-date>2020-09-29</action-date>
<action-desc>Passed House</action-desc>
<summary-text><![CDATA[<p><b>Enhancing Grid Security through Public-Private Partnerships Act </b></p> <p>This bill directs the Department of Energy (DOE) to implement a program to facilitate and encourage public-private partnerships in order to address and mitigate the physical security and cybersecurity risks of electric utilities.</p> <p>In carrying out the program, DOE must take into consideration different sizes of electric utilities and the regions that such utilities serve, prioritize electric utilities with fewer available resources due to size or region, and utilize and leverage existing DOE programs.</p>]]></summary-text>
</summary>
<summary summary-id="id116hr359v07" currentChamber="HOUSE" update-date="2021-01-28">
<action-date>2019-10-28</action-date>
<action-desc>Reported to House</action-desc>
<summary-text><![CDATA[<p><b>Enhancing Grid Security through Public-Private Partnerships Act </b></p> <p>This bill directs the Department of Energy (DOE) to implement a program to facilitate and encourage public-private partnerships in order to address and mitigate the physical security and cybersecurity risks of electric utilities.</p> <p>In carrying out the program, DOE must (1) take into consideration different sizes of electric utilities and the regions that such utilities serve, (2) prioritize electric utilities with fewer available resources due to size or region, and (3) utilize and leverage existing DOE programs.</p>]]></summary-text>
</summary>
<summary summary-id="id116hr359v00" currentChamber="HOUSE" update-date="2019-01-18">
<action-date>2019-01-09</action-date>
<action-desc>Introduced in House</action-desc>
<summary-text><![CDATA[<p><b>Enhancing Grid Security through Public-Private Partnerships Act </b></p> <p>This bill directs the Department of Energy to facilitate and encourage public-private partnerships in order to address and mitigate the physical security and cybersecurity risks of electric utilities.</p>]]></summary-text>
</summary>
</item>
<dublinCore xmlns:dc="http://purl.org/dc/elements/1.1/">
<dc:format>text/xml</dc:format>
<dc:language>EN</dc:language>
<dc:rights>Pursuant to Title 17 Section 105 of the United States Code, this file is not subject to copyright protection and is in the public domain.</dc:rights>
<dc:contributor>Congressional Research Service, Library of Congress</dc:contributor>
<dc:description>This file contains bill summaries for federal legislation. A bill summary describes the most significant provisions of a piece of legislation and details the effects the legislative text may have on current law and federal programs. Bill summaries are authored by the Congressional Research Service (CRS) of the Library of Congress. As stated in Public Law 91-510 (2 USC 166 (d)(6)), one of the duties of CRS is "to prepare summaries and digests of bills and resolutions of a public general nature introduced in the Senate or House of Representatives". For more information, refer to the User Guide that accompanies this file.</dc:description>
</dublinCore>
</BillSummaries>
