<?xml version="1.0" encoding="UTF-8"?><BillSummaries>
<item congress="116" measure-type="hr" measure-number="435" measure-id="id116hr435" originChamber="HOUSE" orig-publish-date="2019-01-10" update-date="2019-03-08">
<title>National Gun Violence Research Act</title>
<summary summary-id="id116hr435v00" currentChamber="HOUSE" update-date="2019-03-08">
<action-date>2019-01-10</action-date>
<action-desc>Introduced in House</action-desc>
<summary-text><![CDATA[<p><b>National Gun Violence Research Act</b></p> <p>This bill amends various provisions of law and sets forth new provisions to promote gun violence research. </p> <p>Among other things, the bill does the following:</p> <ul> <li>removes limitations on the use of firearms tracing data by the Bureau of Alcohol, Tobacco, Firearms and Explosives; </li> <li>permits funds made available to the Department of Health and Human Services to be used for gun violence research; </li> <li>establishes the National Gun Violence Research Program to promote gun violence research; and </li> <li>authorizes various competitive grants to support research into the nature, causes, consequences, and prevention of gun violence. </li> </ul>]]></summary-text>
</summary>
</item>
<dublinCore xmlns:dc="http://purl.org/dc/elements/1.1/">
<dc:format>text/xml</dc:format>
<dc:language>EN</dc:language>
<dc:rights>Pursuant to Title 17 Section 105 of the United States Code, this file is not subject to copyright protection and is in the public domain.</dc:rights>
<dc:contributor>Congressional Research Service, Library of Congress</dc:contributor>
<dc:description>This file contains bill summaries for federal legislation. A bill summary describes the most significant provisions of a piece of legislation and details the effects the legislative text may have on current law and federal programs. Bill summaries are authored by the Congressional Research Service (CRS) of the Library of Congress. As stated in Public Law 91-510 (2 USC 166 (d)(6)), one of the duties of CRS is "to prepare summaries and digests of bills and resolutions of a public general nature introduced in the Senate or House of Representatives". For more information, refer to the User Guide that accompanies this file.</dc:description>
</dublinCore>
</BillSummaries>
