<?xml version="1.0" encoding="UTF-8"?><BillSummaries>
<item congress="116" measure-type="hr" measure-number="188" measure-id="id116hr188" originChamber="HOUSE" orig-publish-date="2019-01-03" update-date="2019-01-22">
<title>SALT Deductibility Act</title>
<summary summary-id="id116hr188v00" currentChamber="HOUSE" update-date="2019-01-22">
<action-date>2019-01-03</action-date>
<action-desc>Introduced in House</action-desc>
<summary-text><![CDATA[<p><b>Securing Access to Lower Taxes by ensuring Deductibility Act or the SALT Deductibility Act</b></p> <p> This bill repeals the limitation on individual tax deductions for certain state and local taxes. (For tax years 2018-2025, the deduction for certain state and local taxes is currently limited to $10,000 per year for individuals or $5,000 for married individuals filing a separate return.) </p>]]></summary-text>
</summary>
</item>
<dublinCore xmlns:dc="http://purl.org/dc/elements/1.1/">
<dc:format>text/xml</dc:format>
<dc:language>EN</dc:language>
<dc:rights>Pursuant to Title 17 Section 105 of the United States Code, this file is not subject to copyright protection and is in the public domain.</dc:rights>
<dc:contributor>Congressional Research Service, Library of Congress</dc:contributor>
<dc:description>This file contains bill summaries for federal legislation. A bill summary describes the most significant provisions of a piece of legislation and details the effects the legislative text may have on current law and federal programs. Bill summaries are authored by the Congressional Research Service (CRS) of the Library of Congress. As stated in Public Law 91-510 (2 USC 166 (d)(6)), one of the duties of CRS is "to prepare summaries and digests of bills and resolutions of a public general nature introduced in the Senate or House of Representatives". For more information, refer to the User Guide that accompanies this file.</dc:description>
</dublinCore>
</BillSummaries>
