<?xml version="1.0" encoding="UTF-8"?><BillSummaries>
<item congress="116" measure-type="hr" measure-number="91" measure-id="id116hr91" originChamber="HOUSE" orig-publish-date="2019-01-03" update-date="2019-05-08">
<title>Columbia River In-Lieu and Treaty Fishing Access Sites Improvement Act</title>
<summary summary-id="id116hr91v53" currentChamber="HOUSE" update-date="2019-05-08">
<action-date>2019-04-29</action-date>
<action-desc>Passed House</action-desc>
<summary-text><![CDATA[<p><b>Columbia River In-Lieu and Treaty Fishing Access Sites Improvement Act</b></p> <p>This bill authorizes the Bureau of Indian Affairs (BIA) to assess sanitation and safety conditions on land set aside to provide Columbia River Treaty tribes access to traditional fishing grounds. The bill applies to land held by the United States for the benefit of the Nez Perce Tribe, the Confederated Tribes of Umatilla Indian Reservation, the Confederated Tribes of the Warm Springs Reservation of Oregon, and the Confederated Tribes and Bands of the Yakama Nation.</p> <p>The BIA may enter into contracts with tribes or tribal organizations to improve sanitation, safety conditions, and access to electricity, sewer, and water infrastructure on this land. </p> <p> The Government Accountability Office must report whether the sanitation and safety conditions on the lands have improved as a result of the contracts.</p> <ul> </ul> </p>]]></summary-text>
</summary>
<summary summary-id="id116hr91v00" currentChamber="HOUSE" update-date="2019-01-25">
<action-date>2019-01-03</action-date>
<action-desc>Introduced in House</action-desc>
<summary-text><![CDATA[<p><b>Columbia River In-Lieu and Treaty Fishing Access Sites Improvement Act</b></p> <p>This bill authorizes the Bureau of Indian Affairs (BIA) to assess sanitation and safety conditions on land set aside to provide Columbia River Treaty tribes access to traditional fishing grounds. The bill applies to land held by the United States for the benefit of the Nez Perce Tribe, the Confederated Tribes of Umatilla Indian Reservation, the Confederated Tribes of the Warm Springs Reservation of Oregon, and the Confederated Tribes and Bands of the Yakama Nation.</p> <p>The BIA may enter into contracts with tribes or tribal organizations to improve sanitation, safety conditions, and access to electricity, sewer, and water infrastructure on this land. </p> <p> The Government Accountability Office must report whether the sanitation and safety conditions on the lands have improved as a result of the contracts.</p> <ul> </ul> </p>]]></summary-text>
</summary>
</item>
<dublinCore xmlns:dc="http://purl.org/dc/elements/1.1/">
<dc:format>text/xml</dc:format>
<dc:language>EN</dc:language>
<dc:rights>Pursuant to Title 17 Section 105 of the United States Code, this file is not subject to copyright protection and is in the public domain.</dc:rights>
<dc:contributor>Congressional Research Service, Library of Congress</dc:contributor>
<dc:description>This file contains bill summaries for federal legislation. A bill summary describes the most significant provisions of a piece of legislation and details the effects the legislative text may have on current law and federal programs. Bill summaries are authored by the Congressional Research Service (CRS) of the Library of Congress. As stated in Public Law 91-510 (2 USC 166 (d)(6)), one of the duties of CRS is "to prepare summaries and digests of bills and resolutions of a public general nature introduced in the Senate or House of Representatives". For more information, refer to the User Guide that accompanies this file.</dc:description>
</dublinCore>
</BillSummaries>
