<?xml version="1.0" encoding="UTF-8"?><BillSummaries>
<item congress="116" measure-type="hr" measure-number="446" measure-id="id116hr446" originChamber="HOUSE" orig-publish-date="2019-01-10" update-date="2019-02-01">
<title>Veteran Entrepreneurs Act of 2019</title>
<summary summary-id="id116hr446v00" currentChamber="HOUSE" update-date="2019-02-01">
<action-date>2019-01-10</action-date>
<action-desc>Introduced in House</action-desc>
<summary-text><![CDATA[<p><b>Veteran Entrepreneurs Act of 201</b><b>9</b></p> <p>This bill allows a business-related tax credit&nbsp;of up to $400,000 for 25% of the&nbsp;franchise fees paid or incurred by an eligible veteran&nbsp;for the purchase of a franchise. The bill reduces the amount of such credit if the veteran does not own 100% of the stock or capital or profits interest of the franchisee.</p> <p>An &quot;eligible veteran&quot; is a person who served in the active military, naval, or air service; was discharged or released under conditions other than dishonorable; and who pays or incurs a franchise fee in connection with a franchise agreement with a franchisor. </p> <p>The veteran may elect to transfer the credit to an eligible franchisor in exchange for a discount in the franchise fee commensurate with the value of the credit. </p> <p> The Small Business Administration and the Department of Veterans Affairs must provide information about the tax credit allowed by this bill to veterans service organizations and veteran advocacy groups.</p>]]></summary-text>
</summary>
</item>
<dublinCore xmlns:dc="http://purl.org/dc/elements/1.1/">
<dc:format>text/xml</dc:format>
<dc:language>EN</dc:language>
<dc:rights>Pursuant to Title 17 Section 105 of the United States Code, this file is not subject to copyright protection and is in the public domain.</dc:rights>
<dc:contributor>Congressional Research Service, Library of Congress</dc:contributor>
<dc:description>This file contains bill summaries for federal legislation. A bill summary describes the most significant provisions of a piece of legislation and details the effects the legislative text may have on current law and federal programs. Bill summaries are authored by the Congressional Research Service (CRS) of the Library of Congress. As stated in Public Law 91-510 (2 USC 166 (d)(6)), one of the duties of CRS is "to prepare summaries and digests of bills and resolutions of a public general nature introduced in the Senate or House of Representatives". For more information, refer to the User Guide that accompanies this file.</dc:description>
</dublinCore>
</BillSummaries>
