<?xml version="1.0" encoding="UTF-8"?><BillSummaries>
<item congress="116" measure-type="hr" measure-number="709" measure-id="id116hr709" originChamber="HOUSE" orig-publish-date="2019-01-22" update-date="2019-02-11">
<title>Common Sense Maritime and Consumer Services Protection Act</title>
<summary summary-id="id116hr709v00" currentChamber="HOUSE" update-date="2019-02-11">
<action-date>2019-01-22</action-date>
<action-desc>Introduced in House</action-desc>
<summary-text><![CDATA[<p><STRONG>Common Sense Maritime and Consumer Services Protection Act</STRONG></p> <p>This bill establishes in the Federal Maritime Commission an Office of Consumer Affairs and Dispute Resolution Services to (1) raise public awareness about ocean shipping agreements between carriers, use of ocean transportation intermediaries, and other shipping services; and (2) assist consumers in confidentially resolving disputes and other related matters deemed valuable to the consumer by the Commission.</p>]]></summary-text>
</summary>
</item>
<dublinCore xmlns:dc="http://purl.org/dc/elements/1.1/">
<dc:format>text/xml</dc:format>
<dc:language>EN</dc:language>
<dc:rights>Pursuant to Title 17 Section 105 of the United States Code, this file is not subject to copyright protection and is in the public domain.</dc:rights>
<dc:contributor>Congressional Research Service, Library of Congress</dc:contributor>
<dc:description>This file contains bill summaries for federal legislation. A bill summary describes the most significant provisions of a piece of legislation and details the effects the legislative text may have on current law and federal programs. Bill summaries are authored by the Congressional Research Service (CRS) of the Library of Congress. As stated in Public Law 91-510 (2 USC 166 (d)(6)), one of the duties of CRS is "to prepare summaries and digests of bills and resolutions of a public general nature introduced in the Senate or House of Representatives". For more information, refer to the User Guide that accompanies this file.</dc:description>
</dublinCore>
</BillSummaries>
