<?xml version="1.0" encoding="UTF-8"?><BillSummaries>
<item congress="116" measure-type="hr" measure-number="895" measure-id="id116hr895" originChamber="HOUSE" orig-publish-date="2019-01-30" update-date="2020-10-08">
<title>Tribal School Federal Insurance Parity Act</title>
<summary summary-id="id116hr895v53" currentChamber="HOUSE" update-date="2020-10-08">
<action-date>2020-09-21</action-date>
<action-desc>Passed House</action-desc>
<summary-text><![CDATA[<p><b>Tribal School Federal Insurance Parity Act</b></p> <p>This bill allows tribally controlled grant schools to participate in the Federal Employee Health Benefits program.</p>]]></summary-text>
</summary>
<summary summary-id="id116hr895v08" currentChamber="HOUSE" update-date="2020-10-08">
<action-date>2020-09-15</action-date>
<action-desc>Reported to House, Part I</action-desc>
<summary-text><![CDATA[<p><b>Tribal School Federal Insurance Parity Act</b></p> <p>This bill allows tribally controlled grant schools to participate in the Federal Employee Health Benefits program.</p>]]></summary-text>
</summary>
<summary summary-id="id116hr895v00" currentChamber="HOUSE" update-date="2019-09-17">
<action-date>2019-01-30</action-date>
<action-desc>Introduced in House</action-desc>
<summary-text><![CDATA[<p><b>Tribal School Federal Insurance Parity Act</b></p> <p>This bill allows schools that receive grants under the Tribally Controlled Schools Act of 1988 to participate in the Federal Employee Health Benefits program.</p>]]></summary-text>
</summary>
</item>
<dublinCore xmlns:dc="http://purl.org/dc/elements/1.1/">
<dc:format>text/xml</dc:format>
<dc:language>EN</dc:language>
<dc:rights>Pursuant to Title 17 Section 105 of the United States Code, this file is not subject to copyright protection and is in the public domain.</dc:rights>
<dc:contributor>Congressional Research Service, Library of Congress</dc:contributor>
<dc:description>This file contains bill summaries for federal legislation. A bill summary describes the most significant provisions of a piece of legislation and details the effects the legislative text may have on current law and federal programs. Bill summaries are authored by the Congressional Research Service (CRS) of the Library of Congress. As stated in Public Law 91-510 (2 USC 166 (d)(6)), one of the duties of CRS is "to prepare summaries and digests of bills and resolutions of a public general nature introduced in the Senate or House of Representatives". For more information, refer to the User Guide that accompanies this file.</dc:description>
</dublinCore>
</BillSummaries>
