<?xml version="1.0" encoding="UTF-8"?><BillSummaries>
<item congress="116" measure-type="hr" measure-number="1122" measure-id="id116hr1122" originChamber="HOUSE" orig-publish-date="2019-02-08" update-date="2019-03-22">
<title>Housing Choice Voucher Mobility Demonstration Act of 2019</title>
<summary summary-id="id116hr1122v53" currentChamber="HOUSE" update-date="2019-03-22">
<action-date>2019-03-11</action-date>
<action-desc>Passed House</action-desc>
<summary-text><![CDATA[<p><b>Housing Choice Voucher Mobility Demonstration Act of 2019</b></p> <p>This bill authorizes the Department of Housing and Urban Development (HUD) to implement a mobility demonstration program to enable public housing agencies (PHAs) to administer housing-choice rental-assistance vouchers in a manner designed to (1)&nbsp;encourage low-income families receiving such assistance to move to lower-poverty areas, and (2) expand access to opportunity areas.</p> <p>HUD shall require PHAs applying to participate in the program to submit a specified Regional Housing Mobility Plan.</p>]]></summary-text>
</summary>
<summary summary-id="id116hr1122v00" currentChamber="HOUSE" update-date="2019-03-08">
<action-date>2019-02-08</action-date>
<action-desc>Introduced in House</action-desc>
<summary-text><![CDATA[<p><b>Housing Choice Voucher Mobility Demonstration Act of 2019</b></p> <p>This bill authorizes the Department of Housing and Urban Development (HUD) to implement a mobility demonstration program to enable public housing agencies (PHAs) to administer housing-choice rental-assistance vouchers in a manner designed to (1)&nbsp;encourage low-income families receiving such assistance to move to lower-poverty areas, and (2) expand access to opportunity areas.</p> <p>HUD shall require PHAs applying to participate in the program to submit a specified Regional Housing Mobility Plan.</p>]]></summary-text>
</summary>
</item>
<dublinCore xmlns:dc="http://purl.org/dc/elements/1.1/">
<dc:format>text/xml</dc:format>
<dc:language>EN</dc:language>
<dc:rights>Pursuant to Title 17 Section 105 of the United States Code, this file is not subject to copyright protection and is in the public domain.</dc:rights>
<dc:contributor>Congressional Research Service, Library of Congress</dc:contributor>
<dc:description>This file contains bill summaries for federal legislation. A bill summary describes the most significant provisions of a piece of legislation and details the effects the legislative text may have on current law and federal programs. Bill summaries are authored by the Congressional Research Service (CRS) of the Library of Congress. As stated in Public Law 91-510 (2 USC 166 (d)(6)), one of the duties of CRS is "to prepare summaries and digests of bills and resolutions of a public general nature introduced in the Senate or House of Representatives". For more information, refer to the User Guide that accompanies this file.</dc:description>
</dublinCore>
</BillSummaries>
