<?xml version="1.0" encoding="UTF-8"?><BillSummaries>
<item congress="116" measure-type="hr" measure-number="86" measure-id="id116hr86" originChamber="HOUSE" orig-publish-date="2019-01-03" update-date="2019-01-16">
<title>Budget Process Accountability Act</title>
<summary summary-id="id116hr86v00" currentChamber="HOUSE" update-date="2019-01-16">
<action-date>2019-01-03</action-date>
<action-desc>Introduced in House</action-desc>
<summary-text><![CDATA[<p><b>Budget Process Accountability Act</b></p> <p>This bill withholds the salaries of Members of Congress and cancels the salaries of certain employees of the Office of Management and Budget (OMB) when budget process requirements are not met.</p> <p>The bill withholds the salaries of Members of a chamber of Congress that has not agreed to a budget resolution for FY2020 by April 15, 2019, the deadline for passage of the resolution under the Congressional Budget Act of 1974. Withheld salaries are paid when the chamber of Congress agrees to a budget resolution or on the last day of the 116th Congress, whichever is earlier.</p> <p>The Inspector General of the Office of Personnel Management (OPM), by three days after the President's budget is due, shall (1) make an annual determination of whether the OMB and the President are in compliance with statutory requirements for the President's annual budget submission to Congress, and (2) provide a written notification of such determination to specified congressional committees. The Director, Deputy Director, and Deputy Director for Management of the OMB may not receive pay for any period of noncompliance.</p>]]></summary-text>
</summary>
</item>
<dublinCore xmlns:dc="http://purl.org/dc/elements/1.1/">
<dc:format>text/xml</dc:format>
<dc:language>EN</dc:language>
<dc:rights>Pursuant to Title 17 Section 105 of the United States Code, this file is not subject to copyright protection and is in the public domain.</dc:rights>
<dc:contributor>Congressional Research Service, Library of Congress</dc:contributor>
<dc:description>This file contains bill summaries for federal legislation. A bill summary describes the most significant provisions of a piece of legislation and details the effects the legislative text may have on current law and federal programs. Bill summaries are authored by the Congressional Research Service (CRS) of the Library of Congress. As stated in Public Law 91-510 (2 USC 166 (d)(6)), one of the duties of CRS is "to prepare summaries and digests of bills and resolutions of a public general nature introduced in the Senate or House of Representatives". For more information, refer to the User Guide that accompanies this file.</dc:description>
</dublinCore>
</BillSummaries>
