<?xml version="1.0" encoding="UTF-8"?><BillSummaries>
<item congress="116" measure-type="hr" measure-number="56" measure-id="id116hr56" originChamber="HOUSE" orig-publish-date="2019-01-03" update-date="2019-03-28">
<title>Financial Technology Protection Act</title>
<summary summary-id="id116hr56v53" currentChamber="HOUSE" update-date="2019-03-28">
<action-date>2019-01-28</action-date>
<action-desc>Passed House</action-desc>
<summary-text><![CDATA[<p><b>Financial Technology Protection Act </b></p> <p>This bill provides for the investigation of new financial technologies (e.g., digital currencies) and their use in terrorism and other illicit activities. </p> <p> The bill establishes the Independent Financial Technology Task Force to Combat Terrorism and Illicit Financing, which must research terrorist and illicit use of new financial technologies and issue an annual report. </p> <p>The bill directs the Department of the Treasury to provide a reward for a person who provides information leading to the conviction of an individual involved with terrorist use of digital currencies. </p> <p>The bill establishes the FinTech Leadership in Innovation and Financial Intelligence Program to support the development of tools and programs to detect terrorist and illicit use of digital currencies. <p> <p>]]></summary-text>
</summary>
<summary summary-id="id116hr56v00" currentChamber="HOUSE" update-date="2019-01-18">
<action-date>2019-01-03</action-date>
<action-desc>Introduced in House</action-desc>
<summary-text><![CDATA[<p><b>Financial Technology Protection Act </b></p> <p>This bill provides for the investigation of new financial technologies (e.g., digital currencies) and their use in terrorism and other illicit activities. </p> <p>The bill establishes the Independent Financial Technology Task Force to Combat Terrorism and Illicit Financing, which must research terrorist and illicit use of new financial technologies and issue an annual report. </p> <p>The bill directs the Department of the Treasury to provide a reward for a person who provides information leading to the conviction of an individual involved with terrorist use of digital currencies. </p> <p>The bill establishes the FinTech Leadership in Innovation and Financial Intelligence Program to support the development of tools and programs to detect terrorist and illicit use of digital currencies. <p>]]></summary-text>
</summary>
</item>
<dublinCore xmlns:dc="http://purl.org/dc/elements/1.1/">
<dc:format>text/xml</dc:format>
<dc:language>EN</dc:language>
<dc:rights>Pursuant to Title 17 Section 105 of the United States Code, this file is not subject to copyright protection and is in the public domain.</dc:rights>
<dc:contributor>Congressional Research Service, Library of Congress</dc:contributor>
<dc:description>This file contains bill summaries for federal legislation. A bill summary describes the most significant provisions of a piece of legislation and details the effects the legislative text may have on current law and federal programs. Bill summaries are authored by the Congressional Research Service (CRS) of the Library of Congress. As stated in Public Law 91-510 (2 USC 166 (d)(6)), one of the duties of CRS is "to prepare summaries and digests of bills and resolutions of a public general nature introduced in the Senate or House of Representatives". For more information, refer to the User Guide that accompanies this file.</dc:description>
</dublinCore>
</BillSummaries>
