<?xml version="1.0" encoding="UTF-8"?><BillSummaries>
<item congress="116" measure-type="hr" measure-number="281" measure-id="id116hr281" originChamber="HOUSE" orig-publish-date="2019-01-08" update-date="2019-09-23">
<title>Ensuring Diverse Leadership Act of 2019</title>
<summary summary-id="id116hr281v53" currentChamber="HOUSE" update-date="2019-09-23">
<action-date>2019-09-10</action-date>
<action-desc>Passed House</action-desc>
<summary-text><![CDATA[<p><b>Ensuring Diverse Leadership Act of</b> <b>2019</b></p> <p>This bill requires that in making the appointment of a president, a Federal Reserve Bank must interview at least one individual reflective of gender diversity and one reflective of racial or ethnic diversity.</p> <p>The bill amends numerous banking-, finance-, and trade-related Acts to make references to officials (including those to the Chairman of the Board of Governors of the Federal Reserve System) gender-neutral. </p>]]></summary-text>
</summary>
<summary summary-id="id116hr281v00" currentChamber="HOUSE" update-date="2019-01-23">
<action-date>2019-01-08</action-date>
<action-desc>Introduced in House</action-desc>
<summary-text><![CDATA[<p><b>Ensuring Diverse Leadership Act of</b> <b>2019</b></p> <p>This bill requires that in making the appointment of a president, a Federal Reserve Bank must interview at least one individual reflective of gender diversity and one reflective of racial or ethnic diversity.</p> <p>The bill amends numerous banking-, finance-, and trade-related Acts to make references to officials (including those to the Chairman of the Board of Governors of the Federal Reserve System) gender-neutral. </p>]]></summary-text>
</summary>
</item>
<dublinCore xmlns:dc="http://purl.org/dc/elements/1.1/">
<dc:format>text/xml</dc:format>
<dc:language>EN</dc:language>
<dc:rights>Pursuant to Title 17 Section 105 of the United States Code, this file is not subject to copyright protection and is in the public domain.</dc:rights>
<dc:contributor>Congressional Research Service, Library of Congress</dc:contributor>
<dc:description>This file contains bill summaries for federal legislation. A bill summary describes the most significant provisions of a piece of legislation and details the effects the legislative text may have on current law and federal programs. Bill summaries are authored by the Congressional Research Service (CRS) of the Library of Congress. As stated in Public Law 91-510 (2 USC 166 (d)(6)), one of the duties of CRS is "to prepare summaries and digests of bills and resolutions of a public general nature introduced in the Senate or House of Representatives". For more information, refer to the User Guide that accompanies this file.</dc:description>
</dublinCore>
</BillSummaries>
