<?xml version="1.0" encoding="UTF-8"?><BillSummaries>
<item congress="116" measure-type="hr" measure-number="88" measure-id="id116hr88" originChamber="HOUSE" orig-publish-date="2019-01-03" update-date="2019-01-16">
<title>Knife Owners' Protection Act of 2019</title>
<summary summary-id="id116hr88v00" currentChamber="HOUSE" update-date="2019-01-16">
<action-date>2019-01-03</action-date>
<action-desc>Introduced in House</action-desc>
<summary-text><![CDATA[<p><b>Knife Owners' Protection Act of 2019</b></p> <p>This bill permits an individual to transport a knife between two places (i.e., states) where knife possession, carry, or transport is legal. A knife must be securely stored during transport, unless it is an emergency knife designed to cut seat belts. </p> <p>The bill prohibits the arrest or detention of an individual for a knife violation unless there is probable cause to believe the individual failed to securely store the knife during transport. An individual may assert compliance with this bill as a claim or defense in any civil or criminal proceeding. </p> <p>This bill repeals provisions, commonly known as the Federal Switchblade Act, that prohibit the introduction of switchblade knives into interstate commerce. It also repeals the Ballistic Knife Prohibition Act of 1986, which prohibits the possession, manufacture, sale, or importation of a ballistic knife. </p> <p>Finally, it eliminates two criminal provisions&#8212;one that restricts the mailability of switchblade knives, and one that restricts the mailability of ballistic knives.</p>]]></summary-text>
</summary>
</item>
<dublinCore xmlns:dc="http://purl.org/dc/elements/1.1/">
<dc:format>text/xml</dc:format>
<dc:language>EN</dc:language>
<dc:rights>Pursuant to Title 17 Section 105 of the United States Code, this file is not subject to copyright protection and is in the public domain.</dc:rights>
<dc:contributor>Congressional Research Service, Library of Congress</dc:contributor>
<dc:description>This file contains bill summaries for federal legislation. A bill summary describes the most significant provisions of a piece of legislation and details the effects the legislative text may have on current law and federal programs. Bill summaries are authored by the Congressional Research Service (CRS) of the Library of Congress. As stated in Public Law 91-510 (2 USC 166 (d)(6)), one of the duties of CRS is "to prepare summaries and digests of bills and resolutions of a public general nature introduced in the Senate or House of Representatives". For more information, refer to the User Guide that accompanies this file.</dc:description>
</dublinCore>
</BillSummaries>
