<?xml version="1.0" encoding="UTF-8"?><BillSummaries>
<item congress="116" measure-type="hr" measure-number="291" measure-id="id116hr291" originChamber="HOUSE" orig-publish-date="2019-01-08" update-date="2019-01-28">
<title>Coastal Economies Protection Act</title>
<summary summary-id="id116hr291v00" currentChamber="HOUSE" update-date="2019-01-28">
<action-date>2019-01-08</action-date>
<action-desc>Introduced in House</action-desc>
<summary-text><![CDATA[<p><b>Coastal Economies Protection Act</b></p> <p>This bill prohibits the Bureau of Ocean Energy Management from offering any tract for oil and gas leasing or preleasing until June 30, 2029, in the following areas:</p> <ul> <li>the North Atlantic planning area,</li> <li>the Mid-Atlantic planning area,</li> <li>the South Atlantic planning area,</li> <li>the Straits of Florida planning area, or</li> <li>the Eastern Gulf of Mexico planning area that is within 125 miles of the coastline of Florida.</li> </ul>]]></summary-text>
</summary>
</item>
<dublinCore xmlns:dc="http://purl.org/dc/elements/1.1/">
<dc:format>text/xml</dc:format>
<dc:language>EN</dc:language>
<dc:rights>Pursuant to Title 17 Section 105 of the United States Code, this file is not subject to copyright protection and is in the public domain.</dc:rights>
<dc:contributor>Congressional Research Service, Library of Congress</dc:contributor>
<dc:description>This file contains bill summaries for federal legislation. A bill summary describes the most significant provisions of a piece of legislation and details the effects the legislative text may have on current law and federal programs. Bill summaries are authored by the Congressional Research Service (CRS) of the Library of Congress. As stated in Public Law 91-510 (2 USC 166 (d)(6)), one of the duties of CRS is "to prepare summaries and digests of bills and resolutions of a public general nature introduced in the Senate or House of Representatives". For more information, refer to the User Guide that accompanies this file.</dc:description>
</dublinCore>
</BillSummaries>
