<?xml version="1.0" encoding="UTF-8"?><BillSummaries>
<item congress="116" measure-type="hr" measure-number="270" measure-id="id116hr270" originChamber="HOUSE" orig-publish-date="2019-01-08" update-date="2019-03-06">
<title>Government Shutdown Impact Report Act of 2019</title>
<summary summary-id="id116hr270v00" currentChamber="HOUSE" update-date="2019-03-06">
<action-date>2019-01-08</action-date>
<action-desc>Introduced in House</action-desc>
<summary-text><![CDATA[<p><b>Government Shutdown Impact Report Act of 2019</b></p> <p>This bill requires the Congressional Budget Office to submit daily reports to Congress when a government shutdown is in effect. The reports must include details regarding the costs and economic effects of the shutdown, including estimates of</p> <ul> <li>lost economic output,</li> <li>the decrease in gross domestic product for the quarter, </li> <li>assistance that the Small Business Administration was unable to provide,</li> <li>revenue that the National Park Service (NPS) lost due to the closure of NPS lands and historic sites, and</li> <li>revenue lost due to the effects on tourism and travel to and within the United States.</li> </ul>]]></summary-text>
</summary>
</item>
<dublinCore xmlns:dc="http://purl.org/dc/elements/1.1/">
<dc:format>text/xml</dc:format>
<dc:language>EN</dc:language>
<dc:rights>Pursuant to Title 17 Section 105 of the United States Code, this file is not subject to copyright protection and is in the public domain.</dc:rights>
<dc:contributor>Congressional Research Service, Library of Congress</dc:contributor>
<dc:description>This file contains bill summaries for federal legislation. A bill summary describes the most significant provisions of a piece of legislation and details the effects the legislative text may have on current law and federal programs. Bill summaries are authored by the Congressional Research Service (CRS) of the Library of Congress. As stated in Public Law 91-510 (2 USC 166 (d)(6)), one of the duties of CRS is "to prepare summaries and digests of bills and resolutions of a public general nature introduced in the Senate or House of Representatives". For more information, refer to the User Guide that accompanies this file.</dc:description>
</dublinCore>
</BillSummaries>
