<?xml version="1.0" encoding="UTF-8"?><BillSummaries>
<item congress="116" measure-type="hr" measure-number="61" measure-id="id116hr61" originChamber="HOUSE" orig-publish-date="2019-01-03" update-date="2019-01-18">
<title>Carson City Mint 150th Anniversary Commemorative Coin Act of 2019</title>
<summary summary-id="id116hr61v00" currentChamber="HOUSE" update-date="2019-01-18">
<action-date>2019-01-03</action-date>
<action-desc>Introduced in House</action-desc>
<summary-text><![CDATA[<p><b>Carson City Mint 150th Anniversary Commemorative Coin Act of 2019</b></p> <p>This bill directs the Department of the Treasury to mint and issue $5 gold coins and $1 silver coins in commemoration of the 150th anniversary of the Carson City Mint in Carson City, Nevada. </p> <p>All surcharges from sales of such coins shall be paid to the Nevada State Museum Dedicated Trust Fund. </p>]]></summary-text>
</summary>
</item>
<dublinCore xmlns:dc="http://purl.org/dc/elements/1.1/">
<dc:format>text/xml</dc:format>
<dc:language>EN</dc:language>
<dc:rights>Pursuant to Title 17 Section 105 of the United States Code, this file is not subject to copyright protection and is in the public domain.</dc:rights>
<dc:contributor>Congressional Research Service, Library of Congress</dc:contributor>
<dc:description>This file contains bill summaries for federal legislation. A bill summary describes the most significant provisions of a piece of legislation and details the effects the legislative text may have on current law and federal programs. Bill summaries are authored by the Congressional Research Service (CRS) of the Library of Congress. As stated in Public Law 91-510 (2 USC 166 (d)(6)), one of the duties of CRS is "to prepare summaries and digests of bills and resolutions of a public general nature introduced in the Senate or House of Representatives". For more information, refer to the User Guide that accompanies this file.</dc:description>
</dublinCore>
</BillSummaries>
