<?xml version="1.0" encoding="UTF-8"?><BillSummaries>
<item congress="116" measure-type="hr" measure-number="1027" measure-id="id116hr1027" originChamber="HOUSE" orig-publish-date="2019-02-06" update-date="2019-03-04">
<title>Fairness for Every Driver Act</title>
<summary summary-id="id116hr1027v00" currentChamber="HOUSE" update-date="2019-03-04">
<action-date>2019-02-06</action-date>
<action-desc>Introduced in House</action-desc>
<summary-text><![CDATA[<p><b>Fairness for Every Driver Act </b></p> <p>This bill terminates and repeals the tax credit for new qualified plug-in electric drive motor vehicles. It also imposes a user fee on alternative fuel vehicles used in the United States and requires the fees to be transferred to the Highway Trust Fund. </p> <p>&quot;Alternative fuel vehicles&quot; include plug-in electric vehicles, fuel cell electric vehicles, and other motor vehicles propelled to a significant extent by an electric motor that draws power from any source that is not subject to certain fuel taxes. </p>]]></summary-text>
</summary>
</item>
<dublinCore xmlns:dc="http://purl.org/dc/elements/1.1/">
<dc:format>text/xml</dc:format>
<dc:language>EN</dc:language>
<dc:rights>Pursuant to Title 17 Section 105 of the United States Code, this file is not subject to copyright protection and is in the public domain.</dc:rights>
<dc:contributor>Congressional Research Service, Library of Congress</dc:contributor>
<dc:description>This file contains bill summaries for federal legislation. A bill summary describes the most significant provisions of a piece of legislation and details the effects the legislative text may have on current law and federal programs. Bill summaries are authored by the Congressional Research Service (CRS) of the Library of Congress. As stated in Public Law 91-510 (2 USC 166 (d)(6)), one of the duties of CRS is "to prepare summaries and digests of bills and resolutions of a public general nature introduced in the Senate or House of Representatives". For more information, refer to the User Guide that accompanies this file.</dc:description>
</dublinCore>
</BillSummaries>
