<?xml version="1.0" encoding="UTF-8"?><BillSummaries>
<item congress="116" measure-type="hr" measure-number="572" measure-id="id116hr572" originChamber="HOUSE" orig-publish-date="2019-01-15" update-date="2019-09-19">
<title>Restoring Access to Public Lands Act</title>
<summary summary-id="id116hr572v00" currentChamber="HOUSE" update-date="2019-09-19">
<action-date>2019-01-15</action-date>
<action-desc>Introduced in House</action-desc>
<summary-text><![CDATA[<p><b>Restoring Access to Public Lands Act</b></p> <p>This bill releases specified acreage of the Yolla Bolly, Timbered Crater, Lava, Pit River Canyon, Tule Mountain, South Warner Contiguous, Bitterbrush, Buffalo Hills, Twin Peaks, Five Springs, Dry Valley Rim, Skedaddle, and Tunnison Mountain wilderness study areas in California from further review for designation as wilderness. </p>]]></summary-text>
</summary>
</item>
<dublinCore xmlns:dc="http://purl.org/dc/elements/1.1/">
<dc:format>text/xml</dc:format>
<dc:language>EN</dc:language>
<dc:rights>Pursuant to Title 17 Section 105 of the United States Code, this file is not subject to copyright protection and is in the public domain.</dc:rights>
<dc:contributor>Congressional Research Service, Library of Congress</dc:contributor>
<dc:description>This file contains bill summaries for federal legislation. A bill summary describes the most significant provisions of a piece of legislation and details the effects the legislative text may have on current law and federal programs. Bill summaries are authored by the Congressional Research Service (CRS) of the Library of Congress. As stated in Public Law 91-510 (2 USC 166 (d)(6)), one of the duties of CRS is "to prepare summaries and digests of bills and resolutions of a public general nature introduced in the Senate or House of Representatives". For more information, refer to the User Guide that accompanies this file.</dc:description>
</dublinCore>
</BillSummaries>
