<?xml version="1.0" encoding="UTF-8"?><BillSummaries>
<item congress="116" measure-type="hr" measure-number="777" measure-id="id116hr777" originChamber="HOUSE" orig-publish-date="2019-01-24" update-date="2020-01-10">
<title>Debbie Smith Reauthorization Act of 2019</title>
<summary summary-id="id116hr777v49" currentChamber="BOTH" update-date="2020-01-10">
<action-date>2019-12-30</action-date>
<action-desc>Public Law</action-desc>
<summary-text><![CDATA[<p><b>Debbie Smith Reauthorization Act of 2019</b></p> <p>This bill reauthorizes grants that support state and local efforts to process DNA evidence in rape kits.</p> <p>Specifically, it reauthorizes through FY2024 the following:</p> <ul> <li>grants under the Debbie Smith DNA Backlog Grant Program;</li> <li>grants to provide DNA training and education for law enforcement personnel, corrections personnel, and court officers; and</li> <li>grants under the Sexual Assault Forensic Exam Program.</li> </ul>]]></summary-text>
</summary>
<summary summary-id="id116hr777v55" currentChamber="SENATE" update-date="2020-01-06">
<action-date>2019-12-17</action-date>
<action-desc>Passed Senate</action-desc>
<summary-text><![CDATA[<p><b>Debbie Smith Reauthorization Act of 2019</b></p> <p>This bill reauthorizes grants that support state and local efforts to process DNA evidence in rape kits.</p> <p>Specifically, it reauthorizes through FY2024 the following:</p> <ul> <li>grants under the Debbie Smith DNA Backlog Grant Program;</li> <li>grants to provide DNA training and education for law enforcement personnel, corrections personnel, and court officers; and</li> <li>grants under the Sexual Assault Forensic Exam Program.</li> </ul>]]></summary-text>
</summary>
<summary summary-id="id116hr777v53" currentChamber="HOUSE" update-date="2019-10-25">
<action-date>2019-10-23</action-date>
<action-desc>Passed House</action-desc>
<summary-text><![CDATA[<p><b>Debbie Smith Reauthorization Act of 2019</b></p> <p>This bill reauthorizes grants that support state and local efforts to process DNA evidence in rape kits.</p> <p>Specifically, it reauthorizes through FY2024 the following:</p> <ul> <li>grants under the Debbie Smith DNA Backlog Grant Program;</li> <li>grants to provide DNA training and education for law enforcement personnel, corrections personnel, and court officers; and</li> <li>grants under the Sexual Assault Forensic Exam Program.</li> </ul>]]></summary-text>
</summary>
<summary summary-id="id116hr777v00" currentChamber="HOUSE" update-date="2019-09-17">
<action-date>2019-01-24</action-date>
<action-desc>Introduced in House</action-desc>
<summary-text><![CDATA[<p><b>Debbie Smith Reauthorization Act of 2019</b></p> <p>This bill reauthorizes grants that support state and local efforts to process DNA evidence in rape kits.</p> <p>Specifically, it reauthorizes through FY2024 the following:</p> <ul> <li>grants under the Debbie Smith DNA Backlog Grant Program;</li> <li>grants to provide DNA training and education for law enforcement personnel, corrections personnel, and court officers; and</li> <li>grants under the Sexual Assault Forensic Exam Program.</li> </ul>]]></summary-text>
</summary>
</item>
<dublinCore xmlns:dc="http://purl.org/dc/elements/1.1/">
<dc:format>text/xml</dc:format>
<dc:language>EN</dc:language>
<dc:rights>Pursuant to Title 17 Section 105 of the United States Code, this file is not subject to copyright protection and is in the public domain.</dc:rights>
<dc:contributor>Congressional Research Service, Library of Congress</dc:contributor>
<dc:description>This file contains bill summaries for federal legislation. A bill summary describes the most significant provisions of a piece of legislation and details the effects the legislative text may have on current law and federal programs. Bill summaries are authored by the Congressional Research Service (CRS) of the Library of Congress. As stated in Public Law 91-510 (2 USC 166 (d)(6)), one of the duties of CRS is "to prepare summaries and digests of bills and resolutions of a public general nature introduced in the Senate or House of Representatives". For more information, refer to the User Guide that accompanies this file.</dc:description>
</dublinCore>
</BillSummaries>
