<?xml version="1.0" encoding="UTF-8"?><BillSummaries>
<item congress="116" measure-type="hr" measure-number="3287" measure-id="id116hr3287" originChamber="HOUSE" orig-publish-date="2019-06-13" update-date="2019-09-16">
<title>TREAD Act</title>
<summary summary-id="id116hr3287v00" currentChamber="HOUSE" update-date="2019-09-16">
<action-date>2019-06-13</action-date>
<action-desc>Introduced in House</action-desc>
<summary-text><![CDATA[<p><b>Tax Relief and Expedited Assistance for Disasters Act of 2019 or the TREAD Act</b></p> <p>This bill provides tax relief for qualified disaster areas (i.e., an area, excluding a California wildfire disaster area, for which a major disaster was declared on or after January 1, 2018). Specifically, the bill provides for distributions and loans from retirement plans for disaster assistance, a tax credit for wages paid by employers in a qualified disaster area, a temporary suspension of limitations on the deductibility of charitable contributions, and an automatic extension of filing deadlines for taxpayers affected by disasters. </p>]]></summary-text>
</summary>
</item>
<dublinCore xmlns:dc="http://purl.org/dc/elements/1.1/">
<dc:format>text/xml</dc:format>
<dc:language>EN</dc:language>
<dc:rights>Pursuant to Title 17 Section 105 of the United States Code, this file is not subject to copyright protection and is in the public domain.</dc:rights>
<dc:contributor>Congressional Research Service, Library of Congress</dc:contributor>
<dc:description>This file contains bill summaries for federal legislation. A bill summary describes the most significant provisions of a piece of legislation and details the effects the legislative text may have on current law and federal programs. Bill summaries are authored by the Congressional Research Service (CRS) of the Library of Congress. As stated in Public Law 91-510 (2 USC 166 (d)(6)), one of the duties of CRS is "to prepare summaries and digests of bills and resolutions of a public general nature introduced in the Senate or House of Representatives". For more information, refer to the User Guide that accompanies this file.</dc:description>
</dublinCore>
</BillSummaries>
