<?xml version="1.0" encoding="UTF-8"?><BillSummaries>
<item congress="116" measure-type="hr" measure-number="4293" measure-id="id116hr4293" originChamber="HOUSE" orig-publish-date="2019-09-11" update-date="2019-09-18">
<title>United States Commission on an Open Society with Security Act of 2019</title>
<summary summary-id="id116hr4293v00" currentChamber="HOUSE" update-date="2019-09-18">
<action-date>2019-09-11</action-date>
<action-desc>Introduced in House</action-desc>
<summary-text><![CDATA[<p><b>United States Commission on an Open Society with Security Act of 2019</b></p><p><strong></strong>This bill establishes the United States Commission on an Open Society with Security to study how the government may provide for both security in, and public access to, federal buildings and other federal property and sites. </p> <p> The commission shall examine (1) government and private security practices and proposals, building design, public space management, counterterrorism needs, and refurbishment of existing federal facilities; (2) the effect of access to public facilities and spaces on constitutional rights and civil liberties, economies of affected jurisdictions, architectural aesthetics, traffic and congestion, and employee job performance; (3) technology to augment or replace traditional modes of security; and (4) methods of assessing the risks posed by terrorism, balanced against the needs and values of open access. </p>]]></summary-text>
</summary>
</item>
<dublinCore xmlns:dc="http://purl.org/dc/elements/1.1/">
<dc:format>text/xml</dc:format>
<dc:language>EN</dc:language>
<dc:rights>Pursuant to Title 17 Section 105 of the United States Code, this file is not subject to copyright protection and is in the public domain.</dc:rights>
<dc:contributor>Congressional Research Service, Library of Congress</dc:contributor>
<dc:description>This file contains bill summaries for federal legislation. A bill summary describes the most significant provisions of a piece of legislation and details the effects the legislative text may have on current law and federal programs. Bill summaries are authored by the Congressional Research Service (CRS) of the Library of Congress. As stated in Public Law 91-510 (2 USC 166 (d)(6)), one of the duties of CRS is "to prepare summaries and digests of bills and resolutions of a public general nature introduced in the Senate or House of Representatives". For more information, refer to the User Guide that accompanies this file.</dc:description>
</dublinCore>
</BillSummaries>
