<?xml version="1.0" encoding="UTF-8"?><BillSummaries>
<item congress="116" measure-type="hr" measure-number="2044" measure-id="id116hr2044" originChamber="HOUSE" orig-publish-date="2019-04-03" update-date="2019-09-18">
<title>Smart Building Acceleration Act</title>
<summary summary-id="id116hr2044v00" currentChamber="HOUSE" update-date="2019-09-18">
<action-date>2019-04-03</action-date>
<action-desc>Introduced in House</action-desc>
<summary-text><![CDATA[<p><b>Smart Building Acceleration Act</b></p> <p>This bill assists the building sector in adopting smart building technology that increases energy efficiency. Smart buildings are buildings with energy systems that (1) are flexible and automated; (2) have extensive operational monitoring and communication connectivity, allowing remote monitoring and analysis of building functions; (3) take a systems-based approach in integrating the overall building operations for control of energy generation, consumption, and storage; (4) communicate with utilities and other third-party commercial entities, if appropriate; (5) protect the health and safety of occupants and workers; and (6) are cybersecure.</p> <p>Specifically, the bill requires the Department of Energy (DOE) to establish a Federal Smart Building Program. Under the program, DOE must implement smart building technology in certain federal buildings and demonstrate the costs and benefits of smart buildings. </p> <p>DOE may expand awards made under the Federal Energy Management Program and the Better Building Challenge to recognize specific federal agency achievements in accelerating the adoption of smart building technologies.</p> <p>In addition, DOE must conduct (1) a survey of privately owned smart buildings throughout the United States and evaluate their costs and benefits, and (2) research and development on barriers to the integration of advanced building technologies. As part of the Better Building Challenge, DOE must demonstrate policies and approaches that accelerate the transition to smart buildings.</p>]]></summary-text>
</summary>
</item>
<dublinCore xmlns:dc="http://purl.org/dc/elements/1.1/">
<dc:format>text/xml</dc:format>
<dc:language>EN</dc:language>
<dc:rights>Pursuant to Title 17 Section 105 of the United States Code, this file is not subject to copyright protection and is in the public domain.</dc:rights>
<dc:contributor>Congressional Research Service, Library of Congress</dc:contributor>
<dc:description>This file contains bill summaries for federal legislation. A bill summary describes the most significant provisions of a piece of legislation and details the effects the legislative text may have on current law and federal programs. Bill summaries are authored by the Congressional Research Service (CRS) of the Library of Congress. As stated in Public Law 91-510 (2 USC 166 (d)(6)), one of the duties of CRS is "to prepare summaries and digests of bills and resolutions of a public general nature introduced in the Senate or House of Representatives". For more information, refer to the User Guide that accompanies this file.</dc:description>
</dublinCore>
</BillSummaries>
