<?xml version="1.0" encoding="UTF-8"?><BillSummaries>
<item congress="116" measure-type="hr" measure-number="3837" measure-id="id116hr3837" originChamber="HOUSE" orig-publish-date="2019-07-18" update-date="2019-09-17">
<title>National Fab Lab Network Act of 2019</title>
<summary summary-id="id116hr3837v00" currentChamber="HOUSE" update-date="2019-09-17">
<action-date>2019-07-18</action-date>
<action-desc>Introduced in House</action-desc>
<summary-text><![CDATA[<p><b>National Fab Lab Network Act of 2019</b></p> <p>This bill establishes the National Fab Lab Network as a federally chartered corporation.</p> <p>A fab lab is a digital fabrication facility with the capabilities necessary to create form and function from digital designs. The bill requires the National Fab Lab Network to (1) endeavor to establish at least one fab lab in each congressional district and additional labs according to local demand, (2) link fab labs into a national network and promote their further expansion across the country, (3) serve as a training and operating resource for fab labs and their leaders and mentors, (4) maintain a national registry of fab labs, and (5) provide standards and protocols for connecting fab labs.</p> <p><br> </p>]]></summary-text>
</summary>
</item>
<dublinCore xmlns:dc="http://purl.org/dc/elements/1.1/">
<dc:format>text/xml</dc:format>
<dc:language>EN</dc:language>
<dc:rights>Pursuant to Title 17 Section 105 of the United States Code, this file is not subject to copyright protection and is in the public domain.</dc:rights>
<dc:contributor>Congressional Research Service, Library of Congress</dc:contributor>
<dc:description>This file contains bill summaries for federal legislation. A bill summary describes the most significant provisions of a piece of legislation and details the effects the legislative text may have on current law and federal programs. Bill summaries are authored by the Congressional Research Service (CRS) of the Library of Congress. As stated in Public Law 91-510 (2 USC 166 (d)(6)), one of the duties of CRS is "to prepare summaries and digests of bills and resolutions of a public general nature introduced in the Senate or House of Representatives". For more information, refer to the User Guide that accompanies this file.</dc:description>
</dublinCore>
</BillSummaries>
