<?xml version="1.0" encoding="UTF-8"?><BillSummaries>
<item congress="116" measure-type="hr" measure-number="639" measure-id="id116hr639" originChamber="HOUSE" orig-publish-date="2019-01-17" update-date="2019-10-29">
<title>To amend section 327 of the Robert T. Stafford Disaster Relief and Emergency Assistance Act to clarify that National Urban Search and Rescue Response System task forces may include Federal employees.</title>
<summary summary-id="id116hr639v49" currentChamber="BOTH" update-date="2019-10-29">
<action-date>2019-08-22</action-date>
<action-desc>Public Law</action-desc>
<summary-text><![CDATA[<p>This bill amends the Robert T. Stafford Disaster Relief and Emergency Assistance Act to specify that National Urban Search and Rescue Response System task forces may include federal employees.</p>]]></summary-text>
</summary>
<summary summary-id="id116hr639v55" currentChamber="SENATE" update-date="2019-08-28">
<action-date>2019-07-31</action-date>
<action-desc>Passed Senate</action-desc>
<summary-text><![CDATA[<p>This bill amends the Robert T. Stafford Disaster Relief and Emergency Assistance Act to specify that National Urban Search and Rescue Response System task forces may include federal employees.</p>]]></summary-text>
</summary>
<summary summary-id="id116hr639v53" currentChamber="HOUSE" update-date="2019-07-30">
<action-date>2019-04-08</action-date>
<action-desc>Passed House</action-desc>
<summary-text><![CDATA[<p>This bill amends the Robert T. Stafford Disaster Relief and Emergency Assistance Act to specify that National Urban Search and Rescue Response System task forces may include federal employees.</p>]]></summary-text>
</summary>
<summary summary-id="id116hr639v07" currentChamber="HOUSE" update-date="2019-07-10">
<action-date>2019-04-02</action-date>
<action-desc>Reported to House</action-desc>
<summary-text><![CDATA[<p>This bill amends the Robert T. Stafford Disaster Relief and Emergency Assistance Act to specify that National Urban Search and Rescue Response System task forces may include federal employees.</p>]]></summary-text>
</summary>
<summary summary-id="id116hr639v00" currentChamber="HOUSE" update-date="2019-02-06">
<action-date>2019-01-17</action-date>
<action-desc>Introduced in House</action-desc>
<summary-text><![CDATA[<p>This bill amends the Robert T. Stafford Disaster Relief and Emergency Assistance Act to specify that National Urban Search and Rescue Response System task forces may include federal employees.</p>]]></summary-text>
</summary>
</item>
<dublinCore xmlns:dc="http://purl.org/dc/elements/1.1/">
<dc:format>text/xml</dc:format>
<dc:language>EN</dc:language>
<dc:rights>Pursuant to Title 17 Section 105 of the United States Code, this file is not subject to copyright protection and is in the public domain.</dc:rights>
<dc:contributor>Congressional Research Service, Library of Congress</dc:contributor>
<dc:description>This file contains bill summaries for federal legislation. A bill summary describes the most significant provisions of a piece of legislation and details the effects the legislative text may have on current law and federal programs. Bill summaries are authored by the Congressional Research Service (CRS) of the Library of Congress. As stated in Public Law 91-510 (2 USC 166 (d)(6)), one of the duties of CRS is "to prepare summaries and digests of bills and resolutions of a public general nature introduced in the Senate or House of Representatives". For more information, refer to the User Guide that accompanies this file.</dc:description>
</dublinCore>
</BillSummaries>
