<?xml version="1.0" encoding="UTF-8"?><BillSummaries>
<item congress="116" measure-type="hr" measure-number="104" measure-id="id116hr104" originChamber="HOUSE" orig-publish-date="2019-01-03" update-date="2019-02-08">
<title>LEVEL Act</title>
<summary summary-id="id116hr104v00" currentChamber="HOUSE" update-date="2019-02-08">
<action-date>2019-01-03</action-date>
<action-desc>Introduced in House</action-desc>
<summary-text><![CDATA[<p><b>Leave Ethanol Volumes at Existing Levels Act or the LEVEL Act </b></p> <p>This bill revises the renewable fuel program, including the renewable fuel standard (RFS). Under current law, the RFS specifies the minimum volume of renewable fuel, such as ethanol, that must be contained in gasoline sold in the United States, except in noncontiguous states or territories. The RFS annually increases until 2022 when a minimum of 36 billion gallons of renewable fuel must be blended into gasoline. This bill decreases the volume of renewable fuel that must be contained in gasoline to 7.5 billion gallons each year. The bill also revises the RFS to eliminate separate volume requirements for the following renewable fuel categories: advanced biofuels, cellulosic biofuel, and biomass-based diesel.</p> <p>Petitions for waivers from requirements under the renewable fuel program may not be brought by a person who is subject to the requirements of the program, nor by the EPA on its own motion. </p> <p>The EPA may not authorize the sale of gasoline that contains greater than 10% ethanol, unless the gasoline was registered under the program and lawfully sold in the United States before this bill's enactment. </p> <p>The EPA must study the effects of gasoline that contains greater than 10% ethanol, including the effects on consumer products, such as nonroad vehicles.</p>]]></summary-text>
</summary>
</item>
<dublinCore xmlns:dc="http://purl.org/dc/elements/1.1/">
<dc:format>text/xml</dc:format>
<dc:language>EN</dc:language>
<dc:rights>Pursuant to Title 17 Section 105 of the United States Code, this file is not subject to copyright protection and is in the public domain.</dc:rights>
<dc:contributor>Congressional Research Service, Library of Congress</dc:contributor>
<dc:description>This file contains bill summaries for federal legislation. A bill summary describes the most significant provisions of a piece of legislation and details the effects the legislative text may have on current law and federal programs. Bill summaries are authored by the Congressional Research Service (CRS) of the Library of Congress. As stated in Public Law 91-510 (2 USC 166 (d)(6)), one of the duties of CRS is "to prepare summaries and digests of bills and resolutions of a public general nature introduced in the Senate or House of Representatives". For more information, refer to the User Guide that accompanies this file.</dc:description>
</dublinCore>
</BillSummaries>
