<?xml version="1.0" encoding="UTF-8"?><BillSummaries>
<item congress="116" measure-type="hr" measure-number="392" measure-id="id116hr392" originChamber="HOUSE" orig-publish-date="2019-01-09" update-date="2019-01-28">
<title>Secure Government Buildings from Espionage Act of 2019</title>
<summary summary-id="id116hr392v00" currentChamber="HOUSE" update-date="2019-01-28">
<action-date>2019-01-09</action-date>
<action-desc>Introduced in House</action-desc>
<summary-text><![CDATA[<p><b>Secure Government Buildings from Espionage Act of 2019</b></p> <p>This bill instructs the General Services Administration, the Architect of the Capitol, or any other federal agency (other than the Department of Defense), before entering into a lease agreement with a public or private entity to accommodate a federal agency in a building or other improvement that will be used for high-security leased space, to require such entity</p> <ul> <li> to identify each beneficial owner of such entity;</li> <li>to disclose to such agency any beneficial owner that is a foreign person; and </li> <li>if such agency is assigning the building or other improvement to a federal tenant, to notify that tenant of any such disclosure. </li> </ul> <p>The agency shall require such entity to</p> <ul> <li>provide such identification and disclosure when first submitting a proposal in response to an agency solicitation, and</li> <li> update such information within 60 days of any change in the beneficial owners of that entity or the information required to be provided relating to each such owner. </li> </ul>]]></summary-text>
</summary>
</item>
<dublinCore xmlns:dc="http://purl.org/dc/elements/1.1/">
<dc:format>text/xml</dc:format>
<dc:language>EN</dc:language>
<dc:rights>Pursuant to Title 17 Section 105 of the United States Code, this file is not subject to copyright protection and is in the public domain.</dc:rights>
<dc:contributor>Congressional Research Service, Library of Congress</dc:contributor>
<dc:description>This file contains bill summaries for federal legislation. A bill summary describes the most significant provisions of a piece of legislation and details the effects the legislative text may have on current law and federal programs. Bill summaries are authored by the Congressional Research Service (CRS) of the Library of Congress. As stated in Public Law 91-510 (2 USC 166 (d)(6)), one of the duties of CRS is "to prepare summaries and digests of bills and resolutions of a public general nature introduced in the Senate or House of Representatives". For more information, refer to the User Guide that accompanies this file.</dc:description>
</dublinCore>
</BillSummaries>
