<?xml version="1.0" encoding="UTF-8"?><BillSummaries>
<item congress="116" measure-type="hr" measure-number="3172" measure-id="id116hr3172" originChamber="HOUSE" orig-publish-date="2019-06-10" update-date="2020-06-24">
<title>Safe Sleep for Babies Act of 2019</title>
<summary summary-id="id116hr3172v53" currentChamber="HOUSE" update-date="2020-06-24">
<action-date>2019-12-16</action-date>
<action-desc>Passed House</action-desc>
<summary-text><![CDATA[<p><b>Safe Sleep for Babies Act of 2019</b><br /><br />This bill makes it unlawful to manufacture, sell, or distribute crib bumpers or inclined sleepers for infants.&nbsp;Specifically, inclined sleepers for infants are those designed for an infant up to one year old and have an inclined sleep surface of greater than 10 degrees. Crib bumpers generally are padded materials inserted around the inside of a crib and intended to prevent the crib occupant from becoming trapped in any part of the crib's openings; they do not include unpadded, mesh crib liners. </p>]]></summary-text>
</summary>
<summary summary-id="id116hr3172v07" currentChamber="HOUSE" update-date="2019-09-16">
<action-date>2019-09-13</action-date>
<action-desc>Reported to House</action-desc>
<summary-text><![CDATA[<p><b>Safe Sleep for Babies Act of 2019</b><br> <br> This bill makes it unlawful to manufacture, sell, or distribute inclined sleepers for infants. Specifically, inclined sleepers for infants are those designed for an infant up to one year old and have an inclined sleep surface of greater than 10 degrees.</p>]]></summary-text>
</summary>
<summary summary-id="id116hr3172v00" currentChamber="HOUSE" update-date="2019-09-26">
<action-date>2019-06-10</action-date>
<action-desc>Introduced in House</action-desc>
<summary-text><![CDATA[<p><b>Safe Sleep Act of 2019</b><br /><br />This bill makes it unlawful to manufacture, sell, or distribute inclined sleepers for infants. Specifically, inclined sleepers for infants are those that are designed for an infant up to one year old and have an inclined sleep surface of greater than 10 degrees.</p>]]></summary-text>
</summary>
</item>
<dublinCore xmlns:dc="http://purl.org/dc/elements/1.1/">
<dc:format>text/xml</dc:format>
<dc:language>EN</dc:language>
<dc:rights>Pursuant to Title 17 Section 105 of the United States Code, this file is not subject to copyright protection and is in the public domain.</dc:rights>
<dc:contributor>Congressional Research Service, Library of Congress</dc:contributor>
<dc:description>This file contains bill summaries for federal legislation. A bill summary describes the most significant provisions of a piece of legislation and details the effects the legislative text may have on current law and federal programs. Bill summaries are authored by the Congressional Research Service (CRS) of the Library of Congress. As stated in Public Law 91-510 (2 USC 166 (d)(6)), one of the duties of CRS is "to prepare summaries and digests of bills and resolutions of a public general nature introduced in the Senate or House of Representatives". For more information, refer to the User Guide that accompanies this file.</dc:description>
</dublinCore>
</BillSummaries>
