<?xml version="1.0" encoding="UTF-8"?><BillSummaries>
<item congress="116" measure-type="hr" measure-number="267" measure-id="id116hr267" originChamber="HOUSE" orig-publish-date="2019-01-08" update-date="2019-05-20">
<title>Transportation, Housing and Urban Development, and Related Agencies Appropriations Act, 2019</title>
<summary summary-id="id116hr267v53" currentChamber="HOUSE" update-date="2019-05-20">
<action-date>2019-01-10</action-date>
<action-desc>Passed House</action-desc>
<summary-text><![CDATA[<p><b>Highlights</b></p> <p>This bill provides FY2019 appropriations for the Department of Transportation (DOT), the Department of Housing and Urban Development (HUD), and several related agencies. </p> <p>The bill includes both discretionary and mandatory funding. The HUD budget is primarily discretionary spending, and most of the DOT budget is mandatory spending, in the form of contract authority from the Highway Trust Fund. </p> <p><b>Full Summary</b></p> <p><b>Transportation, Housing and Urban Development, and Related Agencies Appropriations Act, 2019 </b></p> <p>TITLE I--DEPARTMENT OF TRANSPORTATION </p> <p><i>Department of Transportation Appropriations Act, 2019 </i></p> <p>This title provides FY2019 appropriations for the Department of Transportation (DOT). </p> <p>The title provides appropriations for the Office of the Secretary, including</p> <ul> <li> Salaries and Expenses; </li> <li> Research and Technology; </li> <li> National Infrastructure Investments (also known as BUILD grants); </li> <li> the National Surface Transportation and Innovative Finance Bureau; </li> <li> Financial Management Capital; </li> <li> Cyber Security Initiatives; </li> <li> the Office of Civil Rights; </li> <li> Transportation Planning, Research, and Development; </li> <li> the Working Capital Fund; </li> <li> the Minority Business Resource Center Program; </li> <li> Small and Disadvantaged Business Utilization and Outreach; and </li> <li> Payments to Air Carriers. </li> </ul> <p>(Sec. 101) This section prohibits DOT from approving assessments or reimbursable agreements pertaining to funds appropriated to the modal administrations in this bill except for activities underway on the date of enactment, unless the reprogramming process has been completed. </p> <p>(Sec. 102) This section requires DOT to (1) post on its website the schedule and agenda for all meetings of the Council on Credit and Finance, and (2) direct the council to record the decisions and actions of each meeting. </p> <p>(Sec. 103) This section permits DOT to use the Working Capital Fund to provide payments in advance and accept subsequent reimbursements from all federal agencies for transit benefit distribution services that are necessary to carry out the federal transit pass transportation fringe benefit program. </p> <p>DOT must maintain a reasonable operating reserve in the Working Capital Fund, to be expended in advance to provide uninterrupted transit benefits to government employees. The reserve may not exceed one month of benefits and may be used only for transit benefits. </p> <p>The title provides appropriations to the Federal Aviation Administration (FAA) for</p> <ul> <li> Operations; </li> <li> Facilities and Equipment; </li> <li> Research, Engineering, and Development; and </li> <li> Grants-In-Aid For Airports. </li> </ul> <p>Fund provided by this bill may not be used for</p> <ul> <li> new applicants for the second career training program, </li> <li> new unauthorized aviation user fees, or </li> <li> aeronautical charting and cartography activities through the Working Capital Fund. </li> </ul> <p>The title prohibits funds from being used to eliminate the Contract Weather Observers program at any airport. </p> <p>The title permits funds received from specified public, private, and foreign sources for expenses incurred in the provision of FAA services to be credited to the FAA Operations appropriations account. </p> <p>(Sec. 110) This section limits technical staff-years under the federally funded research and development center contract between the FAA and the Center for Advanced Aviation Systems Development. </p> <p>(Sec. 111) This section prohibits the FAA from requiring airport sponsors to provide the FAA without cost building construction, maintenance, utilities and expenses, or space in sponsor-owned buildings for air traffic control, air navigation, or weather reporting. The prohibition does not apply to negotiations between the FAA and airport sponsors to achieve agreement on "below-market" rates for these items or to grant assurances that require airport sponsors to provide land without cost to the FAA for air traffic control facilities. </p> <p>(Sec. 112) This section permits the FAA to reimburse amounts made available from certain fees to carry out the Essential Air Service program, which was established to ensure that small communities have a minimum level of air service. </p> <p>(Sec. 113) This section permits amounts collected by the FAA for providing technical assistance to foreign aviation authorities to be credited to the Operations account. </p> <p>(Sec. 114) This section prohibits the FAA from paying Sunday premium pay except if an individual worked on a Sunday. </p> <p>(Sec. 115) This section prohibits the FAA from using funds provided by this bill to purchase a store gift card or gift certificate using a government-issued credit card. </p> <p>(Sec. 116) This section prohibits funds provided by this bill from being used for retention bonuses for FAA employees without prior approval of the Assistant Secretary for Administration of DOT. </p> <p>(Sec. 117) This section requires the FAA, upon the request of an owner or operator, to block the display of the owner's or operator's aircraft registration number in the Aircraft Situational Display to Industry program. </p> <p>(Sec. 118) This section prohibits funds provided by this bill from being used to pay the salaries and expenses of more than eight political and presidential FAA appointees. </p> <p>(Sec. 119) This section prohibits funds provided by this bill from being used to increase fees for navigation products until the FAA provides Congress with a justification for all fees for aeronautical navigation products and explains how the fees are consistent with Executive Order 13642 (Making Open and Machine Readable the New Default for Government Information). </p> <p>(Sec. 119A) This section requires the FAA to notify Congress prior to closing a regional operations center or reducing the services it provides. </p> <p>(Sec. 119B) This section prohibits funds provided by this bill from being used to change weight restrictions or prior permission rules at Teterboro Airport in New Jersey. </p> <p>(Sec. 119C) This section prohibits the FAA from withholding consideration and approval of any new application for participation in the Contract Tower Program, including applications from cost-share program participants, if the tower meets the criteria included in the FAA report titled "Establishment and Discontinuance Criteria for Airport Traffic Control Towers." </p> <p>(Sec. 119D) This section specifies restrictions and requirements for FAA actions to limit the use of an Organization Designation Authorization's (ODA's) delegated functions documented in its procedures manual on a type certification project. (Under the ODA program, the FAA may delegate to a private person a matter related to issuing certificates or the examination, testing, and inspection necessary to issue a certificate on behalf of the FAA.) </p> <p>(Sec. 119E) This section requires the FAA to permit intermittent large cargo air carriers to land in remote areas using a mix of available local meteorological weather reports, in place of National Weather Service forecast reports where they do not provide weather coverage. </p> <p>(Sec. 119F) This section allows the transfer of funds from the Grants-in-Aid for Airports account to reimburse certain airports and providers of general aviation ground support services impacted by temporary flight restrictions for any residence of the President that is designated or identified to be secured by the Secret Service. The funds may not be obligated or distributed until an independent audit is completed. </p> <p>(Sec. 119G) This section requires the FAA to report to Congress on the implementation of NextGen at commercial service airports in the United States. (NextGen is a program to modernize and improve the efficiency of the national airspace system, primarily by migrating to satellite-based navigation and aircraft tracking.) </p> <p>The title provides (1) funding from the Highway Trust Fund (HTF) to the Federal Highway Administration (FHWA) for Administrative Expenses and Federal-Aid Highways, and (2) appropriations for Highway Infrastructure Programs. </p> <p>(Most of DOT's budget is mandatory budget authority rather than discretionary budget authority. The mandatory budget authority is primarily in the form of contract authority derived from the Highway Trust Fund (HTF). Contract authority is the authority to obligate funds in advance of an appropriation Act. </p> <p>Spending from the HTF is determined both by authorization bill and appropriations bills. Authorization bills provide contract authority for highway programs, and appropriations bills include obligation limitations that determine how much of the contract authority may be used in a given year.) </p> <p>(Sec. 120) This section specifies allocations and requirements for distributing obligation authority from the HTF among federal-aid highway programs. </p> <p>(Sec. 121) This section credits funds received by the Bureau of Transportation Statistics from the sale of data products to the Federal-Aid Highways account to reimburse the bureau for expenses. </p> <p>(Sec. 122) This section requires DOT to (1) provide an informal public notice and comment opportunity prior to waiving the Buy America requirement for federal-aid highway projects, and (2) report to Congress annually on waivers. </p> <p>(Sec. 123) This section requires DOT to notify Congress prior to providing credit assistance under the Transportation Finance and Innovation Act (TIFIA) program, which provides credit to finance surface transportation projects of national and regional significance. </p> <p>(Sec. 124) This section requires DOT to notify Congress 60 days in advance before making grants for nationally significant freight and highway projects (FASTLANE grants). </p> <p>(Sec. 125) This section permits states to repurpose certain highway project funding to be used within 50 miles of its original designation. </p> <p>The title provides funding from the HTF to the Federal Motor Carrier Safety Administration (FMCSA) for (1) Motor Carrier Safety Operations and Programs, and (2) Motor Carrier Safety Grants. </p> <p>(Sec. 130) This section directs the FMCSA to require certain Mexican motor carriers to meet specified safety requirements when applying to operate beyond U.S. municipalities and commercial zones on the U.S.-Mexico border. </p> <p>(Sec. 131) This section requires the FMCSA to send notice of violations of certain safety procedures and regulations that could require expedited safety audits, compliance reviews, or corrective actions using certified mail, registered mail, or another manner of delivery that records the receipt of the notice by the persons responsible for the violation. </p> (Sec. 132) This section requires the FMCSA, to the maximum extent practicable, to ensure the safe and timely completion of the flexible sleeper berth pilot program <p>The title provides appropriations to the National Highway Traffic Safety Administration (NHTSA) for Operations and Research. </p> <p>It also provides funding from the HTF to NHTSA for Operations and Research and Highway Traffic Safety Grants. </p> <p>(Sec. 140) This section provides additional funding to NHTSA for travel and related expenses associated with state management reviews and core competency development training for highway safety staff. </p> <p>(Sec. 141) This section exempts from the current fiscal year's obligation limitation for NHTSA programs any obligation authority that was made available in previous public laws and has not lapsed or been used. </p> <p>(Sec. 142) This section provides additional appropriations for NHTSA to continue, in collaboration with the Federal Railroad Administration (FRA), a high visibility enforcement paid-media campaign regarding highway-rail grade crossing safety. </p> <p>The title provides appropriations to the FRA for</p> <ul> <li> Safety and Operations, </li> <li> Railroad Research and Development, </li> <li> the Railroad Rehabilitation and Improvement Financing Program, </li> <li> the Federal-State Partnership for State Of Good Repair, </li> <li> Consolidated Rail Infrastructure and Safety Improvements, </li> <li> Restoration and Enhancement, </li> <li> Northeast Corridor Grants to the National Railroad Passenger Corporation (Amtrak), and </li> <li> National Network Grants to Amtrak. </li> </ul> <p>(Sec. 150) This section limits overtime for Amtrak employees. It also (1) permits Amtrak to waive the limit for specific employees due to safety or operational efficiency reasons, and (2) requires Amtrak to report to Congress on waivers granted and overtime payments incurred. </p> <p>(Sec. 151) This section expresses the sense of Congress that long-distance passenger rail routes (1) provide much-needed transportation access and are particularly important in rural area, and (2) should be sustained to ensure connectivity throughout the National Network. </p> <p>The title provides appropriations to the Federal Transit Administration (FTA) for</p> <ul> <li> Administrative Expenses, </li> <li> Transit Infrastructure Grants, </li> <li> Technical Assistance and Training, </li> <li> Capital Investment Grants, and </li> <li> Grants to the Washington Metropolitan Area Transit Authority. </li> </ul> <p>The title also provides funding from the HTF to the FTA for Transit Formula Grants. </p> <p>(Sec. 160) This section exempts previously made transit obligations from limitations on obligations. </p> <p>(Sec. 161) This section permits funds appropriated before October 1, 2018, that remain available for expenditure to be transferred from older accounts to new accounts with similar current activities. </p> <p>(Sec. 162) This section rescinds specified funds that were provided for the Transit Formula Grants account for FY2005 or prior fiscal years. </p> <p>(Sec. 163) This section prohibits the FTA from using funds provided by this bill to implement or further certain new policies for the Capital Investment Grants program. </p> <p>The title provides appropriations to the Saint Lawrence Seaway Development Corporation for Operations and Maintenance. </p> <p>The title provides appropriations for the Maritime Administration (MARAD) for</p> <ul> <li> the Maritime Security Program, </li> <li> Operations and Training, </li> <li> State Maritime Academy Operations, </li> <li> Assistance to Small Shipyards, </li> <li> Ship Disposal, and </li> <li> the Maritime Guaranteed Loan (Title XI) Program Account. </li> </ul> <p>(Sec. 170) This section permits MARAD to furnish utilities and services and make repairs in connection with any lease, contract, or occupancy involving government property under the control of MARAD. Rental payments received pursuant to this provision must be credited to the Treasury as miscellaneous receipts. </p> <p>The title provides appropriations to the Pipeline and Hazardous Materials Safety Administration (PHMSA) for</p> <ul> <li> Operational Expenses, </li> <li> Hazardous Materials Safety, </li> <li> Pipeline Safety, and </li> <li> Emergency Preparedness Grants. </li> </ul> <p>The title provides appropriations to the Office of Inspector General. </p> <p>(Sec. 180) This section permits DOT to use funds for maintenance and operation of aircraft, hire of passenger motor vehicles and aircraft, insurance for motor vehicles operating in foreign countries, and uniforms.</p> <p> DOT may use funds for the purchase, maintenance, operation, and deployment of unmanned aircraft systems that advance DOT's, or its operating administrations' missions. </p> <p>Any unmanned aircraft system purchased or procured by DOT prior to the enactment of this bill is deemed to be authorized. </p> <p>(Sec. 181) This section permits DOT to use funds provided by this bill for the employment of temporary or intermittent experts and consultants if the rates do not exceed the rate for an Executive Level IV. </p> <p>(Sec. 182) This section prohibits recipients of funds provided by this bill from releasing certain personal information and photographs from a driver's license or motor vehicle record without the consent of the affected individual. It also prohibits DOT from withholding funds for any grantee if a state is not in compliance with this provision. </p> <p>(Sec. 183) This section prohibits (1) funds provided by this bill from being used for more than 110 DOT presidential and political appointees, and (2) any of the appointees from being assigned on temporary detail outside of DOT. </p> <p>(Sec. 184) This section permits funds received by the FHWA and the FRA from states or other private or public sources for training expenses to be credited to specified agency accounts, subject to an exception for state rail safety inspectors participating in certain training required under current law. </p> <p>(Sec. 185) This section prohibits funds provided by this bill from being used for certain loans, loan guarantees, lines of credit, or grants unless DOT notifies Congress at least three business days in advance of announcing competitively selected projects. </p> <p> DOT must provide concurrent notification to Congress regarding any ''quick release'' of funds from the FHWA's Emergency Relief Program. (The program provides funding for the repair or reconstruction of federal-aid highways and roads on federal lands which have suffered serious damage as a result of natural disasters or catastrophic failures from an external cause.) </p> <p>DOT must provide a comprehensive list of all loans, loan guarantees, lines of credit, and discretionary grants that will be announced with a three-day advance notice to Congress. </p> <p>(Sec. 186) This section permits rebates, refunds, incentive payments, minor fees, and other funds received by DOT from travel management centers, charge card programs, the subleasing of building space, and miscellaneous sources to be credited to DOT appropriations and allocated to elements of DOT using fair and equitable criteria. </p> <p>(Sec. 187) This section permits DOT to use amounts recovered from improper payments to a third party contractor for expenses incurred in the recovery. </p> <p>(Sec. 188) This section requires reprogramming action notifications to be transmitted to and approved or denied solely by the House and Senate Committees on Appropriations. </p> <p>(Sec. 189) This section permits funds provided by this bill for modal administrations to be obligated to the Office of the Secretary for assessments or reimbursable agreements only if the funds provide a direct benefit to the applicable modal administration. </p> <p>(Sec. 190) This section permits DOT to set uniform standards for developing and supporting agency transit passes and transit benefits. </p> <p>(Sec. 191) This section prohibits the use of funds for any geographic, economic, or other hiring preference not otherwise authorized by law, unless certain requirements are met related to availability of local labor, displacement of existing employees, and delays in transportation plans. </p> <p>(Sec. 192) This section requires DOT to report to Congress on efforts to engage with local communities, metropolitan planning organizations, and regional transportation commissions on advancing data and intelligent transportation systems technologies and other smart cities solutions. </p> <p>(Sec. 193) This section requires DOT to consult with the Army Corps of Engineers to identify any existing authorities and any additional authorities that may be needed to leverage funds from DOT programs for purposes of inland waterway project costs. </p> <p>(Sec. 194) This section prohibits DOT from using funds to enforce or require the enforcement of certain vehicle weight limitations if specified segments of the William H. Natcher Parkway and the Julian M. Carroll (Purchase) Parkway in Kentucky are designated as routes of the Interstate System. </p> <p>(Sec. 195) This section prohibits DOT from using funds to enforce certain requirements for the use of electronic logging devices with respect to operators of commercial motor vehicles transporting livestock or insects. </p> <p>(Sec. 196) This section prohibits the FTA from using funds to procure rolling stock for use in public transportation if the manufacturer of the rolling stock is incorporated in or has manufacturing facilities in the United States and receives support from the government of a country that</p> <ul> <li> is identified as a nonmarket economy country, </li> <li> was identified by the United States Trade Representative (USTR) as a priority foreign country, and </li> <li> is subject to monitoring by the USTR under the Trade Act of 1974.</li> </ul> <p> TITLE II--DEPARTMENT OF HOUSING AND URBAN DEVELOPMENT </p> <p><i>Department of Housing and Urban Development Appropriations Act, 2019 </i></p> <p>This title provides FY2019 appropriations for the Department of Housing and Urban Development (HUD). </p> <p>The title provides appropriations for Management and Administration, including for Executive Offices and Administrative Support Offices. </p> <p>The title provides appropriations for Program Office Salaries and Expenses, including</p> <ul> <li> Public and Indian Housing, </li> <li> Community Planning and Development, </li> <li> Housing, </li> <li> Policy Development and Research, </li> <li> Fair Housing and Equal Opportunity, and </li> <li> the Office of Lead Hazard Control and Healthy Homes. </li> </ul> <p>HUD may transfer specified funds provided by this title for salaries and expenses to the Working Capital Fund to fund centralized activities. </p> <p>The title provides appropriations for Public and Indian Housing, including</p> <ul> <li> Tenant-Based Rental Assistance, </li> <li> the Housing Certificate Fund, </li> <li> the Public Housing Capital Fund, </li> <li> the Public Housing Operating Fund, </li> <li> the Choice Neighborhoods Initiative, </li> <li> the Family Self-Sufficiency Program, </li> <li> Native American Housing Block Grants, </li> <li> the Indian Housing Loan Guarantee Fund Program Account, and </li> <li> the Native Hawaiian Housing Block Grant. </li> </ul> <p>The title provides appropriations for Community Planning and Development, including</p> <ul> <li> Housing Opportunities for Persons with AIDS, </li> <li> the Community Development Fund, </li> <li> the Community Development Loan Guarantees Program Account, </li> <li> the Home Investment Partnerships Program, </li> <li> the Self-Help and Assisted Home Ownership Opportunity Program, and </li> <li> Homeless Assistance Grants. </li> </ul> <p>The title provides appropriations for Housing Programs, including </p> <ul> <li> Project-Based Rental Assistance, </li> <li> Housing for the Elderly, </li> <li> Housing for Persons with Disabilities, </li> <li> Housing Counseling Assistance,</li> <li> Rental Housing Assistance, and </li> <li> Payment to the Manufactured Housing Fees Trust Fund. </li> </ul> <p>The title provides appropriations and establishes limits on loan commitments for the Federal Housing Administration (FHA), which includes (1) the Mutual Mortgage Insurance Program Account, and (2) the General and Special Risk Program Account. </p> <p>The title provides appropriations and establishes limits on loan commitments for the Government National Mortgage Association (Ginnie Mae). </p> <p>The title provides appropriations to HUD for</p> <ul> <li> Policy Development and Research, </li> <li>Fair Housing and Equal Opportunity, </li> <li> the Office of Lead Hazard Control and Healthy Homes, </li> <li> the Information Technology Fund, and </li> <li> the Office of Inspector General. </li> </ul> <p>(Sec. 201) This section requires 50% of the funds that are recaptured from the refinancing of state or locally financed projects under the Stewart B. McKinney Homeless Assistance Amendments Act of 1988 to be rescinded or, in the case of cash, remitted to the Treasury. </p> <p>Funds that are not rescinded or returned to the Treasury must be used by state housing finance agencies or local governments for certain projects approved by HUD. </p> <p>HUD may award up to 15% of the funds that are recaptured and not rescinded or remitted to the Treasury to provide project owners with incentives to refinance projects at lower interest rates. </p> <p>(Sec. 202) This section prohibits funds provided by this bill from being used to investigate or prosecute under the Fair Housing Act any otherwise lawful activities, including the filing or maintaining of a nonfrivolous legal action to achieve or prevent action by a government entity or a court. </p> <p>(Sec. 203) This section requires any grant, cooperative agreement, or other assistance made pursuant to this title to be made on a competitive basis and in accordance with provisions of the Department of Housing and Urban Development Reform Act of 1989 regarding HUD accountability. </p> <p>(Sec. 204) This section permits specified funds to be used, without regard to limitations on administrative expenses, for (1) legal services; and (2) payment for services and facilities of the Federal National Mortgage Association (Fannie Mae), Ginnie Mae, the Federal Home Loan Mortgage Corporation (Freddie Mac), the Federal Financing Bank, Federal Reserve banks, Federal Home Loan banks, and any bank insured under the Federal Deposit Insurance Corporation Act. </p> <p>(Sec. 205) This section prohibits HUD appropriations from being used for any program, project, or activity in excess of amounts included in the budget estimates submitted to Congress, unless otherwise provided by this bill or through reprogramming. </p> <p>(Sec. 206) This section permits HUD corporations and agencies subject to the Government Corporation Control Act to utilize funds and make contracts and commitments, without regard to fiscal year limitations and subject to specified restrictions, to implement the FY2019 budget. </p> <p>(Sec. 207) This section requires HUD to provide quarterly reports to Congress regarding uncommitted, unobligated, recaptured, and excess funds for each program and activity. </p> <p>(Sec. 208) This section requires the President's budget request and HUD's congressional budget justifications to use the same account and sub-account structure included in this bill. </p> <p>(Sec. 209) This section exempts Ginnie Mae from certain requirements of the Federal Credit Reform Act of 1990. </p> <p>(Sec. 210) This section permits HUD to authorize the transfer of project-based assistance, debt, and low-income and very low-income use restrictions associated with a multifamily housing project from obsolete or economically nonviable housing to a viable project if no additional costs are incurred and other specified conditions are met. </p> <p>(Sec. 211) This section sets forth eligibility requirements for section 8 housing assistance vouchers. </p> <p>(Sec. 212) This section requires Native American Housing Block Grant funds to be distributed to the same Native Alaskans that received funds in FY2005. </p> <p>(Sec. 213) This section sets forth requirements for HUD regarding the managing and disposing of any multifamily housing property that is held or owned by HUD. The section also specifies requirements for maintaining any rental assistance payments under section 8 of the United States Housing Act of 1937 and other programs that are attached to any dwelling units in the property. </p> <p>(Sec. 214) This section permits Community Development Loan Guarantee funds to be used to guarantee notes or other obligations issued by any state on behalf of its non-entitlement communities. </p> <p>(Sec. 215) This section permits certain public housing agencies (PHAs) that own and operate 400 or fewer public housing units to elect to be exempt from asset management requirements imposed by HUD in connection with the operating fund rule. </p> <p>(Sec. 216) This section prohibits HUD from using public housing funds to impose any requirement or guideline relating to asset management that restricts or limits the use of capital funds for central office costs, up to the limits established in the Quality Housing and Work Responsibility Act of 1998. </p> <p>(Sec. 217) This section prohibits the designation of a HUD official or employee as an allotment holder unless the Chief Financial Officer has determined that the employee has (1) implemented an adequate system of funds control, and (2) received training in funds control procedures and directives. </p> <p>The Chief Financial Officer must ensure that there is a trained allotment holder for each HUD appropriations under specified accounts. </p> <p>(Sec. 218) This section requires HUD to publish on the Internet all competitively awarded Notices of Funding Availability for FY2019. </p> <p>(Sec. 219) This section sets forth limitations and reporting requirements for the payment of attorney fees in program-related litigation. </p> <p>(Sec. 220) This section sets forth requirements for transferring and reprogramming funds within specified HUD Administrative Support Office and Program Office Salaries and Expenses accounts. </p> <p>(Sec. 221) This section requires HUD to take specified actions against owners who are receiving rental subsidies and do not maintain safe properties. </p> <p>(Sec. 222) This section limits compensation for PHA officials and employees. </p> <p>(Sec. 223) This section requires HUD to notify Congress at least three business days before announcing the recipients of grant awards. </p> <p>(Sec. 224) This section prohibits funds provided by this bill from being used to require or enforce the Physical Needs Assessment (PNA). </p> <p>(Sec. 225) This section prohibits the FHA, Ginnie Mae, or HUD from using funds provided by this bill to finance mortgages for properties that have been subject to eminent domain condemnation or seizure by a state, municipality, or other political subdivision of a state. </p> <p>(Sec. 226) This section prohibits funds provided by this bill from being used to terminate the status of a unit of general local government as a metropolitan city with respect to community development grants under the Housing and Community Development Act of 1974. </p> <p>(Sec. 227) This section permits funds that are provided to the HUD Office of Policy Development and Research for research, evaluation, and statistical purposes and that are unexpended at the completion of a contract, grant or cooperative agreement to be used for additional research, subject to reprogramming requirements. </p> <p>(Sec. 228) This section prohibits funds from being used for awards, including performance, special act, or spot, for HUD employees who have been subject to administrative discipline in FY2018 or FY2019, including suspension from work. </p> <p>(Sec. 229) This section permits HUD to use funds provided for Homeless Assistance Grants to participate in the multiagency Performance Partnerships Pilots program on a limited basis. </p> <p>(Sec. 230) This section permits costs paid by the program income of grant recipients to count toward the recipient's matching requirements for 2015, 2016, 2017, 2018, and 2019 Continuum of Care funds. (The program awards project sponsors or unified funding agencies competitive grants focused on addressing the long-term housing and services needs of homeless individuals and families.) </p> <p>(Sec. 231) This section permits HUD to use funds provided by this bill for Homeless Assistance Grants to award one-year grants to transition from one Continuum of Care program component to another. (The program awards project sponsors or unified funding agencies competitive grants focused on addressing the long-term housing and services needs of homeless individuals and families.) </p> <p>No more than 50% of each transition grant may be used for the costs of eligible activities of the program component originally funded. </p> <p>(Sec. 232) This section prohibits HUD from using funds provided by this bill to direct a grantee to undertake specific changes to existing zoning laws as part of carrying out the final rule titled "Affirmatively Furthering Fair Housing" or the notice entitled "Affirmatively Furthering Fair Housing Assessment Tool." </p> <p>(Sec. 233) This section prohibits provisions of the Cranston-Gonzalez National Affordable Housing Act regarding the expiration of the right to draw funds from applying to the right of a jurisdiction to draw funds from its HOME Investment Trust Fund that otherwise expired or would expire in 2016, 2017, 2018, 2019, 2020, or 2021 under current law. </p> <p>(Sec. 234) This section maintains existing Promise Zone designations and agreements. </p> <p>(Sec. 235) This section requires HUD to review public housing and tenant-based rental assistance regulations, related notices, and other guidance documents to identify opportunities to streamline the administration of the programs while also ensuring compliance with financial and internal control requirements. </p> <p>It also requires HUD to establish a regulatory advisory committee to advise HUD on specific policy proposals to reduce the administrative burden. </p> <p>(Sec. 236) This section prohibits funds provided by this bill from being used to establish and apply a ranking factor in the selection and award of any funds made available and requiring competitive selection under this bill, including preference, bonus points, or other incentives for participation in or coordination with EnVision Centers. </p> <p>(Sec. 237) This section requires HUD to continue to engage in, and report to Congress on, efforts authorized by the Violence Against Women Reauthorization Act of 2013 to ensure that survivors of domestic violence and sexual assault are not unlawfully evicted or denied housing by certain landlords based on their experience as survivors. </p> <p>(Sec. 238) This section prohibits funds provided by this bill from being used to provide housing assistance benefits to any individual who is convicted of</p> <ul> <li> aggravated sexual abuse, </li> <li> murder, or </li> <li> any other federal or state offense involving child pornography or severe forms of trafficking in persons or sex trafficking. </li> </ul> <p>TITLE III--RELATED AGENCIES </p> <p>This title provides FY2019 appropriations to</p> <ul> <li> the Access Board, </li> <li> the Federal Maritime Commission, </li> <li> the Amtrak Office of Inspector General, </li> <li> the National Transportation Safety Board, </li> <li> the Neighborhood Reinvestment Corporation, </li> <li> the Surface Transportation Board, and </li> <li> the U.S. Interagency Council on Homelessness. </li> </ul> <p>TITLE IV--GENERAL PROVISIONS--THIS ACT </p> <p>(Sec. 401) This section prohibits funds provided by this bill from being used to compensate or pay the expenses of non-federal parties intervening in regulatory or adjudicatory proceedings funded in this bill. </p> <p>(Sec. 402) This section prohibits transfers of funds to other appropriations or obligations beyond the current fiscal year, unless expressly permitted in this bill. </p> <p>(Sec. 403) This section limits expenditures for consulting services to contracts where the expenditures are a matter of public record and available for public inspection, unless otherwise provided by law or an executive order. </p> <p>(Sec. 404) This section prohibits the use of funds provided by this bill for employee training not specifically related to the performance of official duties. </p> <p>(Sec. 405) This section specifies procedures, restrictions, and reporting requirements for the reprogramming of funds provided by this bill. </p> <p>(Sec. 406) This section permits up to 50% of unobligated balances remaining at the end of FY2019 from appropriations for salaries and expenses to remain available through FY2020, subject to congressional approval and reprogramming guidelines. </p> <p>(Sec. 407) This section prohibits funds provided by this bill from being used for any project that seeks to use eminent domain unless eminent domain is employed only for a public use. </p> <p>(Sec. 408) This section prohibits the transfer of funds provided by this bill to a department, agency, or instrumentality of the U.S. government unless the transfer is pursuant to an appropriations Act. </p> <p>(Sec. 409) This section prohibits the use of funds provided by this bill to permanently replace an employee intent on returning to his or her previous occupation after completing military service. </p> <p>(Sec. 410) This section requires expenditures of funds provided by this bill to comply with the Buy American Act. </p> <p>(Sec. 411) This section prohibits funds provided by this bill from being made available to any person or entity that has been convicted of violating the Buy American Act. </p> <p>(Sec. 412) This section prohibits funds provided by this bill from being used to purchase first class or premium airline travel in violation of specified federal travel regulations. </p> <p>(Sec. 413) This section prohibits the use of funds provided by this bill to approve a new foreign air carrier permit or exemption application if the approval would contravene U.S. law or specified provisions of the U.S.-E.U.-Iceland-Norway Air Transport Agreement. </p> <p>(Sec. 414) This section restricts the number of employees that agencies funded in this bill may send to international conferences. </p> <p>(Sec. 415) This section limits Surface Transportation Board fees for the filing of rate or practice complaints. </p> <p>(Sec. 416) This section prohibits funds provided by this bill from being used to purchase new light-duty vehicles, except in accordance with Presidential Memorandum- Federal Fleet Performance, which establishes requirements for purchasing alternative fueled vehicles. </p> <p>(Sec. 417) This section prohibits funds provided by this bill from being used for a computer network unless pornography is blocked, with an exception for law enforcement, prosecution, or adjudication activities. </p> <p>(Sec. 418) This section prohibits funds provided by this bill from being used to deny an Inspector General (IG) timely access to any records, documents, or other materials available to the department or agency over which that IG has responsibilities, or to prevent or impede that IG's access. Each IG must comply with (1) specified statutory limitations on disclosure of the information provided, and (2) reporting requirements regarding violations of this section. </p> <p>(Sec. 419) This section prohibits funds provided by this bill from being used to pay award or incentive fees for contractors whose performance is below satisfactory, behind schedule, over budget, or has failed to meet the basic requirements of a contract unless specified requirements are met. </p> <p>(Sec. 420) This section prohibits funds provided by this bill from being used to acquire telecommunications equipment produced by Huawei Technologies Company, ZTE Corporation or a high-impact or moderate-impact information system unless the agency acquiring the system meets certain requirements for reviews, assessments, reports, and mitigation strategies for risks. </p> <p>(Sec. 421) This section specifies that the explanatory statement printed in the Congressional Record regarding division D (Transportation, Housing and Urban Development, and Related Agencies Appropriations Act, 2019) of H.R. 21 (Consolidated Appropriations Act, 2019) has the same effect, with respect to this bill, as if it were a joint explanatory statement of a conference committee. </p> <p>(Sec. 422) This section compensates federal employees furloughed as a result of a lapse in appropriations that began on or about December 22, 2018, and ended upon the enactment of this bill. It also ratifies and approves certain obligations incurred in anticipation of the appropriations made and the authority granted by this bill. </p> <p>(Sec. 423) This section reimburses or compensates certain states, federal grantees, and furloughed state employees for any period in FY2019 in which a lapse in appropriations occurs. </p>]]></summary-text>
</summary>
<summary summary-id="id116hr267v00" currentChamber="HOUSE" update-date="2019-01-09">
<action-date>2019-01-08</action-date>
<action-desc>Introduced in House</action-desc>
<summary-text><![CDATA[<p><b>Transportation, Housing and Urban Development, and Related Agencies Appropriations Act, 2019</b></p> <p>This bill provides FY2019 appropriations to the Department of Transportation (DOT), the Department of Housing and Urban Development (HUD), and several related agencies. </p> <p>The bill provides appropriations to DOT for</p> <ul> <li> the Office of the Secretary, </li> <li>the Federal Aviation Administration, </li> <li> the Federal Highway Administration, </li> <li> the Federal Motor Carrier Safety Administration, </li> <li> the National Highway Traffic Safety Administration, </li> <li> the Federal Railroad Administration, </li> <li> the Federal Transit Administration, </li> <li> the Saint Lawrence Seaway Development Corporation, </li> <li> the Maritime Administration, </li> <li> the Pipeline and Hazardous Materials Safety Administration, and </li> <li> the Office of Inspector General. </li> </ul> <p>The bill provides appropriations to HUD for</p> <ul> <li> Management and Administration, </li> <li> Program Office Salaries and Expenses, </li> <li> Public and Indian Housing,</li> <li> Community Planning and Development, </li> <li> Housing Programs, </li> <li> the Federal Housing Administration, </li> <li> the Government National Mortgage Association (Ginnie Mae), </li> <li> Policy Development and Research, </li> <li> Fair Housing and Equal Opportunity, </li> <li> the Office of Lead Hazard Control and Healthy Homes, </li> <li>the Information Technology Fund, and </li> <li> the Office of Inspector General. </li> </ul> <p>The bill also provides appropriations to several related agencies, including</p> <ul> <li> the Access Board, </li> <li> the Federal Maritime Commission, </li> <li> the National Railroad Passenger Corporation (Amtrak) Office of Inspector General, </li> <li> the National Transportation Safety Board,</li> <li> the Neighborhood Reinvestment Corporation,</li> <li>the Surface Transportation Board, and</li> <li> the U.S. Interagency Council on Homelessness. </li> </ul> <p>Additionally, the bill sets forth requirements and restrictions for using funds provided by this and other appropriations Acts.</p>]]></summary-text>
</summary>
</item>
<dublinCore xmlns:dc="http://purl.org/dc/elements/1.1/">
<dc:format>text/xml</dc:format>
<dc:language>EN</dc:language>
<dc:rights>Pursuant to Title 17 Section 105 of the United States Code, this file is not subject to copyright protection and is in the public domain.</dc:rights>
<dc:contributor>Congressional Research Service, Library of Congress</dc:contributor>
<dc:description>This file contains bill summaries for federal legislation. A bill summary describes the most significant provisions of a piece of legislation and details the effects the legislative text may have on current law and federal programs. Bill summaries are authored by the Congressional Research Service (CRS) of the Library of Congress. As stated in Public Law 91-510 (2 USC 166 (d)(6)), one of the duties of CRS is "to prepare summaries and digests of bills and resolutions of a public general nature introduced in the Senate or House of Representatives". For more information, refer to the User Guide that accompanies this file.</dc:description>
</dublinCore>
</BillSummaries>
