<?xml version="1.0" encoding="UTF-8"?><BillSummaries>
<item congress="116" measure-type="hr" measure-number="4169" measure-id="id116hr4169" originChamber="HOUSE" orig-publish-date="2019-08-06" update-date="2019-09-17">
<title>Religious Freedom Peace Tax Fund Act</title>
<summary summary-id="id116hr4169v00" currentChamber="HOUSE" update-date="2019-09-17">
<action-date>2019-08-06</action-date>
<action-desc>Introduced in House</action-desc>
<summary-text><![CDATA[<p><b>Religious Freedom Peace Tax Fund Act</b></p> <p>This bill directs the Department of the Treasury to establish in the Religious Freedom Peace Tax Fund for the deposit of income, gift, and estate taxes paid by or on behalf of taxpayers (1) who are designated conscientious objectors opposed to participation in war in any form based upon their sincerely held moral, ethical, or religious beliefs or training (within the meaning of the Military Selective Service Act); and (2) who have certified their beliefs in writing. </p> <p>Amounts deposited in the fund shall be allocated annually to any appropriation not for a military purpose. Treasury shall report to the House and Senate Appropriations Committees on the total amount transferred into the fund during the preceding fiscal year and the purposes for which such amount was allocated. The privacy of individuals using the fund shall be protected. </p>]]></summary-text>
</summary>
</item>
<dublinCore xmlns:dc="http://purl.org/dc/elements/1.1/">
<dc:format>text/xml</dc:format>
<dc:language>EN</dc:language>
<dc:rights>Pursuant to Title 17 Section 105 of the United States Code, this file is not subject to copyright protection and is in the public domain.</dc:rights>
<dc:contributor>Congressional Research Service, Library of Congress</dc:contributor>
<dc:description>This file contains bill summaries for federal legislation. A bill summary describes the most significant provisions of a piece of legislation and details the effects the legislative text may have on current law and federal programs. Bill summaries are authored by the Congressional Research Service (CRS) of the Library of Congress. As stated in Public Law 91-510 (2 USC 166 (d)(6)), one of the duties of CRS is "to prepare summaries and digests of bills and resolutions of a public general nature introduced in the Senate or House of Representatives". For more information, refer to the User Guide that accompanies this file.</dc:description>
</dublinCore>
</BillSummaries>
