<?xml version="1.0" encoding="UTF-8"?><BillSummaries>
<item congress="116" measure-type="hr" measure-number="640" measure-id="id116hr640" originChamber="HOUSE" orig-publish-date="2019-01-17" update-date="2019-02-22">
<title>Student Aid Simplification Act</title>
<summary summary-id="id116hr640v00" currentChamber="HOUSE" update-date="2019-02-22">
<action-date>2019-01-17</action-date>
<action-desc>Introduced in House</action-desc>
<summary-text><![CDATA[<p><b>Student Aid Simplification Act </b></p> <p>This bill requires the Internal Revenue Service (IRS) to disclose certain tax return information to the Department of Education (ED) for the purpose of administering financial aid and loan programs under the Higher Education Act of 1965. (Under current law, students must obtain their own tax return information from the IRS and submit it to ED.) </p> <p>Upon receiving a request from ED, the IRS must disclose specified tax return information to ED for the purposes of </p> <ul> <li> establishing, renewing, administering, and conducting analyses and forecasts for estimating costs related to income-contingent or income-based repayment programs; </li> <li> the discharge of loans based on a total and permanent disability; </li> <li> determining the eligibility for, and the amount of, federal student financial aid; and </li> <li> conducting analyses and forecasts for estimating costs related to federal student financial aid programs. </li> </ul> <p>ED may only use the disclosed information for the purposes above and for mitigating risks related to the programs. Mitigating risks includes activities related to analyzing or estimating costs, conducting oversight, developing statistics, and reducing improper payments. It does not include conducting criminal investigations or prosecutions. </p> <p>With the consent of the taxpayer, ED may disclose the return information to certain institutions of higher education, state higher education agencies, and scholarship organizations solely for the use in financial aid programs. </p> <p>The bill also specifies notification and reporting requirements related to the disclosures and the implementation of this bill.</p>]]></summary-text>
</summary>
</item>
<dublinCore xmlns:dc="http://purl.org/dc/elements/1.1/">
<dc:format>text/xml</dc:format>
<dc:language>EN</dc:language>
<dc:rights>Pursuant to Title 17 Section 105 of the United States Code, this file is not subject to copyright protection and is in the public domain.</dc:rights>
<dc:contributor>Congressional Research Service, Library of Congress</dc:contributor>
<dc:description>This file contains bill summaries for federal legislation. A bill summary describes the most significant provisions of a piece of legislation and details the effects the legislative text may have on current law and federal programs. Bill summaries are authored by the Congressional Research Service (CRS) of the Library of Congress. As stated in Public Law 91-510 (2 USC 166 (d)(6)), one of the duties of CRS is "to prepare summaries and digests of bills and resolutions of a public general nature introduced in the Senate or House of Representatives". For more information, refer to the User Guide that accompanies this file.</dc:description>
</dublinCore>
</BillSummaries>
