<?xml version="1.0" encoding="UTF-8"?><BillSummaries>
<item congress="116" measure-type="hr" measure-number="4238" measure-id="id116hr4238" originChamber="HOUSE" orig-publish-date="2019-09-06" update-date="2019-09-18">
<title>Leveraging and Energizing America's Apprenticeship Programs Act</title>
<summary summary-id="id116hr4238v00" currentChamber="HOUSE" update-date="2019-09-18">
<action-date>2019-09-06</action-date>
<action-desc>Introduced in House</action-desc>
<summary-text><![CDATA[<p><b>Leveraging and Energizing America's Apprenticeship Programs Act or the LEAP Act </b></p> <p>This bill allows employers a business-related tax credit of $1,500 for hiring an apprenticeship employee who has not attained age 25 at the close of the taxable year or $1,000 for hiring an apprenticeship employee who has attained age 25. The credit is available for no more than two taxable years with respect to any apprenticeship employee. </p> <p>An apprenticeship employee is any employee who is employed by an employer in an officially recognized apprenticeable occupation and pursuant to an apprentice agreement registered with the Office of Apprenticeship of the Employment and Training Administration of the Department of Labor or a state apprenticeship agency. </p> <p>As an offset to the cost of this bill, the Office of Management and Budget shall coordinate with federal department heads and independent agencies to impose limits on government printing costs. </p>]]></summary-text>
</summary>
</item>
<dublinCore xmlns:dc="http://purl.org/dc/elements/1.1/">
<dc:format>text/xml</dc:format>
<dc:language>EN</dc:language>
<dc:rights>Pursuant to Title 17 Section 105 of the United States Code, this file is not subject to copyright protection and is in the public domain.</dc:rights>
<dc:contributor>Congressional Research Service, Library of Congress</dc:contributor>
<dc:description>This file contains bill summaries for federal legislation. A bill summary describes the most significant provisions of a piece of legislation and details the effects the legislative text may have on current law and federal programs. Bill summaries are authored by the Congressional Research Service (CRS) of the Library of Congress. As stated in Public Law 91-510 (2 USC 166 (d)(6)), one of the duties of CRS is "to prepare summaries and digests of bills and resolutions of a public general nature introduced in the Senate or House of Representatives". For more information, refer to the User Guide that accompanies this file.</dc:description>
</dublinCore>
</BillSummaries>
