<?xml version="1.0" encoding="UTF-8"?><BillSummaries>
<item congress="116" measure-type="hr" measure-number="741" measure-id="id116hr741" originChamber="HOUSE" orig-publish-date="2019-01-24" update-date="2019-03-01">
<title>TAILOR Act of 2019</title>
<summary summary-id="id116hr741v00" currentChamber="HOUSE" update-date="2019-03-01">
<action-date>2019-01-24</action-date>
<action-desc>Introduced in House</action-desc>
<summary-text><![CDATA[<p><strong>Taking Account of Institutions with Low Operation Risk Act of 2019 or the TAILOR Act of 2019</strong></p> <p>This bill requires federal financial regulatory agencies to (1) tailor any regulatory actions so as to limit burdens on the institutions involved,&nbsp;with consideration of the risk profiles and business models of those institutions; and (2) report to Congress on specific actions taken to do so, as well as on other related issues. The bill's&nbsp;tailoring requirement applies not only to future regulatory actions but also to regulations adopted within the last seven years.</p>]]></summary-text>
</summary>
</item>
<dublinCore xmlns:dc="http://purl.org/dc/elements/1.1/">
<dc:format>text/xml</dc:format>
<dc:language>EN</dc:language>
<dc:rights>Pursuant to Title 17 Section 105 of the United States Code, this file is not subject to copyright protection and is in the public domain.</dc:rights>
<dc:contributor>Congressional Research Service, Library of Congress</dc:contributor>
<dc:description>This file contains bill summaries for federal legislation. A bill summary describes the most significant provisions of a piece of legislation and details the effects the legislative text may have on current law and federal programs. Bill summaries are authored by the Congressional Research Service (CRS) of the Library of Congress. As stated in Public Law 91-510 (2 USC 166 (d)(6)), one of the duties of CRS is "to prepare summaries and digests of bills and resolutions of a public general nature introduced in the Senate or House of Representatives". For more information, refer to the User Guide that accompanies this file.</dc:description>
</dublinCore>
</BillSummaries>
