<?xml version="1.0" encoding="UTF-8"?><BillSummaries>
<item congress="116" measure-type="hr" measure-number="808" measure-id="id116hr808" originChamber="HOUSE" orig-publish-date="2019-01-28" update-date="2019-03-01">
<title>Promoting Access to Diabetic Shoes Act</title>
<summary summary-id="id116hr808v00" currentChamber="HOUSE" update-date="2019-03-01">
<action-date>2019-01-28</action-date>
<action-desc>Introduced in House</action-desc>
<summary-text><![CDATA[<p><strong>Promoting Access to Diabetic Shoes Act</strong></p> <p>This bill allows a nurse practitioner or physician assistant to fulfill documentation requirements for coverage, under Medicare,&nbsp;of special shoes for diabetic individuals. Under current law, such requirements may be satisfied only by a physician.</p>]]></summary-text>
</summary>
</item>
<dublinCore xmlns:dc="http://purl.org/dc/elements/1.1/">
<dc:format>text/xml</dc:format>
<dc:language>EN</dc:language>
<dc:rights>Pursuant to Title 17 Section 105 of the United States Code, this file is not subject to copyright protection and is in the public domain.</dc:rights>
<dc:contributor>Congressional Research Service, Library of Congress</dc:contributor>
<dc:description>This file contains bill summaries for federal legislation. A bill summary describes the most significant provisions of a piece of legislation and details the effects the legislative text may have on current law and federal programs. Bill summaries are authored by the Congressional Research Service (CRS) of the Library of Congress. As stated in Public Law 91-510 (2 USC 166 (d)(6)), one of the duties of CRS is "to prepare summaries and digests of bills and resolutions of a public general nature introduced in the Senate or House of Representatives". For more information, refer to the User Guide that accompanies this file.</dc:description>
</dublinCore>
</BillSummaries>
