<?xml version="1.0" encoding="UTF-8"?><BillSummaries>
<item congress="116" measure-type="hr" measure-number="266" measure-id="id116hr266" originChamber="HOUSE" orig-publish-date="2019-01-08" update-date="2020-04-27">
<title>Paycheck Protection Program and Health Care Enhancement Act</title>
<summary summary-id="id116hr266v49" currentChamber="BOTH" update-date="2020-04-27">
<action-date>2020-04-24</action-date>
<action-desc>Public Law</action-desc>
<summary-text><![CDATA[<p><b>Paycheck Protection Program and Health Care Enhancement Act</b></p> <p>This bill responds to the COVID-19 (i.e., coronavirus disease 2019) outbreak by providing additional funding for small business loans, health care providers, and COVID-19 testing. </p> <p> DIVISION A--SMALL BUSINESS PROGRAMS</p> <p>(Sec. 101) This division provides additional lending authority for certain Small Business Administration (SBA) programs in response to COVID-19.</p> <p>Specifically, the division increases the authority for (1) the Paycheck Protection Program, under which the SBA may guarantee certain loans to small businesses during the COVID-19 pandemic; and (2) advances on emergency economic injury disaster loans made in response to COVID-19. The division also expands eligibility for such disaster loans and advances to include agricultural enterprises.</p> <p>Additionally, the division requires the SBA to guarantee no less than a specified amount of paycheck protection loans made by certain insured depository institutions, community financial institutions, and credit unions.</p> <p>(Sec. 102) The amounts provided under this division are designated as an emergency requirement pursuant to the Statutory Pay-As-You-Go Act of 2010 (PAYGO) and the Senate PAYGO rule.</p> <p>DIVISION B--ADDITIONAL EMERGENCY APPROPRIATIONS FOR CORONAVIRUS RESPONSE</p> <p><i>Additional Emergency Appropriations for Coronavirus Response</i></p> <p>This division provides FY2020 supplemental appropriations for the Department of Health and Human Services (HHS) and the SBA in response to COVID-19.</p> <p>The supplemental appropriations are designated as emergency spending, which is exempt from discretionary spending limits.</p> <p>TITLE I--DEPARTMENT OF HEALTH AND HUMAN SERVICES</p> <p>This title provides $100 billion in FY2020 supplemental appropriations to HHS for the Public Health and Social Services Emergency Fund, including</p> <ul> <li>$75 billion to reimburse health care providers for health care related expenses or lost revenues that are attributable to the coronavirus outbreak; and</li> <li>$25 billion for expenses to research, develop, validate, manufacture, purchase, administer, and expand capacity for COVID-19 tests to effectively monitor and suppress COVID-19.</li> </ul> <p>The title allocates specified portions of the $25 billion for COVID-19 testing to</p> <ul> <li>states, localities, territories, and tribes;</li> <li>the Centers for Diseases Control and Prevention;</li> <li>the National Institutes of Health;</li> <li>the Biomedical Advanced Research and Development Authority;</li> <li>the Food and Drug Administration;</li> <li>community health centers;</li> <li>rural health clinics; and</li> <li>testing for the uninsured.</li> </ul> <p>The title also establishes several reporting requirements for HHS, including requirements to submit to Congress details regarding COVID-19 cases and a strategic testing plan</p> <p>(Sec. 101) This section specifies that certain authorities, conditions, and requirements included in the Coronavirus Aid, Relief, and Economic Security Act apply to the funds provided by this division to HHS.</p> <p>(Sec. 102) This section sets forth authorities and restrictions that apply to transferring funds provided by this title.</p> <p>(Sec. 103) This section requires specified funds provided by this title for the Public Health and Social Services Emergency Fund to be transferred to the HHS Office of Inspector General for oversight of activities supported with funds appropriated to HHS to respond to the COVID-19 outbreak.</p> <p>TITLE II--INDEPENDENT AGENCIES</p> <p>This title provides FY2020 supplemental appropriations to the SBA, including</p> <ul> <li>$2.1 billion for salaries and expenses to administer programs related to COVID-19,</li> <li>$50 billion for the Economic Injury Disaster Loan (EIDL) program, and</li> <li>$10 billion for Emergency EIDL grants.</li> </ul> <p>TITLE III--GENERAL PROVISIONS--THIS ACT</p> <p>(Sec. 301) This section specifies that the funds provided by this division are in addition to funds otherwise appropriated for the fiscal year involved.</p> <p>(Sec. 302) Funds provided by this division may not remain available beyond the current fiscal year, unless this division provides otherwise.</p> <p>(Sec. 303) Unless otherwise specified by this division, the funds provided by this division are subject to the authorities and conditions that apply to the applicable appropriations account for FY2020.</p> <p>(Sec. 304) This section specifies that certain funds provided or transferred by this division may only be used to prevent, prepare for, and respond to the coronavirus outbreak.</p> <p>(Sec. 305) For the purposes of this division, the term <i>coronavirus</i> means SARS-CoV-2 or another coronavirus with pandemic potential.</p> <p>(Sec. 306) This section provides that amounts designated by this division as emergency requirements are only available (or rescinded, if applicable) if the President subsequently designates the amounts and transmits the designations to Congress.</p> <p>(Sec. 307) This section specifies that the emergency funds that are transferred pursuant to this division retain the emergency designation.</p> <p>(Sec. 308) This section exempts the budgetary effects of this division from the Statutory Pay-As-You-Go Act of 2010 (PAYGO), (2) the Senate PAYGO rule, and (3) certain budget scorekeeping rules.</p>]]></summary-text>
</summary>
<summary summary-id="id116hr266v59" currentChamber="HOUSE" update-date="2020-04-24">
<action-date>2020-04-23</action-date>
<action-desc>House agreed to Senate amendment</action-desc>
<summary-text><![CDATA[<p><b>Paycheck Protection Program and Health Care Enhancement Act</b></p> <p>This bill responds to the COVID-19 (i.e., coronavirus disease 2019) outbreak by providing additional funding for small business loans, health care providers, and COVID-19 testing. </p> <p> DIVISION A--SMALL BUSINESS PROGRAMS</p> <p>(Sec. 101) This division provides additional lending authority for certain Small Business Administration (SBA) programs in response to COVID-19.</p> <p>Specifically, the division increases the authority for (1) the Paycheck Protection Program, under which the SBA may guarantee certain loans to small businesses during the COVID-19 pandemic; and (2) advances on emergency economic injury disaster loans made in response to COVID-19. The division also expands eligibility for such disaster loans and advances to include agricultural enterprises.</p> <p>Additionally, the division requires the SBA to guarantee no less than a specified amount of paycheck protection loans made by certain insured depository institutions, community financial institutions, and credit unions.</p> <p>(Sec. 102) The amounts provided under this division are designated as an emergency requirement pursuant to the Statutory Pay-As-You-Go Act of 2010 (PAYGO) and the Senate PAYGO rule.</p> <p>DIVISION B--ADDITIONAL EMERGENCY APPROPRIATIONS FOR CORONAVIRUS RESPONSE</p> <p><i>Additional Emergency Appropriations for Coronavirus Response</i></p> <p>This division provides FY2020 supplemental appropriations for the Department of Health and Human Services (HHS) and the SBA in response to COVID-19.</p> <p>The supplemental appropriations are designated as emergency spending, which is exempt from discretionary spending limits.</p> <p>TITLE I--DEPARTMENT OF HEALTH AND HUMAN SERVICES</p> <p>This title provides $100 billion in FY2020 supplemental appropriations to HHS for the Public Health and Social Services Emergency Fund, including</p> <ul> <li>$75 billion to reimburse health care providers for health care related expenses or lost revenues that are attributable to the coronavirus outbreak; and</li> <li>$25 billion for expenses to research, develop, validate, manufacture, purchase, administer, and expand capacity for COVID-19 tests to effectively monitor and suppress COVID-19.</li> </ul> <p>The title allocates specified portions of the $25 billion for COVID-19 testing to</p> <ul> <li>states, localities, territories, and tribes;</li> <li>the Centers for Diseases Control and Prevention;</li> <li>the National Institutes of Health;</li> <li>the Biomedical Advanced Research and Development Authority;</li> <li>the Food and Drug Administration;</li> <li>community health centers;</li> <li>rural health clinics; and</li> <li>testing for the uninsured.</li> </ul> <p>The title also establishes several reporting requirements for HHS, including requirements to submit to Congress details regarding COVID-19 cases and a strategic testing plan</p> <p>(Sec. 101) This section specifies that certain authorities, conditions, and requirements included in the Coronavirus Aid, Relief, and Economic Security Act apply to the funds provided by this division to HHS.</p> <p>(Sec. 102) This section sets forth authorities and restrictions that apply to transferring funds provided by this title.</p> <p>(Sec. 103) This section requires specified funds provided by this title for the Public Health and Social Services Emergency Fund to be transferred to the HHS Office of Inspector General for oversight of activities supported with funds appropriated to HHS to respond to the COVID-19 outbreak.</p> <p>TITLE II--INDEPENDENT AGENCIES</p> <p>This title provides FY2020 supplemental appropriations to the SBA, including</p> <ul> <li>$2.1 billion for salaries and expenses to administer programs related to COVID-19,</li> <li>$50 billion for the Economic Injury Disaster Loan (EIDL) program, and</li> <li>$10 billion for Emergency EIDL grants.</li> </ul> <p>TITLE III--GENERAL PROVISIONS--THIS ACT</p> <p>(Sec. 301) This section specifies that the funds provided by this division are in addition to funds otherwise appropriated for the fiscal year involved.</p> <p>(Sec. 302) Funds provided by this division may not remain available beyond the current fiscal year, unless this division provides otherwise.</p> <p>(Sec. 303) Unless otherwise specified by this division, the funds provided by this division are subject to the authorities and conditions that apply to the applicable appropriations account for FY2020.</p> <p>(Sec. 304) This section specifies that certain funds provided or transferred by this division may only be used to prevent, prepare for, and respond to the coronavirus outbreak.</p> <p>(Sec. 305) For the purposes of this division, the term <i>coronavirus</i> means SARS-CoV-2 or another coronavirus with pandemic potential.</p> <p>(Sec. 306) This section provides that amounts designated by this division as emergency requirements are only available (or rescinded, if applicable) if the President subsequently designates the amounts and transmits the designations to Congress.</p> <p>(Sec. 307) This section specifies that the emergency funds that are transferred pursuant to this division retain the emergency designation.</p> <p>(Sec. 308) This section exempts the budgetary effects of this division from the Statutory Pay-As-You-Go Act of 2010 (PAYGO), (2) the Senate PAYGO rule, and (3) certain budget scorekeeping rules.</p>]]></summary-text>
</summary>
<summary summary-id="id116hr266v55" currentChamber="SENATE" update-date="2020-04-23">
<action-date>2020-04-21</action-date>
<action-desc>Passed Senate</action-desc>
<summary-text><![CDATA[<p><b>Paycheck Protection Program and Health Care Enhancement Act</b></p> <p>This bill responds to the COVID-19 (i.e., coronavirus disease 2019) outbreak by providing additional funding for small business loans, health care providers, and COVID-19 testing. </p> <p> DIVISION A--SMALL BUSINESS PROGRAMS</p> <p>(Sec. 101) This division provides additional lending authority for certain Small Business Administration (SBA) programs in response to COVID-19.</p> <p>Specifically, the division increases the authority for (1) the Paycheck Protection Program, under which the SBA may guarantee certain loans to small businesses during the COVID-19 pandemic; and (2) advances on emergency economic injury disaster loans made in response to COVID-19. The division also expands eligibility for such disaster loans and advances to include agricultural enterprises.</p> <p>Additionally, the division requires the SBA to guarantee no less than a specified amount of paycheck protection loans made by certain insured depository institutions, community financial institutions, and credit unions.</p> <p>(Sec. 102) The amounts provided under this division are designated as an emergency requirement pursuant to the Statutory Pay-As-You-Go Act of 2010 (PAYGO) and the Senate PAYGO rule.</p> <p>DIVISION B--ADDITIONAL EMERGENCY APPROPRIATIONS FOR CORONAVIRUS RESPONSE</p> <p><i>Additional Emergency Appropriations for Coronavirus Response</i></p> <p>This division provides FY2020 supplemental appropriations for the Department of Health and Human Services (HHS) and the SBA in response to COVID-19.</p> <p>The supplemental appropriations are designated as emergency spending, which is exempt from discretionary spending limits.</p> <p>TITLE I--DEPARTMENT OF HEALTH AND HUMAN SERVICES</p> <p>This title provides $100 billion in FY2020 supplemental appropriations to HHS for the Public Health and Social Services Emergency Fund, including</p> <ul> <li>$75 billion to reimburse health care providers for health care related expenses or lost revenues that are attributable to the coronavirus outbreak; and</li> <li>$25 billion for expenses to research, develop, validate, manufacture, purchase, administer, and expand capacity for COVID-19 tests to effectively monitor and suppress COVID-19.</li> </ul> <p>The title allocates specified portions of the $25 billion for COVID-19 testing to</p> <ul> <li>states, localities, territories, and tribes;</li> <li>the Centers for Diseases Control and Prevention;</li> <li>the National Institutes of Health;</li> <li>the Biomedical Advanced Research and Development Authority;</li> <li>the Food and Drug Administration;</li> <li>community health centers;</li> <li>rural health clinics; and</li> <li>testing for the uninsured.</li> </ul> <p>The title also establishes several reporting requirements for HHS, including requirements to submit to Congress details regarding COVID-19 cases and a strategic testing plan</p> <p>(Sec. 101) This section specifies that certain authorities, conditions, and requirements included in the Coronavirus Aid, Relief, and Economic Security Act apply to the funds provided by this division to HHS.</p> <p>(Sec. 102) This section sets forth authorities and restrictions that apply to transferring funds provided by this title.</p> <p>(Sec. 103) This section requires specified funds provided by this title for the Public Health and Social Services Emergency Fund to be transferred to the HHS Office of Inspector General for oversight of activities supported with funds appropriated to HHS to respond to the COVID-19 outbreak.</p> <p>TITLE II--INDEPENDENT AGENCIES</p> <p>This title provides FY2020 supplemental appropriations to the SBA, including</p> <ul> <li>$2.1 billion for salaries and expenses to administer programs related to COVID-19,</li> <li>$50 billion for the Economic Injury Disaster Loan (EIDL) program, and</li> <li>$10 billion for Emergency EIDL grants.</li> </ul> <p>TITLE III--GENERAL PROVISIONS--THIS ACT</p> <p>(Sec. 301) This section specifies that the funds provided by this division are in addition to funds otherwise appropriated for the fiscal year involved.</p> <p>(Sec. 302) Funds provided by this division may not remain available beyond the current fiscal year, unless this division provides otherwise.</p> <p>(Sec. 303) Unless otherwise specified by this division, the funds provided by this division are subject to the authorities and conditions that apply to the applicable appropriations account for FY2020.</p> <p>(Sec. 304) This section specifies that certain funds provided or transferred by this division may only be used to prevent, prepare for, and respond to the coronavirus outbreak.</p> <p>(Sec. 305) For the purposes of this division, the term <i>coronavirus</i> means SARS-CoV-2 or another coronavirus with pandemic potential.</p> <p>(Sec. 306) This section provides that amounts designated by this division as emergency requirements are only available (or rescinded, if applicable) if the President subsequently designates the amounts and transmits the designations to Congress.</p> <p>(Sec. 307) This section specifies that the emergency funds that are transferred pursuant to this division retain the emergency designation.</p> <p>(Sec. 308) This section exempts the budgetary effects of this division from the Statutory Pay-As-You-Go Act of 2010 (PAYGO), (2) the Senate PAYGO rule, and (3) certain budget scorekeeping rules.</p>]]></summary-text>
</summary>
<summary summary-id="id116hr266v53" currentChamber="HOUSE" update-date="2019-07-08">
<action-date>2019-01-11</action-date>
<action-desc>Passed House</action-desc>
<summary-text><![CDATA[<p><b>Highlights</b></p> <p>This bill provides FY2019 appropriations for the Department of the Interior, the Environmental Protection Agency (EPA), and related agencies. </p> <p>The bill provides annual appropriations for most of the Department of the Interior, including</p> <ul> <li> the Bureau of Land Management, </li> <li> the U.S. Fish and Wildlife Service, </li> <li>the National Park Service,</li> <li> the U.S. Geological Survey, </li> <li> the Bureau of Ocean Energy Management, </li> <li> the Bureau of Safety and Environmental Enforcement,</li> <li> the Office of Surface Mining Reclamation and Enforcement, </li> <li> the Payment in Lieu of Taxes (PILT) program, </li> <li> the Bureau of Indian Affairs, and </li> <li> the Bureau of Indian Education. </li> </ul> <p>The bill also provides appropriations for several related agencies, including</p> <ul> <li> the Department of Agriculture's Forest Service, </li> <li> the Department of Health and Human Service's Indian Health Service, </li> <li> the Smithsonian Institution, </li> <li> the National Endowment for the Arts, and </li> <li> the National Endowment for the Humanities. </li> </ul> <p><b>Full Summary</b></p> <p><b>Department of the Interior, Environment, and Related Agencies Appropriations Act, 2019 </b></p> <p>TITLE I--DEPARTMENT OF THE INTERIOR </p> <p>This title provides appropriations to the Bureau of Land Management (BLM) for</p> <ul> <li>Management of Lands and Resources; </li> <li> Land Acquisition; </li> <li> Oregon and California Grant Lands; </li> <li> Range Improvements; </li> <li> Service Charges, Deposits, and Forfeitures; and </li> <li> Miscellaneous Trust Funds. </li> </ul> <p>Funds provided by this bill may not be used for the destruction of healthy, unadopted, wild horses and burros in the care of the BLM or its contractors or for the sale of wild horses and burros that results in their destruction for processing into commercial products. </p> <p>The title provides appropriations to the U.S. Fish and Wildlife Service (USFWS) for </p> <ul> <li> Resource Management, </li> <li> Construction, </li> <li> Land Acquisition, </li> <li> the Cooperative Endangered Species Conservation Fund, </li> <li> the National Wildlife Refuge Fund, </li> <li> the North American Wetlands Conservation Fund, </li> <li> Neotropical Migratory Bird Conservation, </li> <li> the Multinational Species Conservation Fund, and </li> <li> State and Tribal Wildlife Grants. </li> </ul> <p>The title provides appropriations to the National Park Service (NPS) for </p> <ul> <li> Operation of the National Park System, </li> <li> National Recreation and Preservation, </li> <li> the Historic Preservation Fund, </li> <li> Construction, </li> <li> Land Acquisition and State Assistance, and </li> <li> the Centennial Challenge. </li> </ul> <p>The title allows certain franchise fees to be available for expenditure without further appropriation for use at any unit within the NPS to extinguish or reduce liability for a possessory interest or leasehold surrender interest.</p> <p>The NPS may retain specified funds authorized to be disbursed under the Gulf of Mexico Energy Security Act of 2006 for the costs of administration of the Land and Water Conservation Fund grants authorized by the Act.</p> <p>NPS funds may be transferred to the Federal Highway Administration for the Federal Lands Access Program, which was established to improve transportation facilities that provide access to, are adjacent to, or are located within federal lands.</p> <p>The title provides appropriations to</p> <ul> <li>the U.S. Geological Survey for Surveys, Investigations, and Research;</li> <li>the Bureau of Ocean Energy Management for Ocean Energy Management;</li> <li>the Bureau of Safety and Environmental Enforcement for (1) Offshore Safety and Environmental Enforcement, and (2) Oil Spill Research; and </li> <li>the Office of Surface Mining Reclamation and Enforcement for (1) Regulation and Technology, and (2) the Abandoned Mine Reclamation Fund.</li> </ul> <p> The title provides appropriations to the Bureau of Indian Affairs (BIA) and the Bureau of Indian Education (BIE) for</p> <ul> <li>Operation of Indian Programs, </li> <li> Contract Support Costs, </li> <li> Construction, </li> <li> Indian Land and Water Claim Settlements and Miscellaneous Payments to Indians, and </li> <li> the Indian Guaranteed Loan Program Account. </li> </ul> <p>The title also</p> <ul> <li>permits the BIA to contract for services for the Power Division of the San Carlos Irrigation Project;</li> <li>limits the use of funds for contracts, grants, compacts, or cooperative agreements with the BIA under the Indian Self-Determination Act or the Tribal Self-Governance Act of 1994;</li> <li>permits tribes to return appropriated funds without diminishing the federal government's trust responsibilities, the government-to-government relationship with the tribe, or the tribe's ability to access future appropriations;</li> <li>prohibits the use of BIE funds, other than funds provided for assistance to public schools, for the operation of elementary or secondary schools in Alaska; </li> <li>limits the number of schools and the expansion of grade levels in individual schools in the BIE school system;</li> <li>specifies the formula to be used to distribute indirect and administrative costs to certain tribes; and</li> <li>prohibits funds provided by this bill from being used to establish satellite locations of schools in the Bureau school system as of September 1, 1996, with specified exceptions. </li> </ul> <p>The title provides appropriations for Departmental Offices, including </p> <ul> <li> the Office of the Secretary, </li> <li> Insular Affairs, </li> <li> the Office of the Solicitor, </li> <li> the Office of Inspector General, and </li> <li> the Office of the Special Trustee for American Indians. </li> </ul> <p>The title provides appropriations for Department-Wide Programs, including</p> <ul> <li> Wildland Fire Management, </li> <li> the Central Hazardous Materials Fund, </li> <li> the Natural Resources Damage Assessment Fund, </li> <li> the Working Capital Fund, and </li> <li> the Office of Natural Resources Revenue. </li> </ul> <p>The title also (1) permits the Working Capital Fund to be used to acquire aircraft by donation, purchase or through available excess surplus property; and (2) permits the existing aircraft being replaced to be sold, with proceeds derived or trade-in value used to offset the purchase price for the replacement aircraft. </p> <p>(Sec. 101) This section permits the transfer of funds within bureaus and offices for specified emergencies when all other emergency funds have been exhausted. </p> <p>(Sec. 102) This section provides for the department-wide expenditure or transfer of funds by Interior in the event of specified emergencies. </p> <p>(Sec. 103) Interior may use appropriations provided in this title for</p> <ul> <li> employing temporary or intermittent experts and consultants; </li> <li> purchasing and replacing motor vehicles; </li> <li> hiring, maintenance, and operation of aircraft; </li> <li> hiring of passenger motor vehicles; </li> <li> purchasing reprints; </li> <li> telephone services in private residences in the field; and </li> <li> certain library memberships. </li> </ul> <p>(Sec. 104) Funds provided by this bill may be transferred between the BIA, the BIE, and the Office of the Special Trustee for American Indians for Indian trust management and reform activities, provided that total funding for historical accounting activities does not exceed funding provided by this bill for that purpose. </p> <p>(Sec. 105) Interior may redistribute Tribal Priority Allocation funds, including tribal base funds, to alleviate funding inequities to address identified unmet needs, dual enrollment, overlapping service areas, or inaccurate distribution methodologies. No tribe may receive a reduction in Tribal Priority Allocation funds of more than 10% in FY2019, except in the cases of dual enrollment, overlapping service areas, or inaccurate distribution methodologies. </p> <p>(Sec. 106) This section authorizes the acquisition of lands and waters for the purpose of operating and maintaining facilities that support visitors to Ellis, Governors, and Liberty Islands in New Jersey and New York. </p> <p>(Sec. 107) This section requires Interior to collect specified Outer Continental Shelf inspection fees. </p> <p>(Sec. 108) Interior may transfer funds to implement a reorganization of the Bureau of Ocean Energy Management, Regulation and Enforcement, subject to reprogramming guidelines. </p> <p>(Sec. 109) Interior may enter into multiyear cooperative agreements and contracts with nonprofits and other entities for the long-term care and maintenance of excess wild free roaming horses and burros on private land. </p> <p>(Sec. 110) The USFWS, in carrying out responsibilities to protect threatened and endangered species of salmon, must implement a system of mass marking of salmonid stocks intended for harvest that are released from federally operated or financed hatcheries. </p> <p>(Sec. 111) The BIA and the BIE, in carrying out work involving cooperation with state, local, and tribal governments, may record obligations against accounts receivable from the entities, provided that total obligations at the end of the fiscal year do not exceed total budgetary resources. </p> <p>(Sec. 112) Interior may transfer excess wild horses or burros that have been removed from the public lands to other federal, state, and local agencies for use as work animals. Any animal transferred loses its status as a wild free-roaming horse or burro. Any agency receiving the animals may not (1) destroy, sell, or otherwise transfer them in a way that results in their destruction for processing into commercial products; or (2) euthanize the horses or burros except upon the recommendation of a licensed veterinarian, in cases of severe injury, illness, or advanced age. </p> <p>(Sec. 113) This section permits Interior to make grants to, or enter into cooperative agreements with, certain nonprofit organizations to use the talents of older Americans in Interior programs under the Department of the Interior Experienced Services Program. It also specifies requirements for the agreements. </p> <p>(Sec. 114) This section provides FY2019 funding for the Payment in Lieu of Taxes (PILT) program.</p> <p> (Sec. 115) This section prohibits funds from being used to write or issue certain rules for the sage-grouse pursuant to the Endangered Species Act of 1973. </p> <p> (Sec. 116) This section extends the authorities for Interior to make grants or provide assistance for </p> <ul> <li> the Tennessee Civil War Heritage Area, </li> <li> the August Canal National Heritage Area, and </li> <li> the South Carolina National Heritage Corridor. </li> </ul> <p>(Sec. 117) This section requires Interior to report to Congress regarding Interior facilities and related infrastructure damaged by a volcanic eruption covered by a major disaster declared by the President in 2018. </p> <p>(Sec. 118) This section provides additional appropriations to the Bureau of Indian Affairs and Bureau of Indian Education Operation of Indian Programs account for hiring staff for tribal detention facilities, including addressing the needs of newly funded tribal detention facilities. It also reduces the appropriations provided by this bill for Interior's Working Capital Fund.</p> <p> TITLE II--ENVIRONMENTAL PROTECTION AGENCY </p> <p>This title provides appropriations to the Environmental Protection Agency (EPA) for</p> <ul> <li> Science and Technology, </li> <li> Environmental Programs and Management, </li> <li> the Office of Inspector General, </li> <li> Buildings and Facilities, </li> <li> Hazardous Substance Superfund, </li> <li> the Leaking Underground Storage Tank Trust Fund Program, </li> <li> Inland Oil Spill Programs, </li> <li> State and Tribal Assistance Grants, and </li> <li> the Water Infrastructure Finance and Innovation Program Account. </li> </ul> <p>The title permits the EPA to</p> <ul> <li>award cooperative agreements to Indian tribes or intertribal consortia to carry out the agency's function to implement federal environmental programs required or authorized by law in the absence of an acceptable tribal program; </li> <li>collect and spend pesticide registration service fees;</li> <li>transfer funds from the Environmental Programs and Management account to other federal agencies to support the Great Lakes Restoration Initiative;</li> <li> enter into interagency agreements and provide grants to certain entities to support the Great Lakes Restoration Initiative;</li> <li>use specified funds for the construction, alteration, repair, rehabilitation, and renovation of facilities;</li> <li>use funds to make grants to Indian tribes notwithstanding certain provisions of the Federal Water Pollution Control Act (commonly known as the Clean Water Act);</li> <li>use funds provided for Environmental Programs and Management to provide grants to implement the Southeastern New England Watershed Restoration Program; and</li> <li>collect and spend fees in accordance with specified provisions of the Solid Waste Disposal Act. </li> </ul> <p>This title rescinds specified funds from the State and Tribal Assistance Grants account. </p> <p>EPA must use funds provided by this title to implement the recommendations in the EPA Office of Inspector General report titled "Management Weakness Delayed Response to Flint Water Crisis" to ensure clean and safe water compliance under the Safe Drinking Water Act. </p> <p>TITLE III--RELATED AGENCIES </p> <p>This title provides appropriations to the Department of Agriculture (USDA) for the Office of the Under Secretary for Natural Resources and Environment. </p> <p>The title provides appropriations to USDA for the Forest Service, including for</p> <ul> <li> Forest and Rangeland Research; </li> <li> State and Private Forestry; </li> <li> the National Forest System; </li> <li> Capital Improvement and Maintenance; </li> <li> Land Acquisition; </li> <li> the Range Betterment Fund; </li> <li> Gifts, Donations, and Bequests for Forest and Rangeland Research; </li> <li> Management of National Forest Lands for Subsistence Uses; and </li> <li> Wildland Fire Management. </li> </ul> <p>The title rescinds specified land acquisition funds from projects with cost savings or failed or partially failed projects that had funds returned. </p> <p>Forest Service appropriations may be used for</p> <ul> <li> the purchase and use of motor vehicles and aircraft; </li> <li> employment of temporary or intermittent personnel; </li> <li> purchase, erection, and alteration of buildings and other public improvements; </li> <li> acquisition of land and waters; </li> <li> expenses pursuant to the Volunteers in the National Forest Act of 1972; </li> <li> uniforms; and </li> <li> debt collection contracts. </li> </ul> <p>This title specifies authorities and requirements for transferring funds to or from the Wildland Fire Management account. </p> <p>Forest Service appropriations may be used for forest and rangeland research, technical information, and related forestry and natural resources activities in foreign countries. </p> <p>Forest Service appropriations may be transferred to the BLM for removal, preparation, and adoption of excess wild horses and burros from National Forest System lands, and for surveys to designate the boundaries of the lands. </p> <p>Forest Service appropriations may not be transferred using authority provided in several specified statutory provisions. </p> <p>Forest Service appropriations may not be reprogrammed except with prior approval of Congress and in accordance with procedures contained in the report accompanying this bill. </p> <p>This title limits transfers to the USDA Working Capital Fund and to USDA for Department Reimbursable Programs (commonly referred to as Greenbook charges). </p> <p>Specified funds may be used for projects to be carried out by the Youth Conservation Corps under the authority of the Public Lands Corps Act of 1993. </p> <p>The Chief of the Forest Service may use specified funds for official reception and representation expenses. </p> <p>Specified funds may be used to provide matching funds to aid conservation projects of the National Forest Foundation and the National Fish and Wildlife Foundation. </p> <p>Funds may be used to provide technical assistance to rural communities and natural resource-based businesses for sustainable rural development purposes. </p> <p>Forest Service appropriations may be used for payments to counties within the Columbia River Gorge National Scenic Area. </p> <p>Forest Service appropriations may be used to meet the non-federal share requirement included in a provision of the Older Americans Act of 1965 related to the older American community service employment program. </p> <p>The Forest Service may not assess funds for the purpose of performing fire, administrative, and other facilities maintenance and decommissioning.</p> <p>Specified funds may be used to reimburse the USDA Office of the General Counsel for travel and related expenses incurred as a result of assistance or participation requested by the Forest Service at meetings, training sessions, management reviews, land purchase negotiations, and similar non-litigation related matters. </p> <p>The title permits an individual employed under any project funded under title V of the Older Americans Act of 1965 to be considered a federal employee. </p> <p>The Forest Service must provide quarterly reports to Congress regarding unobligated balances. </p> <p>The title provides appropriations to the Department of Health and Human Services (HHS) for the Indian Health Service (IHS) including</p> <ul> <li> Indian Health Services, </li> <li> Contract Support Costs, and </li> <li> Indian Health Facilities. </li> </ul> <p>It also provides appropriations to HHS for (1) the National Institutes of Health for the National Institute of Environmental Health Sciences, and (2) the Agency for Toxic Substances and Disease Registry. </p> <p>The title provides appropriations to Other Related Agencies, including</p> <ul> <li> the Executive Office of the President for the Council on Environmental Quality and Office of Environmental Quality;</li> <li> the Chemical Safety and Hazard Investigation Board; </li> <li> the Office of Navajo and Hopi Indian Relocation; </li> <li> the Institute of American Indian and Alaska Native Culture and Arts Development; </li> <li> the Smithsonian Institution; </li> <li> the National Gallery of Art; </li> <li> the John F. Kennedy Center for the Performing Arts; </li> <li> the Woodrow Wilson International Center for Scholars; </li> <li> the National Foundation on the Arts and the Humanities, including the National Endowment for the Arts (NEA) and the National Endowment for the Humanities; </li> <li> the Commission of Fine Arts; </li> <li> the Advisory Council on Historic Preservation; </li> <li> the National Capital Planning Commission; </li> <li> the U.S. Holocaust Memorial Museum; </li> <li> the Dwight D. Eisenhower Memorial Commission; </li> <li> the Women's Suffrage Centennial Commission; and </li> <li> the World War I Centennial Commission. </li> </ul> <p>TITLE IV--GENERAL PROVISIONS </p> <p>(Sec. 401) This section prohibits funds provided by this bill from being used to promote public support or opposition to any legislative proposal before Congress, other than to communicate with Congress as permitted under current law. </p> <p>(Sec. 402) This section prohibits any appropriation contained in this bill from remaining available for obligation beyond the current fiscal year unless expressly permitted in this bill. </p> <p>(Sec. 403) This section requires specified administrative expenses to be presented in annual budget justifications and approved by Congress. </p> <p>(Sec. 404) This section prohibits funds from being used to accept or process applications for a patent for any mining or mill site claim located under the general mining laws, subject to exceptions. </p> <p>Interior must report to Congress regarding actions taken by the department under the plan submitted regarding a processing schedule for certain applications for patents that were filed on or before September 30, 1994. </p> <p>Upon the request of a patent applicant, Interior must allow a qualified third-party contractor to conduct a mineral examination of the mining claims or mill sites contained in a patent application. The BLM must be responsible for selecting and paying the third-party contractor. </p> <p>(Sec. 405) This section extends limits on the use of FY1994-FY2013 and FY2014 funds for contract support costs on Indian contracts. </p> <p>(Sec. 406) This section limits the use of FY2019 funds for contract support costs on Indian contracts. </p> <p>(Sec. 407) This section permits Forest Service land management plans that are more than 15 years old if USDA is acting in good faith to update the plans. </p> <p>(Sec. 408) This section prohibits funds provided by this bill from being used to conduct preleasing, leasing, and related activities under either the Mineral Leasing Act or the Outer Continental Shelf Lands Act within the boundaries of a National Monument, as the boundary existed on January 20, 2001. It includes an exception for activities allowed under the presidential proclamation establishing the monument. </p> <p>(Sec. 409) This section restricts land acquisition funds provided by this bill from being used for the filing of declarations of taking or complaints in condemnation without the approval of Congress. It includes an exception for funds provided to implement the Everglades National Park Protection and Expansion Act of 1989, or for Florida to acquire lands for Everglades restoration. </p> <p>(Sec. 410) This section sets forth requirements regarding the sale of timber from a specified region in Alaska. </p> <p>(Sec. 411) This section prohibits no-bid contracts and grants except under certain circumstances where a contract is authorized by federal law or was awarded prior to the date of enactment of this bill. </p> <p>(Sec. 412) This section requires agencies receiving funds in this bill to post on their public websites any report required to be submitted by Congress if it serves the national interest. The requirement does not apply if (1) the public posting of the report comprises national security, or (2) the report contains proprietary information. </p> <p>(Sec. 413) This section establishes grant guidelines for the NEA.</p> <p> (Sec. 414) This section establishes priorities for programs administered by the NEA. </p> <p>(Sec. 415) This section directs Interior, the EPA, the Forest Service, and the IHS to provide Congress with quarterly reports on the status of balances of appropriations. </p> <p>(Sec. 416) This section prohibits funds from being used to promulgate or implement any regulation requiring the issuance of permits under the Clean Air Act for carbon dioxide, nitrous oxide, water vapor, or methane emissions resulting from biological processes associated with livestock production. </p> <p>(Sec. 417) This section prohibits funds from being used to implement any provision in a rule that requires mandatory reporting of greenhouse gas emissions from manure management systems. </p> <p>(Sec. 418) This section prohibits funds from being used to regulate the lead content of ammunition, ammunition components, or fishing tackle under the Toxic Substances Control Act or any other law. </p> <p>(Sec. 419) This section extends a provision that permits USDA and Interior, in awarding contracts for certain activities on public lands, to give consideration to certain local contractors who provide employment and training for dislocated and displaced workers in an economically disadvantaged rural community. </p> <p>(Sec. 420) This section extends the authority of the Forest Service to renew certain grazing permits. </p> <p>(Sec. 421) This section prohibits funds provided by this bill from being used to maintain or establish a computer network unless the network blocks access to pornography websites. It includes an exception for a law enforcement agency or other entity carrying out criminal investigations, prosecution, or adjudication activities. </p> <p>(Sec. 422) This section extends the authority for conveyances of certain Forest Service administrative sites. </p> <p>(Sec. 423) This section prohibits any funds made available by a state water pollution control revolving fund authorized by the Safe Drinking Water Act from being used for a project for the construction, alteration, maintenance, or repair of a public water system or treatment works unless all of the iron and steel products used in the project are produced in the United States, subject to specified exceptions and waiver procedures. </p> <p>(Sec. 424) This section prohibits funds provided by this bill from being used to destroy any buildings or structures on Midway Island that have been recommended by the U.S Navy for inclusion in the National Register of Historic Places. </p> <p>(Sec. 425) This section authorizes FY2019 appropriations for the John F. Kennedy Center for the Performing Arts. </p> <p>(Sec. 426) This section authorizes Interior to (1) enter into grants and cooperative agreements with volunteer fire departments, rural fire departments, rangeland fire protection associations, and similar organizations to provide for wildland fire training and equipment, including supplies and communication devices; and (2) transfer title to excess Interior firefighting equipment to the organizations. </p> <p>(Sec. 427) This section provides additional appropriations to the EPA for</p> <ul> <li> Hazardous Substance Superfund, </li> <li> State and Tribal Assistance Grants, and </li> <li> the Water Infrastructure Finance and Innovation Program Account. </li> </ul> <p>(Sec. 428) This section requires the Department of Energy (DOE), the Department of Agriculture (USDA), and the EPA to jointly ensure that federal policy relating to forest bioenergy (1) is consistent across all department and agencies, and (2) recognizes the full benefits of the use of forest biomass for energy, conservation, and responsible forest management. </p> <p>It also requires DOE, USDA, and the EPA to establish clear and simple policies for the use of forest biomass as an energy solution, including policies that</p> <ul> <li> reflect the carbon-neutrality of forest bioenergy and recognize biomass as a renewable energy source, provided the use of forest biomass for energy production does not cause conversion of forests to non-forest use; </li> <li> encourage private investment throughout the forest biomass supply chain; </li> <li> encourage forest management to improve forest health; and </li> <li> recognize state initiatives to produce and use forest biomass. </li> </ul> <p>(Sec. 429) This section prohibits the EPA from using funds to require a permit under the Clean Water Act for the discharge of dredged or fill material for certain agricultural activities. </p> <p>(Sec. 430) This section prohibits funds provided by this bill from being used to implement or enforce certain EPA regulations for commercial and industrial solid waste incineration units with respect to small remote incinerators located in Alaska. </p> <p>(Sec. 431) This section extends the authority of federal agencies to establish, collect, and retain fees on federal recreational lands and waters. </p> <p>(Sec. 432) This section prohibits specified agencies from using funds provided by this bill to acquire telecommunications equipment produced by Huawei Technologies Company, ZTE Corporation or a high-impact or moderate-impact information system unless the agency acquiring the system meets certain requirements for reviews, assessments, reports, and mitigation strategies for risks. </p> <p>(Sec. 433) This section requires the Government Accountability Office to report to Congress on efforts by the Department of Housing and Urban Development and the EPA relating to the removal of lead-based paint and other hazardous materials. </p> <p>(Sec. 434) This section requires the Forest Service to conduct and submit to Congress an inventory and evaluation of land depicted on the map titled "Flatside Wilderness Adjacent Inventory Areas" and dated November 30, 2017, to determine the suitability of the land for inclusion in the National Wilderness Preservation System. </p> <p>(Sec. 435) This section requires HHS to use funds provided for the Agency for Toxic Substances and Disease Registry to report to Congress on the geographic variation in pediatric cancer incidence in the United States. </p> <p>HHS must use specified funds to conduct public outreach activities to improve awareness of possible contributing factors to pediatric cancer. </p> <p>HHS must ensure that all patient information in the reports under this section is de-identified and protects personal privacy of the patients in accordance with privacy laws. </p> <p>(Sec. 436) This section specifies that the explanatory statement printed in the Congressional Record regarding division A (Department of the Interior, Environment, and Related Agencies Appropriations Act, 2019) of H.R. 21 (Consolidated Appropriations Act, 2019) has the same effect, with respect to this bill, as if it were a joint explanatory statement of a conference committee.</p> <p> (Sec. 437) This section compensates federal employees furloughed as a result of a lapse in appropriations that began on or about December 22, 2018, and ended upon the enactment of this bill. It also ratifies and approves certain obligations incurred in anticipation of the appropriations made and the authority granted by this bill. </p> <p>(Sec. 438) This section reimburses or compensates certain states, federal grantees, and furloughed state employees for any period in FY2019 in which a lapse in appropriations occurs.</p>]]></summary-text>
</summary>
<summary summary-id="id116hr266v00" currentChamber="HOUSE" update-date="2019-01-09">
<action-date>2019-01-08</action-date>
<action-desc>Introduced in House</action-desc>
<summary-text><![CDATA[<p><b>Department of the Interior, Environment, and Related Agencies Appropriations Act, 2019</b></p> <p>This bill provides FY2019 appropriations for the Department of the Interior, the Environmental Protection Agency (EPA), and related agencies. </p> <p>The bill provides appropriations to Interior for</p> <ul> <li> the Bureau of Land Management, </li> <li> the U.S. Fish and Wildlife Service, </li> <li> the National Park Service, </li> <li> the U.S. Geological Survey, </li> <li> the Bureau of Ocean Energy Management, </li> <li> the Bureau of Safety and Environmental Enforcement, </li> <li> the Office of Surface Mining Reclamation and Enforcement, and </li> <li> the Bureau of Indian Affairs and Bureau of Indian Education. </li> </ul> <p>The bill provides appropriations to Interior for Departmental Offices, including</p> <ul> <li> the Office of the Secretary, </li> <li> Insular Affairs, </li> <li> the Office of the Solicitor, </li> <li> the Office of Inspector General, and </li> <li> the Office of the Special Trustee for American Indians. </li> </ul> <p>The bill provides appropriations to Interior for Department-Wide Programs, including</p> <ul> <li> Wildland Fire Management, </li> <li> the Central Hazardous Materials Fund, </li> <li> the Natural Resources Damage Assessment Fund, </li> <li> the Working Capital Fund,</li> <li>the Office of Natural Resources Revenue, and</li> <li>Payments In Lieu of Taxes (PILT).</li> </ul> <p>The bill also provides appropriations to the EPA and the Forest Service. </p> <p>Within the Department of Health and Human Services, the bill provides appropriations for</p> <ul> <li> the Indian Health Service, </li> <li> the National Institute of Environmental Health Sciences, and </li> <li> the Agency for Toxic Substances and Disease Registry. </li> </ul> <p>The bill provides appropriations for several related agencies, including</p> <ul> <li> the Executive Office of the President for the Council on Environmental Quality and the Office of Environmental Quality; </li> <li>the Chemical Safety and Hazard Investigation Board; </li> <li> the Office of Navajo and Hopi Indian Relocation; </li> <li> the Institute of American Indian and Alaska Native Culture and Arts Development; </li> <li> the Smithsonian Institution; </li> <li> the National Gallery of Art; </li> <li> the John F. Kennedy Center for the Performing Arts; </li> <li> the Woodrow Wilson International Center for Scholars; </li> <li> the National Foundation on the Arts and Humanities, including the National Endowment for the Arts and the National Endowment for the Humanities; </li> <li> the Commission of Fine Arts; </li> <li> the Advisory Council on Historic Preservation; </li> <li> the National Capital Planning Commission; </li> <li> the U.S. Holocaust Memorial Museum;</li> <li>the Dwight D. Eisenhower Memorial Commission;</li> <li>the Women's Suffrage Centennial Commission; and</li> <li>the World War I Centennial Commission. </li> </ul> <p>Additionally, the bill sets forth requirements and restrictions for using funds provided by this and other appropriations Acts. </p>]]></summary-text>
</summary>
</item>
<dublinCore xmlns:dc="http://purl.org/dc/elements/1.1/">
<dc:format>text/xml</dc:format>
<dc:language>EN</dc:language>
<dc:rights>Pursuant to Title 17 Section 105 of the United States Code, this file is not subject to copyright protection and is in the public domain.</dc:rights>
<dc:contributor>Congressional Research Service, Library of Congress</dc:contributor>
<dc:description>This file contains bill summaries for federal legislation. A bill summary describes the most significant provisions of a piece of legislation and details the effects the legislative text may have on current law and federal programs. Bill summaries are authored by the Congressional Research Service (CRS) of the Library of Congress. As stated in Public Law 91-510 (2 USC 166 (d)(6)), one of the duties of CRS is "to prepare summaries and digests of bills and resolutions of a public general nature introduced in the Senate or House of Representatives". For more information, refer to the User Guide that accompanies this file.</dc:description>
</dublinCore>
</BillSummaries>
