<?xml version="1.0" encoding="UTF-8"?><BillSummaries>
<item congress="116" measure-type="hr" measure-number="950" measure-id="id116hr950" originChamber="HOUSE" orig-publish-date="2019-02-04" update-date="2019-02-21">
<title>Presidential Tax Disclosure Act of 2019</title>
<summary summary-id="id116hr950v00" currentChamber="HOUSE" update-date="2019-02-21">
<action-date>2019-02-04</action-date>
<action-desc>Introduced in House</action-desc>
<summary-text><![CDATA[<p><b>Presidential Tax Disclosure Act of 201</b><b>9</b></p> <p>This bill requires any individual holding the office of President to submit federal tax returns to the Office of Government Ethics (OGE). The individual must submit (1) each return filed with the Internal Revenue Service (IRS) for any year ending while the individual is President, and (2) each return filed with the IRS for the three years before the individual assumed office. </p> <p>After receiving the returns, the OGE must (1) make the returns publicly available on the Internet, and (2) submit the returns to specified congressional committees. </p> <p>No information may be redacted from the disclosed returns except for (1) Social Security, tax identification, and account identification numbers; and (2) the name of any dependent of the taxpayer. </p> <p>The bill establishes civil and criminal penalties to enforce the disclosure requirements. It also permits the IRS to disclose to the OGE any federal tax return that is required to be disclosed by this bill, but has not been submitted to the OGE within a specified deadline. </p>]]></summary-text>
</summary>
</item>
<dublinCore xmlns:dc="http://purl.org/dc/elements/1.1/">
<dc:format>text/xml</dc:format>
<dc:language>EN</dc:language>
<dc:rights>Pursuant to Title 17 Section 105 of the United States Code, this file is not subject to copyright protection and is in the public domain.</dc:rights>
<dc:contributor>Congressional Research Service, Library of Congress</dc:contributor>
<dc:description>This file contains bill summaries for federal legislation. A bill summary describes the most significant provisions of a piece of legislation and details the effects the legislative text may have on current law and federal programs. Bill summaries are authored by the Congressional Research Service (CRS) of the Library of Congress. As stated in Public Law 91-510 (2 USC 166 (d)(6)), one of the duties of CRS is "to prepare summaries and digests of bills and resolutions of a public general nature introduced in the Senate or House of Representatives". For more information, refer to the User Guide that accompanies this file.</dc:description>
</dublinCore>
</BillSummaries>
