<?xml version="1.0" encoding="UTF-8"?><BillSummaries>
<item congress="116" measure-type="hr" measure-number="1064" measure-id="id116hr1064" originChamber="HOUSE" orig-publish-date="2019-02-07" update-date="2019-03-13">
<title>To amend title 5, United States Code, to allow whistleblowers to disclose information to certain recipients.</title>
<summary summary-id="id116hr1064v53" currentChamber="HOUSE" update-date="2019-03-13">
<action-date>2019-02-11</action-date>
<action-desc>Passed House</action-desc>
<summary-text><![CDATA[<p>This bill modifies whistle-blower protections for federal employees or applicants who disclose classified national security information, or other protected information, that evidences wrongdoing.</p> <p>Currently, it is unlawful to retaliate against a federal employee for disclosing classified or protected information of wrongdoing to one of the following recipients: (1) the Office of Inspector General of their agency, (2) the U.S. Office of Special Counsel, or (3) a designated agency employee. This bill expands the list of recipients to whom a federal employee may make a protected disclosure to include a supervisor in the employee's direct chain of command.<BR> </p>]]></summary-text>
</summary>
<summary summary-id="id116hr1064v00" currentChamber="HOUSE" update-date="2019-02-12">
<action-date>2019-02-07</action-date>
<action-desc>Introduced in House</action-desc>
<summary-text><![CDATA[<p>This bill modifies whistle-blower protections for federal employees or applicants who disclose classified national security information, or other protected information, that evidences wrongdoing.</p> <p>Currently, it is unlawful to retaliate against a federal employee for disclosing classified or protected information of wrongdoing to one of the following recipients: (1) the Office of Inspector General of their agency, (2) the U.S. Office of Special Counsel, or (3) a designated agency employee. This bill expands the list of recipients to whom a federal employee may make a protected disclosure to include a supervisor in the employee's direct chain of command.</p> <UL> <BR> </UL>]]></summary-text>
</summary>
</item>
<dublinCore xmlns:dc="http://purl.org/dc/elements/1.1/">
<dc:format>text/xml</dc:format>
<dc:language>EN</dc:language>
<dc:rights>Pursuant to Title 17 Section 105 of the United States Code, this file is not subject to copyright protection and is in the public domain.</dc:rights>
<dc:contributor>Congressional Research Service, Library of Congress</dc:contributor>
<dc:description>This file contains bill summaries for federal legislation. A bill summary describes the most significant provisions of a piece of legislation and details the effects the legislative text may have on current law and federal programs. Bill summaries are authored by the Congressional Research Service (CRS) of the Library of Congress. As stated in Public Law 91-510 (2 USC 166 (d)(6)), one of the duties of CRS is "to prepare summaries and digests of bills and resolutions of a public general nature introduced in the Senate or House of Representatives". For more information, refer to the User Guide that accompanies this file.</dc:description>
</dublinCore>
</BillSummaries>
