<?xml version="1.0" encoding="UTF-8"?><BillSummaries>
<item congress="116" measure-type="hr" measure-number="1309" measure-id="id116hr1309" originChamber="HOUSE" orig-publish-date="2019-02-19" update-date="2019-11-26">
<title>Workplace Violence Prevention for Health Care and Social Service Workers Act</title>
<summary summary-id="id116hr1309v53" currentChamber="HOUSE" update-date="2019-11-26">
<action-date>2019-11-21</action-date>
<action-desc>Passed House</action-desc>
<summary-text><![CDATA[<p><b>Workplace Violence Prevention for Health Care and Social Service Workers Act</b></p> <p>This bill requires the Department of Labor to address workplace violence in the health care and social service sectors. Specifically, Labor must promulgate an occupational safety and health standard that requires certain employers in the health care and social service sectors, as well as employers in sectors that conduct activities similar to the activities in the health care and social service sectors, to develop and implement a comprehensive plan for protecting health care workers, social service workers, and other personnel from workplace violence.</p> <p>In addition, those employers must </p> <ul> <li>investigate workplace violence incidents, risks, or hazards as soon as practicable; </li> <li>provide training and education to employees who may be exposed to workplace violence hazards and risks; </li> <li>meet record keeping requirements; and </li> <li>prohibit acts of discrimination or retaliation against employees for reporting workplace violence incidents, threats, or concerns. </li></ul>]]></summary-text>
</summary>
<summary summary-id="id116hr1309v07" currentChamber="HOUSE" update-date="2019-11-20">
<action-date>2019-11-18</action-date>
<action-desc>Reported to House</action-desc>
<summary-text><![CDATA[<p><b>Workplace Violence Prevention for Health Care and Social Service Workers Act</b></p> <p>This bill requires the Department of Labor to address workplace violence in the health care and social service sectors. Specifically, Labor must promulgate an occupational safety and health standard that requires certain employers in the health care and social service sectors, as well as employers in sectors that conduct activities similar to the activities in the health care and social service sectors, to develop and implement a comprehensive plan for protecting health care workers, social service workers, and other personnel from workplace violence.</p> <p>In addition, those employers must </p> <ul> <li> investigate workplace violence incidents, risks, or hazards as soon as practicable; </li> <li>provide training and education to employees who may be exposed to workplace violence hazards and risks; </li> <li> meet record keeping requirements; and </li> <li>prohibit acts of discrimination or retaliation against employees for reporting workplace violence incidents, threats, or concerns.</li> </ul>]]></summary-text>
</summary>
<summary summary-id="id116hr1309v00" currentChamber="HOUSE" update-date="2019-04-22">
<action-date>2019-02-19</action-date>
<action-desc>Introduced in House</action-desc>
<summary-text><![CDATA[<p><b>Workplace Violence Prevention for Health Care and Social Service Workers Act</b></p> <p>This bill requires the Department of Labor to address workplace violence in the health care and social service sectors. Specifically, Labor must promulgate an occupational safety and health standard that requires certain employers in the health care and social service sectors, as well as employers in sectors that conduct activities similar to the activities in the health care and social service sectors, to develop and implement a comprehensive plan for protecting health care workers, social service workers, and other personnel from workplace violence.</p> <p>In addition, those employers must </p> <ul> <li> investigate workplace violence incidents, risks, or hazards as soon as practicable; </li> <li>provide training and education to employees who may be exposed to workplace violence hazards and risks; </li> <li> meet record keeping requirements; and </li> <li>prohibit acts of discrimination or retaliation against employees for reporting workplace violence incidents, threats, or concerns.</li> </ul>]]></summary-text>
</summary>
</item>
<dublinCore xmlns:dc="http://purl.org/dc/elements/1.1/">
<dc:format>text/xml</dc:format>
<dc:language>EN</dc:language>
<dc:rights>Pursuant to Title 17 Section 105 of the United States Code, this file is not subject to copyright protection and is in the public domain.</dc:rights>
<dc:contributor>Congressional Research Service, Library of Congress</dc:contributor>
<dc:description>This file contains bill summaries for federal legislation. A bill summary describes the most significant provisions of a piece of legislation and details the effects the legislative text may have on current law and federal programs. Bill summaries are authored by the Congressional Research Service (CRS) of the Library of Congress. As stated in Public Law 91-510 (2 USC 166 (d)(6)), one of the duties of CRS is "to prepare summaries and digests of bills and resolutions of a public general nature introduced in the Senate or House of Representatives". For more information, refer to the User Guide that accompanies this file.</dc:description>
</dublinCore>
</BillSummaries>
