<?xml version="1.0" encoding="UTF-8"?><BillSummaries>
<item congress="116" measure-type="hr" measure-number="614" measure-id="id116hr614" originChamber="HOUSE" orig-publish-date="2019-01-16" update-date="2019-02-15">
<title>Shark Sales Elimination Act of 2019</title>
<summary summary-id="id116hr614v00" currentChamber="HOUSE" update-date="2019-02-15">
<action-date>2019-01-16</action-date>
<action-desc>Introduced in House</action-desc>
<summary-text><![CDATA[<p><b>Shark Sales Elimination Act of 2019</b></p> <p>This bill makes it illegal to possess, buy, or sell shark parts or any product containing shark parts.A person may possess a shark part that was lawfully taken consistent with a license or permit under certain circumstances.</p> <p> Penalties are imposed for violations under the Magnuson-Stevens Fishery Conservation and Management Act.</p>]]></summary-text>
</summary>
</item>
<dublinCore xmlns:dc="http://purl.org/dc/elements/1.1/">
<dc:format>text/xml</dc:format>
<dc:language>EN</dc:language>
<dc:rights>Pursuant to Title 17 Section 105 of the United States Code, this file is not subject to copyright protection and is in the public domain.</dc:rights>
<dc:contributor>Congressional Research Service, Library of Congress</dc:contributor>
<dc:description>This file contains bill summaries for federal legislation. A bill summary describes the most significant provisions of a piece of legislation and details the effects the legislative text may have on current law and federal programs. Bill summaries are authored by the Congressional Research Service (CRS) of the Library of Congress. As stated in Public Law 91-510 (2 USC 166 (d)(6)), one of the duties of CRS is "to prepare summaries and digests of bills and resolutions of a public general nature introduced in the Senate or House of Representatives". For more information, refer to the User Guide that accompanies this file.</dc:description>
</dublinCore>
</BillSummaries>
