<?xml version="1.0" encoding="UTF-8"?><BillSummaries>
<item congress="116" measure-type="hr" measure-number="996" measure-id="id116hr996" originChamber="HOUSE" orig-publish-date="2019-02-06" update-date="2019-02-25">
<title>Dental Loan Repayment Assistance Act</title>
<summary summary-id="id116hr996v00" currentChamber="HOUSE" update-date="2019-02-25">
<action-date>2019-02-06</action-date>
<action-desc>Introduced in House</action-desc>
<summary-text><![CDATA[<p><b>Dental Loan Repayment Assistance Act</b></p> <p>This bill modifies the requirements for calculating taxable income to exclude from gross income payments received under the federally funded student loan repayment program for full-time faculty members of dental schools with programs in general, pediatric, or public health dentistry.</p> <p>The bill also requires the Government Accountability Office to report to Congress on the participation of dental providers and faculty in areas and schools receiving funding under the program. </p>]]></summary-text>
</summary>
</item>
<dublinCore xmlns:dc="http://purl.org/dc/elements/1.1/">
<dc:format>text/xml</dc:format>
<dc:language>EN</dc:language>
<dc:rights>Pursuant to Title 17 Section 105 of the United States Code, this file is not subject to copyright protection and is in the public domain.</dc:rights>
<dc:contributor>Congressional Research Service, Library of Congress</dc:contributor>
<dc:description>This file contains bill summaries for federal legislation. A bill summary describes the most significant provisions of a piece of legislation and details the effects the legislative text may have on current law and federal programs. Bill summaries are authored by the Congressional Research Service (CRS) of the Library of Congress. As stated in Public Law 91-510 (2 USC 166 (d)(6)), one of the duties of CRS is "to prepare summaries and digests of bills and resolutions of a public general nature introduced in the Senate or House of Representatives". For more information, refer to the User Guide that accompanies this file.</dc:description>
</dublinCore>
</BillSummaries>
