<?xml version="1.0" encoding="UTF-8"?><BillSummaries>
<item congress="116" measure-type="hr" measure-number="723" measure-id="id116hr723" originChamber="HOUSE" orig-publish-date="2019-01-23" update-date="2019-02-21">
<title>Global Trade Accountability Act of 2019</title>
<summary summary-id="id116hr723v00" currentChamber="HOUSE" update-date="2019-02-21">
<action-date>2019-01-23</action-date>
<action-desc>Introduced in House</action-desc>
<summary-text><![CDATA[<p><b>Global Trade Accountability Act of </b><b>2019</b> </p> <p>This bill requires congressional approval of unilateral trade actions. Such actions may take effect without congressional approval for one 90-day period if the President</p> <ul> <li>determines that it is necessary because of a national emergency, because of an imminent threat to health or safety, for the enforcement of criminal laws, or for national security; and</li> <li>submits written notice of the determination to Congress.</li> </ul>]]></summary-text>
</summary>
</item>
<dublinCore xmlns:dc="http://purl.org/dc/elements/1.1/">
<dc:format>text/xml</dc:format>
<dc:language>EN</dc:language>
<dc:rights>Pursuant to Title 17 Section 105 of the United States Code, this file is not subject to copyright protection and is in the public domain.</dc:rights>
<dc:contributor>Congressional Research Service, Library of Congress</dc:contributor>
<dc:description>This file contains bill summaries for federal legislation. A bill summary describes the most significant provisions of a piece of legislation and details the effects the legislative text may have on current law and federal programs. Bill summaries are authored by the Congressional Research Service (CRS) of the Library of Congress. As stated in Public Law 91-510 (2 USC 166 (d)(6)), one of the duties of CRS is "to prepare summaries and digests of bills and resolutions of a public general nature introduced in the Senate or House of Representatives". For more information, refer to the User Guide that accompanies this file.</dc:description>
</dublinCore>
</BillSummaries>
