<?xml version="1.0" encoding="UTF-8"?><BillSummaries>
<item congress="116" measure-type="hr" measure-number="1618" measure-id="id116hr1618" originChamber="HOUSE" orig-publish-date="2019-03-07" update-date="2020-06-25">
<title>Nicholas and Zachary Burt Carbon Monoxide Poisoning Prevention Act of 2019</title>
<summary summary-id="id116hr1618v53" currentChamber="HOUSE" update-date="2020-06-25">
<action-date>2019-09-17</action-date>
<action-desc>Passed House</action-desc>
<summary-text><![CDATA[<p><b>Nicholas and Zachary Burt Carbon Monoxide Poisoning Prevention Act of 2019 </b></p> <p>This bill requires the Consumer Product Safety Commission to provide grants that support carbon monoxide poisoning prevention to states that require carbon monoxide alarms in dwellings and other facilities. Specifically, grant funds may be used to (1) purchase and install carbon monoxide alarms for the dwellings of low-income families and older adults, as well as for&nbsp;other facilities; (2) train state and local officials about the proper enforcement of carbon monoxide alarm requirements and circulate corresponding training materials; and (3) educate the public about the risks of carbon monoxide poisoning and the proper use of carbon monoxide alarms.</p>]]></summary-text>
</summary>
<summary summary-id="id116hr1618v08" currentChamber="HOUSE" update-date="2020-06-24">
<action-date>2019-09-16</action-date>
<action-desc>Reported to House, Part I</action-desc>
<summary-text><![CDATA[<p><b>Nicholas and Zachary Burt Carbon Monoxide Poisoning Prevention Act of 2019 </b></p> <p>This bill requires the Consumer Product Safety Commission to provide grants that support carbon monoxide poisoning prevention to states that require carbon monoxide alarms in dwellings and other facilities. Specifically, grant funds may be used to (1) purchase and install carbon monoxide alarms for the dwellings of low-income families and older adults, as well as for&nbsp;other facilities; (2) train state and local officials about the proper enforcement of carbon monoxide alarm requirements and circulate corresponding training materials; and (3) educate the public about the risks of carbon monoxide poisoning and the proper use of carbon monoxide alarms.</p>]]></summary-text>
</summary>
<summary summary-id="id116hr1618v00" currentChamber="HOUSE" update-date="2019-09-16">
<action-date>2019-03-07</action-date>
<action-desc>Introduced in House</action-desc>
<summary-text><![CDATA[<p><b>Nicholas and Zachary Burt Memorial Carbon Monoxide Poisoning Prevention Act of 2019 </b></p> <p>This bill directs the Consumer Product Safety Commission to establish a grant program to provide assistance to states for specified activities related to the prevention of carbon monoxide poisoning, including installation of alarms in certain dwellings and facilities.</p>]]></summary-text>
</summary>
</item>
<dublinCore xmlns:dc="http://purl.org/dc/elements/1.1/">
<dc:format>text/xml</dc:format>
<dc:language>EN</dc:language>
<dc:rights>Pursuant to Title 17 Section 105 of the United States Code, this file is not subject to copyright protection and is in the public domain.</dc:rights>
<dc:contributor>Congressional Research Service, Library of Congress</dc:contributor>
<dc:description>This file contains bill summaries for federal legislation. A bill summary describes the most significant provisions of a piece of legislation and details the effects the legislative text may have on current law and federal programs. Bill summaries are authored by the Congressional Research Service (CRS) of the Library of Congress. As stated in Public Law 91-510 (2 USC 166 (d)(6)), one of the duties of CRS is "to prepare summaries and digests of bills and resolutions of a public general nature introduced in the Senate or House of Representatives". For more information, refer to the User Guide that accompanies this file.</dc:description>
</dublinCore>
</BillSummaries>
