<?xml version="1.0" encoding="UTF-8"?><BillSummaries>
<item congress="116" measure-type="hr" measure-number="268" measure-id="id116hr268" originChamber="HOUSE" orig-publish-date="2019-01-08" update-date="2019-07-19">
<title>Supplemental Appropriations Act, 2019</title>
<summary summary-id="id116hr268v53" currentChamber="HOUSE" update-date="2019-07-19">
<action-date>2019-01-16</action-date>
<action-desc>Passed House</action-desc>
<summary-text><![CDATA[<p><b>Supplemental Appropriations Act, 2019 </b></p> <p>This bill provides FY2019 appropriations to federal agencies, including supplemental appropriations for disaster assistance and continuing appropriations for agencies that are included in the seven FY2019 appropriations bills that have not been enacted. </p> <p>The bill provides $14.2 billion in FY2019 supplemental appropriations for expenses related to the consequences of recent wildfires, hurricanes, volcanos, earthquakes, typhoons, and other natural disasters. The bill designates the spending as emergency spending, which is exempt from discretionary spending limits. </p> <p>The bill includes supplemental appropriations for</p> <ul> <li> the Department of Agriculture, </li> <li> the Department of Commerce, </li> <li> the Department of Justice, </li> <li> the Department of Defense, </li> <li> the U.S. Army Corps of Engineers, </li> <li> the Department of the Interior, </li> <li> the Department of Energy, </li> <li> the U.S. Coast Guard, </li> <li> the Environmental Protection Agency, </li> <li>the Forest Service, </li> <li>the Department of Health and Human Services, </li> <li>the Department of Labor, </li> <li> the Department of Education, </li> <li> the Government Accountability Office, </li> <li> the Department of Veterans Affairs, </li> <li> the Department of Transportation, and </li> <li> the Department of Housing and Urban Development. </li> </ul> <p>The bill also provides continuing FY2019 appropriations to several federal agencies through the earlier of February 8, 2019, or the enactment of the applicable appropriations legislation. </p> <p>This is known as a continuing resolution (CR) and ends the partial government shutdown that began after the existing CR expired on December 21, 2018, because seven of the remaining FY2019 appropriations bills have not been enacted. </p> <p>(Five of the FY2019 appropriations bills were enacted last year, including the </p> <ul> <li>Department of Defense Appropriations Act, 2019; </li> <li>the Energy and Water Development and Related Agencies Appropriations Act, 2019; </li> <li>the Departments of Labor, Health and Human Services, and Education, and Related Agencies Appropriations Act, 2019; </li> <li>the Legislative Branch Appropriations Act, 2019; and </li> <li>the Military Construction, Veterans Affairs, and Related Agencies Appropriations Act, 2019.)</li> </ul> <p>Additionally, the CR has the effect of extending through February 8, 2019, several authorities and programs that were extended in prior CRs, including </p> <ul> <li>the Violence Against Women Act, </li> <li>the authority for the Environmental Protection Agency to collect and spend certain fees related to pesticides, </li> <li>the Temporary Assistance for Needy Families (TANF) program, and </li> <li>several authorities related to immigration.</li> </ul>]]></summary-text>
</summary>
<summary summary-id="id116hr268v00" currentChamber="HOUSE" update-date="2019-01-15">
<action-date>2019-01-08</action-date>
<action-desc>Introduced in House</action-desc>
<summary-text><![CDATA[<p><b>Supplemental Appropriations Act, 2019 </b></p> <p>This bill provides $12.1 billion in FY2019 supplemental appropriations to several federal departments and agencies for expenses related to the consequences of recent wildfires, hurricanes, volcanos, earthquakes, typhoons, and other natural disasters.</p> <p>The funding provided by this bill is designated as emergency spending, which is exempt from discretionary spending limits and other budget enforcement rules. </p> <p>The bill includes appropriations for </p> <ul> <li> the Department of Agriculture, </li> <li> the Department of Commerce, </li> <li> the Department of Justice, </li> <li> the Department of Defense, </li> <li> the U.S. Army Corps of Engineers, </li> <li> the Department of the Interior, </li> <li> the Department of Energy, </li> <li> the Department of Homeland Security, </li> <li> the Environmental Protection Agency, </li> <li>the Forest Service, </li> <li>the Department of Health and Human Services, </li> <li>the Department of Labor, </li> <li> the Department of Education, </li> <li> the Government Accountability Office, </li> <li> the Department of Veterans Affairs, </li> <li> the Department of Transportation, and </li> <li> the Department of Housing and Urban Development. </li> </ul>]]></summary-text>
</summary>
</item>
<dublinCore xmlns:dc="http://purl.org/dc/elements/1.1/">
<dc:format>text/xml</dc:format>
<dc:language>EN</dc:language>
<dc:rights>Pursuant to Title 17 Section 105 of the United States Code, this file is not subject to copyright protection and is in the public domain.</dc:rights>
<dc:contributor>Congressional Research Service, Library of Congress</dc:contributor>
<dc:description>This file contains bill summaries for federal legislation. A bill summary describes the most significant provisions of a piece of legislation and details the effects the legislative text may have on current law and federal programs. Bill summaries are authored by the Congressional Research Service (CRS) of the Library of Congress. As stated in Public Law 91-510 (2 USC 166 (d)(6)), one of the duties of CRS is "to prepare summaries and digests of bills and resolutions of a public general nature introduced in the Senate or House of Representatives". For more information, refer to the User Guide that accompanies this file.</dc:description>
</dublinCore>
</BillSummaries>
