<?xml version="1.0" encoding="UTF-8"?><BillSummaries>
<item congress="116" measure-type="hr" measure-number="163" measure-id="id116hr163" originChamber="HOUSE" orig-publish-date="2019-01-03" update-date="2019-02-27">
<title>CLEAN Elections Act</title>
<summary summary-id="id116hr163v00" currentChamber="HOUSE" update-date="2019-02-27">
<action-date>2019-01-03</action-date>
<action-desc>Introduced in House</action-desc>
<summary-text><![CDATA[<p><strong>Citizen Legislature Anti-Corruption Reform of Elections Act or the CLEAN Elections Act</strong></p> <p>This bill establishes requirements for nonpartisan redistricting and open primary elections.</p>   <p>States must (1) conduct congressional redistricting using a plan developed by a nonpartisan independent redistricting commission, beginning with the 2020 census; and (2) hold open primaries for federal elections.</p> <p>A state may not use federal funds provided for election administration purposes unless it certifies to the Election Assistance Commission that it (1) conducts redistricting for its state legislative districts using a plan developed by a nonpartisan independent redistricting commission, and (2) holds open primaries for elections for state and local office.</p>]]></summary-text>
</summary>
</item>
<dublinCore xmlns:dc="http://purl.org/dc/elements/1.1/">
<dc:format>text/xml</dc:format>
<dc:language>EN</dc:language>
<dc:rights>Pursuant to Title 17 Section 105 of the United States Code, this file is not subject to copyright protection and is in the public domain.</dc:rights>
<dc:contributor>Congressional Research Service, Library of Congress</dc:contributor>
<dc:description>This file contains bill summaries for federal legislation. A bill summary describes the most significant provisions of a piece of legislation and details the effects the legislative text may have on current law and federal programs. Bill summaries are authored by the Congressional Research Service (CRS) of the Library of Congress. As stated in Public Law 91-510 (2 USC 166 (d)(6)), one of the duties of CRS is "to prepare summaries and digests of bills and resolutions of a public general nature introduced in the Senate or House of Representatives". For more information, refer to the User Guide that accompanies this file.</dc:description>
</dublinCore>
</BillSummaries>
