<?xml version="1.0" encoding="UTF-8"?><BillSummaries>
<item congress="116" measure-type="hr" measure-number="648" measure-id="id116hr648" originChamber="HOUSE" orig-publish-date="2019-01-17" update-date="2019-06-10">
<title>Consolidated Appropriations Act, 2019</title>
<summary summary-id="id116hr648v53" currentChamber="HOUSE" update-date="2019-06-10">
<action-date>2019-01-23</action-date>
<action-desc>Passed House</action-desc>
<summary-text><![CDATA[<p><b>Consolidated Appropriations Act, 2019 </b></p> <p>This bill provides FY2019 appropriations for several federal departments and agencies. It includes 6 of the 12 regular FY2019 appropriations bills: </p><ul> <li>the Agriculture, Rural Development, Food and Drug Administration, and Related Agencies Appropriations Act, 2019; </li> <li> the Commerce, Justice, Science, and Related Agencies Appropriations Act, 2019;</li> <li> the Financial Services and General Government Appropriations Act, 2019; </li> <li> the Department of the Interior, Environment, and Related Agencies Appropriations Act, 2019; </li> <li> the Department of State, Foreign Operations, and Related Programs Appropriations Act, 2019; and</li> <li> the Transportation, Housing and Urban Development, and Related Agencies Appropriations Act, 2019.</li> </ul> <p>The departments and agencies funded in the bill include </p> <ul> <li>the Department of Agriculture; </li> <li> the Food and Drug Administration; </li> <li> the Department of Commerce; </li> <li> the Department of Justice; </li> <li> science-related agencies, including the National Aeronautics and Space Administration (NASA);</li> <li> the Department of the Treasury, </li> <li> the judiciary; </li> <li> the Executive Office of the President; </li> <li>the District of Columbia;</li> <li>the Department of the Interior; </li> <li> the Environmental Protection Agency; </li> <li>the Forest Service; </li> <li>the Department of State;</li> <li> the Department of Transportation; </li> <li>the Department of Housing and Urban Development; and </li> <li> several related and independent agencies. </li> </ul> <p>The bill also extends several authorities and programs, including </p> <ul> <li> the National Flood Insurance Program, </li> <li> the authority for the Environmental Protection Agency to collect and spend certain fees related to pesticides, </li> <li> the Temporary Assistance for Needy Families (TANF) program, and </li> <li> several Medicaid provisions. </li> </ul>]]></summary-text>
</summary>
<summary summary-id="id116hr648v00" currentChamber="HOUSE" update-date="2019-01-18">
<action-date>2019-01-17</action-date>
<action-desc>Introduced in House</action-desc>
<summary-text><![CDATA[<p><b>Consolidated Appropriations Act, 2019 </b></p> <p>This bill provides FY2019 appropriations for several federal departments and agencies. It includes 6 of the 12 regular FY2019 appropriations bills: </p><ul> <li>the Agriculture, Rural Development, Food and Drug Administration, and Related Agencies Appropriations Act, 2019; </li> <li> the Commerce, Justice, Science, and Related Agencies Appropriations Act, 2019;</li> <li> the Financial Services and General Government Appropriations Act, 2019; </li> <li> the Department of the Interior, Environment, and Related Agencies Appropriations Act, 2019; </li> <li> the Department of State, Foreign Operations, and Related Programs Appropriations Act, 2019; and</li> <li> the Transportation, Housing and Urban Development, and Related Agencies Appropriations Act, 2019.</li> </ul> <p>The departments and agencies funded in the bill include </p> <ul> <li>the Department of Agriculture; </li> <li> the Food and Drug Administration; </li> <li> the Department of Commerce; </li> <li> the Department of Justice; </li> <li> science-related agencies, including the National Aeronautics and Space Administration (NASA);</li> <li> the Department of the Treasury, </li> <li> the judiciary; </li> <li> the Executive Office of the President; </li> <li>the District of Columbia;</li> <li>the Department of the Interior; </li> <li> the Environmental Protection Agency; </li> <li>the Forest Service; </li> <li>the Department of State;</li> <li> the Department of Transportation; </li> <li>the Department of Housing and Urban Development; and </li> <li> several related and independent agencies. </li> </ul> <p>The bill also extends several authorities and programs, including </p> <ul> <li> the National Flood Insurance Program, </li> <li> the authority for the Environmental Protection Agency to collect and spend certain fees related to pesticides, </li> <li> the Temporary Assistance for Needy Families (TANF) program, and </li> <li> several Medicaid provisions. </li> </ul>]]></summary-text>
</summary>
</item>
<dublinCore xmlns:dc="http://purl.org/dc/elements/1.1/">
<dc:format>text/xml</dc:format>
<dc:language>EN</dc:language>
<dc:rights>Pursuant to Title 17 Section 105 of the United States Code, this file is not subject to copyright protection and is in the public domain.</dc:rights>
<dc:contributor>Congressional Research Service, Library of Congress</dc:contributor>
<dc:description>This file contains bill summaries for federal legislation. A bill summary describes the most significant provisions of a piece of legislation and details the effects the legislative text may have on current law and federal programs. Bill summaries are authored by the Congressional Research Service (CRS) of the Library of Congress. As stated in Public Law 91-510 (2 USC 166 (d)(6)), one of the duties of CRS is "to prepare summaries and digests of bills and resolutions of a public general nature introduced in the Senate or House of Representatives". For more information, refer to the User Guide that accompanies this file.</dc:description>
</dublinCore>
</BillSummaries>
