<?xml version="1.0" encoding="UTF-8"?><BillSummaries>
<item congress="116" measure-type="hr" measure-number="439" measure-id="id116hr439" originChamber="HOUSE" orig-publish-date="2019-01-10" update-date="2019-02-27">
<title>National FFA Organization's Federal Charter Amendments Act</title>
<summary summary-id="id116hr439v49" currentChamber="BOTH" update-date="2019-02-27">
<action-date>2019-02-21</action-date>
<action-desc>Public Law</action-desc>
<summary-text><![CDATA[<p><b>National FFA Organization's Federal Charter Amendments Act</b></p> <p>This bill revises the charter of the National FFA Organization (Future Farmers of America). Such revisions include (1) making it a purpose of the organization to be an integral component of agricultural education, and (2) removing the Secretary of Education as the chair of the National FFA Board of Directors.</p>]]></summary-text>
</summary>
<summary summary-id="id116hr439v55" currentChamber="SENATE" update-date="2019-02-22">
<action-date>2019-02-05</action-date>
<action-desc>Passed Senate</action-desc>
<summary-text><![CDATA[<p><b>National FFA Organization's Federal Charter Amendments Act</b></p> <p>This bill revises the charter of the National FFA Organization (Future Farmers of America). Such revisions include (1) making it a purpose of the organization to be an integral component of agricultural education, and (2) removing the Secretary of Education as the chair of the National FFA Board of Directors.</p>]]></summary-text>
</summary>
<summary summary-id="id116hr439v53" currentChamber="HOUSE" update-date="2019-02-22">
<action-date>2019-01-22</action-date>
<action-desc>Passed House</action-desc>
<summary-text><![CDATA[<p><b>National FFA Organization's Federal Charter Amendments Act</b></p> <p>This bill revises the charter of the National FFA Organization (Future Farmers of America). Such revisions include (1) making it a purpose of the organization to be an integral component of agricultural education, and (2) removing the Secretary of Education as the chair of the National FFA Board of Directors.</p>]]></summary-text>
</summary>
<summary summary-id="id116hr439v00" currentChamber="HOUSE" update-date="2019-02-19">
<action-date>2019-01-10</action-date>
<action-desc>Introduced in House</action-desc>
<summary-text><![CDATA[<p><b>National FFA Organization's Federal Charter Amendments Act</b></p> <p>This bill revises the charter of the National FFA Organization (Future Farmers of America). Such revisions include (1) making it a purpose of the organization to be an integral component of agricultural education, and (2) removing the Secretary of Education as the chair of the National FFA Board of Directors.</p>]]></summary-text>
</summary>
</item>
<dublinCore xmlns:dc="http://purl.org/dc/elements/1.1/">
<dc:format>text/xml</dc:format>
<dc:language>EN</dc:language>
<dc:rights>Pursuant to Title 17 Section 105 of the United States Code, this file is not subject to copyright protection and is in the public domain.</dc:rights>
<dc:contributor>Congressional Research Service, Library of Congress</dc:contributor>
<dc:description>This file contains bill summaries for federal legislation. A bill summary describes the most significant provisions of a piece of legislation and details the effects the legislative text may have on current law and federal programs. Bill summaries are authored by the Congressional Research Service (CRS) of the Library of Congress. As stated in Public Law 91-510 (2 USC 166 (d)(6)), one of the duties of CRS is "to prepare summaries and digests of bills and resolutions of a public general nature introduced in the Senate or House of Representatives". For more information, refer to the User Guide that accompanies this file.</dc:description>
</dublinCore>
</BillSummaries>
