<?xml version="1.0" encoding="UTF-8"?><BillSummaries>
<item congress="116" measure-type="hr" measure-number="3650" measure-id="id116hr3650" originChamber="HOUSE" orig-publish-date="2019-07-09" update-date="2019-09-17">
<title>Safe Harbor for Taxpayers with Forked Assets Act of 2019</title>
<summary summary-id="id116hr3650v00" currentChamber="HOUSE" update-date="2019-09-17">
<action-date>2019-07-09</action-date>
<action-desc>Introduced in House</action-desc>
<summary-text><![CDATA[<p><b>Safe Harbor for Taxpayers with Forked Assets Act of 2019</b></p> <p> This bill establishes a safe harbor period that prohibits certain penalties and additional taxes from applying to a taxpayer who receives a forked convertible virtual currency until the Internal Revenue Service issues regulations or guidance, or legislation is enacted, that addresses specified issues related to the tax treatment of forked convertible virtual currency. </p> <p>A &quot;forked convertible virtual currency&quot; is any convertible virtual currency to which the taxpayer becomes entitled by reason of a hard fork. A &quot;hard fork&quot; is any material change in the shared digital ledger which is used to verify by consensus transactions in the currency if the change results in the maintenance of independent shared digital ledgers with respect to the currency. </p> <p>The legislation, regulations, or guidance must prescribe </p> <ul> <li>the tax treatment of receiving forked convertible virtual currency,</li> <li> rules for calculating and allocating the basis of forked convertible virtual currency, </li> <li>rules for calculating the fair market value of forked convertible virtual currency at any given time, and </li> <li>rules for determining the holding period of forked convertible virtual currency. </li> </ul>]]></summary-text>
</summary>
</item>
<dublinCore xmlns:dc="http://purl.org/dc/elements/1.1/">
<dc:format>text/xml</dc:format>
<dc:language>EN</dc:language>
<dc:rights>Pursuant to Title 17 Section 105 of the United States Code, this file is not subject to copyright protection and is in the public domain.</dc:rights>
<dc:contributor>Congressional Research Service, Library of Congress</dc:contributor>
<dc:description>This file contains bill summaries for federal legislation. A bill summary describes the most significant provisions of a piece of legislation and details the effects the legislative text may have on current law and federal programs. Bill summaries are authored by the Congressional Research Service (CRS) of the Library of Congress. As stated in Public Law 91-510 (2 USC 166 (d)(6)), one of the duties of CRS is "to prepare summaries and digests of bills and resolutions of a public general nature introduced in the Senate or House of Representatives". For more information, refer to the User Guide that accompanies this file.</dc:description>
</dublinCore>
</BillSummaries>
