<?xml version="1.0" encoding="UTF-8"?><BillSummaries>
<item congress="116" measure-type="hr" measure-number="92" measure-id="id116hr92" originChamber="HOUSE" orig-publish-date="2019-01-03" update-date="2019-01-18">
<title>Vote By Mail Act of 2019</title>
<summary summary-id="id116hr92v00" currentChamber="HOUSE" update-date="2019-01-18">
<action-date>2019-01-03</action-date>
<action-desc>Introduced in House</action-desc>
<summary-text><![CDATA[<p><strong>Vote by Mail Act of 2019</strong></p> <p>This bill requires states to allow voting in federal elections to be by mail without additional conditions or requirements, except a deadline for returning the ballot.</p> <p>States must mail ballots to individuals registered to vote in a federal election not later than two weeks before the election. The U.S. Postal Service must carry ballots mailed by a state expeditiously and free of postage.</p> <p>This bill authorizes automatic voter registration of individuals through state motor vehicle authorities.</p>]]></summary-text>
</summary>
</item>
<dublinCore xmlns:dc="http://purl.org/dc/elements/1.1/">
<dc:format>text/xml</dc:format>
<dc:language>EN</dc:language>
<dc:rights>Pursuant to Title 17 Section 105 of the United States Code, this file is not subject to copyright protection and is in the public domain.</dc:rights>
<dc:contributor>Congressional Research Service, Library of Congress</dc:contributor>
<dc:description>This file contains bill summaries for federal legislation. A bill summary describes the most significant provisions of a piece of legislation and details the effects the legislative text may have on current law and federal programs. Bill summaries are authored by the Congressional Research Service (CRS) of the Library of Congress. As stated in Public Law 91-510 (2 USC 166 (d)(6)), one of the duties of CRS is "to prepare summaries and digests of bills and resolutions of a public general nature introduced in the Senate or House of Representatives". For more information, refer to the User Guide that accompanies this file.</dc:description>
</dublinCore>
</BillSummaries>
