<?xml version="1.0" encoding="UTF-8"?><BillSummaries>
<item congress="116" measure-type="hr" measure-number="128" measure-id="id116hr128" originChamber="HOUSE" orig-publish-date="2019-01-03" update-date="2019-01-23">
<title>Small Business Advocacy Improvements Act of 2019</title>
<summary summary-id="id116hr128v53" currentChamber="HOUSE" update-date="2019-01-23">
<action-date>2019-01-08</action-date>
<action-desc>Passed House</action-desc>
<summary-text><![CDATA[<p><b>Small Business Advocacy Improvements Act of 2019</b></p> <p>This bill expands the primary functions and additional duties of the Office of Advocacy of the Small Business Administration to include: (1) examining the role of small businesses in the international economy, and (2) representing the views and interests of small businesses before foreign governments and international entities to contribute to regulatory and trade initiatives that may affect small businesses.</p>]]></summary-text>
</summary>
<summary summary-id="id116hr128v00" currentChamber="HOUSE" update-date="2019-01-23">
<action-date>2019-01-03</action-date>
<action-desc>Introduced in House</action-desc>
<summary-text><![CDATA[<p><b>Small Business Advocacy Improvements Act of 2019</b></p> <p>This bill expands the primary functions and additional duties of the Office of Advocacy of the Small Business Administration to include: (1) examining the role of small businesses in the international economy, and (2) representing the views and interests of small businesses before foreign governments and international entities to contribute to regulatory and trade initiatives that may affect small businesses.</p>]]></summary-text>
</summary>
</item>
<dublinCore xmlns:dc="http://purl.org/dc/elements/1.1/">
<dc:format>text/xml</dc:format>
<dc:language>EN</dc:language>
<dc:rights>Pursuant to Title 17 Section 105 of the United States Code, this file is not subject to copyright protection and is in the public domain.</dc:rights>
<dc:contributor>Congressional Research Service, Library of Congress</dc:contributor>
<dc:description>This file contains bill summaries for federal legislation. A bill summary describes the most significant provisions of a piece of legislation and details the effects the legislative text may have on current law and federal programs. Bill summaries are authored by the Congressional Research Service (CRS) of the Library of Congress. As stated in Public Law 91-510 (2 USC 166 (d)(6)), one of the duties of CRS is "to prepare summaries and digests of bills and resolutions of a public general nature introduced in the Senate or House of Representatives". For more information, refer to the User Guide that accompanies this file.</dc:description>
</dublinCore>
</BillSummaries>
