<?xml version="1.0" encoding="UTF-8"?><BillSummaries>
<item congress="116" measure-type="hr" measure-number="3861" measure-id="id116hr3861" originChamber="HOUSE" orig-publish-date="2019-07-19" update-date="2019-09-18">
<title>Carbon Capture Improvement Act of 2019</title>
<summary summary-id="id116hr3861v00" currentChamber="HOUSE" update-date="2019-09-18">
<action-date>2019-07-19</action-date>
<action-desc>Introduced in House</action-desc>
<summary-text><![CDATA[<p><b>Carbon Capture Improvement Act of 2019</b></p> <p>This bill authorizes the issuance of tax-exempt facility bonds for the financing of qualified carbon dioxide capture facilities.</p> <p>A "qualified carbon dioxide capture facility" is any equipment installed in an industrial carbon dioxide facility that satisfies specified capture and storage requirements and (1) is used for the capture, treatment and purification, compression, transportation, or on-site storage of carbon dioxide produced by the industrial carbon dioxide facility; or (2) is integral or functionally related and subordinate to a gasification process that converts a product from coal, petroleum residue, biomass, or other materials which are recovered for their energy or feedstock value into a synthesis gas composed primarily of carbon dioxide and hydrogen for direct use or subsequent chemical or physical conversion.</p>]]></summary-text>
</summary>
</item>
<dublinCore xmlns:dc="http://purl.org/dc/elements/1.1/">
<dc:format>text/xml</dc:format>
<dc:language>EN</dc:language>
<dc:rights>Pursuant to Title 17 Section 105 of the United States Code, this file is not subject to copyright protection and is in the public domain.</dc:rights>
<dc:contributor>Congressional Research Service, Library of Congress</dc:contributor>
<dc:description>This file contains bill summaries for federal legislation. A bill summary describes the most significant provisions of a piece of legislation and details the effects the legislative text may have on current law and federal programs. Bill summaries are authored by the Congressional Research Service (CRS) of the Library of Congress. As stated in Public Law 91-510 (2 USC 166 (d)(6)), one of the duties of CRS is "to prepare summaries and digests of bills and resolutions of a public general nature introduced in the Senate or House of Representatives". For more information, refer to the User Guide that accompanies this file.</dc:description>
</dublinCore>
</BillSummaries>
