<?xml version="1.0" encoding="UTF-8"?><BillSummaries>
<item congress="116" measure-type="hr" measure-number="290" measure-id="id116hr290" originChamber="HOUSE" orig-publish-date="2019-01-08" update-date="2019-02-19">
<title>To reduce Federal spending and the deficit by terminating taxpayer financing of presidential election campaigns.</title>
<summary summary-id="id116hr290v00" currentChamber="HOUSE" update-date="2019-02-19">
<action-date>2019-01-08</action-date>
<action-desc>Introduced in House</action-desc>
<summary-text><![CDATA[<p>This bill terminates (1) the taxpayer election to designate $3 of income tax liability for financing of presidential election campaigns, (2) the Presidential Election Campaign Fund, and (3) the Presidential Primary Matching Payment Account.</p> <p>The Department of the Treasury must transfer the funds remaining in the Presidential Election Campaign Fund to the 10-Year Pediatric Research Initiative Fund. </p>]]></summary-text>
</summary>
</item>
<dublinCore xmlns:dc="http://purl.org/dc/elements/1.1/">
<dc:format>text/xml</dc:format>
<dc:language>EN</dc:language>
<dc:rights>Pursuant to Title 17 Section 105 of the United States Code, this file is not subject to copyright protection and is in the public domain.</dc:rights>
<dc:contributor>Congressional Research Service, Library of Congress</dc:contributor>
<dc:description>This file contains bill summaries for federal legislation. A bill summary describes the most significant provisions of a piece of legislation and details the effects the legislative text may have on current law and federal programs. Bill summaries are authored by the Congressional Research Service (CRS) of the Library of Congress. As stated in Public Law 91-510 (2 USC 166 (d)(6)), one of the duties of CRS is "to prepare summaries and digests of bills and resolutions of a public general nature introduced in the Senate or House of Representatives". For more information, refer to the User Guide that accompanies this file.</dc:description>
</dublinCore>
</BillSummaries>
