<?xml version="1.0" encoding="UTF-8"?><BillSummaries>
<item congress="116" measure-type="hr" measure-number="3550" measure-id="id116hr3550" originChamber="HOUSE" orig-publish-date="2019-06-27" update-date="2019-09-18">
<title>VOW to Hire Heroes Extension Act of 2019</title>
<summary summary-id="id116hr3550v00" currentChamber="HOUSE" update-date="2019-09-18">
<action-date>2019-06-27</action-date>
<action-desc>Introduced in House</action-desc>
<summary-text><![CDATA[<p><b>VOW to Hire Heroes Extension Act of 2019 </b></p> <p>This bill amends the Internal Revenue Code to (1) make permanent the work opportunity tax credit, including with respect to qualified veterans; (2) revise tax credit eligibility requirements for documenting the status of veterans and their receipt of unemployment compensation; and (3) extend the payroll tax offset for such credit to certain for-profit employers. </p> <p>The Internal Revenue Service must make annual reports to Congress on the effectiveness and cost-effectiveness of this bill in increasing the employment of veterans.</p> <p>The bill directs the Department of the Treasury to pay (1) each U.S. possession (i.e., American Samoa, Guam, the Commonwealth of the Northern Mariana Islands, the Commonwealth of Puerto Rico, and the U.S. Virgin Islands) with a mirror code tax system amounts equal to the loss to such possession due to this bill; and (2) each U.S. possession without such a tax system an amount estimated to equal the loss to such possession that would have occurred due to this bill if such a tax system had been in effect in that possession. </p>]]></summary-text>
</summary>
</item>
<dublinCore xmlns:dc="http://purl.org/dc/elements/1.1/">
<dc:format>text/xml</dc:format>
<dc:language>EN</dc:language>
<dc:rights>Pursuant to Title 17 Section 105 of the United States Code, this file is not subject to copyright protection and is in the public domain.</dc:rights>
<dc:contributor>Congressional Research Service, Library of Congress</dc:contributor>
<dc:description>This file contains bill summaries for federal legislation. A bill summary describes the most significant provisions of a piece of legislation and details the effects the legislative text may have on current law and federal programs. Bill summaries are authored by the Congressional Research Service (CRS) of the Library of Congress. As stated in Public Law 91-510 (2 USC 166 (d)(6)), one of the duties of CRS is "to prepare summaries and digests of bills and resolutions of a public general nature introduced in the Senate or House of Representatives". For more information, refer to the User Guide that accompanies this file.</dc:description>
</dublinCore>
</BillSummaries>
