<?xml version="1.0" encoding="UTF-8"?><BillSummaries>
<item congress="116" measure-type="hr" measure-number="80" measure-id="id116hr80" originChamber="HOUSE" orig-publish-date="2019-01-03" update-date="2019-01-16">
<title>Phoenix VA Congressional Oversight Act</title>
<summary summary-id="id116hr80v00" currentChamber="HOUSE" update-date="2019-01-16">
<action-date>2019-01-03</action-date>
<action-desc>Introduced in House</action-desc>
<summary-text><![CDATA[<p><b>Phoenix VA Congressional Oversight Act</b></p> <p>This bill directs the Department of Veterans Affairs (VA) to carry out a pilot program in Arizona, including at the VA's Phoenix health care system, to improve the ability of Members of Congress to assist constituents with VA medical benefits issues. The VA must establish a dedicated congressional relations team to assist congressional members and committees with casework issues at each VA health care system location in Arizona.</p>]]></summary-text>
</summary>
</item>
<dublinCore xmlns:dc="http://purl.org/dc/elements/1.1/">
<dc:format>text/xml</dc:format>
<dc:language>EN</dc:language>
<dc:rights>Pursuant to Title 17 Section 105 of the United States Code, this file is not subject to copyright protection and is in the public domain.</dc:rights>
<dc:contributor>Congressional Research Service, Library of Congress</dc:contributor>
<dc:description>This file contains bill summaries for federal legislation. A bill summary describes the most significant provisions of a piece of legislation and details the effects the legislative text may have on current law and federal programs. Bill summaries are authored by the Congressional Research Service (CRS) of the Library of Congress. As stated in Public Law 91-510 (2 USC 166 (d)(6)), one of the duties of CRS is "to prepare summaries and digests of bills and resolutions of a public general nature introduced in the Senate or House of Representatives". For more information, refer to the User Guide that accompanies this file.</dc:description>
</dublinCore>
</BillSummaries>
