<?xml version="1.0" encoding="UTF-8"?><BillSummaries>
<item congress="116" measure-type="hr" measure-number="1131" measure-id="id116hr1131" originChamber="HOUSE" orig-publish-date="2019-02-08" update-date="2019-03-07">
<title>Collaborative Academic Research Efforts for Tourette Syndrome Act of 2019</title>
<summary summary-id="id116hr1131v00" currentChamber="HOUSE" update-date="2019-03-07">
<action-date>2019-02-08</action-date>
<action-desc>Introduced in House</action-desc>
<summary-text><![CDATA[<p><b>Collaborative Academic Research Efforts for Tourette Syndrome Act of </b><b>2019</b></p> <p>This bill requires the National Institutes of Health (NIH) to expand, intensify, and coordinate NIH research on Tourette syndrome.</p> <p>The NIH must (1) develop a system to collect data on Tourette syndrome, including epidemiological information and data on the availability of medical and social services for individuals with Tourette syndrome and their families; (2) support Collaborative Research Centers for Tourette Syndrome to conduct basic and clinical research; (3) award grants for research on Tourette syndrome symptoms and treatment options for particular patient subpopulations; and (4) designate funding to carry out Tourette syndrome programs and activities.</p>]]></summary-text>
</summary>
</item>
<dublinCore xmlns:dc="http://purl.org/dc/elements/1.1/">
<dc:format>text/xml</dc:format>
<dc:language>EN</dc:language>
<dc:rights>Pursuant to Title 17 Section 105 of the United States Code, this file is not subject to copyright protection and is in the public domain.</dc:rights>
<dc:contributor>Congressional Research Service, Library of Congress</dc:contributor>
<dc:description>This file contains bill summaries for federal legislation. A bill summary describes the most significant provisions of a piece of legislation and details the effects the legislative text may have on current law and federal programs. Bill summaries are authored by the Congressional Research Service (CRS) of the Library of Congress. As stated in Public Law 91-510 (2 USC 166 (d)(6)), one of the duties of CRS is "to prepare summaries and digests of bills and resolutions of a public general nature introduced in the Senate or House of Representatives". For more information, refer to the User Guide that accompanies this file.</dc:description>
</dublinCore>
</BillSummaries>
