<?xml version="1.0" encoding="UTF-8"?><BillSummaries>
<item congress="116" measure-type="hr" measure-number="4120" measure-id="id116hr4120" originChamber="HOUSE" orig-publish-date="2019-07-30" update-date="2019-09-18">
<title>First-Time Homeowners Assistance Act of 2019</title>
<summary summary-id="id116hr4120v00" currentChamber="HOUSE" update-date="2019-09-18">
<action-date>2019-07-30</action-date>
<action-desc>Introduced in House</action-desc>
<summary-text><![CDATA[<p><b>First-Time Homeowners Assistance Act of 2019</b></p> <p>This bill establishes a tax-exempt qualified first-time homeowner assistance program. Under such a program, a person may make cash contributions to a first-time homeowner assistance account. </p> <p>The bill defines &quot;first-time homeowner assistance account&quot; as an account for providing down payment assistance to an account beneficiary who is a first-time homeowner of a principal residence in the United States. The amount of such downpayment assistance cannot exceed 10% of the cost of acquiring, constructing, or substantially improving the residence. </p>]]></summary-text>
</summary>
</item>
<dublinCore xmlns:dc="http://purl.org/dc/elements/1.1/">
<dc:format>text/xml</dc:format>
<dc:language>EN</dc:language>
<dc:rights>Pursuant to Title 17 Section 105 of the United States Code, this file is not subject to copyright protection and is in the public domain.</dc:rights>
<dc:contributor>Congressional Research Service, Library of Congress</dc:contributor>
<dc:description>This file contains bill summaries for federal legislation. A bill summary describes the most significant provisions of a piece of legislation and details the effects the legislative text may have on current law and federal programs. Bill summaries are authored by the Congressional Research Service (CRS) of the Library of Congress. As stated in Public Law 91-510 (2 USC 166 (d)(6)), one of the duties of CRS is "to prepare summaries and digests of bills and resolutions of a public general nature introduced in the Senate or House of Representatives". For more information, refer to the User Guide that accompanies this file.</dc:description>
</dublinCore>
</BillSummaries>
