<?xml version="1.0" encoding="UTF-8"?><BillSummaries>
<item congress="116" measure-type="hr" measure-number="1088" measure-id="id116hr1088" originChamber="HOUSE" orig-publish-date="2019-02-07" update-date="2019-12-02">
<title>FIRST Act</title>
<summary summary-id="id116hr1088v53" currentChamber="HOUSE" update-date="2019-12-02">
<action-date>2019-11-20</action-date>
<action-desc>Passed House</action-desc>
<summary-text><![CDATA[<p><strong>First Infantry Recognition of Sacrifice in Theater Act or the FIRST Act</strong></p> <p>This bill authorizes the Society of the First Infantry Division to modify the First Division Monument located on federal land in President's Park, District of Columbia, to honor members of the First Infantry Division of the U.S. Army who died during U.S. operations, including Operation Desert Storm, Operation Iraqi Freedom, Operation New Dawn, and Operation Enduring Freedom.</p> <p>The First Infantry Division must provide the society with a list of names to be added to the monument.</p> <p>The Commemorative Works Act, which prohibits monuments to military units, shall not apply to this authorization. </p> <p>Federal funds may not be used to pay the society for the modification.</p>]]></summary-text>
</summary>
<summary summary-id="id116hr1088v07" currentChamber="HOUSE" update-date="2019-11-18">
<action-date>2019-11-08</action-date>
<action-desc>Reported to House</action-desc>
<summary-text><![CDATA[<p><strong>First Infantry Recognition of Sacrifice in Theater Act or the FIRST Act</strong></p> <p>This bill authorizes the Society of the First Infantry Division to modify the First Division Monument located on federal land in President's Park, District of Columbia, to honor members of the First Infantry Division of the U.S. Army who died during U.S. operations, including Operation Desert Storm, Operation Iraqi Freedom, Operation New Dawn, and Operation Enduring Freedom.</p> <p>The First Infantry Division must provide the society with a list of names to be added to the monument.</p> <p>The Commemorative Works Act, which prohibits monuments to military units, shall not apply to this authorization. </p> <p>Federal funds may not be used to pay the society for the modification.</p>]]></summary-text>
</summary>
<summary summary-id="id116hr1088v00" currentChamber="HOUSE" update-date="2019-03-07">
<action-date>2019-02-07</action-date>
<action-desc>Introduced in House</action-desc>
<summary-text><![CDATA[<p><strong>First Infantry Recognition of Sacrifice in Theater Act or the FIRST Act</strong></p> <p>This bill authorizes the Society of the First Infantry Division to modify the First Division Monument located on federal land in Presidential Park, District of Columbia, to honor members of the First Infantry Division of the U.S. Army who died during U.S. operations, including Operation Desert Storm, Operation Iraqi Freedom, Operation New Dawn, and Operation Enduring Freedom.</p> <p>The First Infantry Division must provide the society with a list of names to be added to the monument.</p> <p>The Commemorative Works Act, which prohibits monuments to military units, shall not apply to this authorization.</p> <p>Federal funds may not be used to pay the society for the modification.</p>]]></summary-text>
</summary>
</item>
<dublinCore xmlns:dc="http://purl.org/dc/elements/1.1/">
<dc:format>text/xml</dc:format>
<dc:language>EN</dc:language>
<dc:rights>Pursuant to Title 17 Section 105 of the United States Code, this file is not subject to copyright protection and is in the public domain.</dc:rights>
<dc:contributor>Congressional Research Service, Library of Congress</dc:contributor>
<dc:description>This file contains bill summaries for federal legislation. A bill summary describes the most significant provisions of a piece of legislation and details the effects the legislative text may have on current law and federal programs. Bill summaries are authored by the Congressional Research Service (CRS) of the Library of Congress. As stated in Public Law 91-510 (2 USC 166 (d)(6)), one of the duties of CRS is "to prepare summaries and digests of bills and resolutions of a public general nature introduced in the Senate or House of Representatives". For more information, refer to the User Guide that accompanies this file.</dc:description>
</dublinCore>
</BillSummaries>
