<?xml version="1.0" encoding="UTF-8"?><BillSummaries>
<item congress="116" measure-type="hr" measure-number="2015" measure-id="id116hr2015" originChamber="HOUSE" orig-publish-date="2019-04-01" update-date="2019-09-17">
<title>TRACED Act</title>
<summary summary-id="id116hr2015v00" currentChamber="HOUSE" update-date="2019-09-17">
<action-date>2019-04-01</action-date>
<action-desc>Introduced in House</action-desc>
<summary-text><![CDATA[<p><b>Telephone Robocall Abuse Criminal Enforcement and Deterrence Act or the TRACED Act</b></p> <p>This bill implements a forfeiture penalty for violations (with or without intent) of the prohibition on certain robocalls. The bill also removes an annual reporting requirement for enforcement relating to unsolicited facsimile advertisements. </p> <p>The bill requires voice service providers to develop call authentication technologies.</p> <p> The Federal Communications Commission (FCC) shall promulgate rules establishing when a provider may block a voice call based on information provided by the call authentication framework, but also must establish a process to permit a calling party adversely affected by the framework to verify the authenticity of their calls. The FCC shall also initiate a rulemaking to help protect a subscriber from receiving unwanted calls or texts from a caller using an unauthenticated number. </p> <p>This bill requires the Department of Justice and the FCC to assemble an interagency working group to study and report to Congress on the enforcement of the prohibition of certain robocalls. Specifically, the working group will look into how to better enforce against robocalls by examining issues like the types of laws, policies, or constraints that could be inhibiting enforcement. </p> <p>The bill requires the FCC to initiate a proceeding to determine whether its policies regarding access to number resources could be modified to help reduce access to numbers by potential robocall violators. </p>]]></summary-text>
</summary>
</item>
<dublinCore xmlns:dc="http://purl.org/dc/elements/1.1/">
<dc:format>text/xml</dc:format>
<dc:language>EN</dc:language>
<dc:rights>Pursuant to Title 17 Section 105 of the United States Code, this file is not subject to copyright protection and is in the public domain.</dc:rights>
<dc:contributor>Congressional Research Service, Library of Congress</dc:contributor>
<dc:description>This file contains bill summaries for federal legislation. A bill summary describes the most significant provisions of a piece of legislation and details the effects the legislative text may have on current law and federal programs. Bill summaries are authored by the Congressional Research Service (CRS) of the Library of Congress. As stated in Public Law 91-510 (2 USC 166 (d)(6)), one of the duties of CRS is "to prepare summaries and digests of bills and resolutions of a public general nature introduced in the Senate or House of Representatives". For more information, refer to the User Guide that accompanies this file.</dc:description>
</dublinCore>
</BillSummaries>
