<?xml version="1.0" encoding="UTF-8"?><BillSummaries>
<item congress="116" measure-type="hr" measure-number="912" measure-id="id116hr912" originChamber="HOUSE" orig-publish-date="2019-01-30" update-date="2019-09-17">
<title>Esther Martinez Native American Languages Programs Reauthorization Act</title>
<summary summary-id="id116hr912v00" currentChamber="HOUSE" update-date="2019-09-17">
<action-date>2019-01-30</action-date>
<action-desc>Introduced in House</action-desc>
<summary-text><![CDATA[<p><b>Esther Martinez Native American Languages Programs Reauthorization Act</b></p> <p> This bill revises a grant program administered by the Administration for Native Americans at the Department of Health and Human Services to preserve Native American languages. The minimum number of enrollees in educational programs funded by grants is reduced from 10 to 5 enrollees in Native American language nests, which provide instruction through the use of a Native American language for children under the age of 7 and their parents. For survival schools, which are programs striving for fluency in a Native American language and proficiency in other academic fields, the minimum number of enrollees is reduced from 15 to 10. The bill increases the maximum duration of grants.</p> <p>The program is reauthorized through FY2024.</p>]]></summary-text>
</summary>
</item>
<dublinCore xmlns:dc="http://purl.org/dc/elements/1.1/">
<dc:format>text/xml</dc:format>
<dc:language>EN</dc:language>
<dc:rights>Pursuant to Title 17 Section 105 of the United States Code, this file is not subject to copyright protection and is in the public domain.</dc:rights>
<dc:contributor>Congressional Research Service, Library of Congress</dc:contributor>
<dc:description>This file contains bill summaries for federal legislation. A bill summary describes the most significant provisions of a piece of legislation and details the effects the legislative text may have on current law and federal programs. Bill summaries are authored by the Congressional Research Service (CRS) of the Library of Congress. As stated in Public Law 91-510 (2 USC 166 (d)(6)), one of the duties of CRS is "to prepare summaries and digests of bills and resolutions of a public general nature introduced in the Senate or House of Representatives". For more information, refer to the User Guide that accompanies this file.</dc:description>
</dublinCore>
</BillSummaries>
