<?xml version="1.0" encoding="UTF-8"?><BillSummaries>
<item congress="116" measure-type="hr" measure-number="247" measure-id="id116hr247" originChamber="HOUSE" orig-publish-date="2019-01-04" update-date="2019-01-25">
<title>Federal CIO Authorization Act of 2019</title>
<summary summary-id="id116hr247v53" currentChamber="HOUSE" update-date="2019-01-25">
<action-date>2019-01-15</action-date>
<action-desc>Passed House</action-desc>
<summary-text><![CDATA[<p><b>Federal CIO Authorization Act of 2019</b></p> <p>This bill reorganizes Office of Management and Budget (OMB) information technology (IT) activities and establishes new IT reporting requirements.</p> <p>The bill renames (1) the Office of E-Government &amp; Information Technology (E-Gov) as the Office of the Federal Chief Information Officer (Federal CIO), and (2) the E-Government Fund as the Federal IT Fund. The office shall be headed by a Federal Chief Information Officer who shall report directly to the Director of OMB (currently, the head of E-Gov reports to the Deputy Director). There is established in the office a Federal Chief Information Security Officer.</p>  <p>Agencies must report IT expenditures to the Federal CIO. The Federal CIO must publish timely, searchable, computer-readable data on agency IT expenditures, projects, and programs.</p> <p>The Federal CIO shall submit to Congress a proposal for consolidating IT across the federal government and increasing the use of shared services.</p>]]></summary-text>
</summary>
<summary summary-id="id116hr247v00" currentChamber="HOUSE" update-date="2019-01-09">
<action-date>2019-01-04</action-date>
<action-desc>Introduced in House</action-desc>
<summary-text><![CDATA[<p><b>Federal CIO Authorization Act of 2019</b></p> <p>This bill reorganizes Office of Management and Budget (OMB) information technology (IT) activities and establishes new IT reporting requirements.</p> <p>The bill renames (1) the Office of E-Government &amp; Information Technology (E-Gov) as the Office of the Federal Chief Information Officer (Federal CIO), and (2) the E-Government Fund as the Federal IT Fund. The office shall be headed by a Federal Chief Information Officer who shall report directly to the Director of OMB (currently, the head of E-Gov reports to the Deputy Director). There is established in the office a Federal Chief Information Security Officer.</p>  <p>Agencies must report IT expenditures to the Federal CIO. The Federal CIO must publish timely, searchable, computer-readable data on agency IT expenditures, projects, and programs.</p> <p>The Federal CIO shall submit to Congress a proposal for consolidating IT across the federal government and increasing the use of shared services.</p>]]></summary-text>
</summary>
</item>
<dublinCore xmlns:dc="http://purl.org/dc/elements/1.1/">
<dc:format>text/xml</dc:format>
<dc:language>EN</dc:language>
<dc:rights>Pursuant to Title 17 Section 105 of the United States Code, this file is not subject to copyright protection and is in the public domain.</dc:rights>
<dc:contributor>Congressional Research Service, Library of Congress</dc:contributor>
<dc:description>This file contains bill summaries for federal legislation. A bill summary describes the most significant provisions of a piece of legislation and details the effects the legislative text may have on current law and federal programs. Bill summaries are authored by the Congressional Research Service (CRS) of the Library of Congress. As stated in Public Law 91-510 (2 USC 166 (d)(6)), one of the duties of CRS is "to prepare summaries and digests of bills and resolutions of a public general nature introduced in the Senate or House of Representatives". For more information, refer to the User Guide that accompanies this file.</dc:description>
</dublinCore>
</BillSummaries>
