<?xml version="1.0" encoding="UTF-8"?><BillSummaries>
<item congress="116" measure-type="hr" measure-number="186" measure-id="id116hr186" originChamber="HOUSE" orig-publish-date="2019-01-03" update-date="2019-01-22">
<title>Veterans Jobs Opportunity Act</title>
<summary summary-id="id116hr186v00" currentChamber="HOUSE" update-date="2019-01-22">
<action-date>2019-01-03</action-date>
<action-desc>Introduced in House</action-desc>
<summary-text><![CDATA[<p><strong></strong><b>Veterans Jobs Opportunity Act</b></p> <p>This bill allows a new business-related tax credit for the start-up expenses of a veteran-owned small business in an underserved community. </p> <p>The allowable amount of such credit is 15% of start-up expenditures that do not exceed $80,000. To be eligible for the credit, the small business must (1) be owned and controlled by one or more veterans or spouses of veterans, and (2) have a principal place of business in an underserved community. </p> <p>An "underserved community" is any area located within (1) a HUBZone (as defined by the Small Business Act), (2) an empowerment zone or an enterprise community, (3) an area of low income or moderate income (as recognized by the Federal Financial Institutions Examination Council), or (4) a county with persistent poverty (as classified by the Economic Research Service of the Department of Agriculture).</p>]]></summary-text>
</summary>
</item>
<dublinCore xmlns:dc="http://purl.org/dc/elements/1.1/">
<dc:format>text/xml</dc:format>
<dc:language>EN</dc:language>
<dc:rights>Pursuant to Title 17 Section 105 of the United States Code, this file is not subject to copyright protection and is in the public domain.</dc:rights>
<dc:contributor>Congressional Research Service, Library of Congress</dc:contributor>
<dc:description>This file contains bill summaries for federal legislation. A bill summary describes the most significant provisions of a piece of legislation and details the effects the legislative text may have on current law and federal programs. Bill summaries are authored by the Congressional Research Service (CRS) of the Library of Congress. As stated in Public Law 91-510 (2 USC 166 (d)(6)), one of the duties of CRS is "to prepare summaries and digests of bills and resolutions of a public general nature introduced in the Senate or House of Representatives". For more information, refer to the User Guide that accompanies this file.</dc:description>
</dublinCore>
</BillSummaries>
