<?xml version="1.0" encoding="UTF-8"?><BillSummaries>
<item congress="116" measure-type="hr" measure-number="315" measure-id="id116hr315" originChamber="HOUSE" orig-publish-date="2019-01-08" update-date="2020-03-02">
<title>Community Reclamation Partnerships Act</title>
<summary summary-id="id116hr315v07" currentChamber="HOUSE" update-date="2020-03-02">
<action-date>2020-02-25</action-date>
<action-desc>Reported to House</action-desc>
<summary-text><![CDATA[<p><b>Community Reclamation Partnerships Act</b></p> <p>This bill revises the Abandoned Mine Land Reclamation Program which restores land and water adversely impacted by surface coal mines that were abandoned before August 3, 1977.</p> <p>A state with an approved reclamation program may enter into a memorandum of understanding with relevant federal or state agencies for remediating mine drainage on abandoned mine land and water impacted by abandoned mines. </p> <p>In addition, the bill authorizes a partnership between a state and a community reclaimer for remediating abandoned mine land if</p> <ul> <li>the partnership's proposed project is consistent with an approved state memorandum of understanding and conducted on certain prioritized sites; </li> <li>the state assumes all responsibly on behalf of the community reclaimer and the owner of the proposed project site for costs or damages resulting from actions or inactions of the community reclaimer in carrying out the project, except for gross negligence or intentional misconduct by the community reclaimer; and </li> <li>the state has necessary legal authority to conduct the project and has financial resources to ensure the project's completion. </li></ul> <p>A community reclaimer is a person who (1) voluntarily assists a state in a reclamation project, (2) did not participate in the creation of site conditions at the proposed site or activities that caused any land or waters to become eligible for reclamation or drainage abatement expenditures, (3) is not a past or current owner or operator of any site with ongoing reclamation obligations, and (4) is not subject to outstanding violations of surface coal mining permits.</p>]]></summary-text>
</summary>
<summary summary-id="id116hr315v00" currentChamber="HOUSE" update-date="2019-02-01">
<action-date>2019-01-08</action-date>
<action-desc>Introduced in House</action-desc>
<summary-text><![CDATA[<p><b>Community Reclamation Partnerships Act</b></p> <p>This bill revises the Abandoned Mine Land Reclamation Program which restores land and water adversely impacted by surface coal mines that were abandoned before August 3, 1977.</p> <p>A state with an approved reclamation program may enter into a memorandum of understanding with relevant federal or state agencies for remediating mine drainage on abandoned mine land and water impacted by abandoned mines. </p> <p>In addition, the bill authorizes a partnership between a state and a community reclaimer for remediating abandoned mine land if</p> <ul> <li>the partnership's proposed project is consistent with an approved state memorandum of understanding and conducted on certain prioritized sites; </li> <li>the state assumes all responsibly on behalf of the community reclaimer and the owner of the proposed project site for costs or damages resulting from actions or inactions of the community reclaimer in carrying out the project, except for gross negligence or intentional misconduct by the community reclaimer; and</li> <li>the state has necessary legal authority to conduct the project and has financial resources to ensure the project's completion.</li> </ul> <p>A community reclaimer is a person who (1) voluntarily assists a state in a reclamation project, (2) did not participate in the creation of site conditions at the proposed site or activities that caused any land or waters to become eligible for reclamation or drainage abatement expenditures, (3) is not a past or current owner or operator of any site with ongoing reclamation obligations, and (4) is not subject to outstanding violations of surface coal mining permits.</p>]]></summary-text>
</summary>
</item>
<dublinCore xmlns:dc="http://purl.org/dc/elements/1.1/">
<dc:format>text/xml</dc:format>
<dc:language>EN</dc:language>
<dc:rights>Pursuant to Title 17 Section 105 of the United States Code, this file is not subject to copyright protection and is in the public domain.</dc:rights>
<dc:contributor>Congressional Research Service, Library of Congress</dc:contributor>
<dc:description>This file contains bill summaries for federal legislation. A bill summary describes the most significant provisions of a piece of legislation and details the effects the legislative text may have on current law and federal programs. Bill summaries are authored by the Congressional Research Service (CRS) of the Library of Congress. As stated in Public Law 91-510 (2 USC 166 (d)(6)), one of the duties of CRS is "to prepare summaries and digests of bills and resolutions of a public general nature introduced in the Senate or House of Representatives". For more information, refer to the User Guide that accompanies this file.</dc:description>
</dublinCore>
</BillSummaries>
