<?xml version="1.0" encoding="UTF-8"?><BillSummaries>
<item congress="116" measure-type="hr" measure-number="536" measure-id="id116hr536" originChamber="HOUSE" orig-publish-date="2019-01-14" update-date="2019-02-04">
<title>Hurricane Florence Tax Relief Act</title>
<summary summary-id="id116hr536v00" currentChamber="HOUSE" update-date="2019-02-04">
<action-date>2019-01-14</action-date>
<action-desc>Introduced in House</action-desc>
<summary-text><![CDATA[<p><b>Hurricane Florence Tax Relief Act</b></p> <p>This bill allows various tax credits, tax deductions, and modifications to existing rules for individuals and businesses affected by Hurricane Florence. </p> <p>With respect to individuals and businesses in the affected areas, the bill </p> <ul> <li> waives the 10% additional tax on early distributions from retirement plans for up to $100,000 in distributions made on or after September 13, 2018, and before January 1, 2020; </li> <li> permits individuals to recontribute funds to retirement plans if the funds were distributed for a home purchase in a Hurricane Florence disaster area that was cancelled on account of the hurricane; </li> <li> increases the limit and extends the repayment deadline for loans from retirement plans; </li> <li> allows an employee retention tax credit for a portion of the wages paid to an employee whose principal place of employment on specified dates was in a Hurricane Florence disaster zone; </li> <li> temporarily suspends the limitation on charitable contributions for relief efforts in the Hurricane Florence disaster area; </li> <li> modifies the rules for the deduction for personal casualty losses; and </li> <li> allows taxpayers to use earned income from the immediately preceding year for the purpose of determining earned income for the earned income tax credit and the child tax credit. </li> </ul>]]></summary-text>
</summary>
</item>
<dublinCore xmlns:dc="http://purl.org/dc/elements/1.1/">
<dc:format>text/xml</dc:format>
<dc:language>EN</dc:language>
<dc:rights>Pursuant to Title 17 Section 105 of the United States Code, this file is not subject to copyright protection and is in the public domain.</dc:rights>
<dc:contributor>Congressional Research Service, Library of Congress</dc:contributor>
<dc:description>This file contains bill summaries for federal legislation. A bill summary describes the most significant provisions of a piece of legislation and details the effects the legislative text may have on current law and federal programs. Bill summaries are authored by the Congressional Research Service (CRS) of the Library of Congress. As stated in Public Law 91-510 (2 USC 166 (d)(6)), one of the duties of CRS is "to prepare summaries and digests of bills and resolutions of a public general nature introduced in the Senate or House of Representatives". For more information, refer to the User Guide that accompanies this file.</dc:description>
</dublinCore>
</BillSummaries>
