<?xml version="1.0" encoding="UTF-8"?><BillSummaries>
<item congress="116" measure-type="hr" measure-number="278" measure-id="id116hr278" originChamber="HOUSE" orig-publish-date="2019-01-08" update-date="2020-12-21">
<title>To direct the Secretary of the Interior to convey certain facilities, easements, and rights-of-way to the Kennewick Irrigation District, and for other purposes.</title>
<summary summary-id="id116hr278v07" currentChamber="HOUSE" update-date="2020-12-21">
<action-date>2020-12-15</action-date>
<action-desc>Reported to House</action-desc>
<summary-text><![CDATA[<p>This bill directs the Bureau of Reclamation to convey to Kennewick Irrigation District certain canals, laterals, and appurtenant works and lands, which begin at the district's head gate and extend 40 miles east to the Columbia River. The irrigation district is located in Benton County, Washington.</p>]]></summary-text>
</summary>
<summary summary-id="id116hr278v00" currentChamber="HOUSE" update-date="2019-02-15">
<action-date>2019-01-08</action-date>
<action-desc>Introduced in House</action-desc>
<summary-text><![CDATA[<p>This bill directs the Bureau of Reclamation to convey to Kennewick Irrigation District, located in Benton County, Washington, certain canals, laterals, and appurtenant works and lands, which begin at the district's head gate and extend 40 miles east to the Columbia River.</p>]]></summary-text>
</summary>
</item>
<dublinCore xmlns:dc="http://purl.org/dc/elements/1.1/">
<dc:format>text/xml</dc:format>
<dc:language>EN</dc:language>
<dc:rights>Pursuant to Title 17 Section 105 of the United States Code, this file is not subject to copyright protection and is in the public domain.</dc:rights>
<dc:contributor>Congressional Research Service, Library of Congress</dc:contributor>
<dc:description>This file contains bill summaries for federal legislation. A bill summary describes the most significant provisions of a piece of legislation and details the effects the legislative text may have on current law and federal programs. Bill summaries are authored by the Congressional Research Service (CRS) of the Library of Congress. As stated in Public Law 91-510 (2 USC 166 (d)(6)), one of the duties of CRS is "to prepare summaries and digests of bills and resolutions of a public general nature introduced in the Senate or House of Representatives". For more information, refer to the User Guide that accompanies this file.</dc:description>
</dublinCore>
</BillSummaries>
