<?xml version="1.0" encoding="UTF-8"?><BillSummaries>
<item congress="116" measure-type="hr" measure-number="958" measure-id="id116hr958" originChamber="HOUSE" orig-publish-date="2019-02-04" update-date="2019-09-17">
<title>Native Youth and Tribal Officer Protection Act</title>
<summary summary-id="id116hr958v00" currentChamber="HOUSE" update-date="2019-09-17">
<action-date>2019-02-04</action-date>
<action-desc>Introduced in House</action-desc>
<summary-text><![CDATA[<p><b>Native Youth and Tribal Officer Protection Act</b></p> <p>This bill extends tribal jurisdiction over the following crimes: </p> <UL> <LI>violence committed against a child by a caregiver; <LI>violence against law enforcement officers involved in preventing, investigating, arresting, or prosecuting a person for domestic violence, dating violence, or child violence; <LI>attempted dating violence or domestic violence; or <LI>threatened dating violence or domestic violence. </LI> </UL> <p>In addition, the bill reauthorizes grants to tribal governments for exercising tribal criminal jurisdiction for those crimes through FY2022.</p>]]></summary-text>
</summary>
</item>
<dublinCore xmlns:dc="http://purl.org/dc/elements/1.1/">
<dc:format>text/xml</dc:format>
<dc:language>EN</dc:language>
<dc:rights>Pursuant to Title 17 Section 105 of the United States Code, this file is not subject to copyright protection and is in the public domain.</dc:rights>
<dc:contributor>Congressional Research Service, Library of Congress</dc:contributor>
<dc:description>This file contains bill summaries for federal legislation. A bill summary describes the most significant provisions of a piece of legislation and details the effects the legislative text may have on current law and federal programs. Bill summaries are authored by the Congressional Research Service (CRS) of the Library of Congress. As stated in Public Law 91-510 (2 USC 166 (d)(6)), one of the duties of CRS is "to prepare summaries and digests of bills and resolutions of a public general nature introduced in the Senate or House of Representatives". For more information, refer to the User Guide that accompanies this file.</dc:description>
</dublinCore>
</BillSummaries>
