<?xml version="1.0" encoding="UTF-8"?><BillSummaries>
<item congress="116" measure-type="hr" measure-number="127" measure-id="id116hr127" originChamber="HOUSE" orig-publish-date="2019-01-03" update-date="2019-03-07">
<title>CARERS Act of 2019</title>
<summary summary-id="id116hr127v00" currentChamber="HOUSE" update-date="2019-03-07">
<action-date>2019-01-03</action-date>
<action-desc>Introduced in House</action-desc>
<summary-text><![CDATA[<p><b>Compassionate Access, Research Expansion, and Respect States Act of 2019 or the CARERS Act of 2019</b></p> <p>This bill removes restrictions on, and creates new protections for, conduct and activities related to medical marijuana that are authorized by state law. </p> <p>Among other things, the bill does the following:</p> <ul> <li>eliminates regulatory controls and administrative, civil, and criminal penalties under the Controlled Substances Act for producing, possessing, distributing, dispensing, administering, testing, recommending, or delivering medical marijuana in compliance with state law; </li> <li>establishes a new, separate registration process to facilitate medical marijuana research; and </li> <li>authorizes health care providers employed by the Department of Veterans Affairs to make recommendations to veterans regarding participation in state marijuana programs. </li> </ul>]]></summary-text>
</summary>
</item>
<dublinCore xmlns:dc="http://purl.org/dc/elements/1.1/">
<dc:format>text/xml</dc:format>
<dc:language>EN</dc:language>
<dc:rights>Pursuant to Title 17 Section 105 of the United States Code, this file is not subject to copyright protection and is in the public domain.</dc:rights>
<dc:contributor>Congressional Research Service, Library of Congress</dc:contributor>
<dc:description>This file contains bill summaries for federal legislation. A bill summary describes the most significant provisions of a piece of legislation and details the effects the legislative text may have on current law and federal programs. Bill summaries are authored by the Congressional Research Service (CRS) of the Library of Congress. As stated in Public Law 91-510 (2 USC 166 (d)(6)), one of the duties of CRS is "to prepare summaries and digests of bills and resolutions of a public general nature introduced in the Senate or House of Representatives". For more information, refer to the User Guide that accompanies this file.</dc:description>
</dublinCore>
</BillSummaries>
