<?xml version="1.0" encoding="UTF-8"?><BillSummaries>
<item congress="116" measure-type="hr" measure-number="47" measure-id="id116hr47" originChamber="HOUSE" orig-publish-date="2019-01-03" update-date="2019-03-06">
<title>TRUMP Special Counsel Act</title>
<summary summary-id="id116hr47v00" currentChamber="HOUSE" update-date="2019-03-06">
<action-date>2019-01-03</action-date>
<action-desc>Introduced in House</action-desc>
<summary-text><![CDATA[<p> <p><b>Trusted, Reliable, Unquestioned Method of Procedure for Special Counsel Appointment, Limitations, and Powers Act of 2019 or the TRUMP Special Counsel Act</b></p> <p>This bill provides statutory authority for the appointment, oversight, and removal of a special counsel.</p> <p>The bill establishes the qualifications, scope of jurisdiction, and authority of a special counsel. </p> <p>It also sets forth requirements and limitations with respect to the removal from office of a special counsel.</p> <p>Finally, the bill requires the Department of Justice to notify Congress when a special counsel is appointed, when a special counsel is removed, and after a special counsel's investigation concludes.</p>]]></summary-text>
</summary>
</item>
<dublinCore xmlns:dc="http://purl.org/dc/elements/1.1/">
<dc:format>text/xml</dc:format>
<dc:language>EN</dc:language>
<dc:rights>Pursuant to Title 17 Section 105 of the United States Code, this file is not subject to copyright protection and is in the public domain.</dc:rights>
<dc:contributor>Congressional Research Service, Library of Congress</dc:contributor>
<dc:description>This file contains bill summaries for federal legislation. A bill summary describes the most significant provisions of a piece of legislation and details the effects the legislative text may have on current law and federal programs. Bill summaries are authored by the Congressional Research Service (CRS) of the Library of Congress. As stated in Public Law 91-510 (2 USC 166 (d)(6)), one of the duties of CRS is "to prepare summaries and digests of bills and resolutions of a public general nature introduced in the Senate or House of Representatives". For more information, refer to the User Guide that accompanies this file.</dc:description>
</dublinCore>
</BillSummaries>
