<?xml version="1.0" encoding="UTF-8"?><BillSummaries>
<item congress="116" measure-type="hr" measure-number="982" measure-id="id116hr982" originChamber="HOUSE" orig-publish-date="2019-02-05" update-date="2019-02-21">
<title>To avoid duplicative annual reporting under the Internal Revenue Code of 1986 and the Employee Retirement Income Security Act of 1974, and for other purposes.</title>
<summary summary-id="id116hr982v00" currentChamber="HOUSE" update-date="2019-02-21">
<action-date>2019-02-05</action-date>
<action-desc>Introduced in House</action-desc>
<summary-text><![CDATA[<p>This bill requires the Department of the Treasury and the Department of Labor to cooperate to modify specified returns required for deferred compensation plans and other employee benefit plans to permit all members of a group of plans to file a single aggregated annual return or report satisfying the requirements of both the Internal Revenue Code and the Employee Retirement Income Security Act of 1974 (ERISA). </p> <p>The requirement applies to a group in which all of the plans </p> <ul> <li> are individual account plans or defined contribution plans; </li> <li> have the same trustee, the same one or more named fiduciaries, the same administrator, and plan years beginning on the same date; and </li> <li> provide the same investments or investment options to participants and beneficiaries. </li> </ul> <p>The bill also specifies that, for the purposes of applying the numerical limitations related to the electronic filing of returns for deferred compensation plans, each plan for which information is provided on the return must be treated as a separate return. </p>]]></summary-text>
</summary>
</item>
<dublinCore xmlns:dc="http://purl.org/dc/elements/1.1/">
<dc:format>text/xml</dc:format>
<dc:language>EN</dc:language>
<dc:rights>Pursuant to Title 17 Section 105 of the United States Code, this file is not subject to copyright protection and is in the public domain.</dc:rights>
<dc:contributor>Congressional Research Service, Library of Congress</dc:contributor>
<dc:description>This file contains bill summaries for federal legislation. A bill summary describes the most significant provisions of a piece of legislation and details the effects the legislative text may have on current law and federal programs. Bill summaries are authored by the Congressional Research Service (CRS) of the Library of Congress. As stated in Public Law 91-510 (2 USC 166 (d)(6)), one of the duties of CRS is "to prepare summaries and digests of bills and resolutions of a public general nature introduced in the Senate or House of Representatives". For more information, refer to the User Guide that accompanies this file.</dc:description>
</dublinCore>
</BillSummaries>
