<?xml version="1.0" encoding="UTF-8"?><BillSummaries>
<item congress="116" measure-type="hr" measure-number="1111" measure-id="id116hr1111" originChamber="HOUSE" orig-publish-date="2019-02-08" update-date="2019-03-08">
<title>Department of Peacebuilding Act of 2019</title>
<summary summary-id="id116hr1111v00" currentChamber="HOUSE" update-date="2019-03-08">
<action-date>2019-02-08</action-date>
<action-desc>Introduced in House</action-desc>
<summary-text><![CDATA[<p><strong>Department of Peacebuilding Act of 2019</strong></p> <p>This bill establishes a Department of Peacebuilding in the executive branch, dedicated to peacebuilding, peacemaking, and the study and promotion of conditions conducive to both domestic and international peace and a culture of peace. </p> <p>The mission of the department includes the cultivation of peace and peacebuilding as a strategic national policy objective and development of policies that promote national and international conflict prevention, nonviolent intervention, mediation, peaceful conflict resolution, and structured conflict mediation.</p> <p>The department shall collaborate with others to promote personal and community security and peace by supporting policies to</p> <ul> <li>address personal and family violence, including suicide;</li> <li>address crime, punishment, and rehabilitation, including by reducing prison recidivism rates;</li> <li>reduce drug and alcohol abuse; and</li> <li>create, through local community initiatives, peace projects that facilitate conflict resolution and healing of societal wounds.</li> </ul> <p>A Federal Interagency Committee on Peace is established to coordinate the actions of the department with other federal agencies.</p> <p>The Department of Defense and the Department of State must consult with the department concerning nonviolent means of conflict resolution when a conflict between the United States and any other government or entity is foreseeable, imminent, or occurring.</p> <p>The department shall encourage citizens to observe and celebrate the blessings of peace and endeavor to create peace on Peace Days.</p>]]></summary-text>
</summary>
</item>
<dublinCore xmlns:dc="http://purl.org/dc/elements/1.1/">
<dc:format>text/xml</dc:format>
<dc:language>EN</dc:language>
<dc:rights>Pursuant to Title 17 Section 105 of the United States Code, this file is not subject to copyright protection and is in the public domain.</dc:rights>
<dc:contributor>Congressional Research Service, Library of Congress</dc:contributor>
<dc:description>This file contains bill summaries for federal legislation. A bill summary describes the most significant provisions of a piece of legislation and details the effects the legislative text may have on current law and federal programs. Bill summaries are authored by the Congressional Research Service (CRS) of the Library of Congress. As stated in Public Law 91-510 (2 USC 166 (d)(6)), one of the duties of CRS is "to prepare summaries and digests of bills and resolutions of a public general nature introduced in the Senate or House of Representatives". For more information, refer to the User Guide that accompanies this file.</dc:description>
</dublinCore>
</BillSummaries>
