<?xml version="1.0" encoding="UTF-8"?><BillSummaries>
<item congress="116" measure-type="hr" measure-number="398" measure-id="id116hr398" originChamber="HOUSE" orig-publish-date="2019-01-09" update-date="2019-01-31">
<title>21st Century Energy Workforce Act</title>
<summary summary-id="id116hr398v00" currentChamber="HOUSE" update-date="2019-01-31">
<action-date>2019-01-09</action-date>
<action-desc>Introduced in House</action-desc>
<summary-text><![CDATA[<p><b>21st Century Energy Workforce Act</b></p> <p>This bill directs the Department of Energy (DOE) to establish a National Center of Excellence for the 21st Century Workforce Advisory Board to (1) support and develop training and science education programs, (2) align apprenticeship programs and industry certifications to further develop succession planning in the energy sector, (3) integrate educational standards to develop foundational skills for elementary and secondary education and postsecondary education to create a pipeline between education and career, and (4) support the replication of existing model energy curricula. </p> <p>DOE shall also establish a pilot program to award grants on a competitive basis to eligible entities for job training to obtain an industry-recognized credential.</p> <p>Grant amounts are limited to $1 million for any one year. The federal share of the cost of a job training and education program using a grant shall be up to 65%, while the non-federal share may not be less than 50% cash.</p>]]></summary-text>
</summary>
</item>
<dublinCore xmlns:dc="http://purl.org/dc/elements/1.1/">
<dc:format>text/xml</dc:format>
<dc:language>EN</dc:language>
<dc:rights>Pursuant to Title 17 Section 105 of the United States Code, this file is not subject to copyright protection and is in the public domain.</dc:rights>
<dc:contributor>Congressional Research Service, Library of Congress</dc:contributor>
<dc:description>This file contains bill summaries for federal legislation. A bill summary describes the most significant provisions of a piece of legislation and details the effects the legislative text may have on current law and federal programs. Bill summaries are authored by the Congressional Research Service (CRS) of the Library of Congress. As stated in Public Law 91-510 (2 USC 166 (d)(6)), one of the duties of CRS is "to prepare summaries and digests of bills and resolutions of a public general nature introduced in the Senate or House of Representatives". For more information, refer to the User Guide that accompanies this file.</dc:description>
</dublinCore>
</BillSummaries>
