<?xml version="1.0" encoding="UTF-8"?><BillSummaries>
<item congress="116" measure-type="hr" measure-number="1267" measure-id="id116hr1267" originChamber="HOUSE" orig-publish-date="2019-02-14" update-date="2020-09-18">
<title>B-47 Ridge Designation Act</title>
<summary summary-id="id116hr1267v07" currentChamber="HOUSE" update-date="2020-09-18">
<action-date>2020-09-14</action-date>
<action-desc>Reported to House</action-desc>
<summary-text><![CDATA[<p><b>B-47 Ridge Designation Act</b></p> <p>This bill designates the mountain ridge that runs south and west of Emigrant Peak in the Absaroka Range in Montana, which is where an Air Force B-47 strategic bomber crashed while on a training mission in 1962, as the "B-47 Ridge."</p> <p>The bill permits the installing of a plaque on the ridge in memory of such crash. </p>]]></summary-text>
</summary>
<summary summary-id="id116hr1267v00" currentChamber="HOUSE" update-date="2019-03-11">
<action-date>2019-02-14</action-date>
<action-desc>Introduced in House</action-desc>
<summary-text><![CDATA[<p><b>B-47 Ridge Designation Act</b></p> <p>This bill designates the mountain ridge that runs south and west of Emigrant Peak in the Absaroka Range in Montana, which is where an Air Force B-47 strategic bomber crashed while on a training mission in 1962, as the "B-47 Ridge."</p> <p>The bill permits the installing of a plaque on the ridge in memory of such crash. </p>]]></summary-text>
</summary>
</item>
<dublinCore xmlns:dc="http://purl.org/dc/elements/1.1/">
<dc:format>text/xml</dc:format>
<dc:language>EN</dc:language>
<dc:rights>Pursuant to Title 17 Section 105 of the United States Code, this file is not subject to copyright protection and is in the public domain.</dc:rights>
<dc:contributor>Congressional Research Service, Library of Congress</dc:contributor>
<dc:description>This file contains bill summaries for federal legislation. A bill summary describes the most significant provisions of a piece of legislation and details the effects the legislative text may have on current law and federal programs. Bill summaries are authored by the Congressional Research Service (CRS) of the Library of Congress. As stated in Public Law 91-510 (2 USC 166 (d)(6)), one of the duties of CRS is "to prepare summaries and digests of bills and resolutions of a public general nature introduced in the Senate or House of Representatives". For more information, refer to the User Guide that accompanies this file.</dc:description>
</dublinCore>
</BillSummaries>
