<?xml version="1.0" encoding="UTF-8"?><BillSummaries>
<item congress="116" measure-type="hr" measure-number="424" measure-id="id116hr424" originChamber="HOUSE" orig-publish-date="2019-01-10" update-date="2019-03-04">
<title>Department of Homeland Security Clearance Management and Administration Act</title>
<summary summary-id="id116hr424v53" currentChamber="HOUSE" update-date="2019-03-04">
<action-date>2019-01-29</action-date>
<action-desc>Passed House</action-desc>
<summary-text><![CDATA[<p><strong>Department of Homeland Security Clearance Management and Administration Act</strong></p> <p>This bill directs the Department of Homeland Security (DHS) to require that the designation of the sensitivity level of national security positions be conducted in a consistent manner in all DHS components and offices.</p> <p>The bill requires DHS (1) by July 6, 2019, and every five years thereafter, to review all sensitivity level designations of national security positions at DHS; (2) if it determines that a change in the sensitivity level is warranted, to administratively adjust access and complete an appropriate level periodic reinvestigation; and (3) to report on such positions requiring access to classified information, no longer requiring access, or requiring a different level of access.</p> <p>DHS must submit annual reports, through FY2024, on the denials, suspensions, revocations, and appeals of an individual's eligibility for access to classified information.</p> <p>DHS must (1) develop a plan to achieve greater uniformity regarding the adjudication of eligibility of an individual for access to classified information that is consistent with the Adjudicative Guidelines for Determining Access to Classified Information, and (2) ensure that all information received for such adjudication is consistent with such guidelines and is protected against misappropriation. The plan shall consider the establishment of an internal appeals panel responsible for final national security clearance denial and revocation determinations.</p>]]></summary-text>
</summary>
<summary summary-id="id116hr424v00" currentChamber="HOUSE" update-date="2019-01-24">
<action-date>2019-01-10</action-date>
<action-desc>Introduced in House</action-desc>
<summary-text><![CDATA[<p><strong>Department of Homeland Security Clearance Management and Administration Act</strong></p> <p>This bill directs the Department of Homeland Security (DHS) to require that the designation of the sensitivity level of national security positions be conducted in a consistent manner in all DHS components and offices.</p> <p>The bill requires DHS (1) by July 6, 2019, and every five years thereafter, to review all sensitivity level designations of national security positions at DHS; (2) if it determines that a change in the sensitivity level is warranted, to administratively adjust access and complete an appropriate level periodic reinvestigation; and (3) to report on such positions requiring access to classified information, no longer requiring access, or requiring a different level of access.</p> <p>DHS must submit annual reports, through FY2024, on the denials, suspensions, revocations, and appeals of an individual's eligibility for access to classified information.</p> <p>DHS must (1) develop a plan to achieve greater uniformity regarding the adjudication of eligibility of an individual for access to classified information that is consistent with the Adjudicative Guidelines for Determining Access to Classified Information, and (2) ensure that all information received for such adjudication is consistent with such guidelines and is protected against misappropriation. The plan shall consider the establishment of an internal appeals panel responsible for final national security clearance denial and revocation determinations.</p>]]></summary-text>
</summary>
</item>
<dublinCore xmlns:dc="http://purl.org/dc/elements/1.1/">
<dc:format>text/xml</dc:format>
<dc:language>EN</dc:language>
<dc:rights>Pursuant to Title 17 Section 105 of the United States Code, this file is not subject to copyright protection and is in the public domain.</dc:rights>
<dc:contributor>Congressional Research Service, Library of Congress</dc:contributor>
<dc:description>This file contains bill summaries for federal legislation. A bill summary describes the most significant provisions of a piece of legislation and details the effects the legislative text may have on current law and federal programs. Bill summaries are authored by the Congressional Research Service (CRS) of the Library of Congress. As stated in Public Law 91-510 (2 USC 166 (d)(6)), one of the duties of CRS is "to prepare summaries and digests of bills and resolutions of a public general nature introduced in the Senate or House of Representatives". For more information, refer to the User Guide that accompanies this file.</dc:description>
</dublinCore>
</BillSummaries>
