<?xml version="1.0" encoding="UTF-8"?><BillSummaries>
<item congress="116" measure-type="hr" measure-number="762" measure-id="id116hr762" originChamber="HOUSE" orig-publish-date="2019-01-24" update-date="2019-11-08">
<title>Streamlining Energy Efficiency for Schools Act</title>
<summary summary-id="id116hr762v25" currentChamber="SENATE" update-date="2019-11-08">
<action-date>2019-09-19</action-date>
<action-desc>Reported to Senate</action-desc>
<summary-text><![CDATA[<p><b>Streamlining Energy Efficiency for Schools Act </b></p> <p>This bill directs the Department of Energy's Office of Energy Efficiency and Renewable Energy to act as the lead agency for coordinating and disseminating information on existing programs and assistance that may be used to help initiate, develop, and finance energy efficiency, renewable energy, and energy retrofitting projects for schools.</p>]]></summary-text>
</summary>
<summary summary-id="id116hr762v53" currentChamber="HOUSE" update-date="2019-11-08">
<action-date>2019-03-05</action-date>
<action-desc>Passed House</action-desc>
<summary-text><![CDATA[<p><b>Streamlining Energy Efficiency for Schools Act of 2019</b></p> <p>This bill directs the Department of Energy's Office of Energy Efficiency and Renewable Energy to establish a clearinghouse for disseminating information regarding available programs and financing mechanisms that may be used to help initiate, develop, and finance energy efficiency, distributed generation, and energy retrofitting projects for schools.</p>]]></summary-text>
</summary>
<summary summary-id="id116hr762v00" currentChamber="HOUSE" update-date="2019-11-08">
<action-date>2019-01-24</action-date>
<action-desc>Introduced in House</action-desc>
<summary-text><![CDATA[<p><b>Streamlining Energy Efficiency for Schools Act of 2019</b></p> <p>This bill directs the Department of Energy's Office of Energy Efficiency and Renewable Energy to establish a clearinghouse for disseminating information regarding available programs and financing mechanisms that may be used to help initiate, develop, and finance energy efficiency, distributed generation, and energy retrofitting projects for schools. </p>]]></summary-text>
</summary>
</item>
<dublinCore xmlns:dc="http://purl.org/dc/elements/1.1/">
<dc:format>text/xml</dc:format>
<dc:language>EN</dc:language>
<dc:rights>Pursuant to Title 17 Section 105 of the United States Code, this file is not subject to copyright protection and is in the public domain.</dc:rights>
<dc:contributor>Congressional Research Service, Library of Congress</dc:contributor>
<dc:description>This file contains bill summaries for federal legislation. A bill summary describes the most significant provisions of a piece of legislation and details the effects the legislative text may have on current law and federal programs. Bill summaries are authored by the Congressional Research Service (CRS) of the Library of Congress. As stated in Public Law 91-510 (2 USC 166 (d)(6)), one of the duties of CRS is "to prepare summaries and digests of bills and resolutions of a public general nature introduced in the Senate or House of Representatives". For more information, refer to the User Guide that accompanies this file.</dc:description>
</dublinCore>
</BillSummaries>
