<?xml version="1.0" encoding="UTF-8"?><BillSummaries>
<item congress="116" measure-type="hr" measure-number="69" measure-id="id116hr69" originChamber="HOUSE" orig-publish-date="2019-01-03" update-date="2019-02-05">
<title>Ending Common Core and Expanding School Choice Act</title>
<summary summary-id="id116hr69v00" currentChamber="HOUSE" update-date="2019-02-05">
<action-date>2019-01-03</action-date>
<action-desc>Introduced in House</action-desc>
<summary-text><![CDATA[<p><b>Ending Common Core and Expanding School Choice Act</b></p> <p>This bill&nbsp;&nbsp;modifies requirements&nbsp;related to federal&nbsp;education funding for disadvantaged children. Specifically, the bill&nbsp; (1)&nbsp;eliminates the standards, assessments, and academic accountability requirements for state and local educational agencies that receive federal funds for the education of disadvantaged children, (2) requires such funds to be allocated based on the number of children residing in each state who are living in poverty, and (3) allows educational agencies to distribute per-pupil amounts from such funds to parents for qualified elementary and secondary education expenses.</p> <p>The bill prohibits federal officers or employees from mandating academic standards, assessments, curricula, or accountability systems. </p>]]></summary-text>
</summary>
</item>
<dublinCore xmlns:dc="http://purl.org/dc/elements/1.1/">
<dc:format>text/xml</dc:format>
<dc:language>EN</dc:language>
<dc:rights>Pursuant to Title 17 Section 105 of the United States Code, this file is not subject to copyright protection and is in the public domain.</dc:rights>
<dc:contributor>Congressional Research Service, Library of Congress</dc:contributor>
<dc:description>This file contains bill summaries for federal legislation. A bill summary describes the most significant provisions of a piece of legislation and details the effects the legislative text may have on current law and federal programs. Bill summaries are authored by the Congressional Research Service (CRS) of the Library of Congress. As stated in Public Law 91-510 (2 USC 166 (d)(6)), one of the duties of CRS is "to prepare summaries and digests of bills and resolutions of a public general nature introduced in the Senate or House of Representatives". For more information, refer to the User Guide that accompanies this file.</dc:description>
</dublinCore>
</BillSummaries>
