<?xml version="1.0" encoding="UTF-8"?><BillSummaries>
<item congress="116" measure-type="hr" measure-number="65" measure-id="id116hr65" originChamber="HOUSE" orig-publish-date="2019-01-03" update-date="2019-01-15">
<title>Enhancing Educational Opportunities for Home School Students Act</title>
<summary summary-id="id116hr65v00" currentChamber="HOUSE" update-date="2019-01-15">
<action-date>2019-01-03</action-date>
<action-desc>Introduced in House</action-desc>
<summary-text><![CDATA[<p><b>Enhancing Educational Opportunities for Home School Students Act</b></p> <p>This bill allows distributions from tax-favored qualified tuition programs (known as 529 plans) to be used for certain expenses in connection with a homeschool (whether treated as a homeschool or a private school for purposes of state law). </p> <p>The expenses include curriculum and curricular materials, books or other instructional materials, online educational materials, tuition for tutoring or educational classes outside of the home (if the tutor or instructor is not related to the student), dual enrollment in an institution of higher education, and educational therapies for students with disabilities. </p>]]></summary-text>
</summary>
</item>
<dublinCore xmlns:dc="http://purl.org/dc/elements/1.1/">
<dc:format>text/xml</dc:format>
<dc:language>EN</dc:language>
<dc:rights>Pursuant to Title 17 Section 105 of the United States Code, this file is not subject to copyright protection and is in the public domain.</dc:rights>
<dc:contributor>Congressional Research Service, Library of Congress</dc:contributor>
<dc:description>This file contains bill summaries for federal legislation. A bill summary describes the most significant provisions of a piece of legislation and details the effects the legislative text may have on current law and federal programs. Bill summaries are authored by the Congressional Research Service (CRS) of the Library of Congress. As stated in Public Law 91-510 (2 USC 166 (d)(6)), one of the duties of CRS is "to prepare summaries and digests of bills and resolutions of a public general nature introduced in the Senate or House of Representatives". For more information, refer to the User Guide that accompanies this file.</dc:description>
</dublinCore>
</BillSummaries>
