<?xml version="1.0" encoding="UTF-8"?><BillSummaries>
<item congress="116" measure-type="hr" measure-number="371" measure-id="id116hr371" originChamber="HOUSE" orig-publish-date="2019-01-09" update-date="2019-01-15">
<title>Pay Our Protectors Act</title>
<summary summary-id="id116hr371v00" currentChamber="HOUSE" update-date="2019-01-15">
<action-date>2019-01-09</action-date>
<action-desc>Introduced in House</action-desc>
<summary-text><![CDATA[<p><b>Pay Our Protectors Act</b></p> <p>This bill provides appropriations to pay the salaries and expenses of certain federal employees who are working during the lapse in appropriations that began on or about December 22, 2018, and resulted in a partial government shutdown. The bill applies to employees of the U.S. Coast Guard, U.S. Customs and Border Protection, U.S. Immigration and Customs Enforcement, the Transportation Security Administration, and the E-Verify program.</p>]]></summary-text>
</summary>
</item>
<dublinCore xmlns:dc="http://purl.org/dc/elements/1.1/">
<dc:format>text/xml</dc:format>
<dc:language>EN</dc:language>
<dc:rights>Pursuant to Title 17 Section 105 of the United States Code, this file is not subject to copyright protection and is in the public domain.</dc:rights>
<dc:contributor>Congressional Research Service, Library of Congress</dc:contributor>
<dc:description>This file contains bill summaries for federal legislation. A bill summary describes the most significant provisions of a piece of legislation and details the effects the legislative text may have on current law and federal programs. Bill summaries are authored by the Congressional Research Service (CRS) of the Library of Congress. As stated in Public Law 91-510 (2 USC 166 (d)(6)), one of the duties of CRS is "to prepare summaries and digests of bills and resolutions of a public general nature introduced in the Senate or House of Representatives". For more information, refer to the User Guide that accompanies this file.</dc:description>
</dublinCore>
</BillSummaries>
