<?xml version="1.0" encoding="UTF-8"?><BillSummaries>
<item congress="116" measure-type="hr" measure-number="455" measure-id="id116hr455" originChamber="HOUSE" orig-publish-date="2019-01-10" update-date="2019-02-25">
<title>Safe and Secure Federal Websites Act of 2019</title>
<summary summary-id="id116hr455v00" currentChamber="HOUSE" update-date="2019-02-25">
<action-date>2019-01-10</action-date>
<action-desc>Introduced in House</action-desc>
<summary-text><![CDATA[<p><strong>Safe and Secure Federal Websites Act of 2019</strong></p> <p>This bill requires an agency's websites that collect or store personally identifiable information (i.e., information that can be used to identify an individual, such as a name, social security number, or date and place of birth) to be certified as fully functional and secure by the agency's chief information officer. Such websites that are not certified within 90 days must be made inaccessible to the public. New websites that collect or store personally identifiable information must be certified before they are made accessible to the public.</p>   <p>Websites designed for testing and development are exempted if users execute an agreement acknowledging the risks involved.</p> <p>The Office of Management and Budget must establish and oversee policies and procedures for federal agencies to follow in the event of a breach of information security involving the disclosure of personally identifiable information. </p>]]></summary-text>
</summary>
</item>
<dublinCore xmlns:dc="http://purl.org/dc/elements/1.1/">
<dc:format>text/xml</dc:format>
<dc:language>EN</dc:language>
<dc:rights>Pursuant to Title 17 Section 105 of the United States Code, this file is not subject to copyright protection and is in the public domain.</dc:rights>
<dc:contributor>Congressional Research Service, Library of Congress</dc:contributor>
<dc:description>This file contains bill summaries for federal legislation. A bill summary describes the most significant provisions of a piece of legislation and details the effects the legislative text may have on current law and federal programs. Bill summaries are authored by the Congressional Research Service (CRS) of the Library of Congress. As stated in Public Law 91-510 (2 USC 166 (d)(6)), one of the duties of CRS is "to prepare summaries and digests of bills and resolutions of a public general nature introduced in the Senate or House of Representatives". For more information, refer to the User Guide that accompanies this file.</dc:description>
</dublinCore>
</BillSummaries>
