<?xml version="1.0" encoding="UTF-8"?><BillSummaries>
<item congress="116" measure-type="hr" measure-number="1318" measure-id="id116hr1318" originChamber="HOUSE" orig-publish-date="2019-02-22" update-date="2019-07-31">
<title>To direct the Librarian of Congress to obtain a stained glass panel depicting the seal of the District of Columbia and install the panel among the stained glass panels depicting the seals of States which overlook the Main Reading Room of the Library of Congress Thomas Jefferson Building.</title>
<summary summary-id="id116hr1318v08" currentChamber="HOUSE" update-date="2019-07-31">
<action-date>2019-05-16</action-date>
<action-desc>Reported to House, Part I</action-desc>
<summary-text><![CDATA[<p>This bill requires the Librarian of Congress, concurrently with the planned renovation and replacement of existing glass panels, to obtain a stained glass panel depicting the seal of the District of Columbia and install it among the panels depicting the seals of states that overlook the Main Reading Room of the Library of Congress Thomas Jefferson Building. </p>]]></summary-text>
</summary>
<summary summary-id="id116hr1318v00" currentChamber="HOUSE" update-date="2019-03-05">
<action-date>2019-02-22</action-date>
<action-desc>Introduced in House</action-desc>
<summary-text><![CDATA[<p>This bill requires the Librarian of Congress, concurrently with the planned renovation and replacement of existing glass panels, to obtain a stained glass panel depicting the seal of the District of Columbia and install it among the panels depicting the seals of states that overlook the Main Reading Room of the Library of Congress Thomas Jefferson Building. </p>]]></summary-text>
</summary>
</item>
<dublinCore xmlns:dc="http://purl.org/dc/elements/1.1/">
<dc:format>text/xml</dc:format>
<dc:language>EN</dc:language>
<dc:rights>Pursuant to Title 17 Section 105 of the United States Code, this file is not subject to copyright protection and is in the public domain.</dc:rights>
<dc:contributor>Congressional Research Service, Library of Congress</dc:contributor>
<dc:description>This file contains bill summaries for federal legislation. A bill summary describes the most significant provisions of a piece of legislation and details the effects the legislative text may have on current law and federal programs. Bill summaries are authored by the Congressional Research Service (CRS) of the Library of Congress. As stated in Public Law 91-510 (2 USC 166 (d)(6)), one of the duties of CRS is "to prepare summaries and digests of bills and resolutions of a public general nature introduced in the Senate or House of Representatives". For more information, refer to the User Guide that accompanies this file.</dc:description>
</dublinCore>
</BillSummaries>
