<?xml version="1.0" encoding="UTF-8"?><BillSummaries>
<item congress="116" measure-type="hr" measure-number="130" measure-id="id116hr130" originChamber="HOUSE" orig-publish-date="2019-01-03" update-date="2019-02-27">
<title>John Tanner Fairness and Independence in Redistricting Act</title>
<summary summary-id="id116hr130v00" currentChamber="HOUSE" update-date="2019-02-27">
<action-date>2019-01-03</action-date>
<action-desc>Introduced in House</action-desc>
<summary-text><![CDATA[<p><strong>John Tanner Fairness and Independence in Redistricting Act</strong></p> <p>This bill establishes requirements regarding congressional redistricting, including that redistricting plans must be developed by an independent redistricting commission.</p> <p>A state that has been redistricted after an apportionment of Representatives may not be redistricted again until after the next apportionment, unless the state is ordered by a court to conduct a subsequent redistricting in order to comply with the Constitution or enforce the Voting Rights Act of 1965.</p> <p>Each state must establish an independent redistricting commission to develop redistricting plans that meet specified criteria. If such a plan is not enacted into law, a state's highest court may select a plan developed by the state's commission. If the state court does not select a plan, a U.S. district court must develop a plan.</p> <p>The Election Assistance Commission must make payments to states to carry out redistricting.</p>]]></summary-text>
</summary>
</item>
<dublinCore xmlns:dc="http://purl.org/dc/elements/1.1/">
<dc:format>text/xml</dc:format>
<dc:language>EN</dc:language>
<dc:rights>Pursuant to Title 17 Section 105 of the United States Code, this file is not subject to copyright protection and is in the public domain.</dc:rights>
<dc:contributor>Congressional Research Service, Library of Congress</dc:contributor>
<dc:description>This file contains bill summaries for federal legislation. A bill summary describes the most significant provisions of a piece of legislation and details the effects the legislative text may have on current law and federal programs. Bill summaries are authored by the Congressional Research Service (CRS) of the Library of Congress. As stated in Public Law 91-510 (2 USC 166 (d)(6)), one of the duties of CRS is "to prepare summaries and digests of bills and resolutions of a public general nature introduced in the Senate or House of Representatives". For more information, refer to the User Guide that accompanies this file.</dc:description>
</dublinCore>
</BillSummaries>
