<?xml version="1.0" encoding="UTF-8"?><BillSummaries>
<item congress="116" measure-type="hr" measure-number="229" measure-id="id116hr229" originChamber="HOUSE" orig-publish-date="2019-01-03" update-date="2019-01-24">
<title>National Commission on the Federal Response to Natural Disasters in Puerto Rico Act of 2019</title>
<summary summary-id="id116hr229v00" currentChamber="HOUSE" update-date="2019-01-24">
<action-date>2019-01-03</action-date>
<action-desc>Introduced in House</action-desc>
<summary-text><![CDATA[<p><b>National Commission on the Federal Response to Natural Disasters in Puerto Rico Act of 2019</b></p> <p>This bill establishes a National Commission on the Federal Response to Natural Disasters in Puerto Rico to examine the federal preparedness, response, and recovery activities with respect to the 2017 natural disasters in Puerto Rico.</p> <p>The commission shall take into consideration the federal preparedness, response, and recovery efforts in Puerto Rico as compared to other jurisdictions impacted by the 2017 hurricane season, and consider other issues, including the impact and destruction of Hurricanes Irma and Maria, the vulnerability of Puerto Rico's economic situation on preparedness, the implications of Puerto Rico's reliance on imported oil for power generation, and the adequacy of the telecommunications network in Puerto Rico.</p>]]></summary-text>
</summary>
</item>
<dublinCore xmlns:dc="http://purl.org/dc/elements/1.1/">
<dc:format>text/xml</dc:format>
<dc:language>EN</dc:language>
<dc:rights>Pursuant to Title 17 Section 105 of the United States Code, this file is not subject to copyright protection and is in the public domain.</dc:rights>
<dc:contributor>Congressional Research Service, Library of Congress</dc:contributor>
<dc:description>This file contains bill summaries for federal legislation. A bill summary describes the most significant provisions of a piece of legislation and details the effects the legislative text may have on current law and federal programs. Bill summaries are authored by the Congressional Research Service (CRS) of the Library of Congress. As stated in Public Law 91-510 (2 USC 166 (d)(6)), one of the duties of CRS is "to prepare summaries and digests of bills and resolutions of a public general nature introduced in the Senate or House of Representatives". For more information, refer to the User Guide that accompanies this file.</dc:description>
</dublinCore>
</BillSummaries>
