<?xml version="1.0" encoding="UTF-8"?><BillSummaries>
<item congress="116" measure-type="hr" measure-number="367" measure-id="id116hr367" originChamber="HOUSE" orig-publish-date="2019-01-09" update-date="2019-09-24">
<title>Pay Our Coast Guard Parity Act of 2019</title>
<summary summary-id="id116hr367v08" currentChamber="HOUSE" update-date="2019-09-24">
<action-date>2019-06-11</action-date>
<action-desc>Reported to House, Part I</action-desc>
<summary-text><![CDATA[<p><b>Pay Our Coast Guard Parity Act </b><b>of 2019</b></p> <p>This bill provides continuing appropriations to the U.S. Coast Guard for any period in which there is a Coast Guard-specific funding lapse.</p> <p>The bill provides appropriations for the pay, allowances, and benefits of specified Coast Guard personnel and contractors if (1) there is a lapse in appropriations for the Coast Guard, and (2) legislation has been enacted that provides interim or full-year appropriations for the Department of Defense (DOD). </p> <p> The bill provides the appropriations until the earliest of the enactment of specified Coast Guard appropriations legislation, the termination of the availability of appropriations for DOD, or the date that is 180 days after the beginning of the Coast Guard-specific funding lapse. </p>]]></summary-text>
</summary>
<summary summary-id="id116hr367v00" currentChamber="HOUSE" update-date="2019-01-15">
<action-date>2019-01-09</action-date>
<action-desc>Introduced in House</action-desc>
<summary-text><![CDATA[<p><b>Pay Our Coast Guard Parity Act </b><b>of 2019</b></p> <p>This bill provides continuing appropriations to the U.S. Coast Guard for any period during FY2019 in which interim or full-year appropriations for the Coast Guard are not in effect. </p> <p>The appropriations are provided to the Coast Guard for</p> <ul> <li>pay and allowances for members of the Coast Guard, civilian employees, and contractors; </li> <li> the payment of a death gratuity, funeral travel, and the temporary continuation of the basic allowance for housing for dependents of members of the Coast Guard dying on active duty; and</li> <li>retired pay.</li> </ul> <p>The appropriations are provided until the enactment of specified Coast Guard appropriations legislation. </p> <p>The bill compensates civilian Coast Guard employees furloughed as a result of a lapse in appropriations that began on or about December 22, 2018, and ended upon the enactment of this bill.</p> <p>The bill also ratifies and approves certain obligations incurred in anticipation of the appropriations made and the authority granted by this bill. </p>]]></summary-text>
</summary>
</item>
<dublinCore xmlns:dc="http://purl.org/dc/elements/1.1/">
<dc:format>text/xml</dc:format>
<dc:language>EN</dc:language>
<dc:rights>Pursuant to Title 17 Section 105 of the United States Code, this file is not subject to copyright protection and is in the public domain.</dc:rights>
<dc:contributor>Congressional Research Service, Library of Congress</dc:contributor>
<dc:description>This file contains bill summaries for federal legislation. A bill summary describes the most significant provisions of a piece of legislation and details the effects the legislative text may have on current law and federal programs. Bill summaries are authored by the Congressional Research Service (CRS) of the Library of Congress. As stated in Public Law 91-510 (2 USC 166 (d)(6)), one of the duties of CRS is "to prepare summaries and digests of bills and resolutions of a public general nature introduced in the Senate or House of Representatives". For more information, refer to the User Guide that accompanies this file.</dc:description>
</dublinCore>
</BillSummaries>
