<?xml version="1.0" encoding="UTF-8"?><BillSummaries>
<item congress="116" measure-type="hr" measure-number="38" measure-id="id116hr38" originChamber="HOUSE" orig-publish-date="2019-01-03" update-date="2019-01-10">
<title>Concealed Carry Reciprocity Act of 2019</title>
<summary summary-id="id116hr38v00" currentChamber="HOUSE" update-date="2019-01-10">
<action-date>2019-01-03</action-date>
<action-desc>Introduced in House</action-desc>
<summary-text><![CDATA[<p><b>Concealed Carry Reciprocity Act of 2019</b></p> <p> This bill allows a qualified individual to carry a concealed handgun into or possess a concealed handgun in another state that allows individuals to carry concealed firearms.</p> <p>A qualified individual must (1) be eligible to possess, transport, or receive a firearm under federal law; (2) carry a valid photo identification document; and (3) carry a valid concealed carry permit issued by any state or be eligible to carry a concealed firearm in his or her state of residence.</p> <p>Additionally, the bill specifies that a qualified individual who lawfully carries or possesses a concealed handgun in another state (1) is not subject to the federal prohibition on possessing a firearm in a school zone, and (2) may carry or possess the concealed handgun in federally owned lands that are open to the public.</p>]]></summary-text>
</summary>
</item>
<dublinCore xmlns:dc="http://purl.org/dc/elements/1.1/">
<dc:format>text/xml</dc:format>
<dc:language>EN</dc:language>
<dc:rights>Pursuant to Title 17 Section 105 of the United States Code, this file is not subject to copyright protection and is in the public domain.</dc:rights>
<dc:contributor>Congressional Research Service, Library of Congress</dc:contributor>
<dc:description>This file contains bill summaries for federal legislation. A bill summary describes the most significant provisions of a piece of legislation and details the effects the legislative text may have on current law and federal programs. Bill summaries are authored by the Congressional Research Service (CRS) of the Library of Congress. As stated in Public Law 91-510 (2 USC 166 (d)(6)), one of the duties of CRS is "to prepare summaries and digests of bills and resolutions of a public general nature introduced in the Senate or House of Representatives". For more information, refer to the User Guide that accompanies this file.</dc:description>
</dublinCore>
</BillSummaries>
