<?xml version="1.0" encoding="UTF-8"?><BillSummaries>
<item congress="116" measure-type="hr" measure-number="533" measure-id="id116hr533" originChamber="HOUSE" orig-publish-date="2019-01-14" update-date="2019-02-22">
<title>To amend title 41, United States Code, to require the head of each executive agency to consider the existence of qualified training programs of contractors in the award of certain contracts.</title>
<summary summary-id="id116hr533v00" currentChamber="HOUSE" update-date="2019-02-22">
<action-date>2019-01-14</action-date>
<action-desc>Introduced in House</action-desc>
<summary-text><![CDATA[<p>This bill requires each executive agency to take into account a contractor's training programs in evaluating offers for any contract in an amount greater than $25 million. Contracting officers must give consideration to a contractor that provides comprehensive training and education programs to develop its workforce, consistent with the agency's needs. In assessing past performance, contracting officers must consider the manner in which an incumbent contractor is educating, investing, and retaining the contractor's workforce.</p>  <p>Each agency shall develop workforce development investment incentives for contractors.</p>]]></summary-text>
</summary>
</item>
<dublinCore xmlns:dc="http://purl.org/dc/elements/1.1/">
<dc:format>text/xml</dc:format>
<dc:language>EN</dc:language>
<dc:rights>Pursuant to Title 17 Section 105 of the United States Code, this file is not subject to copyright protection and is in the public domain.</dc:rights>
<dc:contributor>Congressional Research Service, Library of Congress</dc:contributor>
<dc:description>This file contains bill summaries for federal legislation. A bill summary describes the most significant provisions of a piece of legislation and details the effects the legislative text may have on current law and federal programs. Bill summaries are authored by the Congressional Research Service (CRS) of the Library of Congress. As stated in Public Law 91-510 (2 USC 166 (d)(6)), one of the duties of CRS is "to prepare summaries and digests of bills and resolutions of a public general nature introduced in the Senate or House of Representatives". For more information, refer to the User Guide that accompanies this file.</dc:description>
</dublinCore>
</BillSummaries>
