<?xml version="1.0" encoding="UTF-8"?><BillSummaries>
<item congress="116" measure-type="hr" measure-number="421" measure-id="id116hr421" originChamber="HOUSE" orig-publish-date="2019-01-09" update-date="2019-01-11">
<title>Making continuing appropriations for the Coast Guard.</title>
<summary summary-id="id116hr421v00" currentChamber="HOUSE" update-date="2019-01-11">
<action-date>2019-01-09</action-date>
<action-desc>Introduced in House</action-desc>
<summary-text><![CDATA[<p>This bill provides FY2019 continuing appropriations to the U.S. Coast Guard for any period during which interim or full-year FY2019 appropriations for the Coast Guard are not in effect. </p> <p>The appropriations are provided to the Coast Guard for</p> <ul> <li>pay and allowances for members of the Coast Guard, civilian employees, and contractors; </li> <li> the payment of a death gratuity, funeral travel, and the temporary continuation of the basic allowance for housing for dependents of members of the Coast Guard dying on active duty; and</li> <li>other functions authorized by law. </li> </ul> <p>The appropriations are provided until the enactment of specified Coast Guard appropriations legislation. </p>]]></summary-text>
</summary>
</item>
<dublinCore xmlns:dc="http://purl.org/dc/elements/1.1/">
<dc:format>text/xml</dc:format>
<dc:language>EN</dc:language>
<dc:rights>Pursuant to Title 17 Section 105 of the United States Code, this file is not subject to copyright protection and is in the public domain.</dc:rights>
<dc:contributor>Congressional Research Service, Library of Congress</dc:contributor>
<dc:description>This file contains bill summaries for federal legislation. A bill summary describes the most significant provisions of a piece of legislation and details the effects the legislative text may have on current law and federal programs. Bill summaries are authored by the Congressional Research Service (CRS) of the Library of Congress. As stated in Public Law 91-510 (2 USC 166 (d)(6)), one of the duties of CRS is "to prepare summaries and digests of bills and resolutions of a public general nature introduced in the Senate or House of Representatives". For more information, refer to the User Guide that accompanies this file.</dc:description>
</dublinCore>
</BillSummaries>
