<?xml version="1.0" encoding="UTF-8"?><BillSummaries>
<item congress="116" measure-type="hr" measure-number="134" measure-id="id116hr134" originChamber="HOUSE" orig-publish-date="2019-01-03" update-date="2019-01-23">
<title>Unpaid Intern Protection Act of 2019</title>
<summary summary-id="id116hr134v00" currentChamber="HOUSE" update-date="2019-01-23">
<action-date>2019-01-03</action-date>
<action-desc>Introduced in House</action-desc>
<summary-text><![CDATA[<p><b>Unpaid Intern Protection Act of</b> <b>2019</b></p> <p>This bill prohibits employers from discriminating against unpaid interns on the basis of (1) race, color, religion, sex, national origin, or age; or (2) disability, if such intern can perform the essential functions of the position with or without reasonable accommodation.</p> <p> The bill applies procedures from the Civil Rights Act of 1964, the Age Discrimination in Employment Act of 1967, and the Americans with Disabilities Act of 1990 to claims of employer discrimination of an unpaid intern. </p> <p>Federal courts may grant legal and equitable relief.</p> <p>The bill prohibits state immunity under the Eleventh Amendment to the Constitution from an action in a federal court for a violation of this bill.</p>]]></summary-text>
</summary>
</item>
<dublinCore xmlns:dc="http://purl.org/dc/elements/1.1/">
<dc:format>text/xml</dc:format>
<dc:language>EN</dc:language>
<dc:rights>Pursuant to Title 17 Section 105 of the United States Code, this file is not subject to copyright protection and is in the public domain.</dc:rights>
<dc:contributor>Congressional Research Service, Library of Congress</dc:contributor>
<dc:description>This file contains bill summaries for federal legislation. A bill summary describes the most significant provisions of a piece of legislation and details the effects the legislative text may have on current law and federal programs. Bill summaries are authored by the Congressional Research Service (CRS) of the Library of Congress. As stated in Public Law 91-510 (2 USC 166 (d)(6)), one of the duties of CRS is "to prepare summaries and digests of bills and resolutions of a public general nature introduced in the Senate or House of Representatives". For more information, refer to the User Guide that accompanies this file.</dc:description>
</dublinCore>
</BillSummaries>
