<?xml version="1.0" encoding="UTF-8"?><BillSummaries>
<item congress="116" measure-type="hr" measure-number="2762" measure-id="id116hr2762" originChamber="HOUSE" orig-publish-date="2019-05-15" update-date="2019-09-17">
<title>To amend title 10, United States Code, to provide for the modification and clarification of construction authority in the event of a declaration of war or national emergency, and for other purposes.</title>
<summary summary-id="id116hr2762v00" currentChamber="HOUSE" update-date="2019-09-17">
<action-date>2019-05-15</action-date>
<action-desc>Introduced in House</action-desc>
<summary-text><![CDATA[<p>This bill restricts military construction authority used in the event of a declaration of war or a declaration by the President of a national emergency. It limits to $250 million the amount that may be expended for military construction projects in the event of a national emergency declaration for its duration. Additionally, any appropriated funds used must be otherwise not executable. It restricts authority to waive or disregard a requirement that would otherwise apply to such a construction project.</p> <p>The bill requires any decision to undertake such a project to congressional notification requirements that include</p> <ul> <li>an explanation of why the use of the Armed Forces is required to respond to a national emergency,</li> <li>how a project supports the needs of members of the Armed Forces,</li> <li>estimates of construction costs,</li> <li>determinations to waive or disregard other law affecting construction authority, and</li> <li>reference to projects that would be subject to cancellation or deferment in order to provide construction funds to address such an emergency.</li> </ul>]]></summary-text>
</summary>
</item>
<dublinCore xmlns:dc="http://purl.org/dc/elements/1.1/">
<dc:format>text/xml</dc:format>
<dc:language>EN</dc:language>
<dc:rights>Pursuant to Title 17 Section 105 of the United States Code, this file is not subject to copyright protection and is in the public domain.</dc:rights>
<dc:contributor>Congressional Research Service, Library of Congress</dc:contributor>
<dc:description>This file contains bill summaries for federal legislation. A bill summary describes the most significant provisions of a piece of legislation and details the effects the legislative text may have on current law and federal programs. Bill summaries are authored by the Congressional Research Service (CRS) of the Library of Congress. As stated in Public Law 91-510 (2 USC 166 (d)(6)), one of the duties of CRS is "to prepare summaries and digests of bills and resolutions of a public general nature introduced in the Senate or House of Representatives". For more information, refer to the User Guide that accompanies this file.</dc:description>
</dublinCore>
</BillSummaries>
