<?xml version="1.0" encoding="UTF-8"?><BillSummaries>
<item congress="116" measure-type="hr" measure-number="504" measure-id="id116hr504" originChamber="HOUSE" orig-publish-date="2019-01-11" update-date="2020-03-10">
<title>DHS Field Engagement Accountability Act</title>
<summary summary-id="id116hr504v49" currentChamber="BOTH" update-date="2020-03-10">
<action-date>2020-03-02</action-date>
<action-desc>Public Law</action-desc>
<summary-text><![CDATA[<p><b>DHS Field Engagement Accountability Act</b></p> <p>This bill requires the Department of Homeland Security (DHS) to develop and update at least once every five years a strategy for DHS engagement with fusion centers. The term "fusion center" means a collaborative effort of two or more government agencies that combines resources, expertise, or information to maximize the ability of such agencies to detect, prevent, investigate, apprehend, and respond to criminal or terrorist activity.</p> <p>The Office of Intelligence and Analysis of DHS shall provide personnel and support to fusion centers, publish performance metrics for DHS field personnel assigned to fusion centers, and develop and implement training for fusion center personnel. </p> <p>DHS intelligence and information components shall develop policies and metrics to ensure effective use of the unclassified Homeland Security Information Sharing Network and shall assess and implement enhancements to improve such network.</p>]]></summary-text>
</summary>
<summary summary-id="id116hr504v59" currentChamber="HOUSE" update-date="2020-02-19">
<action-date>2020-02-10</action-date>
<action-desc>House agreed to Senate amendment</action-desc>
<summary-text><![CDATA[<p><b>DHS Field Engagement Accountability Act</b></p> <p>This bill requires the Department of Homeland Security (DHS) to develop and update at least once every five years a strategy for DHS engagement with fusion centers. The term "fusion center" means a collaborative effort of two or more government agencies that combines resources, expertise, or information to maximize the ability of such agencies to detect, prevent, investigate, apprehend, and respond to criminal or terrorist activity.</p> <p>The Office of Intelligence and Analysis of DHS shall provide personnel and support to fusion centers, publish performance metrics for DHS field personnel assigned to fusion centers, and develop and implement training for fusion center personnel. </p> <p>DHS intelligence and information components shall develop policies and metrics to ensure effective use of the unclassified Homeland Security Information Sharing Network and shall assess and implement enhancements to improve such network.</p>]]></summary-text>
</summary>
<summary summary-id="id116hr504v55" currentChamber="SENATE" update-date="2019-10-11">
<action-date>2019-07-25</action-date>
<action-desc>Passed Senate</action-desc>
<summary-text><![CDATA[<p><b>DHS Field Engagement Accountability Act</b></p> <p>This bill requires the Department of Homeland Security (DHS) to develop and update at least once every five years a strategy for DHS engagement with fusion centers. The term "fusion center" means a collaborative effort of two or more government agencies that combines resources, expertise, or information to maximize the ability of such agencies to detect, prevent, investigate, apprehend, and respond to criminal or terrorist activity.</p> <p>The Office of Intelligence and Analysis of DHS shall provide personnel and support to fusion centers, publish performance metrics for DHS field personnel assigned to fusion centers, and develop and implement training for fusion center personnel. </p> <p>DHS intelligence and information components shall develop policies and metrics to ensure effective use of the unclassified Homeland Security Information Network and shall assess and implement enhancements to improve such network.</p>]]></summary-text>
</summary>
<summary summary-id="id116hr504v25" currentChamber="SENATE" update-date="2019-06-26">
<action-date>2019-03-25</action-date>
<action-desc>Reported to Senate</action-desc>
<summary-text><![CDATA[<p><b>DHS Field Engagement Accountability Act</b></p> <p>This bill requires the Department of Homeland Security (DHS) to develop and update at least once every five years a strategy for DHS engagement with fusion centers. The term "fusion center" means a collaborative effort of two or more government agencies that combines resources, expertise, or information to maximize the ability of such agencies to detect, prevent, investigate, apprehend, and respond to criminal or terrorist activity.</p> <p>The Office of Intelligence and Analysis of DHS shall provide personnel and support to fusion centers, publish performance metrics for DHS field personnel assigned to fusion centers, and develop and implement training for fusion center personnel. </p> <p>DHS intelligence and information components shall develop policies and metrics to ensure effective use of the unclassified Homeland Security Information Network and shall assess and implement enhancements to improve such network.</p>]]></summary-text>
</summary>
<summary summary-id="id116hr504v53" currentChamber="HOUSE" update-date="2019-01-31">
<action-date>2019-01-29</action-date>
<action-desc>Passed House</action-desc>
<summary-text><![CDATA[<p><b>DHS Field Engagement Accountability Act</b></p> <p>This bill requires the Department of Homeland Security (DHS) to develop and update at least once every five years a strategy for DHS engagement with fusion centers. The term "fusion center" means a collaborative effort of two or more government agencies that combines resources, expertise, or information to maximize the ability of such agencies to detect, prevent, investigate, apprehend, and respond to criminal or terrorist activity.</p> <p>The Office of Intelligence and Analysis of DHS shall provide personnel and support to fusion centers, publish performance metrics for DHS field personnel assigned to fusion centers, and develop and implement training for fusion center personnel. </p> <p>DHS intelligence and information components shall develop policies and metrics to ensure effective use of the unclassified Homeland Security Information Sharing Network and shall assess and implement enhancements to improve such network.</p>]]></summary-text>
</summary>
<summary summary-id="id116hr504v00" currentChamber="HOUSE" update-date="2019-01-23">
<action-date>2019-01-11</action-date>
<action-desc>Introduced in House</action-desc>
<summary-text><![CDATA[<p><b>DHS Field Engagement Accountability Act</b></p> <p>This bill requires the Department of Homeland Security (DHS) to develop and update at least once every five years a strategy for DHS engagement with fusion centers. The term "fusion center" means a collaborative effort of two or more government agencies that combines resources, expertise, or information to maximize the ability of such agencies to detect, prevent, investigate, apprehend, and respond to criminal or terrorist activity.</p> <p>The Office of Intelligence and Analysis of DHS shall provide personnel and support to fusion centers, publish performance metrics for DHS field personnel assigned to fusion centers, and develop and implement training for fusion center personnel. </p> <p>DHS intelligence and information components shall develop policies and metrics to ensure effective use of the unclassified Homeland Security Information Sharing Network and shall assess and implement enhancements to improve such network.</p>]]></summary-text>
</summary>
</item>
<dublinCore xmlns:dc="http://purl.org/dc/elements/1.1/">
<dc:format>text/xml</dc:format>
<dc:language>EN</dc:language>
<dc:rights>Pursuant to Title 17 Section 105 of the United States Code, this file is not subject to copyright protection and is in the public domain.</dc:rights>
<dc:contributor>Congressional Research Service, Library of Congress</dc:contributor>
<dc:description>This file contains bill summaries for federal legislation. A bill summary describes the most significant provisions of a piece of legislation and details the effects the legislative text may have on current law and federal programs. Bill summaries are authored by the Congressional Research Service (CRS) of the Library of Congress. As stated in Public Law 91-510 (2 USC 166 (d)(6)), one of the duties of CRS is "to prepare summaries and digests of bills and resolutions of a public general nature introduced in the Senate or House of Representatives". For more information, refer to the User Guide that accompanies this file.</dc:description>
</dublinCore>
</BillSummaries>
