<?xml version="1.0" encoding="UTF-8"?><BillSummaries>
<item congress="116" measure-type="hr" measure-number="627" measure-id="id116hr627" originChamber="HOUSE" orig-publish-date="2019-01-16" update-date="2019-02-01">
<title>STEM Research and Education Effectiveness and Transparency Act</title>
<summary summary-id="id116hr627v00" currentChamber="HOUSE" update-date="2019-02-01">
<action-date>2019-01-16</action-date>
<action-desc>Introduced in House</action-desc>
<summary-text><![CDATA[<p><b>STEM Research and Education Effectiveness and Transparency Act</b></p> <p>This bill directs the National Science Foundation (NSF) to report on the effectiveness of all NSF research and education programs intended to broaden the participation of women and other historically underrepresented individuals in science, technology, engineering, and mathematics disciplines and careers.</p> <p>Each federal agency that expended at least $100 million on research and development in FY2017 shall annually submit to the NSF standardized record-level information on demographics, primary field, award type, review rating, budget request, funding outcome, and awarded budget for all applications for merit-reviewed research and development grants to institutions of higher education and federal laboratories. The first submission must include comparable record-level data for the five previous years.</p> <p>The NSF shall publish statistical summaries of the data in conjunction with the required biennial reports on the participation of men and women in scientific and engineering positions. </p>]]></summary-text>
</summary>
</item>
<dublinCore xmlns:dc="http://purl.org/dc/elements/1.1/">
<dc:format>text/xml</dc:format>
<dc:language>EN</dc:language>
<dc:rights>Pursuant to Title 17 Section 105 of the United States Code, this file is not subject to copyright protection and is in the public domain.</dc:rights>
<dc:contributor>Congressional Research Service, Library of Congress</dc:contributor>
<dc:description>This file contains bill summaries for federal legislation. A bill summary describes the most significant provisions of a piece of legislation and details the effects the legislative text may have on current law and federal programs. Bill summaries are authored by the Congressional Research Service (CRS) of the Library of Congress. As stated in Public Law 91-510 (2 USC 166 (d)(6)), one of the duties of CRS is "to prepare summaries and digests of bills and resolutions of a public general nature introduced in the Senate or House of Representatives". For more information, refer to the User Guide that accompanies this file.</dc:description>
</dublinCore>
</BillSummaries>
