<?xml version="1.0" encoding="UTF-8"?><BillSummaries>
<item congress="116" measure-type="hr" measure-number="166" measure-id="id116hr166" originChamber="HOUSE" orig-publish-date="2019-01-03" update-date="2019-01-29">
<title>Fair Lending for All Act</title>
<summary summary-id="id116hr166v00" currentChamber="HOUSE" update-date="2019-01-29">
<action-date>2019-01-03</action-date>
<action-desc>Introduced in House</action-desc>
<summary-text><![CDATA[<p><b>Fair Lending for All Act </b></p> <p>This bill modifies provisions related to prohibited credit discrimination. </p> <p>The bill adds sexual orientation, gender identity, and an applicant's location based on zip code or census tract as classes protected against discrimination with respect to credit transactions. (Currently, discrimination is prohibited on the basis of race, color, religion, national origin, sex, marital status, age, or because an applicant receives public assistance.) </p> <p>The bill establishes criminal penalties for violations of prohibited credit discrimination.</p> <p> The Consumer Financial Protection Bureau is required to review loan applications for compliance with specified consumer laws and to establish an Office of Fair Lending Testing.</p> </p>]]></summary-text>
</summary>
</item>
<dublinCore xmlns:dc="http://purl.org/dc/elements/1.1/">
<dc:format>text/xml</dc:format>
<dc:language>EN</dc:language>
<dc:rights>Pursuant to Title 17 Section 105 of the United States Code, this file is not subject to copyright protection and is in the public domain.</dc:rights>
<dc:contributor>Congressional Research Service, Library of Congress</dc:contributor>
<dc:description>This file contains bill summaries for federal legislation. A bill summary describes the most significant provisions of a piece of legislation and details the effects the legislative text may have on current law and federal programs. Bill summaries are authored by the Congressional Research Service (CRS) of the Library of Congress. As stated in Public Law 91-510 (2 USC 166 (d)(6)), one of the duties of CRS is "to prepare summaries and digests of bills and resolutions of a public general nature introduced in the Senate or House of Representatives". For more information, refer to the User Guide that accompanies this file.</dc:description>
</dublinCore>
</BillSummaries>
