<?xml version="1.0" encoding="UTF-8"?><BillSummaries>
<item congress="116" measure-type="hr" measure-number="4378" measure-id="id116hr4378" originChamber="HOUSE" orig-publish-date="2019-09-18" update-date="2019-10-01">
<title>Continuing Appropriations Act, 2020, and Health Extenders Act of 2019</title>
<summary summary-id="id116hr4378v55" currentChamber="SENATE" update-date="2019-10-01">
<action-date>2019-09-26</action-date>
<action-desc>Passed Senate</action-desc>
<summary-text><![CDATA[<p><b>Continuing Appropriations Act, 2020, and Health Extenders Act of 2019 </b></p> <p>This bill provides FY2020 continuing appropriations to federal agencies through November 21, 2019. </p> <p>It is known as a continuing resolution (CR) and prevents a government shutdown that would otherwise occur when FY2020 begins on October 1, 2019, if the 12 regular appropriations bills that fund the federal government for FY2020 have not been enacted. </p> <p>The CR funds most projects and activities at the FY2019 levels with several exceptions that provide funding flexibility and additional appropriations to various programs. </p> <p>Additionally, the CR extends several programs that are scheduled to expire at the end of FY2019, including </p> <ul> <li> several health programs,</li> <li>the National Flood Insurance Program, </li> <li> the Temporary Assistance for Needy Families (TANF) program and related programs,</li> <li> several authorities related to immigration,</li> <li> the Calfed Bay-Delta Authorization Act,</li> <li> the Department of Education's National Advisory Committee on Institutional Quality and Integrity,</li> <li> the Export-Import Bank of the United States, and </li> <li> the U.S. Commission on International Religious Freedom. </li> </ul> <p>The bill also includes a provision that permits the Department of Agriculture to continue making payments to farmers affected by retaliatory tariffs by accelerating reimbursements to the Commodity Credit Corporation for certain net realized losses sustained in FY2019. </p>]]></summary-text>
</summary>
<summary summary-id="id116hr4378v53" currentChamber="HOUSE" update-date="2019-09-20">
<action-date>2019-09-19</action-date>
<action-desc>Passed House</action-desc>
<summary-text><![CDATA[<p><b>Continuing Appropriations Act, 2020, and Health Extenders Act of 2019 </b></p> <p>This bill provides FY2020 continuing appropriations to federal agencies through November 21, 2019. </p> <p>It is known as a continuing resolution (CR) and prevents a government shutdown that would otherwise occur when FY2020 begins on October 1, 2019, if the 12 regular appropriations bills that fund the federal government for FY2020 have not been enacted. </p> <p>The CR funds most projects and activities at the FY2019 levels with several exceptions that provide funding flexibility and additional appropriations to various programs. </p> <p>Additionally, the CR extends several programs that are scheduled to expire at the end of FY2019, including </p> <ul> <li> several health programs,</li> <li>the National Flood Insurance Program, </li> <li> the Temporary Assistance for Needy Families (TANF) program and related programs,</li> <li> several authorities related to immigration,</li> <li> the Calfed Bay-Delta Authorization Act,</li> <li> the Department of Education's National Advisory Committee on Institutional Quality and Integrity,</li> <li> the Export-Import Bank of the United States, and </li> <li> the U.S. Commission on International Religious Freedom. </li> </ul> <p>The bill also includes a provision that permits the Department of Agriculture to continue making payments to farmers affected by retaliatory tariffs by accelerating reimbursements to the Commodity Credit Corporation for certain net realized losses sustained in FY2019. </p>]]></summary-text>
</summary>
<summary summary-id="id116hr4378v00" currentChamber="HOUSE" update-date="2019-09-19">
<action-date>2019-09-18</action-date>
<action-desc>Introduced in House</action-desc>
<summary-text><![CDATA[<p><b>Continuing Appropriations Act, 2020, and Health Extenders Act of 2019 </b></p> <p>This bill provides FY2020 continuing appropriations to federal agencies through November 21, 2019. </p> <p>It is known as a continuing resolution (CR) and prevents a government shutdown that would otherwise occur when FY2020 begins on October 1, 2019, if the 12 regular appropriations bills that fund the federal government for FY2020 have not been enacted. </p> <p>The CR funds most projects and activities at the FY2019 levels with several exceptions that provide funding flexibility and additional appropriations to various programs. </p> <p>Additionally, the CR extends several programs that are scheduled to expire at the end of FY2019, including </p> <ul> <li> several health programs,</li> <li>the National Flood Insurance Program, </li> <li> the Temporary Assistance for Needy Families (TANF) program and related programs,</li> <li> several authorities related to immigration,</li> <li> the Calfed Bay-Delta Authorization Act,</li> <li> the Department of Education's National Advisory Committee on Institutional Quality and Integrity,</li> <li> the Export-Import Bank of the United States, and </li> <li> the U.S. Commission on International Religious Freedom. </li> </ul> <p>The bill also includes a provision that permits the Department of Agriculture to continue making payments to farmers affected by retaliatory tariffs by accelerating reimbursements to the Commodity Credit Corporation for certain net realized losses sustained in FY2019. </p>]]></summary-text>
</summary>
</item>
<dublinCore xmlns:dc="http://purl.org/dc/elements/1.1/">
<dc:format>text/xml</dc:format>
<dc:language>EN</dc:language>
<dc:rights>Pursuant to Title 17 Section 105 of the United States Code, this file is not subject to copyright protection and is in the public domain.</dc:rights>
<dc:contributor>Congressional Research Service, Library of Congress</dc:contributor>
<dc:description>This file contains bill summaries for federal legislation. A bill summary describes the most significant provisions of a piece of legislation and details the effects the legislative text may have on current law and federal programs. Bill summaries are authored by the Congressional Research Service (CRS) of the Library of Congress. As stated in Public Law 91-510 (2 USC 166 (d)(6)), one of the duties of CRS is "to prepare summaries and digests of bills and resolutions of a public general nature introduced in the Senate or House of Representatives". For more information, refer to the User Guide that accompanies this file.</dc:description>
</dublinCore>
</BillSummaries>
