<?xml version="1.0" encoding="UTF-8"?><BillSummaries>
<item congress="116" measure-type="hr" measure-number="4017" measure-id="id116hr4017" originChamber="HOUSE" orig-publish-date="2019-07-25" update-date="2019-09-17">
<title>Lifelong Learning and Training Account Act of 2019</title>
<summary summary-id="id116hr4017v00" currentChamber="HOUSE" update-date="2019-09-17">
<action-date>2019-07-25</action-date>
<action-desc>Introduced in House</action-desc>
<summary-text><![CDATA[<p><b>Lifelong Learning and Training Account Act of 2019</b></p> <p>This bill establishes tax-exempt savings accounts that may be used to pay for training expenses and will be managed by state programs known as Lifelong Learning and Training Account programs.</p> <p>Tax-exempt distributions from an account may be used for training that results in a recognized postsecondary credential, such as an industry-recognized certificate or certification, a license recognized by the federal government or a state, or an associate or baccalaureate degree. </p> <p>The bill specifies contribution limits, age restrictions, and income limits that apply to beneficiaries of the accounts. Accounts that meet the requirements are eligible to receive certain federal matching funds for contributions made by the beneficiary or an employer. </p>]]></summary-text>
</summary>
</item>
<dublinCore xmlns:dc="http://purl.org/dc/elements/1.1/">
<dc:format>text/xml</dc:format>
<dc:language>EN</dc:language>
<dc:rights>Pursuant to Title 17 Section 105 of the United States Code, this file is not subject to copyright protection and is in the public domain.</dc:rights>
<dc:contributor>Congressional Research Service, Library of Congress</dc:contributor>
<dc:description>This file contains bill summaries for federal legislation. A bill summary describes the most significant provisions of a piece of legislation and details the effects the legislative text may have on current law and federal programs. Bill summaries are authored by the Congressional Research Service (CRS) of the Library of Congress. As stated in Public Law 91-510 (2 USC 166 (d)(6)), one of the duties of CRS is "to prepare summaries and digests of bills and resolutions of a public general nature introduced in the Senate or House of Representatives". For more information, refer to the User Guide that accompanies this file.</dc:description>
</dublinCore>
</BillSummaries>
