<?xml version="1.0" encoding="UTF-8"?><BillSummaries>
<item congress="116" measure-type="hr" measure-number="180" measure-id="id116hr180" originChamber="HOUSE" orig-publish-date="2019-01-03" update-date="2019-01-24">
<title>Build America Act of 2019</title>
<summary summary-id="id116hr180v00" currentChamber="HOUSE" update-date="2019-01-24">
<action-date>2019-01-03</action-date>
<action-desc>Introduced in House</action-desc>
<summary-text><![CDATA[<p><strong>Build America Act of 2019</strong></p> <p>This bill directs the Department of Transportation (DOT) to carry out a national infrastructure investment grant program for capital investments in surface transportation infrastructure. </p> <p> Projects eligible for funding under the program include, at a minimum, highway and bridge projects, public transportation projects, passenger and freight rail transportation projects, and port infrastructure investments. In distributing grants under the program, DOT shall ensure an equitable geographic distribution of funds, an appropriate balance in addressing the needs of urban and rural areas, and investment in a variety of transportation modes. At least 20% of grant funds must be set aside for projects in rural areas.</p> <p>The bill amends the Internal Revenue Code to: (1) establish a National Infrastructure Investment Trust Fund, and (2) increase the tax on gasoline other than aviation gasoline and on diesel fuel or kerosene.</p>]]></summary-text>
</summary>
</item>
<dublinCore xmlns:dc="http://purl.org/dc/elements/1.1/">
<dc:format>text/xml</dc:format>
<dc:language>EN</dc:language>
<dc:rights>Pursuant to Title 17 Section 105 of the United States Code, this file is not subject to copyright protection and is in the public domain.</dc:rights>
<dc:contributor>Congressional Research Service, Library of Congress</dc:contributor>
<dc:description>This file contains bill summaries for federal legislation. A bill summary describes the most significant provisions of a piece of legislation and details the effects the legislative text may have on current law and federal programs. Bill summaries are authored by the Congressional Research Service (CRS) of the Library of Congress. As stated in Public Law 91-510 (2 USC 166 (d)(6)), one of the duties of CRS is "to prepare summaries and digests of bills and resolutions of a public general nature introduced in the Senate or House of Representatives". For more information, refer to the User Guide that accompanies this file.</dc:description>
</dublinCore>
</BillSummaries>
