<?xml version="1.0" encoding="UTF-8"?><BillSummaries>
<item congress="116" measure-type="hr" measure-number="8111" measure-id="id116hr8111" originChamber="HOUSE" orig-publish-date="2020-08-25" update-date="2020-09-28">
<title>RNC Act</title>
<summary summary-id="id116hr8111v00" currentChamber="HOUSE" update-date="2020-09-28">
<action-date>2020-08-25</action-date>
<action-desc>Introduced in House</action-desc>
<summary-text><![CDATA[<p><b>Reducing Nefarious Crimes Act or the RNC Act</b></p> <p>This bill increases the penalties for violations and expands the scope of provisions that prohibit certain political activity by federal employees in the executive branch (commonly referred to as the Hatch Act).</p> <p>Specifically, the bill (1) increases the maximum period of debarment from federal employment for violations from 5 years to 7 years; (2) increases the maximum civil penalty for violations from $1,000 to $50,000; and (3) explicitly includes the White House and surrounding grounds, including the Rose Garden but excluding the executive residence, as locations in which employees may not engage in political activity.</p>]]></summary-text>
</summary>
</item>
<dublinCore xmlns:dc="http://purl.org/dc/elements/1.1/">
<dc:format>text/xml</dc:format>
<dc:language>EN</dc:language>
<dc:rights>Pursuant to Title 17 Section 105 of the United States Code, this file is not subject to copyright protection and is in the public domain.</dc:rights>
<dc:contributor>Congressional Research Service, Library of Congress</dc:contributor>
<dc:description>This file contains bill summaries for federal legislation. A bill summary describes the most significant provisions of a piece of legislation and details the effects the legislative text may have on current law and federal programs. Bill summaries are authored by the Congressional Research Service (CRS) of the Library of Congress. As stated in Public Law 91-510 (2 USC 166 (d)(6)), one of the duties of CRS is "to prepare summaries and digests of bills and resolutions of a public general nature introduced in the Senate or House of Representatives". For more information, refer to the User Guide that accompanies this file.</dc:description>
</dublinCore>
</BillSummaries>
