<?xml version="1.0" encoding="UTF-8"?><BillSummaries>
<item congress="116" measure-type="hr" measure-number="1070" measure-id="id116hr1070" originChamber="HOUSE" orig-publish-date="2019-02-07" update-date="2019-02-28">
<title>Student Loan Interest Tax Deduction Expansion Act</title>
<summary summary-id="id116hr1070v00" currentChamber="HOUSE" update-date="2019-02-28">
<action-date>2019-02-07</action-date>
<action-desc>Introduced in House</action-desc>
<summary-text><![CDATA[<p><b>Student Loan Interest Tax Deduction Expansion Act </b></p> <p>This bill modifies the tax deduction for interest on qualified education loans to increase (1) the dollar limitation on the deduction to $7,500 ($15,000 in the case of a joint return), and (2) the limitation on modified adjusted gross income to $100,000 (twice the amount in the case of a joint return). </p>]]></summary-text>
</summary>
</item>
<dublinCore xmlns:dc="http://purl.org/dc/elements/1.1/">
<dc:format>text/xml</dc:format>
<dc:language>EN</dc:language>
<dc:rights>Pursuant to Title 17 Section 105 of the United States Code, this file is not subject to copyright protection and is in the public domain.</dc:rights>
<dc:contributor>Congressional Research Service, Library of Congress</dc:contributor>
<dc:description>This file contains bill summaries for federal legislation. A bill summary describes the most significant provisions of a piece of legislation and details the effects the legislative text may have on current law and federal programs. Bill summaries are authored by the Congressional Research Service (CRS) of the Library of Congress. As stated in Public Law 91-510 (2 USC 166 (d)(6)), one of the duties of CRS is "to prepare summaries and digests of bills and resolutions of a public general nature introduced in the Senate or House of Representatives". For more information, refer to the User Guide that accompanies this file.</dc:description>
</dublinCore>
</BillSummaries>
