<?xml version="1.0" encoding="UTF-8"?><BillSummaries>
<item congress="116" measure-type="hr" measure-number="177" measure-id="id116hr177" originChamber="HOUSE" orig-publish-date="2019-01-03" update-date="2019-01-22">
<title>To amend the Internal Revenue Code of 1986 to provide for waivers of user fees imposed with respect to applications for reinstatement of tax-exempt status of small, subsidiary tax-exempt organizations.</title>
<summary summary-id="id116hr177v00" currentChamber="HOUSE" update-date="2019-01-22">
<action-date>2019-01-03</action-date>
<action-desc>Introduced in House</action-desc>
<summary-text><![CDATA[<p>This bill requires (1) the reinstatement of the tax-exempt status of a tax-exempt subsidiary organization with fewer than 50 members whose tax-exempt status was revoked due to failure to file required tax returns or notices, and (2) a waiver of any user fee charged in connection with a reinstatement application. As a condition for reinstatement, the organization must file any required returns or notices. </p>]]></summary-text>
</summary>
</item>
<dublinCore xmlns:dc="http://purl.org/dc/elements/1.1/">
<dc:format>text/xml</dc:format>
<dc:language>EN</dc:language>
<dc:rights>Pursuant to Title 17 Section 105 of the United States Code, this file is not subject to copyright protection and is in the public domain.</dc:rights>
<dc:contributor>Congressional Research Service, Library of Congress</dc:contributor>
<dc:description>This file contains bill summaries for federal legislation. A bill summary describes the most significant provisions of a piece of legislation and details the effects the legislative text may have on current law and federal programs. Bill summaries are authored by the Congressional Research Service (CRS) of the Library of Congress. As stated in Public Law 91-510 (2 USC 166 (d)(6)), one of the duties of CRS is "to prepare summaries and digests of bills and resolutions of a public general nature introduced in the Senate or House of Representatives". For more information, refer to the User Guide that accompanies this file.</dc:description>
</dublinCore>
</BillSummaries>
