<?xml version="1.0" encoding="UTF-8"?><BillSummaries>
<item congress="116" measure-type="hr" measure-number="956" measure-id="id116hr956" originChamber="HOUSE" orig-publish-date="2019-02-04" update-date="2019-02-21">
<title>Saving Children Act</title>
<summary summary-id="id116hr956v00" currentChamber="HOUSE" update-date="2019-02-21">
<action-date>2019-02-04</action-date>
<action-desc>Introduced in House</action-desc>
<summary-text><![CDATA[<p><b>Saving Children Act</b></p> <p>This bill establishes a new criminal offense that prohibits a physician from knowingly performing a dismemberment abortion. It provides a definition of the term &quot;dismemberment abortion.&quot;</p> <p>A physician who performs a dismemberment abortion is subject to a criminal fine, up to two years in prison, or both, unless the dismemberment abortion was necessary to save the mother's life.</p> <p>A woman or a parent of a minor who undergoes a dismemberment abortion may file a civil action for damages against an individual who violates this bill.</p> <p>The legislation bars the criminal prosecution of a woman who undergoes a dismemberment abortion for conspiracy to violate the provisions of this bill, for being a principal or an accessory after the fact, or for concealing a dismemberment abortion.<br /></p>]]></summary-text>
</summary>
</item>
<dublinCore xmlns:dc="http://purl.org/dc/elements/1.1/">
<dc:format>text/xml</dc:format>
<dc:language>EN</dc:language>
<dc:rights>Pursuant to Title 17 Section 105 of the United States Code, this file is not subject to copyright protection and is in the public domain.</dc:rights>
<dc:contributor>Congressional Research Service, Library of Congress</dc:contributor>
<dc:description>This file contains bill summaries for federal legislation. A bill summary describes the most significant provisions of a piece of legislation and details the effects the legislative text may have on current law and federal programs. Bill summaries are authored by the Congressional Research Service (CRS) of the Library of Congress. As stated in Public Law 91-510 (2 USC 166 (d)(6)), one of the duties of CRS is "to prepare summaries and digests of bills and resolutions of a public general nature introduced in the Senate or House of Representatives". For more information, refer to the User Guide that accompanies this file.</dc:description>
</dublinCore>
</BillSummaries>
