<?xml version="1.0" encoding="UTF-8"?><BillSummaries>
<item congress="116" measure-type="hr" measure-number="898" measure-id="id116hr898" originChamber="HOUSE" orig-publish-date="2019-01-30" update-date="2019-02-25">
<title>Skills Investment Act of 2019</title>
<summary summary-id="id116hr898v00" currentChamber="HOUSE" update-date="2019-02-25">
<action-date>2019-01-30</action-date>
<action-desc>Introduced in House</action-desc>
<summary-text><![CDATA[<p><b>Skills Investment Act of 201</b><b>9</b></p> <p>This bill expands tax-favored Coverdell education savings accounts to allow the accounts to be used for educational or skill development expenses such as training services, career and technical education activities, career services, youth workforce investment activities, and adult education and literacy activities. </p> <p>The bill also </p> <ul> <li>renames the accounts "Coverdell lifelong learning accounts," </li> <li> increases contribution limits, </li> <li> modifies the age-based contribution restrictions, </li> <li> allows a tax credit for a portion of an employer's contributions to an employee's account, and</li> <li>allows beneficiaries to deduct contributions made by or on behalf of the beneficiary. </li> </ul>]]></summary-text>
</summary>
</item>
<dublinCore xmlns:dc="http://purl.org/dc/elements/1.1/">
<dc:format>text/xml</dc:format>
<dc:language>EN</dc:language>
<dc:rights>Pursuant to Title 17 Section 105 of the United States Code, this file is not subject to copyright protection and is in the public domain.</dc:rights>
<dc:contributor>Congressional Research Service, Library of Congress</dc:contributor>
<dc:description>This file contains bill summaries for federal legislation. A bill summary describes the most significant provisions of a piece of legislation and details the effects the legislative text may have on current law and federal programs. Bill summaries are authored by the Congressional Research Service (CRS) of the Library of Congress. As stated in Public Law 91-510 (2 USC 166 (d)(6)), one of the duties of CRS is "to prepare summaries and digests of bills and resolutions of a public general nature introduced in the Senate or House of Representatives". For more information, refer to the User Guide that accompanies this file.</dc:description>
</dublinCore>
</BillSummaries>
