<?xml version="1.0" encoding="UTF-8"?><BillSummaries>
<item congress="116" measure-type="hr" measure-number="1187" measure-id="id116hr1187" originChamber="HOUSE" orig-publish-date="2019-02-13" update-date="2019-03-01">
<title>JARED Security Clearance Act of 2019</title>
<summary summary-id="id116hr1187v00" currentChamber="HOUSE" update-date="2019-03-01">
<action-date>2019-02-13</action-date>
<action-desc>Introduced in House</action-desc>
<summary-text><![CDATA[<p><b>Judgment and Responsibility in Executing Determinations for Security Clearance Act or the JARED Security Clearance Act of 2019</b></p> <p>This bill revokes the security clearance of a family member or financial associate of the President that was granted contrary to the determination or recommendation of an agency, including the Federal Bureau of Investigation. A subsequent background investigation and agency adjudication is required before such an individual may be granted a security clearance.</p> <p>In addition, the White House Chief of Staff must notify Congress if the President or any other individual grants a security clearance to a family member or financial associate of the President contrary to the determination or recommendation of an agency. The notification shall be in writing within five days of the decision to grant the clearance. <br> </p>]]></summary-text>
</summary>
</item>
<dublinCore xmlns:dc="http://purl.org/dc/elements/1.1/">
<dc:format>text/xml</dc:format>
<dc:language>EN</dc:language>
<dc:rights>Pursuant to Title 17 Section 105 of the United States Code, this file is not subject to copyright protection and is in the public domain.</dc:rights>
<dc:contributor>Congressional Research Service, Library of Congress</dc:contributor>
<dc:description>This file contains bill summaries for federal legislation. A bill summary describes the most significant provisions of a piece of legislation and details the effects the legislative text may have on current law and federal programs. Bill summaries are authored by the Congressional Research Service (CRS) of the Library of Congress. As stated in Public Law 91-510 (2 USC 166 (d)(6)), one of the duties of CRS is "to prepare summaries and digests of bills and resolutions of a public general nature introduced in the Senate or House of Representatives". For more information, refer to the User Guide that accompanies this file.</dc:description>
</dublinCore>
</BillSummaries>
