<?xml version="1.0" encoding="UTF-8"?><BillSummaries>
<item congress="116" measure-type="hr" measure-number="118" measure-id="id116hr118" originChamber="HOUSE" orig-publish-date="2019-01-03" update-date="2019-01-18">
<title>Streamlined and Improved Methods at Polling Locations and Early (SIMPLE) Voting Act of 2019</title>
<summary summary-id="id116hr118v00" currentChamber="HOUSE" update-date="2019-01-18">
<action-date>2019-01-03</action-date>
<action-desc>Introduced in House</action-desc>
<summary-text><![CDATA[<p><strong>Streamlined and Improved Methods at Polling Locations and Early (SIMPLE) Voting Act of 2019</strong></p> <p>This bill allows for early voting in elections for federal office and for reduced waiting times for voters at polling places used in such elections.</p> <p>States must</p> <ul> <li>allow early voting in a federal election each day during the 15-day period ending on the second day before election day in the same manner as voting is allowed on election day;</li> <li>ensure that each polling place that allows early voting in a federal election is located within reasonable walking distance of a stop on a public transportation route;</li> <li> provide a sufficient number of voting systems, poll workers, and other election resources at polling places used in a federal election to ensure an equitable waiting time, not longer than one hour, for all voters in the state;</li> <li>plan to provide polling places whose waiting times exceed one hour on election day with additional poll workers, machines, ballots, and other equipment and supplies.</li> </ul> <p>The Election Assistance Commission shall issue standards for the administration of early voting in a federal election.</p> <p>The bill establishes requirements for the counting of provisional ballots that will be treated as votes. </p> <p>The bill allows civil money penalties, intervention by aggrieved parties, and private actions to address Help America Vote Act of 2002 violations by a state or jurisdiction.</p>]]></summary-text>
</summary>
</item>
<dublinCore xmlns:dc="http://purl.org/dc/elements/1.1/">
<dc:format>text/xml</dc:format>
<dc:language>EN</dc:language>
<dc:rights>Pursuant to Title 17 Section 105 of the United States Code, this file is not subject to copyright protection and is in the public domain.</dc:rights>
<dc:contributor>Congressional Research Service, Library of Congress</dc:contributor>
<dc:description>This file contains bill summaries for federal legislation. A bill summary describes the most significant provisions of a piece of legislation and details the effects the legislative text may have on current law and federal programs. Bill summaries are authored by the Congressional Research Service (CRS) of the Library of Congress. As stated in Public Law 91-510 (2 USC 166 (d)(6)), one of the duties of CRS is "to prepare summaries and digests of bills and resolutions of a public general nature introduced in the Senate or House of Representatives". For more information, refer to the User Guide that accompanies this file.</dc:description>
</dublinCore>
</BillSummaries>
