<?xml version="1.0" encoding="UTF-8"?><BillSummaries>
<item congress="116" measure-type="hr" measure-number="502" measure-id="id116hr502" originChamber="HOUSE" orig-publish-date="2019-01-11" update-date="2019-02-05">
<title>FIND Trafficking Act</title>
<summary summary-id="id116hr502v53" currentChamber="HOUSE" update-date="2019-02-05">
<action-date>2019-01-28</action-date>
<action-desc>Passed House</action-desc>
<summary-text><![CDATA[<p><b>Fight Illicit Networks and Detect Trafficking Act or the FIND Trafficking Act </b></p> <p>This bill directs the Government Accountability Office (GAO) to report on the use of virtual currencies and online marketplaces in sex and drug trafficking. The GAO must study topics including </p> <ul> <li>how illicit proceeds are transferred into the U.S. banking system, </li> <li>state and non-state actors that participate in such activity, </li> <li>preventative efforts from federal and state agencies, and</li> <li>the extent to which the unique characteristics of virtual currencies can contribute to the tracking and prosecution of illicit funding. </li> </ul>]]></summary-text>
</summary>
<summary summary-id="id116hr502v00" currentChamber="HOUSE" update-date="2019-01-23">
<action-date>2019-01-11</action-date>
<action-desc>Introduced in House</action-desc>
<summary-text><![CDATA[<p><b>Fight Illicit Networks and Detect Trafficking Act or the FIND Trafficking Act </b></p> <p>This bill directs the Government Accountability Office (GAO) to report on the use of virtual currencies and online marketplaces in sex and drug trafficking. The GAO must study topics including </p> <ul> <li>how illicit proceeds are transferred into the U.S. banking system, </li> <li>state and non-state actors that participate in such activity, </li> <li>preventative efforts from federal and state agencies, and</li> <li>the extent to which the unique characteristics of virtual currencies can contribute to the tracking and prosecution of illicit funding. </li> </ul>]]></summary-text>
</summary>
</item>
<dublinCore xmlns:dc="http://purl.org/dc/elements/1.1/">
<dc:format>text/xml</dc:format>
<dc:language>EN</dc:language>
<dc:rights>Pursuant to Title 17 Section 105 of the United States Code, this file is not subject to copyright protection and is in the public domain.</dc:rights>
<dc:contributor>Congressional Research Service, Library of Congress</dc:contributor>
<dc:description>This file contains bill summaries for federal legislation. A bill summary describes the most significant provisions of a piece of legislation and details the effects the legislative text may have on current law and federal programs. Bill summaries are authored by the Congressional Research Service (CRS) of the Library of Congress. As stated in Public Law 91-510 (2 USC 166 (d)(6)), one of the duties of CRS is "to prepare summaries and digests of bills and resolutions of a public general nature introduced in the Senate or House of Representatives". For more information, refer to the User Guide that accompanies this file.</dc:description>
</dublinCore>
</BillSummaries>
