<?xml version="1.0" encoding="UTF-8"?><BillSummaries>
<item congress="116" measure-type="hr" measure-number="336" measure-id="id116hr336" originChamber="HOUSE" orig-publish-date="2019-01-08" update-date="2019-02-05">
<title>Strengthening America's Security in the Middle East Act of 2019</title>
<summary summary-id="id116hr336v00" currentChamber="HOUSE" update-date="2019-02-05">
<action-date>2019-01-08</action-date>
<action-desc>Introduced in House</action-desc>
<summary-text><![CDATA[<p><b>Strengthening America's Security in the Middle East Act of 2019</b></p> <p>This bill authorizes assistance and weapons transfers to Israel, and extends defense cooperation with Jordan. It establishes additional sanctions related to the conflict in Syria, and allows states to divest from entities boycotting Israel.</p> <p><i>Ileana Ros-Lehtinen United States-Israel Security Assistance Authorization Act of 2019</i></p> <p>The bill reauthorizes through&nbsp;FY2028 Foreign Military Financing to Israel. It extends loan guarantees to Israel through FY2023, and authorizes the President to transfer precision-guided munitions to the country. </p> <p>The bill&nbsp;directs the President to report on steps taken to help Israel secure a strategic trade authorization exception. </p> <p><i>United States-Jordan Defense Cooperation Extension Act</i></p> <p>The bill&nbsp;extends through 2022 arrangements that allow certain defense articles to be transferred to Jordan on an expedited basis. The bill&nbsp;also directs the President to submit a report to Congress assessing the costs and benefits of establishing a fund to support private investment in Jordan. </p> <p><i>Caesar Syria Civilian Protection Act of 2019</i></p> <p>The bill&nbsp;directs the Department of the Treasury to determine whether the Central Bank of Syria is a primary money-laundering concern and, if so, impose special measures on transactions involving the bank. The bill also imposes sanctions on individuals providing support for the Syrian government.</p> <p><i>Combating BDS Act of 2019</i></p> <p>The bill allows a state or&nbsp;local government to&nbsp;adopt measures to divest its assets from entities using boycotts, divestments, or sanctions to influence Israel's policies. Such measures shall meet various requirements, including those related to written notice and comment. </p>]]></summary-text>
</summary>
</item>
<dublinCore xmlns:dc="http://purl.org/dc/elements/1.1/">
<dc:format>text/xml</dc:format>
<dc:language>EN</dc:language>
<dc:rights>Pursuant to Title 17 Section 105 of the United States Code, this file is not subject to copyright protection and is in the public domain.</dc:rights>
<dc:contributor>Congressional Research Service, Library of Congress</dc:contributor>
<dc:description>This file contains bill summaries for federal legislation. A bill summary describes the most significant provisions of a piece of legislation and details the effects the legislative text may have on current law and federal programs. Bill summaries are authored by the Congressional Research Service (CRS) of the Library of Congress. As stated in Public Law 91-510 (2 USC 166 (d)(6)), one of the duties of CRS is "to prepare summaries and digests of bills and resolutions of a public general nature introduced in the Senate or House of Representatives". For more information, refer to the User Guide that accompanies this file.</dc:description>
</dublinCore>
</BillSummaries>
