<?xml version="1.0" encoding="UTF-8"?><BillSummaries>
<item congress="116" measure-type="hr" measure-number="2727" measure-id="id116hr2727" originChamber="HOUSE" orig-publish-date="2019-05-14" update-date="2019-09-13">
<title>Sergeant Daniel Somers Network of Support Act</title>
<summary summary-id="id116hr2727v00" currentChamber="HOUSE" update-date="2019-09-13">
<action-date>2019-05-14</action-date>
<action-desc>Introduced in House</action-desc>
<summary-text><![CDATA[<p><b>Sergeant Daniel Somers Network of Support Act</b></p> <p>This bill provides a means of disseminating information to personal contacts of Armed Forces members about the experiences and challenges of military service. Specifically, it requires the Department of Defense (DOD) to seek an agreement with the American Red Cross for the conduct of a pilot program to encourage new Armed Forces members to designate up to 15 persons with whom certain information regarding their military service would be shared. This includes information concerning aspects of daily life in the military and its challenges, particularly during and after deployment in a contingency operation; availability of services to help members and dependents to cope with experiences; and benefits provided by DOD.</p> <p>The bill provides privacy protections and mechanisms to modify the contact information or opt out of the program.</p>]]></summary-text>
</summary>
</item>
<dublinCore xmlns:dc="http://purl.org/dc/elements/1.1/">
<dc:format>text/xml</dc:format>
<dc:language>EN</dc:language>
<dc:rights>Pursuant to Title 17 Section 105 of the United States Code, this file is not subject to copyright protection and is in the public domain.</dc:rights>
<dc:contributor>Congressional Research Service, Library of Congress</dc:contributor>
<dc:description>This file contains bill summaries for federal legislation. A bill summary describes the most significant provisions of a piece of legislation and details the effects the legislative text may have on current law and federal programs. Bill summaries are authored by the Congressional Research Service (CRS) of the Library of Congress. As stated in Public Law 91-510 (2 USC 166 (d)(6)), one of the duties of CRS is "to prepare summaries and digests of bills and resolutions of a public general nature introduced in the Senate or House of Representatives". For more information, refer to the User Guide that accompanies this file.</dc:description>
</dublinCore>
</BillSummaries>
