<?xml version="1.0" encoding="UTF-8"?><BillSummaries>
<item congress="116" measure-type="hr" measure-number="169" measure-id="id116hr169" originChamber="HOUSE" orig-publish-date="2019-01-03" update-date="2019-02-04">
<title>Driver and Officer Safety Education Act</title>
<summary summary-id="id116hr169v00" currentChamber="HOUSE" update-date="2019-02-04">
<action-date>2019-01-03</action-date>
<action-desc>Introduced in House</action-desc>
<summary-text><![CDATA[<p><b>Driver and Officer Safety Education Act</b></p> <p>This bill amends the Fixing America's Surface Transportation Act (FAST Act) to increase authorization levels for FY2019-FY2020.</p> <p>The bill decreases the allocation of funds under national priority safety programs for (1) occupant protection, (2) state traffic safety information system improvements, and (3) impaired driving countermeasures.</p> <p>The Department of Transportation must award grants to states that enact a commuter safety education program for educational and training programs concerning law enforcement practices during traffic stops and other in-person encounters.</p> <p>In each fiscal year, 2% of the funds provided for commuter safety education shall be allocated among states that implement commuter safety education programs. </p>]]></summary-text>
</summary>
</item>
<dublinCore xmlns:dc="http://purl.org/dc/elements/1.1/">
<dc:format>text/xml</dc:format>
<dc:language>EN</dc:language>
<dc:rights>Pursuant to Title 17 Section 105 of the United States Code, this file is not subject to copyright protection and is in the public domain.</dc:rights>
<dc:contributor>Congressional Research Service, Library of Congress</dc:contributor>
<dc:description>This file contains bill summaries for federal legislation. A bill summary describes the most significant provisions of a piece of legislation and details the effects the legislative text may have on current law and federal programs. Bill summaries are authored by the Congressional Research Service (CRS) of the Library of Congress. As stated in Public Law 91-510 (2 USC 166 (d)(6)), one of the duties of CRS is "to prepare summaries and digests of bills and resolutions of a public general nature introduced in the Senate or House of Representatives". For more information, refer to the User Guide that accompanies this file.</dc:description>
</dublinCore>
</BillSummaries>
