<?xml version="1.0" encoding="UTF-8"?><BillSummaries>
<item congress="116" measure-type="hr" measure-number="98" measure-id="id116hr98" originChamber="HOUSE" orig-publish-date="2019-01-03" update-date="2019-02-19">
<title>Criminal Alien Gang Member Removal Act</title>
<summary summary-id="id116hr98v00" currentChamber="HOUSE" update-date="2019-02-19">
<action-date>2019-01-03</action-date>
<action-desc>Introduced in House</action-desc>
<summary-text><![CDATA[<p><b>Criminal Alien Gang Member Removal Act</b></p> <p>This bill makes aliens associated with criminal gangs inadmissible for entry into the United States and deportable, and establishes procedures related to designating groups with criminal gang status.</p> <p>An alien shall be inadmissible if a consular officer, the Department of Homeland Security (DHS), or the Department of Justice knows or has reason to believe that the individual is or was a criminal gang member, or has participated or aided such a group's illegal activities. An alien who is or was a member of such a gang, or has participated or aided such a group's illegal activities, shall be deportable. </p> <p>Such individuals shall be subject to mandatory detention, shall not be eligible for asylum, temporary protected status, or special immigrant juvenile visas and shall not be eligible for parole unless they are assisting the government in a law enforcement matter. </p> <p>The bill defines a criminal gang as a group of five or more persons (1) where one of its primary purposes is the commission of specified criminal offenses and the members of which engage or have engaged within the past five years in a continuing series of such offenses, or (2) that has been designated as a criminal gang by DHS.</p> <p>The bill establishes procedures for DHS to designate a group such status, including notification to Congress, publication in the Federal Register, and an opportunity for the group to petition for administrative and judicial review. </p> <p>]]></summary-text>
</summary>
</item>
<dublinCore xmlns:dc="http://purl.org/dc/elements/1.1/">
<dc:format>text/xml</dc:format>
<dc:language>EN</dc:language>
<dc:rights>Pursuant to Title 17 Section 105 of the United States Code, this file is not subject to copyright protection and is in the public domain.</dc:rights>
<dc:contributor>Congressional Research Service, Library of Congress</dc:contributor>
<dc:description>This file contains bill summaries for federal legislation. A bill summary describes the most significant provisions of a piece of legislation and details the effects the legislative text may have on current law and federal programs. Bill summaries are authored by the Congressional Research Service (CRS) of the Library of Congress. As stated in Public Law 91-510 (2 USC 166 (d)(6)), one of the duties of CRS is "to prepare summaries and digests of bills and resolutions of a public general nature introduced in the Senate or House of Representatives". For more information, refer to the User Guide that accompanies this file.</dc:description>
</dublinCore>
</BillSummaries>
