<?xml version="1.0" encoding="UTF-8"?><BillSummaries>
<item congress="116" measure-type="hr" measure-number="4349" measure-id="id116hr4349" originChamber="HOUSE" orig-publish-date="2019-09-17" update-date="2019-09-19">
<title>Travel Trailer and Camper Tax Parity Act</title>
<summary summary-id="id116hr4349v00" currentChamber="HOUSE" update-date="2019-09-19">
<action-date>2019-09-17</action-date>
<action-desc>Introduced in House</action-desc>
<summary-text><![CDATA[<p><b>Travel Trailer and Camper Tax Parity Act </b></p> <p>This bill modifies the limit on the tax deduction for business interest to include the financing of certain trailers and campers in the definition of "floor plan financing indebtedness." (Interest on floor plan financing indebtedness is exempt from the limit.)</p> <p>Under current law, floor plan financing indebtedness is (1) used to finance the acquisition of motor vehicles held for sale or lease, and (2) secured by the acquired inventory. </p> <p>The bill specifies that, for the purpose of this definition, a motor vehicle includes any trailer or camper that is designed to (1) provide temporary living quarters for recreational, camping, or seasonal use; and (2) be towed by, or affixed to, a motor vehicle. </p>]]></summary-text>
</summary>
</item>
<dublinCore xmlns:dc="http://purl.org/dc/elements/1.1/">
<dc:format>text/xml</dc:format>
<dc:language>EN</dc:language>
<dc:rights>Pursuant to Title 17 Section 105 of the United States Code, this file is not subject to copyright protection and is in the public domain.</dc:rights>
<dc:contributor>Congressional Research Service, Library of Congress</dc:contributor>
<dc:description>This file contains bill summaries for federal legislation. A bill summary describes the most significant provisions of a piece of legislation and details the effects the legislative text may have on current law and federal programs. Bill summaries are authored by the Congressional Research Service (CRS) of the Library of Congress. As stated in Public Law 91-510 (2 USC 166 (d)(6)), one of the duties of CRS is "to prepare summaries and digests of bills and resolutions of a public general nature introduced in the Senate or House of Representatives". For more information, refer to the User Guide that accompanies this file.</dc:description>
</dublinCore>
</BillSummaries>
