<?xml version="1.0" encoding="UTF-8"?><BillSummaries>
<item congress="116" measure-type="hr" measure-number="516" measure-id="id116hr516" originChamber="HOUSE" orig-publish-date="2019-01-11" update-date="2019-02-05">
<title>Ending Sanctuary Cities Act of 2019</title>
<summary summary-id="id116hr516v00" currentChamber="HOUSE" update-date="2019-02-05">
<action-date>2019-01-11</action-date>
<action-desc>Introduced in House</action-desc>
<summary-text><![CDATA[<p><b>Ending Sanctuary Cities Act of 2019</b></p> <p>This bill makes state or local governments that violate immigration laws ineligible for federal financial assistance.</p> <p>A governmental entity shall be ineligible if it</p> <ul> <li>violates federal law by prohibiting its officials from communicating with the Department of Homeland Security (DHS) about the immigration status of any individual,</li> <li>restricts compliance with DHS detainer requests, or</li> <li>has any laws or policies that violate immigration laws.</li> </ul> <p>A DHS detainer request is an order or request to a state or local government to (1) temporarily hold or transport an alien for transfer into federal custody, or (2) notify DHS before releasing an alien from custody.</p>  <p>A government or law enforcement officer that complies with a DHS detainer request shall be acting under the color of federal authority, for the purposes of liability or immunity in a lawsuit filed by the detained individual. </p> <p>The bill makes it unlawful for a state or local government to discharge or discriminate against one of its law enforcement officers for complying with a DHS retainer request.</p> <p>]]></summary-text>
</summary>
</item>
<dublinCore xmlns:dc="http://purl.org/dc/elements/1.1/">
<dc:format>text/xml</dc:format>
<dc:language>EN</dc:language>
<dc:rights>Pursuant to Title 17 Section 105 of the United States Code, this file is not subject to copyright protection and is in the public domain.</dc:rights>
<dc:contributor>Congressional Research Service, Library of Congress</dc:contributor>
<dc:description>This file contains bill summaries for federal legislation. A bill summary describes the most significant provisions of a piece of legislation and details the effects the legislative text may have on current law and federal programs. Bill summaries are authored by the Congressional Research Service (CRS) of the Library of Congress. As stated in Public Law 91-510 (2 USC 166 (d)(6)), one of the duties of CRS is "to prepare summaries and digests of bills and resolutions of a public general nature introduced in the Senate or House of Representatives". For more information, refer to the User Guide that accompanies this file.</dc:description>
</dublinCore>
</BillSummaries>
