<?xml version="1.0" encoding="UTF-8"?><BillSummaries>
<item congress="116" measure-type="hr" measure-number="4915" measure-id="id116hr4915" originChamber="HOUSE" orig-publish-date="2019-10-30" update-date="2020-03-02">
<title>Small Business Cybersecurity Enhancement Act</title>
<summary summary-id="id116hr4915v00" currentChamber="HOUSE" update-date="2020-03-02">
<action-date>2019-10-30</action-date>
<action-desc>Introduced in House</action-desc>
<summary-text><![CDATA[<p><strong>Small Business Cybersecurity Enhancement Act</strong></p> <p>This bill authorizes the Small Business Administration to guarantee up to 90% of the amount of a loan made to a small business that has 100 or fewer employees, has been in business for at least one year, and has obtained training from a small business development center. The loan guarantee must be used for the acquisition of cybersecurity technology and services and the cost of the installation or use of such technology and services.</p> <p>For purposes of this bill, <i>cybersecurity technology and services</i> excludes information technology whose sole use is financial management, maintenance of inventory of basic supplies, or appointment scheduling.</p>]]></summary-text>
</summary>
</item>
<dublinCore xmlns:dc="http://purl.org/dc/elements/1.1/">
<dc:format>text/xml</dc:format>
<dc:language>EN</dc:language>
<dc:rights>Pursuant to Title 17 Section 105 of the United States Code, this file is not subject to copyright protection and is in the public domain.</dc:rights>
<dc:contributor>Congressional Research Service, Library of Congress</dc:contributor>
<dc:description>This file contains bill summaries for federal legislation. A bill summary describes the most significant provisions of a piece of legislation and details the effects the legislative text may have on current law and federal programs. Bill summaries are authored by the Congressional Research Service (CRS) of the Library of Congress. As stated in Public Law 91-510 (2 USC 166 (d)(6)), one of the duties of CRS is "to prepare summaries and digests of bills and resolutions of a public general nature introduced in the Senate or House of Representatives". For more information, refer to the User Guide that accompanies this file.</dc:description>
</dublinCore>
</BillSummaries>
