<?xml version="1.0" encoding="UTF-8"?><BillSummaries>
<item congress="116" measure-type="hr" measure-number="1582" measure-id="id116hr1582" originChamber="HOUSE" orig-publish-date="2019-03-07" update-date="2020-02-26">
<title>Electronic Message Preservation Act</title>
<summary summary-id="id116hr1582v53" currentChamber="HOUSE" update-date="2020-02-26">
<action-date>2019-03-12</action-date>
<action-desc>Passed House</action-desc>
<summary-text><![CDATA[<p><strong>Electronic Message Preservation Act</strong> </p> <p>This bill requires the National Archives and Records Administration (NARA) to regulate federal agency preservation of electronic messages that are federal records. </p> <p>NARA's regulations must (1) require the electronic capture, management, and preservation of such records in accordance with the Federal Records Act; (2) require such records to be retrievable through electronic searches; (3) include timelines for federal agency implementation of the regulations that ensure compliance as expeditiously as practicable; (4) establish functional requirements for electronic records management systems and a process to ensure that such systems meet the functional requirements; and (5) include requirements for the capture, management, and preservation of other electronic records.</p> <p>Agencies must publicly report on their compliance with the regulations.</p> <p>NARA must (1) establish standards for the management of electronic presidential records during a President's term of office, (2) certify annually whether a President's electronic records management controls meet the requirements of the Presidential Records Act, and (3) report after the conclusion of a President's term of office regarding electronic records deposited into the presidential archival depository and whether electronic records management controls met specified requirements.</p>]]></summary-text>
</summary>
<summary summary-id="id116hr1582v00" currentChamber="HOUSE" update-date="2019-03-11">
<action-date>2019-03-07</action-date>
<action-desc>Introduced in House</action-desc>
<summary-text><![CDATA[<p><strong>Electronic Message Preservation Act</strong> </p> <p>This bill requires the National Archives and Records Administration (NARA) to regulate federal agency preservation of electronic messages that are federal records. </p> <p>NARA's regulations must (1) require the electronic capture, management, and preservation of such records in accordance with the Federal Records Act; (2) require such records to be retrievable through electronic searches; (3) include timelines for federal agency implementation of the regulations that ensure compliance as expeditiously as practicable; (4) establish functional requirements for electronic records management systems and a process to ensure that such systems meet the functional requirements; and (5) include requirements for the capture, management, and preservation of other electronic records.</p> <p>Agencies must publicly report on their compliance with the regulations.</p> <p>NARA must (1) establish standards for the management of electronic presidential records during a President's term of office, (2) certify annually whether a President's electronic records management controls meet the requirements of the Presidential Records Act, and (3) report after the conclusion of a President's term of office regarding electronic records deposited into the presidential archival depository and whether electronic records management controls met specified requirements.</p>]]></summary-text>
</summary>
</item>
<dublinCore xmlns:dc="http://purl.org/dc/elements/1.1/">
<dc:format>text/xml</dc:format>
<dc:language>EN</dc:language>
<dc:rights>Pursuant to Title 17 Section 105 of the United States Code, this file is not subject to copyright protection and is in the public domain.</dc:rights>
<dc:contributor>Congressional Research Service, Library of Congress</dc:contributor>
<dc:description>This file contains bill summaries for federal legislation. A bill summary describes the most significant provisions of a piece of legislation and details the effects the legislative text may have on current law and federal programs. Bill summaries are authored by the Congressional Research Service (CRS) of the Library of Congress. As stated in Public Law 91-510 (2 USC 166 (d)(6)), one of the duties of CRS is "to prepare summaries and digests of bills and resolutions of a public general nature introduced in the Senate or House of Representatives". For more information, refer to the User Guide that accompanies this file.</dc:description>
</dublinCore>
</BillSummaries>
