<?xml version="1.0" encoding="UTF-8"?><BillSummaries>
<item congress="116" measure-type="hr" measure-number="347" measure-id="id116hr347" originChamber="HOUSE" orig-publish-date="2019-01-08" update-date="2019-11-22">
<title>Responsible Disposal Reauthorization Act of 2019</title>
<summary summary-id="id116hr347v25" currentChamber="SENATE" update-date="2019-11-22">
<action-date>2019-09-10</action-date>
<action-desc>Reported to Senate</action-desc>
<summary-text><![CDATA[<p><b>Responsible Disposal Reauthorization Act of 2019</b></p> <p>This bill extends through FY2031 authorization for the Department of Energy to operate the Cheney disposal cell in Mesa County, Colorado. (The disposal cell serves as a repository for mill tailings, which is sandy waste that results from the process of turning natural uranium into fuel.)</p>]]></summary-text>
</summary>
<summary summary-id="id116hr347v53" currentChamber="HOUSE" update-date="2019-06-21">
<action-date>2019-03-05</action-date>
<action-desc>Passed House</action-desc>
<summary-text><![CDATA[<p><b>Responsible Disposal Reauthorization Act of 2019</b></p> <p>This bill extends through FY2031 authorization for the Department of Energy to operate the Cheney disposal cell in Mesa County, Colorado. (The disposal cell serves as a repository for mill tailings, which is sandy waste that results from the process of turning natural uranium into fuel.)</p>]]></summary-text>
</summary>
<summary summary-id="id116hr347v00" currentChamber="HOUSE" update-date="2019-02-01">
<action-date>2019-01-08</action-date>
<action-desc>Introduced in House</action-desc>
<summary-text><![CDATA[<p><b>Responsible Disposal Reauthorization Act of 2019</b></p> <p>This bill extends through FY2031 authorization for the Department of Energy to operate the Cheney disposal cell in Mesa County, Colorado. (The disposal cell serves as a repository for mill tailings, which is sandy waste that results from the process of turning natural uranium into fuel.)</p>]]></summary-text>
</summary>
</item>
<dublinCore xmlns:dc="http://purl.org/dc/elements/1.1/">
<dc:format>text/xml</dc:format>
<dc:language>EN</dc:language>
<dc:rights>Pursuant to Title 17 Section 105 of the United States Code, this file is not subject to copyright protection and is in the public domain.</dc:rights>
<dc:contributor>Congressional Research Service, Library of Congress</dc:contributor>
<dc:description>This file contains bill summaries for federal legislation. A bill summary describes the most significant provisions of a piece of legislation and details the effects the legislative text may have on current law and federal programs. Bill summaries are authored by the Congressional Research Service (CRS) of the Library of Congress. As stated in Public Law 91-510 (2 USC 166 (d)(6)), one of the duties of CRS is "to prepare summaries and digests of bills and resolutions of a public general nature introduced in the Senate or House of Representatives". For more information, refer to the User Guide that accompanies this file.</dc:description>
</dublinCore>
</BillSummaries>
