<?xml version="1.0" encoding="UTF-8"?><BillSummaries>
<item congress="116" measure-type="hr" measure-number="3589" measure-id="id116hr3589" originChamber="HOUSE" orig-publish-date="2019-06-27" update-date="2020-12-21">
<title>Greg LeMond Congressional Gold Medal Act</title>
<summary summary-id="id116hr3589v49" currentChamber="BOTH" update-date="2020-12-21">
<action-date>2020-12-04</action-date>
<action-desc>Public Law</action-desc>
<summary-text><![CDATA[<p><b>Greg LeMond Congressional Gold Medal Act</b></p> <p>This bill directs the Speaker of the House of Representatives and the President pro tempore of the Senate to arrange for the presentation of a Congressional Gold Medal to Greg LeMond, in recognition of his contributions to the nation as an athlete, activist, role model, and community leader.</p>]]></summary-text>
</summary>
<summary summary-id="id116hr3589v55" currentChamber="SENATE" update-date="2020-11-24">
<action-date>2020-11-16</action-date>
<action-desc>Passed Senate</action-desc>
<summary-text><![CDATA[<p><b>Greg LeMond Congressional Gold Medal Act</b></p> <p>This bill directs the Speaker of the House of Representatives and the President pro tempore of the Senate to arrange for the presentation of a Congressional Gold Medal to Greg LeMond, in recognition of his contributions to the nation as an athlete, activist, role model, and community leader.</p>]]></summary-text>
</summary>
<summary summary-id="id116hr3589v53" currentChamber="HOUSE" update-date="2020-02-28">
<action-date>2019-09-19</action-date>
<action-desc>Passed House</action-desc>
<summary-text><![CDATA[<p><b>Greg LeMond Congressional Gold Medal Act</b></p> <p>This bill directs the Speaker of the House of Representatives and the President pro tempore of the Senate to arrange for the presentation of a Congressional Gold Medal to Greg LeMond, in recognition of his contributions to the nation as an athlete, activist, role model, and community leader.</p>]]></summary-text>
</summary>
<summary summary-id="id116hr3589v00" currentChamber="HOUSE" update-date="2019-09-16">
<action-date>2019-06-27</action-date>
<action-desc>Introduced in House</action-desc>
<summary-text><![CDATA[<p><b>Greg LeMond Congressional Gold Medal Act</b></p> <p>This bill directs the Speaker of the House of Representatives and the President pro tempore of the Senate to arrange for the presentation of a Congressional Gold Medal to Greg LeMond, in recognition of his contributions to the nation as an athlete, activist, role model, and community leader.</p>]]></summary-text>
</summary>
</item>
<dublinCore xmlns:dc="http://purl.org/dc/elements/1.1/">
<dc:format>text/xml</dc:format>
<dc:language>EN</dc:language>
<dc:rights>Pursuant to Title 17 Section 105 of the United States Code, this file is not subject to copyright protection and is in the public domain.</dc:rights>
<dc:contributor>Congressional Research Service, Library of Congress</dc:contributor>
<dc:description>This file contains bill summaries for federal legislation. A bill summary describes the most significant provisions of a piece of legislation and details the effects the legislative text may have on current law and federal programs. Bill summaries are authored by the Congressional Research Service (CRS) of the Library of Congress. As stated in Public Law 91-510 (2 USC 166 (d)(6)), one of the duties of CRS is "to prepare summaries and digests of bills and resolutions of a public general nature introduced in the Senate or House of Representatives". For more information, refer to the User Guide that accompanies this file.</dc:description>
</dublinCore>
</BillSummaries>
