<?xml version="1.0" encoding="UTF-8"?><BillSummaries>
<item congress="116" measure-type="hr" measure-number="1212" measure-id="id116hr1212" originChamber="HOUSE" orig-publish-date="2019-02-13" update-date="2019-03-05">
<title>Federal Contract Deadline Fairness Act</title>
<summary summary-id="id116hr1212v00" currentChamber="HOUSE" update-date="2019-03-05">
<action-date>2019-02-13</action-date>
<action-desc>Introduced in House</action-desc>
<summary-text><![CDATA[<p><b>Federal Contract Deadline Fairness Act</b></p> <p>This bill provides that if a contractor failed to deliver goods or complete work on schedule due to a lapse in federal appropriations, information relating to such failure may not be (1) included in any past performance database used by executive agencies for making source selection decisions, or (2) evaluated unfavorably by an agency considering the contractor's past contract performance.</p> <ul> </ul>]]></summary-text>
</summary>
</item>
<dublinCore xmlns:dc="http://purl.org/dc/elements/1.1/">
<dc:format>text/xml</dc:format>
<dc:language>EN</dc:language>
<dc:rights>Pursuant to Title 17 Section 105 of the United States Code, this file is not subject to copyright protection and is in the public domain.</dc:rights>
<dc:contributor>Congressional Research Service, Library of Congress</dc:contributor>
<dc:description>This file contains bill summaries for federal legislation. A bill summary describes the most significant provisions of a piece of legislation and details the effects the legislative text may have on current law and federal programs. Bill summaries are authored by the Congressional Research Service (CRS) of the Library of Congress. As stated in Public Law 91-510 (2 USC 166 (d)(6)), one of the duties of CRS is "to prepare summaries and digests of bills and resolutions of a public general nature introduced in the Senate or House of Representatives". For more information, refer to the User Guide that accompanies this file.</dc:description>
</dublinCore>
</BillSummaries>
