<?xml version="1.0" encoding="UTF-8"?><BillSummaries>
<item congress="116" measure-type="hr" measure-number="729" measure-id="id116hr729" originChamber="HOUSE" orig-publish-date="2019-01-23" update-date="2021-08-10">
<title>Coastal and Great Lakes Communities Enhancement Act</title>
<summary summary-id="id116hr729v53" currentChamber="HOUSE" update-date="2021-08-10">
<action-date>2019-12-10</action-date>
<action-desc>Passed House</action-desc>
<summary-text><![CDATA[<p><b>Coastal and Great Lakes Communities Enhancement Act</b></p> <p>This bill addresses provisions related to coastal zone management, waterfronts, climate change, fish habitats, the Great Lakes, coastal science and data, and the National Sea Grant College Program.</p> <p>TITLE I--COASTAL RESILIENCE AND ECONOMIC ENHANCEMENT</p> <p>(Sec. 101) This section authorizes the Department of Commerce to award grants to Indian tribes to further achievement of any of the following tribal coastal zone objectives: </p> <ul> <li>protecting, restoring, or preserving areas in the zone that hold important ecological, cultural, or sacred significance for the tribes, or traditional, historic, and esthetic values essential to the tribes; </li> <li>preparing and implementing a special area management plan and technical planning for important coastal areas; and</li> <li>implementing any coastal or shoreline stabilization measure for the purpose of public safety, public access, or cultural or historical preservation. </li> </ul> <p>(Sec. 102) The National Oceanic and Atmospheric Administration (NOAA) must award grants to state or local governments, Indian tribes, or nonprofit organizations to (1) implement climate-resilient living shoreline projects; and (2) encourage innovation in the use of natural materials to protect coastal communities, habitats, and natural system functions.</p> <p>(Sec. 103) This section addresses the preservation and accessibility of waterfronts in coastal states.</p> <p>NOAA must establish a Working Waterfront Task Force that will be designed to identify and address critical working waterfront needs with respect to cultural and economic importance, environmental threats, and market conditions for water-dependent businesses.</p> <p>NOAA must also establish a Working Waterfront Grant Program. Under the program, NOAA may award grants to coastal states with approved working waterfront plans in place to preserve and expand access to coastal waters for people engaged in fishing, aquaculture, boat building, and other water-dependent businesses.</p> <p>In addition, NOAA is authorized to award grants to coastal states for the purpose of developing or revising working waterfront plans.</p> <p>States are allowed to allocate any grant money received to eligible local governments and other entities. Each state that is awarded a grant must contribute at least 25% of matching funds towards the total cost of the project carried out with the grant, subject to certain exceptions.</p> <p>(Sec. 104) This section establishes the Working Waterfronts Preservation Loan Fund to provide loans to coastal states for the purpose of implementing working waterfront plans.</p> <p>(Sec. 105) This section makes the District of Columbia eligible to receive federal coastal zone management funding, including flood mitigation and prevention funds.</p> <p>(Sec. 106) Commerce must establish a coastal climate change adaptation preparedness and response program to (1) assist coastal states with voluntarily developing coastal climate change adaptation plans, and (2) provide financial and technical assistance and training for coastal states to implement the adaptation plans.</p> <p>(Sec. 107) NOAA must update at least once every seven years its environmental sensitivity index products for each coastal area of the Great Lakes. An environmental sensitivity index product is a map or similar tool that is utilized to identify sensitive shoreline resources prior to an oil spill event.</p> <p>(Sec. 108) Commerce may carry out a program to award competitive prizes to advance certain coastal risk reduction and resilience measures, including natural features such as dunes, reefs, and wetlands.</p> <p>(Sec. 109) NOAA must identify and evaluate federal research activities regarding coastal risk reduction and resilience measures.</p> <p>TITLE II--FISHERY RESEARCH AND CONSERVATION</p> <p>Subtitle A--National Fish Habitat Conservation Through Partnerships</p> <p>This subtitle establishes the National Fish Habitat Board to (1) encourage partnerships among public agencies and other interested parties to promote fish conservation, (2) establish national goals and priorities for fish habitat conservation, (3) recommend to Congress entities for designation as a Fish Habitat Partnership, and (4) review and make recommendations regarding fish habitat conservation projects.</p> <p>The U.S. Fish and Wildlife Service, NOAA, the Environmental Protection Agency, and the U.S. Geological Survey (USGS) may provide technical and scientific assistance to the partnerships, participants in the fish habitat conservation projects, and the board.</p> <p>Subtitle B--Great Lakes Fishery Research Authorization</p> <p> The USGS may conduct monitoring, scientific assessments, and research in support of fisheries within the Great Lakes Basin between the United States and Canada.</p> <p>The USGS shall (1) execute a comprehensive, multi-lake, freshwater fisheries science program; (2) work cooperatively with regional, state, tribal, and local governments; and (3) consult with interested groups, including academia and Canadian agencies.</p> <p>The USGS may provide</p> <ul> <li>deepwater ecosystem research,</li> <li>fish behavior and habitat reports,</li> <li>fish population assessments, </li> <li>invasive species research,</li> <li>use of biological equipment and laboratory capabilities necessary to support fishery management decisions, and</li> <li>studies that assess impacts on Great Lakes fishery resources. </li> </ul> <p>Subtitle C--Chesapeake Bay Oyster Research</p> <p>NOAA must award grants to certain entities for collaborative research projects on the conservation, restoration, or management of oysters in the Chesapeake Bay. </p> <p>TITLE III--MEETING 21ST CENTURY OCEAN AND COASTAL DATA NEEDS</p> <p>Subtitle A--Digital Coast</p> <p>This subtitle provides statutory authority for and revises NOAA's Digital Coast program. (The program currently exists under NOAA to provide data, tools, and training that communities use to manage their coastal resources.)</p> <p>NOAA must focus on filling data needs and gaps for critical coastal management issues and support continued improvement in existing efforts to coordinate the acquisition and integration of key data sets needed for coastal management.</p> <p>NOAA may enter into financial agreements and collect fees to carry out the program.</p> <p>Subtitle B--Integrated Coastal and Ocean Observation System</p> <p>This subtitle reauthorizes through FY2024 and revises the Integrated Coastal and Ocean Observation System Act of 2009.</p> <p>TITLE IV--NATIONAL SEA GRANT COLLEGE PROGRAM AMENDMENTS</p> <p>This title reauthorizes through FY2025 and revises the National Sea Grant College Program, through which NOAA supports university-based programs that focus on studying, conserving, and effectively using U.S. coastal resources.</p> <p>Among other things, the title requires NOAA to award Dean John A. Knauss Marine Policy Fellowships. Currently, NOAA has discretion in awarding such fellowships. The fellowships support the placement of graduate students in fields related to ocean, coastal, and Great Lakes resources in positions with the executive and legislative branches.</p> <p>The title reauthorizes through FY2025 grants for (1) university research on the biology, prevention, and control of aquatic nonnative species; (2) university research on oyster diseases, oyster restoration, and oyster-related human health risks; (3) university research on the biology, prevention, and forecasting of harmful algal blooms; and (4) fishery extension activities conducted by sea grant colleges or sea grant institutes to enhance existing core program funding.</p> <p>The title authorizes grants for (1) priority issues identified in the National Sea Grant Program's strategic plan, and (2) university research on sustainable aquaculture techniques and technologies.</p>]]></summary-text>
</summary>
<summary summary-id="id116hr729v07" currentChamber="HOUSE" update-date="2020-02-10">
<action-date>2019-11-13</action-date>
<action-desc>Reported to House</action-desc>
<summary-text><![CDATA[<p><b>Tribal Coastal Resiliency Act</b></p> <p>This bill authorizes the Department of Commerce to award grants to Indian tribes to further achievement of any of the following tribal coastal zone objectives: </p> <ul> <li>protecting, restoring, or preserving areas in the zone that hold important ecological, cultural, or sacred significance for the tribes, or traditional, historic, and esthetic values essential to the tribes;</li> <li>preparing and implementing a special area management plan and technical planning for important coastal areas; and</li> <li>implementing any coastal or shoreline stabilization measure for the purpose of public safety, public access, or cultural or historical preservation. </li> </ul> <ul> </ul>]]></summary-text>
</summary>
<summary summary-id="id116hr729v00" currentChamber="HOUSE" update-date="2019-03-11">
<action-date>2019-01-23</action-date>
<action-desc>Introduced in House</action-desc>
<summary-text><![CDATA[<p><b>Tribal Coastal Resiliency Act</b></p> <p>This bill authorizes the Department of Commerce to award grants to Indian tribes to further achievement of any of the following tribal coastal zone objectives: </p> <ul> <li>protecting, restoring, or preserving areas in the zone that hold important ecological, cultural, or sacred significance for the tribes, or traditional, historic, and esthetic values essential to the tribes;</li> <li>preparing and implementing a special area management plan and technical planning for important coastal areas; and</li> <li>implementing any coastal or shoreline stabilization measure for the purpose of public safety, public access, or cultural or historical preservation. </li> </ul> <ul> </ul>]]></summary-text>
</summary>
</item>
<dublinCore xmlns:dc="http://purl.org/dc/elements/1.1/">
<dc:format>text/xml</dc:format>
<dc:language>EN</dc:language>
<dc:rights>Pursuant to Title 17 Section 105 of the United States Code, this file is not subject to copyright protection and is in the public domain.</dc:rights>
<dc:contributor>Congressional Research Service, Library of Congress</dc:contributor>
<dc:description>This file contains bill summaries for federal legislation. A bill summary describes the most significant provisions of a piece of legislation and details the effects the legislative text may have on current law and federal programs. Bill summaries are authored by the Congressional Research Service (CRS) of the Library of Congress. As stated in Public Law 91-510 (2 USC 166 (d)(6)), one of the duties of CRS is "to prepare summaries and digests of bills and resolutions of a public general nature introduced in the Senate or House of Representatives". For more information, refer to the User Guide that accompanies this file.</dc:description>
</dublinCore>
</BillSummaries>
