<?xml version="1.0" encoding="UTF-8"?><BillSummaries>
<item congress="116" measure-type="hr" measure-number="3992" measure-id="id116hr3992" originChamber="HOUSE" orig-publish-date="2019-07-25" update-date="2019-09-19">
<title>Disability Employment Incentive Act</title>
<summary summary-id="id116hr3992v00" currentChamber="HOUSE" update-date="2019-09-19">
<action-date>2019-07-25</action-date>
<action-desc>Introduced in House</action-desc>
<summary-text><![CDATA[<p><b>Disability Employment Incentive Act </b></p> <p>This bill expands tax credits and deductions that are available for employers who hire and retain employees with disabilities.</p> <p>The bill expands the work opportunity tax credit to include the hiring of employees who receive Social Security Disability Insurance (SSDI) benefits. For employers who hire vocational rehabilitation referrals, Supplemental Security Income recipients, or SSDI recipients, the bill also (1) increases the amount of wages that may be taken into account for the credit, and (2) allows an additional credit for second-year wages. </p> <p>With respect to the tax credit for expenditures by eligible small businesses to provide access to disabled individuals, the bill increases the limits that apply to (1) the amount of expenditures that are eligible for the credit, and (2) the gross receipts and full-time employees of eligible small businesses.</p> <p>The bill also expands the tax deduction for expenditures to remove architectural and transportation barriers to the handicapped and elderly. The bill modifies the deduction to (1) increase limitation on the amount of the deduction, and (2) allow the deduction to be used for certain improvements in the accessibility of Internet or telecommunications services to handicapped and elderly individuals.</p>]]></summary-text>
</summary>
</item>
<dublinCore xmlns:dc="http://purl.org/dc/elements/1.1/">
<dc:format>text/xml</dc:format>
<dc:language>EN</dc:language>
<dc:rights>Pursuant to Title 17 Section 105 of the United States Code, this file is not subject to copyright protection and is in the public domain.</dc:rights>
<dc:contributor>Congressional Research Service, Library of Congress</dc:contributor>
<dc:description>This file contains bill summaries for federal legislation. A bill summary describes the most significant provisions of a piece of legislation and details the effects the legislative text may have on current law and federal programs. Bill summaries are authored by the Congressional Research Service (CRS) of the Library of Congress. As stated in Public Law 91-510 (2 USC 166 (d)(6)), one of the duties of CRS is "to prepare summaries and digests of bills and resolutions of a public general nature introduced in the Senate or House of Representatives". For more information, refer to the User Guide that accompanies this file.</dc:description>
</dublinCore>
</BillSummaries>
