<?xml version="1.0" encoding="UTF-8"?><BillSummaries>
<item congress="116" measure-type="hr" measure-number="535" measure-id="id116hr535" originChamber="HOUSE" orig-publish-date="2019-01-14" update-date="2020-02-14">
<title>PFAS Action Act of 2019</title>
<summary summary-id="id116hr535v53" currentChamber="HOUSE" update-date="2020-02-14">
<action-date>2020-01-10</action-date>
<action-desc>Passed House</action-desc>
<summary-text><![CDATA[<p><b>PFAS Action Act of 2019</b></p> <p>This bill revises several environmental laws and requires the Environmental Protection Agency (EPA) to regulate perfluoroalkyl and polyfluoroalkyl substances, commonly referred to as PFAS. These substances are man-made and may have adverse human health effects. A variety of products contain the compounds, such as nonstick cookware or weatherproof clothing.</p> <p>(Sec. 2) The bill designates certain PFAS as hazardous substances, thereby requiring remediation of releases of those PFAS into the environment. Within five years, the EPA must determine whether the remaining PFAS should be designated as hazardous substances, individually or in groups. </p> <p>The bill exempts public agencies or private owners of public airports that receive federal funding from liability for remediation of certain releases of PFAS into the environment resulting from the use of aqueous film forming foam.</p> <p>(Sec. 3) The EPA must require that comprehensive toxicity testing be conducted on all PFAS. These rules shall require the development of information by any person who manufactures, processes, or intends to manufacture or process PFAS. The bill also provides guidelines for the development of these rules, including the methodologies and protocols to be used.</p> <p>The bill revises when any PFAS may be exempt from testing or information submission and requires the EPA to publish a list of all exempt PFAS.</p> <p>(Sec. 4) Currently, unless requirements for an exemption are met, persons planning to manufacture a chemical substance not listed on the EPA&rsquo;s inventory list or manufacture or process a chemical substance for a significant new use must comply with certain notification requirements. The bill prohibits PFAS from being exempted from these requirements.</p> <p>For five years, the EPA shall prohibit the manufacture, processing, and distribution of PFAS not listed on the EPA&rsquo;s inventory list or the manufacture or processing of PFAS for a significant new use.</p> <p>(Sec. 5) The bill requires the EPA to promulgate a national primary drinking water regulation for certain PFAS.</p> <p>The EPA must publish a health advisory for PFAS not subject to a national primary drinking water regulation.</p> <p>(Sec. 6) The bill prohibits the EPA from imposing financial penalties for the first five years for a violation of a national primary drinking water regulation with respect to PFAS.</p> <p>(Sec. 7) The EPA must establish a grant program to assist community water systems with the costs associated with treating water contaminated by PFAS.</p> <p>(Sec. 8) In relation to the regulation of toxic air pollutants, the EPA must (1) issue a final rule adding certain PFAS to the list of hazardous air pollutants, and (2) revise the list of air pollution sources within 365 days after issuing the rule to include categories and subcategories of major sources and area sources of PFAS. Within five years, the EPA must determine whether to issue a final rule adding the remaining PFAS to the list of hazardous air pollutants.</p> <p>(Sec. 9) The EPA must regulate the disposal procedures for materials containing PFAS or aqueous film forming foam. For criminal penalty purposes, materials containing PFAS shall be considered hazardous waste.</p> <p>(Sec. 10) The bill requires the EPA to (1) revise the Safer Choice Standard of the Safer Choice Program to identify the requirements that specified products (e.g., cooking utensils) must meet in order to be labeled with a Safer Choice label, including a requirement that any such product&nbsp;does not contain PFAS; or (2) establish a voluntary label available for use by any manufacturer of any specified product that the EPA has reviewed and found does not contain any PFAS. The Safer Choice Program helps consumers and businesses find products with safer chemical ingredients through Safer Choice labels.</p> <p>(Sec. 11) The EPA must issue guidance on minimizing the use by first responders of firefighting foam and other related equipment containing any PFAS, without jeopardizing firefighting efforts.</p> <p>(Sec. 12) The EPA must investigate methods to prevent contamination by specified PFAS of surface waters, including those used for drinking water. </p> <p>(Sec. 13) The bill requires an owner or operator of an industrial source that introduces PFAS into treatment works (systems that treat municipal sewage or industrial wastes) to provide specified notices to such treatment works, including the identity and quantity of such PFAS. </p> <p>(Sec. 14) The EPA must establish a website containing specified information relating to the testing of household well water, including a list of certified laboratories that analyze samples.</p> <p>(Sec. 15) The EPA must develop a risk-communication strategy to inform the public about the hazards of PFAS.</p> <p>(Sec. 16) The bill authorizes the drinking water state revolving fund program to provide assistance to the Virgin Islands, the Commonwealth of the Northern Mariana Islands, American Samoa, and Guam to address emerging contaminants, with a focus on PFAS.</p> <p>(Sec. 17) Finally, based on results of biennial reviews related to the discharge of PFAS from point sources that are not publicly owned treatment works, the EPA shall, for certain measureable PFAS, add the PFAS to the list of toxic pollutants, or establish effluent limitations and pretreatment standards.</p> <p>Within two years of the enactment of this bill, the EPA must publish human health water quality criteria for certain PFAS.</p> <p>The EPA shall award grants to owners and operators of publicly owned treatment works to help implement the pretreatment standards for PFAS developed by the EPA.]]></summary-text>
</summary>
<summary summary-id="id116hr535v08" currentChamber="HOUSE" update-date="2020-02-14">
<action-date>2020-01-02</action-date>
<action-desc>Reported to House, Part I</action-desc>
<summary-text><![CDATA[<p><b>PFAS Action Act of 2019</b></p> <p>This bill revises several environmental laws and requires the Environmental Protection Agency (EPA) to regulate perfluoroalkyl and polyfluoroalkyl substances, commonly referred to as PFAS. These substances are man-made and may have adverse human health effects. A variety of products contain the compounds, such as nonstick cookware or weatherproof clothing.</p> <p>(Sec. 2) The bill designates certain PFAS as hazardous substances, thereby requiring remediation of releases of those PFAS into the environment. Within five years, the EPA must determine whether the remaining PFAS should be designated as hazardous substances, individually or in groups.</p> <p>(Sec. 3) The EPA must require that comprehensive toxicity testing be conducted on all PFAS. These rules shall require the development of information by any person who manufactures, processes, or intends to manufacture or process PFAS. The bill also provides guidelines for the development of these rules, including the methodologies and protocols to be used.</p> <p>The bill revises when any PFAS may be exempt from testing or information submission and requires the EPA to publish a list of all exempt PFAS.</p> <p>(Sec. 4) Currently, unless requirements for an exemption are met, persons planning to manufacture a chemical substance not listed on the EPA&rsquo;s inventory list or manufacture or process a chemical substance for a significant new use must comply with certain notification requirements. The bill prohibits PFAS from being exempted from these requirements.</p> <p>For five years, the EPA shall prohibit the manufacture, processing, and distribution of PFAS not listed on the EPA&rsquo;s inventory list or the manufacture or processing of PFAS for a significant new use.</p> <p>(Sec. 5) The bill requires the EPA to promulgate a national primary drinking water regulation for certain PFAS.</p> <p>The EPA must publish a health advisory for PFAS not subject to a national primary drinking water regulation.</p> <p>(Sec. 6) The EPA must include certain PFAS in the list of unregulated contaminants to be monitored by specified public water systems and to be included in the national drinking water occurrence database. The PFAS to be included are those for which a method to measure the level in drinking water has been validated by the EPA and are not subject to a national primary drinking water regulation. </p> <p>For public water systems serving fewer than 10,000 persons, the EPA shall pay the cost of testing and laboratory analysis for the required monitoring and may waive specified monitoring requirements for systems that do not have sufficient laboratory capacity.</p> <p>(Sec. 7) The bill prohibits the EPA from imposing financial penalties for the first five years for a violation of a national primary drinking water regulation with respect to PFAS. </p> <p>(Sec. 8) The bill expands the drinking water state revolving fund program to include funding to address emerging contaminants, with a focus on PFAS. No less than 25% of the funds shall be used to provide grants to small and disadvantaged communities.</p> <p>(Sec. 9) The bill adds specified PFAS to the Toxics Release Inventory. Entities subject to the requirements of the Toxics Release Inventory Program are required to report information related to their handling of chemicals included in the Toxics Release Inventory.</p> <p>The bill also establishes a time line for the determinations on additional PFAS for inclusion on the Toxics Release Inventory.</p> <p>(Sec. 10) The EPA must require persons who have manufactured PFAS at any time since January 1, 2011, to submit a report including specified information, such as the total amount of each substance manufactured or processed.</p> <p>(Sec. 11) The bill directs the EPA to take final action on the proposed rule entitled &ldquo;Long-Chain Perfluoroalkyl Carboxylate and Perfluoroalkyl Sulfonate Chemical Substances; Significant New Use Rule.&rdquo;</p> <p>(Sec. 12) The bill requires the EPA to publish interim guidance on the destruction and disposal of PFAS and materials containing PFAS.</p> <p>(Sec. 13) The EPA must establish a grant program to assist community water systems with the costs associated with treating water contaminated by PFAS.</p> <p>(Sec. 14) Upon state request, federal departments or agencies must expedite cooperative agreements with states to address contamination by PFAS, or suspected contamination by PFAS, of drinking water, surface water, groundwater, land surface, or subsurface strata (e.g., underground rock or soil) originating from a federal facility. The cooperative agreements must meet or exceed the most stringent of specified standards.</p> <p>(Sec. 15) In relation to the regulation of toxic air pollutants, the EPA must (1) issue a final rule adding PFAS to the list of hazardous air pollutants, and (2) revise the list of air pollution sources within 365 days after issuing the rule to include categories and subcategories of major sources and area sources of PFAS.</p> <p>(Sec. 16) The EPA must regulate the disposal procedures for materials containing PFAS or aqueous film forming foam. For criminal penalty purposes, materials containing PFAS shall be considered hazardous waste.</p> <p>(Sec. 17) The bill requires the EPA to (1) revise the Safer Choice Standard of the Safer Choice Program to identify the requirements that pots, pans, or cooking utensils must meet in order to be labeled with a Safer Choice label, including a requirement that pots, pans, or cooking utensils&nbsp;do not contain PFAS; or (2) establish a voluntary label available for use by any manufacturer of any pot, pan, or cooking utensil that the EPA has reviewed and found does not contain any PFAS. The Safer Choice Program helps consumers and businesses find products with safer chemical ingredients through Safer Choice labels.</p> <p>(Sec. 18) Finally, the EPA must issue guidance on minimizing the use by first responders of firefighting foam and other related equipment containing any PFAS, without jeopardizing firefighting efforts.</p>]]></summary-text>
</summary>
<summary summary-id="id116hr535v00" currentChamber="HOUSE" update-date="2019-02-05">
<action-date>2019-01-14</action-date>
<action-desc>Introduced in House</action-desc>
<summary-text><![CDATA[<p><b>PFAS Action Act of 2019</b></p> <p>This bill requires the Environmental Protection Agency to designate all perfluoroalkyl and polyfluoroalkyl substances as hazardous substances within one year of enactment of this bill.</p>]]></summary-text>
</summary>
</item>
<dublinCore xmlns:dc="http://purl.org/dc/elements/1.1/">
<dc:format>text/xml</dc:format>
<dc:language>EN</dc:language>
<dc:rights>Pursuant to Title 17 Section 105 of the United States Code, this file is not subject to copyright protection and is in the public domain.</dc:rights>
<dc:contributor>Congressional Research Service, Library of Congress</dc:contributor>
<dc:description>This file contains bill summaries for federal legislation. A bill summary describes the most significant provisions of a piece of legislation and details the effects the legislative text may have on current law and federal programs. Bill summaries are authored by the Congressional Research Service (CRS) of the Library of Congress. As stated in Public Law 91-510 (2 USC 166 (d)(6)), one of the duties of CRS is "to prepare summaries and digests of bills and resolutions of a public general nature introduced in the Senate or House of Representatives". For more information, refer to the User Guide that accompanies this file.</dc:description>
</dublinCore>
</BillSummaries>
