<?xml version="1.0" encoding="UTF-8"?><BillSummaries>
<item congress="116" measure-type="hr" measure-number="866" measure-id="id116hr866" originChamber="HOUSE" orig-publish-date="2019-01-30" update-date="2019-08-02">
<title>Fairness For Breastfeeding Mothers Act of 2019</title>
<summary summary-id="id116hr866v49" currentChamber="BOTH" update-date="2019-08-02">
<action-date>2019-07-25</action-date>
<action-desc>Public Law</action-desc>
<summary-text><![CDATA[<p><b>Fairness For Breastfeeding Mothers Act of 2019</b></p> <p><strong></strong>(Sec. 2) This bill requires that certain public buildings that are open to the public and contain a public restroom&nbsp;provide a lactation room, other than a bathroom, that is hygienic and is available for use by members of the public to express milk. The lactation room must be shielded from public view, be free from intrusion, and contain a chair, a working surface, and (if the building is&nbsp;supplied with electricity)&nbsp;an electrical outlet. </p> <p>A public building may be excluded from such requirement at the discretion of the official responsible for its operation if</p> <ul> <li> it does not contain a lactation room for employees and does not have a space that could be repurposed as one or that could be made private by using portable materials, at a reasonable cost; or </li> <li>the cost of new construction required to create a lactation room is not feasible. </li> </ul>]]></summary-text>
</summary>
<summary summary-id="id116hr866v55" currentChamber="SENATE" update-date="2019-07-01">
<action-date>2019-06-26</action-date>
<action-desc>Passed Senate</action-desc>
<summary-text><![CDATA[<p><b>Fairness For Breastfeeding Mothers Act of 2019</b></p> <p><strong></strong>(Sec. 2) This bill requires that certain public buildings that are open to the public and contain a public restroom&nbsp;provide a lactation room, other than a bathroom, that is hygienic and is available for use by members of the public to express milk. The lactation room must be shielded from public view, be free from intrusion, and contain a chair, a working surface, and (if the building is&nbsp;supplied with electricity)&nbsp;an electrical outlet. </p> <p>A public building may be excluded from such requirement at the discretion of the official responsible for its operation if</p> <ul> <li> it does not contain a lactation room for employees and does not have a space that could be repurposed as one or that could be made private by using portable materials, at a reasonable cost; or </li> <li>the cost of new construction required to create a lactation room is not feasible. </li> </ul>]]></summary-text>
</summary>
<summary summary-id="id116hr866v53" currentChamber="HOUSE" update-date="2019-02-08">
<action-date>2019-02-06</action-date>
<action-desc>Passed House</action-desc>
<summary-text><![CDATA[<p><b>Fairness For Breastfeeding Mothers Act of 2019</b></p> <p><strong></strong>(Sec. 2) This bill requires that certain public buildings that are open to the public and contain a public restroom&nbsp;provide a lactation room, other than a bathroom, that is hygienic and is available for use by members of the public to express milk. The lactation room must be shielded from public view, be free from intrusion, and contain a chair, a working surface, and (if the building is&nbsp;supplied with electricity)&nbsp;an electrical outlet. </p> <p>A public building may be excluded from such requirement at the discretion of the official responsible for its operation if</p> <ul> <li> it does not contain a lactation room for employees and does not have a space that could be repurposed as one or that could be made private by using portable materials, at a reasonable cost; or </li> <li>the cost of new construction required to create a lactation room is not feasible. </li> </ul>]]></summary-text>
</summary>
<summary summary-id="id116hr866v00" currentChamber="HOUSE" update-date="2019-02-04">
<action-date>2019-01-30</action-date>
<action-desc>Introduced in House</action-desc>
<summary-text><![CDATA[<p><b>Fairness For Breastfeeding Mothers Act of 2019</b></p> <p><strong></strong>This bill requires that certain public buildings that are open to the public and contain a public restroom&nbsp;provide a lactation room, other than a bathroom, that is hygienic and is available for use by members of the public to express milk. The lactation room must be shielded from public view, be free from intrusion, and contain a chair, a working surface, and (if the building is&nbsp;supplied with electricity)&nbsp;an electrical outlet. </p>]]></summary-text>
</summary>
</item>
<dublinCore xmlns:dc="http://purl.org/dc/elements/1.1/">
<dc:format>text/xml</dc:format>
<dc:language>EN</dc:language>
<dc:rights>Pursuant to Title 17 Section 105 of the United States Code, this file is not subject to copyright protection and is in the public domain.</dc:rights>
<dc:contributor>Congressional Research Service, Library of Congress</dc:contributor>
<dc:description>This file contains bill summaries for federal legislation. A bill summary describes the most significant provisions of a piece of legislation and details the effects the legislative text may have on current law and federal programs. Bill summaries are authored by the Congressional Research Service (CRS) of the Library of Congress. As stated in Public Law 91-510 (2 USC 166 (d)(6)), one of the duties of CRS is "to prepare summaries and digests of bills and resolutions of a public general nature introduced in the Senate or House of Representatives". For more information, refer to the User Guide that accompanies this file.</dc:description>
</dublinCore>
</BillSummaries>
