<?xml version="1.0" encoding="UTF-8"?><BillSummaries>
<item congress="116" measure-type="hr" measure-number="1449" measure-id="id116hr1449" originChamber="HOUSE" orig-publish-date="2019-02-28" update-date="2019-09-16">
<title>To designate the facility of the United States Postal Service located at 3033 203rd Street in Olympia Fields, Illinois, as the "Captain Robert L. Martin Post Office".</title>
<summary summary-id="id116hr1449v49" currentChamber="BOTH" update-date="2019-09-16">
<action-date>2019-08-21</action-date>
<action-desc>Public Law</action-desc>
<summary-text><![CDATA[<p>Designates the facility of the United States Postal Service located at 3033 203rd Street in Olympia Fields, Illinois, as the "Captain Robert L. Martin Post Office."</p>]]></summary-text>
</summary>
<summary summary-id="id116hr1449v00" currentChamber="HOUSE" update-date="2019-03-01">
<action-date>2019-02-28</action-date>
<action-desc>Introduced in House</action-desc>
<summary-text><![CDATA[Designates the facility of the United States Postal Service located at 3033 203rd Street in Olympia Fields, Illinois, as the "Captain Robert L. Martin Post Office."]]></summary-text>
</summary>
</item>
<dublinCore xmlns:dc="http://purl.org/dc/elements/1.1/">
<dc:format>text/xml</dc:format>
<dc:language>EN</dc:language>
<dc:rights>Pursuant to Title 17 Section 105 of the United States Code, this file is not subject to copyright protection and is in the public domain.</dc:rights>
<dc:contributor>Congressional Research Service, Library of Congress</dc:contributor>
<dc:description>This file contains bill summaries for federal legislation. A bill summary describes the most significant provisions of a piece of legislation and details the effects the legislative text may have on current law and federal programs. Bill summaries are authored by the Congressional Research Service (CRS) of the Library of Congress. As stated in Public Law 91-510 (2 USC 166 (d)(6)), one of the duties of CRS is "to prepare summaries and digests of bills and resolutions of a public general nature introduced in the Senate or House of Representatives". For more information, refer to the User Guide that accompanies this file.</dc:description>
</dublinCore>
</BillSummaries>
