<?xml version="1.0" encoding="UTF-8"?><BillSummaries>
<item congress="116" measure-type="hr" measure-number="876" measure-id="id116hr876" originChamber="HOUSE" orig-publish-date="2019-01-30" update-date="2019-03-13">
<title>Pacific Northwest Earthquake Preparedness Act of 2019</title>
<summary summary-id="id116hr876v53" currentChamber="HOUSE" update-date="2019-03-13">
<action-date>2019-02-06</action-date>
<action-desc>Passed House</action-desc>
<summary-text><![CDATA[<p><strong>Pacific Northwest Earthquake Preparedness Act of 2019</strong></p> <p>This bill requires the Federal Emergency Management Agency (FEMA) to develop a plan for the purchase and installation of an earthquake early warning system for the Cascadia Subduction Zone. The term &quot;Cascadia Subduction Zone&quot; means the landward-dipping fault that is approximately 684 miles long, separates the Juan De Fuca and North America plates, and stretches along a portion of the western coast of the United States beginning off Cape Mendocino, California, along the states of Oregon and Washington, to Northern Vancouver Island, British Columbia, Canada.</p> <p>The President shall establish an Earthquake and Tsunami Task Force to develop a comprehensive strategy and recommendations on how the nation should prepare and plan for, mitigate against, respond to, recover from, and more successfully adapt to an earthquake, tsunami, or combined earthquake and tsunami event in the Cascadia Subduction Zone. FEMA shall report to Congress on the comprehensive strategy and task force recommendations.</p> <p>The task force shall enter into an agreement with the National Academy of Sciences for developing recommendations for a federal research strategy to advance scientific understanding of a Cascadia Subduction Zone earthquake and resulting tsunami preparedness.</p>]]></summary-text>
</summary>
<summary summary-id="id116hr876v00" currentChamber="HOUSE" update-date="2019-02-05">
<action-date>2019-01-30</action-date>
<action-desc>Introduced in House</action-desc>
<summary-text><![CDATA[<p><strong>Pacific Northwest Earthquake Preparedness Act of 2019</strong></p> <p>This bill requires the Federal Emergency Management Agency (FEMA) to develop a plan for the purchase and installation of an earthquake early warning system for the Cascadia Subduction Zone. The term &quot;Cascadia Subduction Zone&quot; means the landward-dipping fault that is approximately 684 miles long, separates the Juan De Fuca and North America plates, and stretches along a portion of the western coast of the United States beginning off Cape Mendocino, California, along the states of Oregon and Washington, to Northern Vancouver Island, British Columbia, Canada.</p> <p>The President shall establish an Earthquake and Tsunami Task Force to develop a comprehensive strategy and recommendations on how the nation should prepare and plan for, mitigate against, respond to, recover from, and more successfully adapt to an earthquake, tsunami, or combined earthquake and tsunami event in the Cascadia Subduction Zone</p> <p>The task force shall enter into an agreement with the National Academy of Sciences for developing recommendations for a federal research strategy to advance scientific understanding of a Cascadia Subduction Zone earthquake and resulting tsunami preparedness.</p> <p>FEMA shall be responsible for the nation's efforts to reduce the loss of life and property, and to protect the nation, from an earthquake, tsunami, or combined earthquake and tsunami event.</p>]]></summary-text>
</summary>
</item>
<dublinCore xmlns:dc="http://purl.org/dc/elements/1.1/">
<dc:format>text/xml</dc:format>
<dc:language>EN</dc:language>
<dc:rights>Pursuant to Title 17 Section 105 of the United States Code, this file is not subject to copyright protection and is in the public domain.</dc:rights>
<dc:contributor>Congressional Research Service, Library of Congress</dc:contributor>
<dc:description>This file contains bill summaries for federal legislation. A bill summary describes the most significant provisions of a piece of legislation and details the effects the legislative text may have on current law and federal programs. Bill summaries are authored by the Congressional Research Service (CRS) of the Library of Congress. As stated in Public Law 91-510 (2 USC 166 (d)(6)), one of the duties of CRS is "to prepare summaries and digests of bills and resolutions of a public general nature introduced in the Senate or House of Representatives". For more information, refer to the User Guide that accompanies this file.</dc:description>
</dublinCore>
</BillSummaries>
