<?xml version="1.0" encoding="UTF-8"?><BillSummaries>
<item congress="116" measure-type="hr" measure-number="539" measure-id="id116hr539" originChamber="HOUSE" orig-publish-date="2019-01-14" update-date="2019-03-04">
<title>Innovators to Entrepreneurs Act of 2019</title>
<summary summary-id="id116hr539v53" currentChamber="HOUSE" update-date="2019-03-04">
<action-date>2019-02-25</action-date>
<action-desc>Passed House</action-desc>
<summary-text><![CDATA[<p><b>Innovators to Entrepreneurs Act of 2019</b> </p> <p>This bill expands eligibility for the Innovation Corps (I-Corps) program and requires development of an I-Corps course to support commercialization-ready participants.</p> <p> (Sec. 3) The bill requires the National Science Foundation (NSF) to allow grantees of the Small Business Innovation Research (SBIR) Program and other entities to participate in I-Corps courses. The cost of participation by such a grantee in a course may be furnished</p> <ul> <li>through I-Corps Teams grants,</li> <li>through funds awarded to grantees under the SBIR Program or the Small Business Technology Transfer (STTR) Program,</li> <li>by the grantor federal agency using funds set aside for the SBIR and STTR Programs, or </li> <li>by the participating teams.</li> </ul> <p>(Sec. 4) The NSF shall develop an I-Corps course, to be offered by I-Corps regional nodes, to support commercialization-ready participants. The course shall support participants that have completed an I-Corps course and participants that have made the decision to market an innovation.</p> <p>(Sec. 5) The Government Accountability Office shall report on the I-Corps Program, including by assessing the effects of the I-Corps on the commercialization of federally funded research and development, the higher education system, regional economies, and the national economy.</p>]]></summary-text>
</summary>
<summary summary-id="id116hr539v00" currentChamber="HOUSE" update-date="2019-02-25">
<action-date>2019-01-14</action-date>
<action-desc>Introduced in House</action-desc>
<summary-text><![CDATA[<p><b>Innovators to Entrepreneurs Act of 2019</b> </p> <p>This bill expands eligibility for the Innovation Corps (I-Corps) program and requires development of an I-Corps course to support commercialization-ready participants.</p> <p> The bill requires the National Science Foundation (NSF) to allow grantees of the Small Business Innovation Research (SBIR) Program and other entities to participate in I-Corps courses. The cost of participation by such a grantee in a course may be furnished</p> <ul> <li>through I-Corps Teams grants,</li> <li>through funds awarded to grantees under the SBIR Program or the Small Business Technology Transfer (STTR) Program,</li> <li>by the grantor federal agency using funds set aside for the SBIR and STTR Programs, or </li> <li>by the participating teams.</li> </ul> <p>The NSF shall develop an I-Corps course, to be offered by I-Corps regional nodes, to support commercialization-ready participants. The course shall support participants that have completed an I-Corps course and participants that have made the decision to market an innovation.</p> <p>The Government Accountability Office shall report on the I-Corps Program, including by assessing the effects of the I-Corps on the commercialization of federally funded research and development, the higher education system, regional economies, and the national economy.</p>]]></summary-text>
</summary>
</item>
<dublinCore xmlns:dc="http://purl.org/dc/elements/1.1/">
<dc:format>text/xml</dc:format>
<dc:language>EN</dc:language>
<dc:rights>Pursuant to Title 17 Section 105 of the United States Code, this file is not subject to copyright protection and is in the public domain.</dc:rights>
<dc:contributor>Congressional Research Service, Library of Congress</dc:contributor>
<dc:description>This file contains bill summaries for federal legislation. A bill summary describes the most significant provisions of a piece of legislation and details the effects the legislative text may have on current law and federal programs. Bill summaries are authored by the Congressional Research Service (CRS) of the Library of Congress. As stated in Public Law 91-510 (2 USC 166 (d)(6)), one of the duties of CRS is "to prepare summaries and digests of bills and resolutions of a public general nature introduced in the Senate or House of Representatives". For more information, refer to the User Guide that accompanies this file.</dc:description>
</dublinCore>
</BillSummaries>
