<?xml version="1.0" encoding="UTF-8"?><BillSummaries>
<item congress="116" measure-type="hr" measure-number="1068" measure-id="id116hr1068" originChamber="HOUSE" orig-publish-date="2019-02-07" update-date="2019-02-28">
<title>Working Families Relief Act of 2019</title>
<summary summary-id="id116hr1068v00" currentChamber="HOUSE" update-date="2019-02-28">
<action-date>2019-02-07</action-date>
<action-desc>Introduced in House</action-desc>
<summary-text><![CDATA[<p><b>Working Families Relief Act of 2019</b></p> <p>This bill provides that the maximum amount of the temporary (for tax years 2018 through 2025) refundable portion of the child tax credit, with respect to any qualifying child, is the greater of (1) $1,400 (adjusted for inflation after 2018), or (2) the excess of the taxpayer's Social Security taxes for the year over the credit allowed under the earned income tax credit. (Under current law, the maximum is $1,400, adjusted for inflation after 2018). </p>]]></summary-text>
</summary>
</item>
<dublinCore xmlns:dc="http://purl.org/dc/elements/1.1/">
<dc:format>text/xml</dc:format>
<dc:language>EN</dc:language>
<dc:rights>Pursuant to Title 17 Section 105 of the United States Code, this file is not subject to copyright protection and is in the public domain.</dc:rights>
<dc:contributor>Congressional Research Service, Library of Congress</dc:contributor>
<dc:description>This file contains bill summaries for federal legislation. A bill summary describes the most significant provisions of a piece of legislation and details the effects the legislative text may have on current law and federal programs. Bill summaries are authored by the Congressional Research Service (CRS) of the Library of Congress. As stated in Public Law 91-510 (2 USC 166 (d)(6)), one of the duties of CRS is "to prepare summaries and digests of bills and resolutions of a public general nature introduced in the Senate or House of Representatives". For more information, refer to the User Guide that accompanies this file.</dc:description>
</dublinCore>
</BillSummaries>
