<?xml version="1.0" encoding="UTF-8"?><BillSummaries>
<item congress="116" measure-type="hr" measure-number="434" measure-id="id116hr434" originChamber="HOUSE" orig-publish-date="2019-01-10" update-date="2020-02-27">
<title>Emancipation National Historic Trail Study Act</title>
<summary summary-id="id116hr434v49" currentChamber="BOTH" update-date="2020-02-27">
<action-date>2020-01-27</action-date>
<action-desc>Public Law</action-desc>
<summary-text><![CDATA[<p><b>Emancipation National Historic Trail Study Act</b></p> <p>This bill requires the Emancipation National Historic Trail, which extends approximately 51 miles and follows&nbsp;the migration route taken by newly freed slaves and other persons of African descent from Galveston, Texas, to Houston, Texas, to be studied for designation as a national scenic trail. </p>]]></summary-text>
</summary>
<summary summary-id="id116hr434v55" currentChamber="SENATE" update-date="2020-02-19">
<action-date>2020-01-13</action-date>
<action-desc>Passed Senate</action-desc>
<summary-text><![CDATA[<p><b>Emancipation National Historic Trail Study Act</b></p> <p>This bill requires the Emancipation National Historic Trail, which extends approximately 51 miles and follows&nbsp;the migration route taken by newly freed slaves and other persons of African descent from Galveston, Texas, to Houston, Texas, to be studied for designation as a national scenic trail. </p>]]></summary-text>
</summary>
<summary summary-id="id116hr434v53" currentChamber="HOUSE" update-date="2019-10-28">
<action-date>2019-07-24</action-date>
<action-desc>Passed House</action-desc>
<summary-text><![CDATA[<p><b>Emancipation National Historic Trail Study Act</b></p> <p>This bill requires the Emancipation National Historic Trail, which extends approximately 51 miles and follows&nbsp;the migration route taken by newly freed slaves and other persons of African descent from Galveston, Texas, to Houston, Texas, to be studied for designation as a national scenic trail. </p>]]></summary-text>
</summary>
<summary summary-id="id116hr434v07" currentChamber="HOUSE" update-date="2019-10-28">
<action-date>2019-06-27</action-date>
<action-desc>Reported to House</action-desc>
<summary-text><![CDATA[<p><b>Emancipation National Historic Trail Study Act</b></p> <p>This bill requires the Emancipation National Historic Trail, which extends approximately 51 miles and follows&nbsp;the migration route taken by newly freed slaves and other persons of African descent from Galveston, Texas, to Houston, Texas, to be studied for designation as a national scenic trail. </p>]]></summary-text>
</summary>
<summary summary-id="id116hr434v00" currentChamber="HOUSE" update-date="2019-10-16">
<action-date>2019-01-10</action-date>
<action-desc>Introduced in House</action-desc>
<summary-text><![CDATA[<p><b>Emancipation National Historic Trail Act</b></p> <p>This bill designates the Emancipation National Historic Trail, which extends approximately 51 miles and follows&nbsp;the migration route taken by newly freed slaves and other persons of African descent from Galveston, Texas, to Houston, Texas.</p>]]></summary-text>
</summary>
</item>
<dublinCore xmlns:dc="http://purl.org/dc/elements/1.1/">
<dc:format>text/xml</dc:format>
<dc:language>EN</dc:language>
<dc:rights>Pursuant to Title 17 Section 105 of the United States Code, this file is not subject to copyright protection and is in the public domain.</dc:rights>
<dc:contributor>Congressional Research Service, Library of Congress</dc:contributor>
<dc:description>This file contains bill summaries for federal legislation. A bill summary describes the most significant provisions of a piece of legislation and details the effects the legislative text may have on current law and federal programs. Bill summaries are authored by the Congressional Research Service (CRS) of the Library of Congress. As stated in Public Law 91-510 (2 USC 166 (d)(6)), one of the duties of CRS is "to prepare summaries and digests of bills and resolutions of a public general nature introduced in the Senate or House of Representatives". For more information, refer to the User Guide that accompanies this file.</dc:description>
</dublinCore>
</BillSummaries>
