<?xml version="1.0" encoding="UTF-8"?><BillSummaries>
<item congress="116" measure-type="hr" measure-number="66" measure-id="id116hr66" originChamber="HOUSE" orig-publish-date="2019-01-03" update-date="2020-08-25">
<title>Route 66 Centennial Commission Act</title>
<summary summary-id="id116hr66v53" currentChamber="HOUSE" update-date="2020-08-25">
<action-date>2019-02-06</action-date>
<action-desc>Passed House</action-desc>
<summary-text><![CDATA[<p><b>Route 66 Centennial Commission Act</b></p> <p>This bill establishes the Route 66 Centennial Commission to honor Route 66 on the occasion of its centennial anniversary.</p> <p>The Department of Transportation shall prepare a plan on the preservation needs of Route 66.</p>]]></summary-text>
</summary>
<summary summary-id="id116hr66v00" currentChamber="HOUSE" update-date="2019-01-16">
<action-date>2019-01-03</action-date>
<action-desc>Introduced in House</action-desc>
<summary-text><![CDATA[<p><strong>Route 66 Centennial Commission Act</strong></p> <p>This bill establishes the Route 66 Centennial Commission to honor Route 66 on the occasion of its centennial anniversary.</p> <p>The Department of Transportation shall prepare a plan on the preservation needs of Route 66.</p>]]></summary-text>
</summary>
</item>
<dublinCore xmlns:dc="http://purl.org/dc/elements/1.1/">
<dc:format>text/xml</dc:format>
<dc:language>EN</dc:language>
<dc:rights>Pursuant to Title 17 Section 105 of the United States Code, this file is not subject to copyright protection and is in the public domain.</dc:rights>
<dc:contributor>Congressional Research Service, Library of Congress</dc:contributor>
<dc:description>This file contains bill summaries for federal legislation. A bill summary describes the most significant provisions of a piece of legislation and details the effects the legislative text may have on current law and federal programs. Bill summaries are authored by the Congressional Research Service (CRS) of the Library of Congress. As stated in Public Law 91-510 (2 USC 166 (d)(6)), one of the duties of CRS is "to prepare summaries and digests of bills and resolutions of a public general nature introduced in the Senate or House of Representatives". For more information, refer to the User Guide that accompanies this file.</dc:description>
</dublinCore>
</BillSummaries>
