<?xml version="1.0" encoding="UTF-8"?><BillSummaries>
<item congress="116" measure-type="hr" measure-number="2471" measure-id="id116hr2471" originChamber="HOUSE" orig-publish-date="2019-05-02" update-date="2019-09-16">
<title>Canyon's Law</title>
<summary summary-id="id116hr2471v00" currentChamber="HOUSE" update-date="2019-09-16">
<action-date>2019-05-02</action-date>
<action-desc>Introduced in House</action-desc>
<summary-text><![CDATA[<p><b>Chemical Poisons Reduction Act of 2019 or Canyon's Law</b></p> <p>This bill prohibits the use of sodium fluoroacetate (i.e., Compound 1080) and sodium cyanide in a predator control device. It imposes criminal penalties&#8212;a fine, a prison term of up to two years, or both&#8212;on a violator.</p> <p>A predator control device is a dispenser, livestock collar, or gas cartridge that propels, releases, or emits sodium fluoroacetate or sodium cyanide for wildlife management or animal control purposes.</p>]]></summary-text>
</summary>
</item>
<dublinCore xmlns:dc="http://purl.org/dc/elements/1.1/">
<dc:format>text/xml</dc:format>
<dc:language>EN</dc:language>
<dc:rights>Pursuant to Title 17 Section 105 of the United States Code, this file is not subject to copyright protection and is in the public domain.</dc:rights>
<dc:contributor>Congressional Research Service, Library of Congress</dc:contributor>
<dc:description>This file contains bill summaries for federal legislation. A bill summary describes the most significant provisions of a piece of legislation and details the effects the legislative text may have on current law and federal programs. Bill summaries are authored by the Congressional Research Service (CRS) of the Library of Congress. As stated in Public Law 91-510 (2 USC 166 (d)(6)), one of the duties of CRS is "to prepare summaries and digests of bills and resolutions of a public general nature introduced in the Senate or House of Representatives". For more information, refer to the User Guide that accompanies this file.</dc:description>
</dublinCore>
</BillSummaries>
