<?xml version="1.0" encoding="UTF-8"?><BillSummaries>
<item congress="116" measure-type="hr" measure-number="1" measure-id="id116hr1" originChamber="HOUSE" orig-publish-date="2019-01-03" update-date="2020-05-08">
<title>For the People Act of 2019</title>
<summary summary-id="id116hr1v53" currentChamber="HOUSE" update-date="2020-05-08">
<action-date>2019-03-08</action-date>
<action-desc>Passed House</action-desc>
<summary-text><![CDATA[<p><b>For the People Act of 2019</b></p> <p class="MsoNormal">This bill addresses voter access, election integrity, election security, political spending, and ethics for the three branches of government. </p> <p class="MsoNormal">Specifically, the bill expands voter registration and voting access and limits removing voters from voter rolls.</p> <p class="MsoNormal">The bill provides for states to establish independent, nonpartisan redistricting commissions.</p> <p class="MsoNormal">The bill also sets forth provisions related to election security, including sharing intelligence information with state election officials, protecting the security of the voter rolls, supporting states in securing their election systems, developing a national strategy to protect the security and integrity of U.S. democratic institutions, establishing in the legislative branch the National Commission to Protect United States Democratic Institutions, and other provisions to improve the cybersecurity of election systems.</p> <p class="MsoNormal">This bill addresses campaign spending, including by expanding the ban on foreign nationals contributing to or spending on elections; expanding disclosure rules pertaining to organizations spending money during elections, campaign advertisements, and online platforms; and revising disclaimer requirements for political advertising. </p> <p class="MsoNormal">This bill establishes an alternative campaign funding system for certain federal offices. The system involves federal matching of small contributions for qualified candidates. </p> <p class="MsoNormal">This bill sets forth provisions related to ethics in all three branches of government. Specifically, the bill requires a code of ethics for federal judges and justices, prohibits Members of the House from serving on the board of a for-profit entity, expands enforcement of regulations governing foreign agents, and establishes additional conflict-of-interest and ethics provisions for federal employees and the White House. </p> <p class="MsoNormal">The bill also requires candidates for President and Vice President to submit 10 years of tax returns.<br /></p>]]></summary-text>
</summary>
<summary summary-id="id116hr1v00" currentChamber="HOUSE" update-date="2019-03-11">
<action-date>2019-01-03</action-date>
<action-desc>Introduced in House</action-desc>
<summary-text><![CDATA[<p class="MsoNormal"><b>For the People Act of 2019</b></p> <p class="MsoNormal">This bill addresses voter access, election integrity, election security, political spending, and ethics for the three branches of government. </p> <p class="MsoNormal">Specifically, the bill expands voter registration and voting access, makes Election Day a federal holiday, and limits removing voters from voter rolls.</p> <p class="MsoNormal">The bill provides for states to establish independent, nonpartisan redistricting commissions.</p> <p class="MsoNormal">The bill also sets forth provisions related to election security, including sharing intelligence information with state election officials, protecting the security of the voter rolls, supporting states in securing their election systems, developing a national strategy to protect the security and integrity of U.S. democratic institutions, establishing in the legislative branch the National Commission to Protect United States Democratic Institutions, and other provisions to improve the cybersecurity of election systems.</p> <p class="MsoNormal">This bill addresses campaign spending, including by expanding the ban on foreign nationals contributing to or spending on elections; expanding disclosure rules pertaining to organizations spending money during elections, campaign advertisements, and online platforms; and revising disclaimer requirements for political advertising. </p> <p class="MsoNormal">This bill establishes an alternative campaign funding system for certain federal offices. The system involves federal matching of small contributions for qualified candidates. </p> <p class="MsoNormal">This bill sets forth provisions related to ethics in all three branches of government. Specifically, the bill requires a code of ethics for federal judges and justices, prohibits Members of the House from serving on the board of a for-profit entity, expands enforcement of regulations governing foreign agents, and establishes additional conflict-of-interest and ethics provisions for federal employees and the White House. </p> <p class="MsoNormal">The bill also requires candidates for President and Vice President to submit 10 years of tax returns.<br /></p>]]></summary-text>
</summary>
</item>
<dublinCore xmlns:dc="http://purl.org/dc/elements/1.1/">
<dc:format>text/xml</dc:format>
<dc:language>EN</dc:language>
<dc:rights>Pursuant to Title 17 Section 105 of the United States Code, this file is not subject to copyright protection and is in the public domain.</dc:rights>
<dc:contributor>Congressional Research Service, Library of Congress</dc:contributor>
<dc:description>This file contains bill summaries for federal legislation. A bill summary describes the most significant provisions of a piece of legislation and details the effects the legislative text may have on current law and federal programs. Bill summaries are authored by the Congressional Research Service (CRS) of the Library of Congress. As stated in Public Law 91-510 (2 USC 166 (d)(6)), one of the duties of CRS is "to prepare summaries and digests of bills and resolutions of a public general nature introduced in the Senate or House of Representatives". For more information, refer to the User Guide that accompanies this file.</dc:description>
</dublinCore>
</BillSummaries>
