<?xml version="1.0" encoding="UTF-8"?><BillSummaries>
<item congress="116" measure-type="hr" measure-number="397" measure-id="id116hr397" originChamber="HOUSE" orig-publish-date="2019-01-09" update-date="2019-09-18">
<title>Rehabilitation for Multiemployer Pensions Act of 2019</title>
<summary summary-id="id116hr397v53" currentChamber="HOUSE" update-date="2019-09-18">
<action-date>2019-07-24</action-date>
<action-desc>Passed House</action-desc>
<summary-text><![CDATA[<p><b>Rehabilitation for Multiemployer Pensions Act of 2019</b></p> <p>This bill establishes the Pension Rehabilitation Administration within the Department of the Treasury and a related trust fund to make loans to certain multiemployer defined benefit pension plans. </p> <p>To receive a loan, a plan must be (1) in critical and declining status, including any plan with respect to which a suspension of benefits has been approved; (2) in critical status, have a modified funded percentage of less than 40%, and have a ratio of active to inactive participants which is less than two to five; or (3) insolvent, if the plan became insolvent after December 16, 2014, and has not been terminated. </p> <p>Treasury must transfer amounts, which may include proceeds from bonds and other obligations, from the general fund to the trust fund established by this bill as necessary to fund the program. The Pension Rehabilitation Administration may use the funds, without a further appropriation, to make loans, pay principal and interest on obligations, or for administrative and operating expenses. </p> <p>The bill allows the sponsor of a multiemployer pension plan that is applying for a loan under this bill to also apply to the Pension Benefit Guaranty Corporation (PBGC) for financial assistance if, after receiving the loan, the plan will still become (or remain) insolvent within the 30-year period beginning on the date of the loan.</p> <p>The bill also appropriates to the PBGC the funds that are necessary to provide the financial assistance required by this bill. </p> <p>The bill modifies the requirements for the distribution of remaining pension benefits from certain defined contribution plans to a designated beneficiary upon death of an employee. <p>The bill increases penalties for failure to file <ul> <li>a tax return, and </li> <li>certain retirement plan returns. </li> </ul>]]></summary-text>
</summary>
<summary summary-id="id116hr397v09" currentChamber="HOUSE" update-date="2019-07-30">
<action-date>2019-07-19</action-date>
<action-desc>Reported to House, Part II</action-desc>
<summary-text><![CDATA[<p><b>Rehabilitation for Multiemployer Pensions Act of 2019</b></p> <p>This bill establishes the Pension Rehabilitation Administration within the Department of the Treasury and a related trust fund to make loans to certain multiemployer defined benefit pension plans. </p> <p>To receive a loan, a plan must be (1) in critical and declining status, including any plan with respect to which a suspension of benefits has been approved; (2) in critical status, have a funded percentage of less than 40%, and have a ratio of active to inactive participants which is less than two to three; or (3) insolvent, if the plan became insolvent after December 16, 2014, and has not been terminated. </p> <p>Treasury must transfer amounts, which may include proceeds from bonds and other obligations, from the general fund to the trust fund established by this bill as necessary to fund the program. The Pension Rehabilitation Administration may use the funds, without a further appropriation, to make loans, pay principal and interest on obligations, or for administrative and operating expenses. </p> <p>The bill allows the sponsor of a multiemployer pension plan that is applying for a loan under this bill to also apply to the Pension Benefit Guaranty Corporation (PBGC) for financial assistance if, after receiving the loan, the plan will still become (or remain) insolvent within the 30-year period beginning on the date of the loan.</p> <p>The bill also appropriates to the PBGC the funds that are necessary to provide the financial assistance required by this bill. </p>]]></summary-text>
</summary>
<summary summary-id="id116hr397v08" currentChamber="HOUSE" update-date="2019-07-30">
<action-date>2019-07-18</action-date>
<action-desc>Reported to House, Part I</action-desc>
<summary-text><![CDATA[<p><b>Rehabilitation for Multiemployer Pensions Act of 2019</b></p> <p>This bill establishes the Pension Rehabilitation Administration within the Department of the Treasury and a related trust fund to make loans to certain multiemployer defined benefit pension plans. </p> <p>To receive a loan, a plan must be (1) in critical and declining status, including any plan with respect to which a suspension of benefits has been approved; (2) in critical status, have a modified funded percentage of less than 40%, and have a ratio of active to inactive participants which is less than two to five; or (3) insolvent, if the plan became insolvent after December 16, 2014, and has not been terminated. </p> <p>Treasury must transfer amounts, which may include proceeds from bonds and other obligations, from the general fund to the trust fund established by this bill as necessary to fund the program. The Pension Rehabilitation Administration may use the funds, without a further appropriation, to make loans, pay principal and interest on obligations, or for administrative and operating expenses. </p> <p>The bill allows the sponsor of a multiemployer pension plan that is applying for a loan under this bill to also apply to the Pension Benefit Guaranty Corporation (PBGC) for financial assistance if, after receiving the loan, the plan will still become (or remain) insolvent within the 30-year period beginning on the date of the loan.</p> <p>The bill also appropriates to the PBGC the funds that are necessary to provide the financial assistance required by this bill. </p>]]></summary-text>
</summary>
<summary summary-id="id116hr397v00" currentChamber="HOUSE" update-date="2019-01-28">
<action-date>2019-01-09</action-date>
<action-desc>Introduced in House</action-desc>
<summary-text><![CDATA[<p><b>Rehabilitation for Multiemployer Pensions Act </b></p> <p>This bill establishes the Pension Rehabilitation Administration within the Department of the Treasury and a related trust fund to make loans to certain multiemployer defined benefit pension plans. </p> <p>To receive a loan, a plan must be either in critical and declining status (including any plan with respect to which a suspension of benefits has been approved) or insolvent, if the plan became insolvent after December 16, 2014, and has not been terminated. </p> <p>Treasury must issue bonds to fund the loan program and transfer amounts equal to the proceeds to the trust fund established by this bill. The Pension Rehabilitation Administration may use the funds, without a further appropriation, to make loans, pay principal and interest on the bonds, or for administrative and operating expenses. </p> <p>The bill allows the sponsor of a multiemployer pension plan that is applying for a loan under this bill to also apply to the Pension Benefit Guaranty Corporation (PBGC) for financial assistance if, after receiving the loan, the plan will still become (or remain) insolvent within the 30-year period beginning on the date of the loan.</p> <p>The bill also appropriates to the PBGC the funds that are necessary to provide the financial assistance required by this bill. </p>]]></summary-text>
</summary>
</item>
<dublinCore xmlns:dc="http://purl.org/dc/elements/1.1/">
<dc:format>text/xml</dc:format>
<dc:language>EN</dc:language>
<dc:rights>Pursuant to Title 17 Section 105 of the United States Code, this file is not subject to copyright protection and is in the public domain.</dc:rights>
<dc:contributor>Congressional Research Service, Library of Congress</dc:contributor>
<dc:description>This file contains bill summaries for federal legislation. A bill summary describes the most significant provisions of a piece of legislation and details the effects the legislative text may have on current law and federal programs. Bill summaries are authored by the Congressional Research Service (CRS) of the Library of Congress. As stated in Public Law 91-510 (2 USC 166 (d)(6)), one of the duties of CRS is "to prepare summaries and digests of bills and resolutions of a public general nature introduced in the Senate or House of Representatives". For more information, refer to the User Guide that accompanies this file.</dc:description>
</dublinCore>
</BillSummaries>
