<?xml version="1.0" encoding="UTF-8"?><BillSummaries>
<item congress="116" measure-type="hr" measure-number="8" measure-id="id116hr8" originChamber="HOUSE" orig-publish-date="2019-01-08" update-date="2019-08-05">
<title>Bipartisan Background Checks Act of 2019</title>
<summary summary-id="id116hr8v53" currentChamber="HOUSE" update-date="2019-08-05">
<action-date>2019-02-27</action-date>
<action-desc>Passed House</action-desc>
<summary-text><![CDATA[<p><b>Bipartisan Background Checks Act of 2019</b></p> <p>This bill establishes new background check requirements for firearm transfers between private parties (i.e., unlicensed individuals).</p> <p>Specifically, it prohibits a firearm transfer between private parties unless a licensed gun dealer, manufacturer, or importer first takes possession of the firearm to conduct a background check.</p> <p>The prohibition does not apply to certain firearm transfers, such as a gift between spouses in good faith.</p>]]></summary-text>
</summary>
<summary summary-id="id116hr8v07" currentChamber="HOUSE" update-date="2019-03-25">
<action-date>2019-02-22</action-date>
<action-desc>Reported to House</action-desc>
<summary-text><![CDATA[<p><b>Bipartisan Background Checks Act of 2019</b></p> <p>This bill establishes new background check requirements for firearm transfers between private parties (i.e., unlicensed individuals). </p> <p>Specifically, it prohibits a firearm transfer between private parties unless a licensed gun dealer, manufacturer, or importer first takes possession of the firearm to conduct a background check.</p> <p>The prohibition does not apply to certain firearm transfers, such as a gift between spouses in good faith.</p>]]></summary-text>
</summary>
<summary summary-id="id116hr8v00" currentChamber="HOUSE" update-date="2019-04-10">
<action-date>2019-01-08</action-date>
<action-desc>Introduced in House</action-desc>
<summary-text><![CDATA[<p><b>Bipartisan Background Checks Act of 2019</b></p> <p>This bill establishes new background check requirements for firearm transfers between private parties (i.e., unlicensed individuals). </p> <p>Specifically, it prohibits a firearm transfer between private parties unless a licensed gun dealer, manufacturer, or importer first takes possession of the firearm to conduct a background check.</p> <p>The prohibition does not apply to certain firearm transfers, such as a gift between spouses in good faith.</p>]]></summary-text>
</summary>
</item>
<dublinCore xmlns:dc="http://purl.org/dc/elements/1.1/">
<dc:format>text/xml</dc:format>
<dc:language>EN</dc:language>
<dc:rights>Pursuant to Title 17 Section 105 of the United States Code, this file is not subject to copyright protection and is in the public domain.</dc:rights>
<dc:contributor>Congressional Research Service, Library of Congress</dc:contributor>
<dc:description>This file contains bill summaries for federal legislation. A bill summary describes the most significant provisions of a piece of legislation and details the effects the legislative text may have on current law and federal programs. Bill summaries are authored by the Congressional Research Service (CRS) of the Library of Congress. As stated in Public Law 91-510 (2 USC 166 (d)(6)), one of the duties of CRS is "to prepare summaries and digests of bills and resolutions of a public general nature introduced in the Senate or House of Representatives". For more information, refer to the User Guide that accompanies this file.</dc:description>
</dublinCore>
</BillSummaries>
