<?xml version="1.0" encoding="UTF-8"?><BillSummaries>
<item congress="116" measure-type="hr" measure-number="197" measure-id="id116hr197" originChamber="HOUSE" orig-publish-date="2019-01-03" update-date="2019-01-24">
<title>Special Counsel Independence and Integrity Act</title>
<summary summary-id="id116hr197v00" currentChamber="HOUSE" update-date="2019-01-24">
<action-date>2019-01-03</action-date>
<action-desc>Introduced in House</action-desc>
<summary-text><![CDATA[<p><b>Special Counsel Independence and Integrity Act</b></p> <p>This bill sets forth requirements and limitations with respect to the removal from office of a special counsel appointed by the Attorney General, or of another official appointed by the Attorney General who exercises a similar degree of independence from the Department of Justice (DOJ) chain of command.</p> <p>Specifically, a special counsel or other appointed official</p> <ul> <li>may only be removed by the Attorney General or the most senior Senate-confirmed DOJ official, in certain circumstances;</li> <li>may only be removed for misconduct, dereliction of duty, incapacity, conflict of interest, or other good cause;</li> <li>must be provided written notice that specifies the reason for removal; and</li> <li>may file an action to challenge the removal not later than 10 days after notice was provided.</li> </ul>]]></summary-text>
</summary>
</item>
<dublinCore xmlns:dc="http://purl.org/dc/elements/1.1/">
<dc:format>text/xml</dc:format>
<dc:language>EN</dc:language>
<dc:rights>Pursuant to Title 17 Section 105 of the United States Code, this file is not subject to copyright protection and is in the public domain.</dc:rights>
<dc:contributor>Congressional Research Service, Library of Congress</dc:contributor>
<dc:description>This file contains bill summaries for federal legislation. A bill summary describes the most significant provisions of a piece of legislation and details the effects the legislative text may have on current law and federal programs. Bill summaries are authored by the Congressional Research Service (CRS) of the Library of Congress. As stated in Public Law 91-510 (2 USC 166 (d)(6)), one of the duties of CRS is "to prepare summaries and digests of bills and resolutions of a public general nature introduced in the Senate or House of Representatives". For more information, refer to the User Guide that accompanies this file.</dc:description>
</dublinCore>
</BillSummaries>
