<?xml version="1.0" encoding="UTF-8"?><BillSummaries>
<item congress="116" measure-type="hr" measure-number="463" measure-id="id116hr463" originChamber="HOUSE" orig-publish-date="2019-01-10" update-date="2019-02-14">
<title>Military Retiree Survivor Comfort Act</title>
<summary summary-id="id116hr463v00" currentChamber="HOUSE" update-date="2019-02-14">
<action-date>2019-01-10</action-date>
<action-desc>Introduced in House</action-desc>
<summary-text><![CDATA[<p><strong>Military Retiree Survivor Comfort Act </strong></p> <p>This bill requires the United States to forgive any overpayment of military retired or retainer pay for any period after the death of the recipient through the last day of the month in which such death occurs, if such payment is electronically deposited to a joint account bearing the name of the decedent and the decedent's designated beneficiary.</p> <p>The bill provides a special effective date for the first annuity payment to a survivor under the Survivor Benefit Plan when an overpayment is so forgiven.</p>]]></summary-text>
</summary>
</item>
<dublinCore xmlns:dc="http://purl.org/dc/elements/1.1/">
<dc:format>text/xml</dc:format>
<dc:language>EN</dc:language>
<dc:rights>Pursuant to Title 17 Section 105 of the United States Code, this file is not subject to copyright protection and is in the public domain.</dc:rights>
<dc:contributor>Congressional Research Service, Library of Congress</dc:contributor>
<dc:description>This file contains bill summaries for federal legislation. A bill summary describes the most significant provisions of a piece of legislation and details the effects the legislative text may have on current law and federal programs. Bill summaries are authored by the Congressional Research Service (CRS) of the Library of Congress. As stated in Public Law 91-510 (2 USC 166 (d)(6)), one of the duties of CRS is "to prepare summaries and digests of bills and resolutions of a public general nature introduced in the Senate or House of Representatives". For more information, refer to the User Guide that accompanies this file.</dc:description>
</dublinCore>
</BillSummaries>
