<?xml version="1.0" encoding="UTF-8"?><BillSummaries>
<item congress="116" measure-type="hr" measure-number="416" measure-id="id116hr416" originChamber="HOUSE" orig-publish-date="2019-01-09" update-date="2019-03-07">
<title>Build up Illegal Line Defenses with Assets Lawfully Lifted Act of 2019</title>
<summary summary-id="id116hr416v00" currentChamber="HOUSE" update-date="2019-03-07">
<action-date>2019-01-09</action-date>
<action-desc>Introduced in House</action-desc>
<summary-text><![CDATA[<p><b>Build up Illegal Line Defenses with Assets Lawfully Lifted Act of 2019</b></p> <p>This bill directs certain amounts from the Department of Justice (DOJ) Assets Forfeiture Fund to the deployment of additional border security measures. </p> <p>Specifically, the bill requires DOJ to report annually on the amount of total deposits into the fund that are derived from Mexican cartels. It makes available 50% of that amount for the construction of additional physical barriers and roads near the border to deter illegal crossings into the United States.</p> <p>Additionally, the bill prohibits the release of seized currency or contraband that likely belongs to or supports a foreign, illegal trafficking organization while a civil forfeiture action is pending.</p>]]></summary-text>
</summary>
</item>
<dublinCore xmlns:dc="http://purl.org/dc/elements/1.1/">
<dc:format>text/xml</dc:format>
<dc:language>EN</dc:language>
<dc:rights>Pursuant to Title 17 Section 105 of the United States Code, this file is not subject to copyright protection and is in the public domain.</dc:rights>
<dc:contributor>Congressional Research Service, Library of Congress</dc:contributor>
<dc:description>This file contains bill summaries for federal legislation. A bill summary describes the most significant provisions of a piece of legislation and details the effects the legislative text may have on current law and federal programs. Bill summaries are authored by the Congressional Research Service (CRS) of the Library of Congress. As stated in Public Law 91-510 (2 USC 166 (d)(6)), one of the duties of CRS is "to prepare summaries and digests of bills and resolutions of a public general nature introduced in the Senate or House of Representatives". For more information, refer to the User Guide that accompanies this file.</dc:description>
</dublinCore>
</BillSummaries>
