<?xml version="1.0" encoding="UTF-8"?><BillSummaries>
<item congress="116" measure-type="hr" measure-number="563" measure-id="id116hr563" originChamber="HOUSE" orig-publish-date="2019-01-15" update-date="2019-02-25">
<title>DD-214 Modernization Act</title>
<summary summary-id="id116hr563v00" currentChamber="HOUSE" update-date="2019-02-25">
<action-date>2019-01-15</action-date>
<action-desc>Introduced in House</action-desc>
<summary-text><![CDATA[<p><strong>DD-214 Modernization Act</strong></p> <p>This bill directs the Department of Defense to modify the Certificate of Release or Discharge from Active Duty (DD Form 214) to include a block in which a member of the Armed Forces may provide an email address by which the member may be contacted after discharge or release from active duty.</p>]]></summary-text>
</summary>
</item>
<dublinCore xmlns:dc="http://purl.org/dc/elements/1.1/">
<dc:format>text/xml</dc:format>
<dc:language>EN</dc:language>
<dc:rights>Pursuant to Title 17 Section 105 of the United States Code, this file is not subject to copyright protection and is in the public domain.</dc:rights>
<dc:contributor>Congressional Research Service, Library of Congress</dc:contributor>
<dc:description>This file contains bill summaries for federal legislation. A bill summary describes the most significant provisions of a piece of legislation and details the effects the legislative text may have on current law and federal programs. Bill summaries are authored by the Congressional Research Service (CRS) of the Library of Congress. As stated in Public Law 91-510 (2 USC 166 (d)(6)), one of the duties of CRS is "to prepare summaries and digests of bills and resolutions of a public general nature introduced in the Senate or House of Representatives". For more information, refer to the User Guide that accompanies this file.</dc:description>
</dublinCore>
</BillSummaries>
