<?xml version="1.0" encoding="UTF-8"?><BillSummaries>
<item congress="116" measure-type="hr" measure-number="3905" measure-id="id116hr3905" originChamber="HOUSE" orig-publish-date="2019-07-23" update-date="2020-12-28">
<title>Social Security Administration Accountability Act of 2019</title>
<summary summary-id="id116hr3905v00" currentChamber="HOUSE" update-date="2020-12-28">
<action-date>2019-07-23</action-date>
<action-desc>Introduced in House</action-desc>
<summary-text><![CDATA[<b><br /> Social Security Administration Accountability Act of </b><b>2019</b><br /> <p class="MsoNormal" style="line-height: normal;">This bill revises requirements regarding the content and submission of the annual budget for&nbsp;the Social Security Administration (SSA) and restricts the SSA from closing or consolidating a field or hearing office without&nbsp;providing&nbsp;specified notice and justification. The Government Accountability Office must report specified information relating to the average length of time for certain reviews of applications for disability insurance benefits.</p>]]></summary-text>
</summary>
</item>
<dublinCore xmlns:dc="http://purl.org/dc/elements/1.1/">
<dc:format>text/xml</dc:format>
<dc:language>EN</dc:language>
<dc:rights>Pursuant to Title 17 Section 105 of the United States Code, this file is not subject to copyright protection and is in the public domain.</dc:rights>
<dc:contributor>Congressional Research Service, Library of Congress</dc:contributor>
<dc:description>This file contains bill summaries for federal legislation. A bill summary describes the most significant provisions of a piece of legislation and details the effects the legislative text may have on current law and federal programs. Bill summaries are authored by the Congressional Research Service (CRS) of the Library of Congress. As stated in Public Law 91-510 (2 USC 166 (d)(6)), one of the duties of CRS is "to prepare summaries and digests of bills and resolutions of a public general nature introduced in the Senate or House of Representatives". For more information, refer to the User Guide that accompanies this file.</dc:description>
</dublinCore>
</BillSummaries>
