<?xml version="1.0" encoding="UTF-8"?><BillSummaries>
<item congress="116" measure-type="hr" measure-number="1194" measure-id="id116hr1194" originChamber="HOUSE" orig-publish-date="2019-02-13" update-date="2019-03-06">
<title>Graduate Student Savings Act of 2019</title>
<summary summary-id="id116hr1194v00" currentChamber="HOUSE" update-date="2019-03-06">
<action-date>2019-02-13</action-date>
<action-desc>Introduced in House</action-desc>
<summary-text><![CDATA[<p><b>Graduate Student Savings Act of 201</b><b>9</b></p> <p>This bill allows funds paid to an individual to aid in the pursuit of graduate or postdoctoral study or research to be saved in an Individual Retirement Account (IRA). The bill permits the funds to be considered compensation for purposes of current law provisions that limit annual deductible IRA contributions to the lesser of (1) the deductible amount permitted under current law, or (2) the compensation includible in the individual's gross income for the year. </p>]]></summary-text>
</summary>
</item>
<dublinCore xmlns:dc="http://purl.org/dc/elements/1.1/">
<dc:format>text/xml</dc:format>
<dc:language>EN</dc:language>
<dc:rights>Pursuant to Title 17 Section 105 of the United States Code, this file is not subject to copyright protection and is in the public domain.</dc:rights>
<dc:contributor>Congressional Research Service, Library of Congress</dc:contributor>
<dc:description>This file contains bill summaries for federal legislation. A bill summary describes the most significant provisions of a piece of legislation and details the effects the legislative text may have on current law and federal programs. Bill summaries are authored by the Congressional Research Service (CRS) of the Library of Congress. As stated in Public Law 91-510 (2 USC 166 (d)(6)), one of the duties of CRS is "to prepare summaries and digests of bills and resolutions of a public general nature introduced in the Senate or House of Representatives". For more information, refer to the User Guide that accompanies this file.</dc:description>
</dublinCore>
</BillSummaries>
