<?xml version="1.0" encoding="UTF-8"?><BillSummaries>
<item congress="117" measure-type="hr" measure-number="693" measure-id="id117hr693" originChamber="HOUSE" orig-publish-date="2021-02-02" update-date="2021-03-02">
<title>San Gabriel Mountains Foothills and Rivers Protection Act</title>
<summary summary-id="id117hr693v00" currentChamber="HOUSE" update-date="2021-03-02">
<action-date>2021-02-02</action-date>
<action-desc>Introduced in House</action-desc>
<summary-text><![CDATA[<p><b>San Gabriel Mountains Foothills and Rivers Protection Act</b></p> <p>This bill establishes the San Gabriel National Recreation Area in California as a unit of the National Park System, consisting of 49,387 acres of federal lands and interests in land.</p> <p>The Department of the Interior must (1)&nbsp;cooperate with the Department of Defense (DOD) to develop opportunities for the management of the federal lands under DOD jurisdiction that are included within the recreation area, (2) create a comprehensive management plan for the recreation area, and (3) develop an integrated visitor services plan for the recreation area.</p> <p>The bill establishes (1) the San Gabriel National Recreation Area Public Advisory Council to advise Interior on the development and implementation of the management plan and the visitor services plan, and (2) the San Gabriel National Recreation Area Partnership to coordinate activities of governmental and private entities in advancing the purposes of this bill and to improve management and recreational opportunities within the recreation area.</p> <p>The Department of Agriculture must modify the boundaries of the San Gabriel Mountains National Monument in California to include 109,167 acres of additional, identified National Forest System lands and administer those lands as part of the monument. </p> <p>The bill designates&nbsp;(1)&nbsp;specified areas as components of the National Wilderness Preservation System, and (2)</s> specified river and creek segments as components of the National Wild and Scenic Rivers System.</p>]]></summary-text>
</summary>
</item>
<dublinCore xmlns:dc="http://purl.org/dc/elements/1.1/">
<dc:format>text/xml</dc:format>
<dc:language>EN</dc:language>
<dc:rights>Pursuant to Title 17 Section 105 of the United States Code, this file is not subject to copyright protection and is in the public domain.</dc:rights>
<dc:contributor>Congressional Research Service, Library of Congress</dc:contributor>
<dc:description>This file contains bill summaries for federal legislation. A bill summary describes the most significant provisions of a piece of legislation and details the effects the legislative text may have on current law and federal programs. Bill summaries are authored by the Congressional Research Service (CRS) of the Library of Congress. As stated in Public Law 91-510 (2 USC 166 (d)(6)), one of the duties of CRS is "to prepare summaries and digests of bills and resolutions of a public general nature introduced in the Senate or House of Representatives". For more information, refer to the User Guide that accompanies this file.</dc:description>
</dublinCore>
</BillSummaries>
