<?xml version="1.0" encoding="UTF-8"?><BillSummaries>
<item congress="117" measure-type="hr" measure-number="148" measure-id="id117hr148" originChamber="HOUSE" orig-publish-date="2021-01-04" update-date="2021-02-04">
<title>Jobs and Childcare for Military Families Act of 2021</title>
<summary summary-id="id117hr148v00" currentChamber="HOUSE" update-date="2021-02-04">
<action-date>2021-01-04</action-date>
<action-desc>Introduced in House</action-desc>
<summary-text><![CDATA[<p><b>Jobs and Childcare for Military Families Act of 2021</b></p> <p>This bill allows an employer a work opportunity tax credit for hiring the spouse or domestic partner of a member of the Armed Forces and requires the creation of programs for service members to pay for childcare on a pretax basis.</p> <p>Specifically, an employer may receive a tax credit equal to 40% of a new employee's first-year wages if the employer hires a service member's spouse or domestic partner (as recognized under state law or by the Armed Forces). Currently, a similar tax credit exists for employers who hire certain disadvantaged individuals, including disadvantaged veterans. </p> <p>The Department of Defense and the Department of Homeland Security (with respect to the Coast Guard) must implement flexible spending arrangements that permit members of the Armed Forces to use basic pay and compensation to pay on a pretax basis for dependent childcare. </p>]]></summary-text>
</summary>
</item>
<dublinCore xmlns:dc="http://purl.org/dc/elements/1.1/">
<dc:format>text/xml</dc:format>
<dc:language>EN</dc:language>
<dc:rights>Pursuant to Title 17 Section 105 of the United States Code, this file is not subject to copyright protection and is in the public domain.</dc:rights>
<dc:contributor>Congressional Research Service, Library of Congress</dc:contributor>
<dc:description>This file contains bill summaries for federal legislation. A bill summary describes the most significant provisions of a piece of legislation and details the effects the legislative text may have on current law and federal programs. Bill summaries are authored by the Congressional Research Service (CRS) of the Library of Congress. As stated in Public Law 91-510 (2 USC 166 (d)(6)), one of the duties of CRS is "to prepare summaries and digests of bills and resolutions of a public general nature introduced in the Senate or House of Representatives". For more information, refer to the User Guide that accompanies this file.</dc:description>
</dublinCore>
</BillSummaries>
