<?xml version="1.0" encoding="UTF-8"?><BillSummaries>
<item congress="117" measure-type="hr" measure-number="298" measure-id="id117hr298" originChamber="HOUSE" orig-publish-date="2021-01-13" update-date="2021-02-10">
<title>Noncontiguous Shipping Competition Act</title>
<summary summary-id="id117hr298v00" currentChamber="HOUSE" update-date="2021-02-10">
<action-date>2021-01-13</action-date>
<action-desc>Introduced in House</action-desc>
<summary-text><![CDATA[<p><b>Noncontiguous Shipping Competition Act </b></p> <p>This bill revises coastwise laws, commonly known as the Jones Act, that govern domestic transportation of merchandise or passengers by vessels. The Jones Act requires that vessels transporting merchandise or passengers between Puerto Rico and other U.S. ports be built in the United States, be at least 75% owned by U.S. citizens, and be mostly crewed by U.S. citizens.</p> <p>The bill exempts carriage on a route in noncontiguous trade from Jones Act requirements unless (1) at least three owners or operators of certain coastwise vessels regularly operate such a vessel on the route, (2) each of such owners or operators transports at least 20% of the volume of goods on that route, and (3) none of such owners or operators are under common ownership.</p>]]></summary-text>
</summary>
</item>
<dublinCore xmlns:dc="http://purl.org/dc/elements/1.1/">
<dc:format>text/xml</dc:format>
<dc:language>EN</dc:language>
<dc:rights>Pursuant to Title 17 Section 105 of the United States Code, this file is not subject to copyright protection and is in the public domain.</dc:rights>
<dc:contributor>Congressional Research Service, Library of Congress</dc:contributor>
<dc:description>This file contains bill summaries for federal legislation. A bill summary describes the most significant provisions of a piece of legislation and details the effects the legislative text may have on current law and federal programs. Bill summaries are authored by the Congressional Research Service (CRS) of the Library of Congress. As stated in Public Law 91-510 (2 USC 166 (d)(6)), one of the duties of CRS is "to prepare summaries and digests of bills and resolutions of a public general nature introduced in the Senate or House of Representatives". For more information, refer to the User Guide that accompanies this file.</dc:description>
</dublinCore>
</BillSummaries>
