<?xml version="1.0" encoding="UTF-8"?><BillSummaries>
<item congress="117" measure-type="hr" measure-number="326" measure-id="id117hr326" originChamber="HOUSE" orig-publish-date="2021-01-15" update-date="2021-02-11">
<title>Saving the Civil Service Act</title>
<summary summary-id="id117hr326v00" currentChamber="HOUSE" update-date="2021-02-11">
<action-date>2021-01-15</action-date>
<action-desc>Introduced in House</action-desc>
<summary-text><![CDATA[<p><b>Saving the Civil Service Act</b></p> <p>This bill nullifies the executive order titled <i>Creating Schedule F in the Excepted Service</i>, which was issued on October 21, 2020. The order places executive agency positions that are of a confidential, policy-determining, policy-making, or policy-advocating character, and that are not normally subject to change as a result of a presidential transition, under a new schedule in the excepted service (Schedule F) instead of the competitive service. The order also requires any such positions in the excepted service to be reclassified to Schedule F.</p> <p>The bill also specifically prohibits positions or appointments in the competitive service or the Senior Executive Service from being converted to the excepted service, and prohibits certain noncompetitive appointments that were reclassified or made under the executive order from subsequently acquiring competitive status.</p>]]></summary-text>
</summary>
</item>
<dublinCore xmlns:dc="http://purl.org/dc/elements/1.1/">
<dc:format>text/xml</dc:format>
<dc:language>EN</dc:language>
<dc:rights>Pursuant to Title 17 Section 105 of the United States Code, this file is not subject to copyright protection and is in the public domain.</dc:rights>
<dc:contributor>Congressional Research Service, Library of Congress</dc:contributor>
<dc:description>This file contains bill summaries for federal legislation. A bill summary describes the most significant provisions of a piece of legislation and details the effects the legislative text may have on current law and federal programs. Bill summaries are authored by the Congressional Research Service (CRS) of the Library of Congress. As stated in Public Law 91-510 (2 USC 166 (d)(6)), one of the duties of CRS is "to prepare summaries and digests of bills and resolutions of a public general nature introduced in the Senate or House of Representatives". For more information, refer to the User Guide that accompanies this file.</dc:description>
</dublinCore>
</BillSummaries>
