<?xml version="1.0" encoding="UTF-8"?><BillSummaries>
<item congress="117" measure-type="hr" measure-number="257" measure-id="id117hr257" originChamber="HOUSE" orig-publish-date="2021-01-11" update-date="2021-02-17">
<title>INVEST Act</title>
<summary summary-id="id117hr257v00" currentChamber="HOUSE" update-date="2021-02-17">
<action-date>2021-01-11</action-date>
<action-desc>Introduced in House</action-desc>
<summary-text><![CDATA[<p><b>Incentives for our Nation's Veterans in Energy Sustainability Technologies or the INVEST Act</b></p> <p>This bill allows the work opportunity tax credit to be used for the hiring of a specified veteran who works in a field of renewable energy. A <i>specified veteran</i> means any veteran who is certified as (1) having received a credential or certification from the Department of Defense of a military occupational specialty or skill in a field of renewable energy or with respect to advanced manufacturing, machinist or welding, or engineering; (2) having completed a vocational degree in a field of renewable energy; or (3) having completed a LEED (Leadership in Energy &amp; Environmental Design) certification with the United States Green Building Council.</p> <p>The Department of the Treasury shall compensate specified U.S. possessions for their losses resulting from this bill.</p>]]></summary-text>
</summary>
</item>
<dublinCore xmlns:dc="http://purl.org/dc/elements/1.1/">
<dc:format>text/xml</dc:format>
<dc:language>EN</dc:language>
<dc:rights>Pursuant to Title 17 Section 105 of the United States Code, this file is not subject to copyright protection and is in the public domain.</dc:rights>
<dc:contributor>Congressional Research Service, Library of Congress</dc:contributor>
<dc:description>This file contains bill summaries for federal legislation. A bill summary describes the most significant provisions of a piece of legislation and details the effects the legislative text may have on current law and federal programs. Bill summaries are authored by the Congressional Research Service (CRS) of the Library of Congress. As stated in Public Law 91-510 (2 USC 166 (d)(6)), one of the duties of CRS is "to prepare summaries and digests of bills and resolutions of a public general nature introduced in the Senate or House of Representatives". For more information, refer to the User Guide that accompanies this file.</dc:description>
</dublinCore>
</BillSummaries>
