<?xml version="1.0" encoding="UTF-8"?><BillSummaries>
<item congress="117" measure-type="hr" measure-number="70" measure-id="id117hr70" originChamber="HOUSE" orig-publish-date="2021-01-04" update-date="2021-01-27">
<title>Securing America’s Medicine Cabinet Act of 2021</title>
<summary summary-id="id117hr70v00" currentChamber="HOUSE" update-date="2021-01-27">
<action-date>2021-01-04</action-date>
<action-desc>Introduced in House</action-desc>
<summary-text><![CDATA[<p><b>Securing America's Medicine Cabinet Act of 2021</b></p> <p>This bill encourages the development and approval of advanced pharmaceutical manufacturing technologies and designates certain university research centers to assist in developing such technologies.</p> <p>The Food and Drug Administration (FDA) must continue to evaluate and approve new drug manufacturing technologies included in an application for drug approval and expedite the development and implementation of such technologies. The FDA must designate such a technology as an advanced manufacturing technology if it is likely to (1) prevent or resolve a drug shortage, (2) maintain an adequate supply of critical medications for national emergencies, or (3) promote the adoption of innovative approaches to drug design and manufacturing. </p> <p>The sponsor of such a designated technology must provide the FDA with certain related scientific evidence. After receiving this evidence, if the FDA validates the technology for a proposed use, then the sponsor may use the validated technology across multiple manufacturing product lines within the same use context without obtaining additional FDA validation.</p> <p>The FDA must designate certain institutions of higher education as National Centers of Excellence in Advanced Pharmaceutical Manufacturing. Among other requirements, such centers must demonstrate the ability to provide federal agencies with technical assistance and to train a future workforce in such technologies.</p>]]></summary-text>
</summary>
</item>
<dublinCore xmlns:dc="http://purl.org/dc/elements/1.1/">
<dc:format>text/xml</dc:format>
<dc:language>EN</dc:language>
<dc:rights>Pursuant to Title 17 Section 105 of the United States Code, this file is not subject to copyright protection and is in the public domain.</dc:rights>
<dc:contributor>Congressional Research Service, Library of Congress</dc:contributor>
<dc:description>This file contains bill summaries for federal legislation. A bill summary describes the most significant provisions of a piece of legislation and details the effects the legislative text may have on current law and federal programs. Bill summaries are authored by the Congressional Research Service (CRS) of the Library of Congress. As stated in Public Law 91-510 (2 USC 166 (d)(6)), one of the duties of CRS is "to prepare summaries and digests of bills and resolutions of a public general nature introduced in the Senate or House of Representatives". For more information, refer to the User Guide that accompanies this file.</dc:description>
</dublinCore>
</BillSummaries>
