<?xml version="1.0" encoding="UTF-8"?><BillSummaries>
<item congress="117" measure-type="hr" measure-number="490" measure-id="id117hr490" originChamber="HOUSE" orig-publish-date="2021-01-25" update-date="2021-05-17">
<title>DHS MORALE Act</title>
<summary summary-id="id117hr490v53" currentChamber="HOUSE" update-date="2021-05-17">
<action-date>2021-04-20</action-date>
<action-desc>Passed House</action-desc>
<summary-text><![CDATA[<p><strong>Department of Homeland Security Morale, Recognition, Learning and Engagement Act of 2021 or the DHS MORALE Act</strong></p> <p>This bill addresses workforce morale at the Department of Homeland Security (DHS).</p> <p>The bill expands the duties of the Chief Human Capital Officer to address morale, including through</p> <ul> <li>leader development and employee engagement, </li> <li>maintaining a catalogue of available employee development opportunities, and</li> <li>issuing a DHS-wide employee engagement action plan.</li> </ul> <p>DHS (1) must establish an employee engagement steering committee, and (2) may establish an annual employee award program.</p> <p>DHS shall report to the congressional homeland security committees regarding the impacts of the lapse in appropriations between December 22, 2018, and January 25, 2019, on (1) DHS human resources operations; (2) DHS's ability to meet hiring benchmarks; and (3) retention, attrition, and morale of DHS personnel. </p>]]></summary-text>
</summary>
<summary summary-id="id117hr490v00" currentChamber="HOUSE" update-date="2021-02-25">
<action-date>2021-01-25</action-date>
<action-desc>Introduced in House</action-desc>
<summary-text><![CDATA[<p><strong>Department of Homeland Security Morale, Recognition, Learning and Engagement Act of 2021 or the DHS MORALE Act</strong></p> <p>This bill addresses workforce morale at the Department of Homeland Security (DHS).</p> <p>The bill expands the duties of the Chief Human Capital Officer to address morale, including through</p> <ul> <li>leader development and employee engagement, </li> <li>maintaining a catalogue of available employee development opportunities, and</li> <li>issuing a DHS-wide employee engagement action plan.</li> </ul> <p>DHS (1) must establish an employee engagement steering committee, and (2) may establish an annual employee award program.</p> <p>DHS shall report to the congressional homeland security committees regarding the impacts of the lapse in appropriations between December 22, 2018, and January 25, 2019, on (1) DHS human resources operations; (2) DHS's ability to meet hiring benchmarks; and (3) retention, attrition, and morale of DHS personnel. </p>]]></summary-text>
</summary>
</item>
<dublinCore xmlns:dc="http://purl.org/dc/elements/1.1/">
<dc:format>text/xml</dc:format>
<dc:language>EN</dc:language>
<dc:rights>Pursuant to Title 17 Section 105 of the United States Code, this file is not subject to copyright protection and is in the public domain.</dc:rights>
<dc:contributor>Congressional Research Service, Library of Congress</dc:contributor>
<dc:description>This file contains bill summaries for federal legislation. A bill summary describes the most significant provisions of a piece of legislation and details the effects the legislative text may have on current law and federal programs. Bill summaries are authored by the Congressional Research Service (CRS) of the Library of Congress. As stated in Public Law 91-510 (2 USC 166 (d)(6)), one of the duties of CRS is "to prepare summaries and digests of bills and resolutions of a public general nature introduced in the Senate or House of Representatives". For more information, refer to the User Guide that accompanies this file.</dc:description>
</dublinCore>
</BillSummaries>
