<?xml version="1.0" encoding="UTF-8"?><BillSummaries>
<item congress="117" measure-type="hr" measure-number="113" measure-id="id117hr113" originChamber="HOUSE" orig-publish-date="2021-01-04" update-date="2021-02-01">
<title>Triple-Negative Breast Cancer Research and Education Act of 2021</title>
<summary summary-id="id117hr113v00" currentChamber="HOUSE" update-date="2021-02-01">
<action-date>2021-01-04</action-date>
<action-desc>Introduced in House</action-desc>
<summary-text><![CDATA[<p><b>Triple-Negative Breast Cancer Research and Education Act of 2021</b></p> <p>This bill requires research and education activities related to triple-negative breast cancer. The cells of these breast cancers are negative for estrogen receptors, progesterone receptors, and excess HER2 protein, so they do not respond to hormonal therapy medicines or medicines that target the HER2 protein receptors.</p> <p>Specifically, the National Institutes of Health must conduct and support research into the disease.</p> <p>Additionally, the Centers for Disease Control and Prevention and the Health Resources and Services Administration must develop information about triple-negative breast cancer, including information regarding the elevated risk for minority women, for the public and for health care providers.</p>]]></summary-text>
</summary>
</item>
<dublinCore xmlns:dc="http://purl.org/dc/elements/1.1/">
<dc:format>text/xml</dc:format>
<dc:language>EN</dc:language>
<dc:rights>Pursuant to Title 17 Section 105 of the United States Code, this file is not subject to copyright protection and is in the public domain.</dc:rights>
<dc:contributor>Congressional Research Service, Library of Congress</dc:contributor>
<dc:description>This file contains bill summaries for federal legislation. A bill summary describes the most significant provisions of a piece of legislation and details the effects the legislative text may have on current law and federal programs. Bill summaries are authored by the Congressional Research Service (CRS) of the Library of Congress. As stated in Public Law 91-510 (2 USC 166 (d)(6)), one of the duties of CRS is "to prepare summaries and digests of bills and resolutions of a public general nature introduced in the Senate or House of Representatives". For more information, refer to the User Guide that accompanies this file.</dc:description>
</dublinCore>
</BillSummaries>
