<?xml version="1.0" encoding="UTF-8"?><BillSummaries>
<item congress="117" measure-type="hr" measure-number="99" measure-id="id117hr99" originChamber="HOUSE" orig-publish-date="2021-01-04" update-date="2021-02-19">
<title>CLEAN Congress Act</title>
<summary summary-id="id117hr99v00" currentChamber="HOUSE" update-date="2021-02-19">
<action-date>2021-01-04</action-date>
<action-desc>Introduced in House</action-desc>
<summary-text><![CDATA[<p><b>Citizen Legislature Anti-Corruption Reform of Congress Act or the CLEAN Congress Act</b></p> <p>This bill (1) requires bills, orders, resolutions, or votes submitted by Congress to the President to include only one subject that is clearly and descriptively expressed in the measure's title; and (2) makes ineffective any provision of law that excludes its application to a Member of Congress or to an employee in a Member's office.</p>]]></summary-text>
</summary>
</item>
<dublinCore xmlns:dc="http://purl.org/dc/elements/1.1/">
<dc:format>text/xml</dc:format>
<dc:language>EN</dc:language>
<dc:rights>Pursuant to Title 17 Section 105 of the United States Code, this file is not subject to copyright protection and is in the public domain.</dc:rights>
<dc:contributor>Congressional Research Service, Library of Congress</dc:contributor>
<dc:description>This file contains bill summaries for federal legislation. A bill summary describes the most significant provisions of a piece of legislation and details the effects the legislative text may have on current law and federal programs. Bill summaries are authored by the Congressional Research Service (CRS) of the Library of Congress. As stated in Public Law 91-510 (2 USC 166 (d)(6)), one of the duties of CRS is "to prepare summaries and digests of bills and resolutions of a public general nature introduced in the Senate or House of Representatives". For more information, refer to the User Guide that accompanies this file.</dc:description>
</dublinCore>
</BillSummaries>
