<?xml version="1.0" encoding="UTF-8"?><BillSummaries>
<item congress="117" measure-type="hr" measure-number="314" measure-id="id117hr314" originChamber="HOUSE" orig-publish-date="2021-01-13" update-date="2021-02-18">
<title>Communities and Environment First Act of 2021</title>
<summary summary-id="id117hr314v00" currentChamber="HOUSE" update-date="2021-02-18">
<action-date>2021-01-13</action-date>
<action-desc>Introduced in House</action-desc>
<summary-text><![CDATA[<p><b>Communities and Environment First Act of 2021</b></p> <p>This bill establishes the For Communities Trust Fund to be funded by specified environmental taxes for the purpose of awarding grants to states in cooperative agreements with the Environmental Protection Agency to (1) assist in relocation efforts for individuals or groups who live within five miles of facilities that are a major source or area source of certain emissions, or (2) protect or remediate areas affected by emissions of hazardous air pollutants or releases of hazardous substances from such facilities.</p> <p>The bill increases the excise tax on certain chemicals to adjust for inflation and removes tax exemptions related to crude oil and petroleum products imported into the United States.</p>]]></summary-text>
</summary>
</item>
<dublinCore xmlns:dc="http://purl.org/dc/elements/1.1/">
<dc:format>text/xml</dc:format>
<dc:language>EN</dc:language>
<dc:rights>Pursuant to Title 17 Section 105 of the United States Code, this file is not subject to copyright protection and is in the public domain.</dc:rights>
<dc:contributor>Congressional Research Service, Library of Congress</dc:contributor>
<dc:description>This file contains bill summaries for federal legislation. A bill summary describes the most significant provisions of a piece of legislation and details the effects the legislative text may have on current law and federal programs. Bill summaries are authored by the Congressional Research Service (CRS) of the Library of Congress. As stated in Public Law 91-510 (2 USC 166 (d)(6)), one of the duties of CRS is "to prepare summaries and digests of bills and resolutions of a public general nature introduced in the Senate or House of Representatives". For more information, refer to the User Guide that accompanies this file.</dc:description>
</dublinCore>
</BillSummaries>
