<?xml version="1.0" encoding="UTF-8"?><BillSummaries>
<item congress="117" measure-type="hr" measure-number="484" measure-id="id117hr484" originChamber="HOUSE" orig-publish-date="2021-01-25" update-date="2021-02-22">
<title>No Glory for Hate Act</title>
<summary summary-id="id117hr484v00" currentChamber="HOUSE" update-date="2021-02-22">
<action-date>2021-01-25</action-date>
<action-desc>Introduced in House</action-desc>
<summary-text><![CDATA[<p><b>No Glory for Hate Act</b></p> <p>This bill prohibits the use of federal funds to commemorate a president twice impeached by the House of Representatives and restricts the benefits afforded such president after leaving office.</p> <p>Specifically, the bill prohibits the use of federal funds for any symbol, monument, structure, building, or public land commemorating a former president twice impeached or who has been convicted of a state or federal crime relating to actions taken in an official capacity.</p> <p>The bill also restricts the benefits given to former presidents who have been twice impeached, including with regard to pension, staff, travel, and burial in Arlington National Cemetery.</p>]]></summary-text>
</summary>
</item>
<dublinCore xmlns:dc="http://purl.org/dc/elements/1.1/">
<dc:format>text/xml</dc:format>
<dc:language>EN</dc:language>
<dc:rights>Pursuant to Title 17 Section 105 of the United States Code, this file is not subject to copyright protection and is in the public domain.</dc:rights>
<dc:contributor>Congressional Research Service, Library of Congress</dc:contributor>
<dc:description>This file contains bill summaries for federal legislation. A bill summary describes the most significant provisions of a piece of legislation and details the effects the legislative text may have on current law and federal programs. Bill summaries are authored by the Congressional Research Service (CRS) of the Library of Congress. As stated in Public Law 91-510 (2 USC 166 (d)(6)), one of the duties of CRS is "to prepare summaries and digests of bills and resolutions of a public general nature introduced in the Senate or House of Representatives". For more information, refer to the User Guide that accompanies this file.</dc:description>
</dublinCore>
</BillSummaries>
