<?xml version="1.0" encoding="UTF-8"?><BillSummaries>
<item congress="117" measure-type="hr" measure-number="532" measure-id="id117hr532" originChamber="HOUSE" orig-publish-date="2021-01-28" update-date="2021-03-04">
<title>Protecting Individuals with Down Syndrome Act</title>
<summary summary-id="id117hr532v00" currentChamber="HOUSE" update-date="2021-03-04">
<action-date>2021-01-28</action-date>
<action-desc>Introduced in House</action-desc>
<summary-text><![CDATA[<p><b>Protecting Individuals with Down Syndrome Act</b></p> <p> This bill creates new federal crimes related to the performance of an abortion on an unborn child who has Down syndrome.</p> <p>It subjects a violator to criminal penalties&#8212;a fine, a prison term of up to five years, or both.</p> <p>It also authorizes civil remedies, including damages and injunctive relief.</p> <p>A woman who undergoes such an abortion may not be prosecuted or held civilly liable.</p>]]></summary-text>
</summary>
</item>
<dublinCore xmlns:dc="http://purl.org/dc/elements/1.1/">
<dc:format>text/xml</dc:format>
<dc:language>EN</dc:language>
<dc:rights>Pursuant to Title 17 Section 105 of the United States Code, this file is not subject to copyright protection and is in the public domain.</dc:rights>
<dc:contributor>Congressional Research Service, Library of Congress</dc:contributor>
<dc:description>This file contains bill summaries for federal legislation. A bill summary describes the most significant provisions of a piece of legislation and details the effects the legislative text may have on current law and federal programs. Bill summaries are authored by the Congressional Research Service (CRS) of the Library of Congress. As stated in Public Law 91-510 (2 USC 166 (d)(6)), one of the duties of CRS is "to prepare summaries and digests of bills and resolutions of a public general nature introduced in the Senate or House of Representatives". For more information, refer to the User Guide that accompanies this file.</dc:description>
</dublinCore>
</BillSummaries>
