<?xml version="1.0" encoding="UTF-8"?><BillSummaries>
<item congress="117" measure-type="hr" measure-number="752" measure-id="id117hr752" originChamber="HOUSE" orig-publish-date="2021-02-03" update-date="2021-03-04">
<title>To amend the Ethics in Government Act of 1978 to require Federal political appointees to sign a binding ethics pledge, and for other purposes.</title>
<summary summary-id="id117hr752v00" currentChamber="HOUSE" update-date="2021-03-04">
<action-date>2021-02-03</action-date>
<action-desc>Introduced in House</action-desc>
<summary-text><![CDATA[<p>This bill provides statutory authority for provisions of the executive order titled <i>Ethics Commitments by Executive Branch Appointees</i>, which was issued on January 28, 2017, and was revoked on January 20, 2021, by President Donald J. Trump. The order required political appointees in the executive branch to sign an ethics pledge that restricted lobbying and related activities during and after government employment, including a prohibition on appointees lobbying their former agencies for five years post-employment.</p> <p>On January 20, 2021, President Joseph R. Biden, Jr. issued a new executive order titled <i>Ethics Commitments by Executive Branch Personnel</i>, which requires appointees to sign an ethics pledge with both similar and different provisions. Among other differences, the order's pledge restricts appointees from accepting cash payments or non-cash benefits from former employers that are contingent on government employment (also known as <i>golden parachutes</i>).</p>]]></summary-text>
</summary>
</item>
<dublinCore xmlns:dc="http://purl.org/dc/elements/1.1/">
<dc:format>text/xml</dc:format>
<dc:language>EN</dc:language>
<dc:rights>Pursuant to Title 17 Section 105 of the United States Code, this file is not subject to copyright protection and is in the public domain.</dc:rights>
<dc:contributor>Congressional Research Service, Library of Congress</dc:contributor>
<dc:description>This file contains bill summaries for federal legislation. A bill summary describes the most significant provisions of a piece of legislation and details the effects the legislative text may have on current law and federal programs. Bill summaries are authored by the Congressional Research Service (CRS) of the Library of Congress. As stated in Public Law 91-510 (2 USC 166 (d)(6)), one of the duties of CRS is "to prepare summaries and digests of bills and resolutions of a public general nature introduced in the Senate or House of Representatives". For more information, refer to the User Guide that accompanies this file.</dc:description>
</dublinCore>
</BillSummaries>
