<?xml version="1.0" encoding="UTF-8"?><BillSummaries>
<item congress="117" measure-type="hr" measure-number="701" measure-id="id117hr701" originChamber="HOUSE" orig-publish-date="2021-02-02" update-date="2021-03-01">
<title>Unfunded Mandates Accountability and Transparency Act</title>
<summary summary-id="id117hr701v00" currentChamber="HOUSE" update-date="2021-03-01">
<action-date>2021-02-02</action-date>
<action-desc>Introduced in House</action-desc>
<summary-text><![CDATA[<p><strong>Unfunded Mandates Accountability </strong><b>and Transparency</b> <strong>Act</strong></p> <p>This bill revises rulemaking requirements with respect to unfunded mandates.</p> <p>Specifically, the bill requires federal agencies to prepare and publish in the Federal Register an initial and final regulatory impact analysis prior to promulgating any proposed or final major rule. The analysis must include regulatory alternatives to the rule.</p> <p><i>Major rule </i>means a rule that the Office of Information and Regulatory Affairs determines is likely to cause</p> <ul> <li>an annual effect on the economy of $100 million or more;</li> <li> a major increase in costs or prices for consumers, individual industries, federal, state, local, or tribal government agencies, or geographic regions; or</li> <li>significant adverse effects on competition, employment, investment, productivity, innovation, public health and safety, or the ability of U.S.-based enterprises to compete with foreign-based enterprises in domestic and export markets.</li> </ul> <p>Before promulgating any proposed or final major rule, an agency shall select the regulatory alternative that maximizes net benefits, taking into consideration only the costs and benefits that arise within the scope of the statutory provision that authorizes the rulemaking, with exceptions.</p> <p>The bill prohibits Congress from considering a bill that increases private sector costs more than a certain amount unless certain conditions are met.</p>]]></summary-text>
</summary>
</item>
<dublinCore xmlns:dc="http://purl.org/dc/elements/1.1/">
<dc:format>text/xml</dc:format>
<dc:language>EN</dc:language>
<dc:rights>Pursuant to Title 17 Section 105 of the United States Code, this file is not subject to copyright protection and is in the public domain.</dc:rights>
<dc:contributor>Congressional Research Service, Library of Congress</dc:contributor>
<dc:description>This file contains bill summaries for federal legislation. A bill summary describes the most significant provisions of a piece of legislation and details the effects the legislative text may have on current law and federal programs. Bill summaries are authored by the Congressional Research Service (CRS) of the Library of Congress. As stated in Public Law 91-510 (2 USC 166 (d)(6)), one of the duties of CRS is "to prepare summaries and digests of bills and resolutions of a public general nature introduced in the Senate or House of Representatives". For more information, refer to the User Guide that accompanies this file.</dc:description>
</dublinCore>
</BillSummaries>
