<?xml version="1.0" encoding="UTF-8"?><BillSummaries>
<item congress="117" measure-type="hr" measure-number="68" measure-id="id117hr68" originChamber="HOUSE" orig-publish-date="2021-01-04" update-date="2021-01-27">
<title>Housing Fairness Act of 2021</title>
<summary summary-id="id117hr68v00" currentChamber="HOUSE" update-date="2021-01-27">
<action-date>2021-01-04</action-date>
<action-desc>Introduced in House</action-desc>
<summary-text><![CDATA[<p><b>Veterans, Women, Families with Children, Race, and Persons with Disabilities Housing Fairness Act of 2021 or the Housing Fairness Act of 2021</b></p> <p>This bill expands efforts to detect and address housing discrimination.</p> <p>Specifically, the Department of Housing and Urban Development (HUD) must conduct a nationwide testing program to (1) detect and document differences in the treatment of prospective renters, homebuyers, or mortgage borrowers; (2) measure patterns of adverse treatment because of the race, color, religion, sex, familial status, disability status, or national origin of a renter, homebuyer, or borrower; and (3) measure the prevalence of such discriminatory practices across housing and mortgage lending markets.</p> <p>The bill also reauthorizes through FY2025 the Fair Housing Initiatives Program, which supports organizatons that provide direct assistance to individuals who have been victims of housing discrimination.</p> Additionally, HUD shall implement a grant program to assist public and private nonprofit organizations in (1) conducting comprehensive studies of the causes and effects of housing discrimination and segregation on education, poverty, and economic development or on veterans and military personnel; and (2) implementing pilot projects that test solutions to help prevent or alleviate housing discrimination and segregation.]]></summary-text>
</summary>
</item>
<dublinCore xmlns:dc="http://purl.org/dc/elements/1.1/">
<dc:format>text/xml</dc:format>
<dc:language>EN</dc:language>
<dc:rights>Pursuant to Title 17 Section 105 of the United States Code, this file is not subject to copyright protection and is in the public domain.</dc:rights>
<dc:contributor>Congressional Research Service, Library of Congress</dc:contributor>
<dc:description>This file contains bill summaries for federal legislation. A bill summary describes the most significant provisions of a piece of legislation and details the effects the legislative text may have on current law and federal programs. Bill summaries are authored by the Congressional Research Service (CRS) of the Library of Congress. As stated in Public Law 91-510 (2 USC 166 (d)(6)), one of the duties of CRS is "to prepare summaries and digests of bills and resolutions of a public general nature introduced in the Senate or House of Representatives". For more information, refer to the User Guide that accompanies this file.</dc:description>
</dublinCore>
</BillSummaries>
