<?xml version="1.0" encoding="UTF-8"?><BillSummaries>
<item congress="117" measure-type="hr" measure-number="309" measure-id="id117hr309" originChamber="HOUSE" orig-publish-date="2021-01-13" update-date="2021-02-10">
<title>Pipeline and Compressor Safety Verification Act of 2021</title>
<summary summary-id="id117hr309v00" currentChamber="HOUSE" update-date="2021-02-10">
<action-date>2021-01-13</action-date>
<action-desc>Introduced in House</action-desc>
<summary-text><![CDATA[<p><b>Pipeline and Compressor Safety Verification Act of 2021</b></p> <p>This bill prohibits the construction and operation of specified natural gas projects until certain Massachusetts state agencies certify that such projects do not pose a danger to surrounding residential communities and the general public.</p> <p>Specifically, the Federal Energy Regulatory Commission must revoke the certificates of public convenience and necessity it issued authorizing the construction and operation of the Weymouth Compressor Station (Atlantic Bridge Project)in Weymouth, Massachusetts, and the West Roxbury Lateral Pipeline (Algonquin Incremental Market Project)in Norfolk and Suffolk Counties, Massachusetts, until it receives written certification from the state agencies.</p>]]></summary-text>
</summary>
</item>
<dublinCore xmlns:dc="http://purl.org/dc/elements/1.1/">
<dc:format>text/xml</dc:format>
<dc:language>EN</dc:language>
<dc:rights>Pursuant to Title 17 Section 105 of the United States Code, this file is not subject to copyright protection and is in the public domain.</dc:rights>
<dc:contributor>Congressional Research Service, Library of Congress</dc:contributor>
<dc:description>This file contains bill summaries for federal legislation. A bill summary describes the most significant provisions of a piece of legislation and details the effects the legislative text may have on current law and federal programs. Bill summaries are authored by the Congressional Research Service (CRS) of the Library of Congress. As stated in Public Law 91-510 (2 USC 166 (d)(6)), one of the duties of CRS is "to prepare summaries and digests of bills and resolutions of a public general nature introduced in the Senate or House of Representatives". For more information, refer to the User Guide that accompanies this file.</dc:description>
</dublinCore>
</BillSummaries>
