<?xml version="1.0" encoding="UTF-8"?><BillSummaries>
<item congress="117" measure-type="hr" measure-number="446" measure-id="id117hr446" originChamber="HOUSE" orig-publish-date="2021-01-25" update-date="2021-04-27">
<title>Protecting Seniors from Emergency Scams Act</title>
<summary summary-id="id117hr446v53" currentChamber="HOUSE" update-date="2021-04-27">
<action-date>2021-04-15</action-date>
<action-desc>Passed House</action-desc>
<summary-text><![CDATA[<p><b>Protecting Seniors from Emergency Scams Act</b><br /><br />This bill requires the Federal Trade Commission to report on, and increase awareness regarding, scams targeting older adults. Specifically, the commission must</p> <ul> <li>report on the number and type of scams that target older adults and provide policy recommendations to prevent such scams; </li> <li>revise the commission's web portal with current information about such scams, including contact information for law enforcement and adult protective services agencies; and </li> <li>coordinate with media outlets and law enforcement to disseminate such information. </li></ul>]]></summary-text>
</summary>
<summary summary-id="id117hr446v00" currentChamber="HOUSE" update-date="2021-02-19">
<action-date>2021-01-25</action-date>
<action-desc>Introduced in House</action-desc>
<summary-text><![CDATA[<p><b>Protecting Seniors from Emergency Scams Act</b><br /><br />This bill requires the Federal Trade Commission to report on, and increase awareness regarding, scams targeting older adults. Specifically, the commission must</p> <ul> <li>report on the number and type of scams that target older adults and provide policy recommendations to prevent such scams; </li> <li>revise the commission's web portal with current information about such scams, including contact information for law enforcement and adult protective services agencies; and </li> <li>coordinate with media outlets and law enforcement to disseminate such information. </li></ul>]]></summary-text>
</summary>
</item>
<dublinCore xmlns:dc="http://purl.org/dc/elements/1.1/">
<dc:format>text/xml</dc:format>
<dc:language>EN</dc:language>
<dc:rights>Pursuant to Title 17 Section 105 of the United States Code, this file is not subject to copyright protection and is in the public domain.</dc:rights>
<dc:contributor>Congressional Research Service, Library of Congress</dc:contributor>
<dc:description>This file contains bill summaries for federal legislation. A bill summary describes the most significant provisions of a piece of legislation and details the effects the legislative text may have on current law and federal programs. Bill summaries are authored by the Congressional Research Service (CRS) of the Library of Congress. As stated in Public Law 91-510 (2 USC 166 (d)(6)), one of the duties of CRS is "to prepare summaries and digests of bills and resolutions of a public general nature introduced in the Senate or House of Representatives". For more information, refer to the User Guide that accompanies this file.</dc:description>
</dublinCore>
</BillSummaries>
