<?xml version="1.0" encoding="UTF-8"?><BillSummaries>
<item congress="117" measure-type="hr" measure-number="158" measure-id="id117hr158" originChamber="HOUSE" orig-publish-date="2021-01-04" update-date="2021-02-09">
<title>Rail Audit Transparency Act</title>
<summary summary-id="id117hr158v00" currentChamber="HOUSE" update-date="2021-02-09">
<action-date>2021-01-04</action-date>
<action-desc>Introduced in House</action-desc>
<summary-text><![CDATA[<p><b>Rail Audit Transparency Act</b></p> <p>This bill requires the Federal Railroad Administration (FRA) to provide Congress with notice of when a comprehensive safety assessment is being conducted on an intercity or commuter rail transit agency. </p> <p>Specifically, the FRA must (1) provide notice within 10 days after it initiates an assessment to specified congressional committees and each Member of Congress who represents a state in which the service that is subject of the assessment is located, and (2) report the findings of the assessment within 90 days after completion to such committees and Members.</p>]]></summary-text>
</summary>
</item>
<dublinCore xmlns:dc="http://purl.org/dc/elements/1.1/">
<dc:format>text/xml</dc:format>
<dc:language>EN</dc:language>
<dc:rights>Pursuant to Title 17 Section 105 of the United States Code, this file is not subject to copyright protection and is in the public domain.</dc:rights>
<dc:contributor>Congressional Research Service, Library of Congress</dc:contributor>
<dc:description>This file contains bill summaries for federal legislation. A bill summary describes the most significant provisions of a piece of legislation and details the effects the legislative text may have on current law and federal programs. Bill summaries are authored by the Congressional Research Service (CRS) of the Library of Congress. As stated in Public Law 91-510 (2 USC 166 (d)(6)), one of the duties of CRS is "to prepare summaries and digests of bills and resolutions of a public general nature introduced in the Senate or House of Representatives". For more information, refer to the User Guide that accompanies this file.</dc:description>
</dublinCore>
</BillSummaries>
