<?xml version="1.0" encoding="UTF-8"?><BillSummaries>
<item congress="117" measure-type="hr" measure-number="440" measure-id="id117hr440" originChamber="HOUSE" orig-publish-date="2021-01-21" update-date="2021-02-26">
<title>To amend the Alaska Native Claims Settlement Act to provide that Alexander Creek, Alaska, is and shall be recognized as an eligible Native village under that Act, and for other purposes.</title>
<summary summary-id="id117hr440v00" currentChamber="HOUSE" update-date="2021-02-26">
<action-date>2021-01-21</action-date>
<action-desc>Introduced in House</action-desc>
<summary-text><![CDATA[<p>This bill recognizes the Alaska Native group corporation of Alexander Creek as an Alaska Native village corporation eligible for certain land and benefits. </p> <p>Alexander Creek must file any amendments to its corporate charter that are necessary to convert from a Native group corporation to a Native village corporation. </p> <p>In addition, the bill requires the Department of the Interior to open negotiations with Alexander Creek to settle Alexander Creek's aboriginal land claims and any other claims it has against the United States.</p> <p>Finally, Alexander Creek must notify its members that (1) they will cease to receive benefits from Cook Inlet Region Incorporated (CIRI) individually as at-large shareholders, and (2) all future resource payments from CIRI will be made to the village corporation. CIRI is not liable under any state, federal, or local law for damages related to that payment cessation. </p>]]></summary-text>
</summary>
</item>
<dublinCore xmlns:dc="http://purl.org/dc/elements/1.1/">
<dc:format>text/xml</dc:format>
<dc:language>EN</dc:language>
<dc:rights>Pursuant to Title 17 Section 105 of the United States Code, this file is not subject to copyright protection and is in the public domain.</dc:rights>
<dc:contributor>Congressional Research Service, Library of Congress</dc:contributor>
<dc:description>This file contains bill summaries for federal legislation. A bill summary describes the most significant provisions of a piece of legislation and details the effects the legislative text may have on current law and federal programs. Bill summaries are authored by the Congressional Research Service (CRS) of the Library of Congress. As stated in Public Law 91-510 (2 USC 166 (d)(6)), one of the duties of CRS is "to prepare summaries and digests of bills and resolutions of a public general nature introduced in the Senate or House of Representatives". For more information, refer to the User Guide that accompanies this file.</dc:description>
</dublinCore>
</BillSummaries>
