<?xml version="1.0" encoding="UTF-8"?><BillSummaries>
<item congress="117" measure-type="hr" measure-number="365" measure-id="id117hr365" originChamber="HOUSE" orig-publish-date="2021-01-19" update-date="2021-02-26">
<title>Marijuana 1-to-3 Act of 2021</title>
<summary summary-id="id117hr365v00" currentChamber="HOUSE" update-date="2021-02-26">
<action-date>2021-01-19</action-date>
<action-desc>Introduced in House</action-desc>
<summary-text><![CDATA[<p><b>Marijuana 1-to-3 Act of 2021</b></p> <p>This bill moves marijuana to a lower schedule of the Controlled Substances Act. </p> <p>Specifically, it directs the Drug Enforcement Administration to transfer marijuana from schedule I to schedule III. (A schedule I controlled substance is a drug, substance, or chemical that has a high potential for abuse; that has no currently accepted medical use; and that is subject to regulatory controls and administrative, civil, and criminal penalties under the Controlled Substances Act. A schedule III controlled substance is a drug, substance, or chemical that has less potential for abuse than a schedule I or II substance; that has a currently accepted medical use; and that has low or moderate risk of dependence if abused.)</p>]]></summary-text>
</summary>
</item>
<dublinCore xmlns:dc="http://purl.org/dc/elements/1.1/">
<dc:format>text/xml</dc:format>
<dc:language>EN</dc:language>
<dc:rights>Pursuant to Title 17 Section 105 of the United States Code, this file is not subject to copyright protection and is in the public domain.</dc:rights>
<dc:contributor>Congressional Research Service, Library of Congress</dc:contributor>
<dc:description>This file contains bill summaries for federal legislation. A bill summary describes the most significant provisions of a piece of legislation and details the effects the legislative text may have on current law and federal programs. Bill summaries are authored by the Congressional Research Service (CRS) of the Library of Congress. As stated in Public Law 91-510 (2 USC 166 (d)(6)), one of the duties of CRS is "to prepare summaries and digests of bills and resolutions of a public general nature introduced in the Senate or House of Representatives". For more information, refer to the User Guide that accompanies this file.</dc:description>
</dublinCore>
</BillSummaries>
