<?xml version="1.0" encoding="UTF-8"?><BillSummaries>
<item congress="117" measure-type="hr" measure-number="94" measure-id="id117hr94" originChamber="HOUSE" orig-publish-date="2021-01-04" update-date="2021-01-28">
<title>Mobilizing Against Sanctuary Cities Act</title>
<summary summary-id="id117hr94v00" currentChamber="HOUSE" update-date="2021-01-28">
<action-date>2021-01-04</action-date>
<action-desc>Introduced in House</action-desc>
<summary-text><![CDATA[<p><strong>Mobilizing Against Sanctuary Cities Act </strong></p> <p> This bill imposes penalties on certain state and local governments that do not assist federal immigration enforcement actions. Specifically, a state or local government shall be ineligible for federal financial assistance for at least one year if it restricts or prohibits an agency or official from (1) communicating with the responsible federal immigration agency regarding an individual's citizenship or immigration status, or (2) maintaining or exchanging information about an individual's status. Such governmental entities are sometimes referred to as sanctuary cities or jurisdictions. </p> <p> The bill restores assistance eligibility upon a Department of Justice (DOJ) determination that the jurisdiction no longer takes such actions.</p> <p> DOJ shall determine each year which state or local jurisdictions are not in compliance with immigration requirements and report such determination to Congress.</p>]]></summary-text>
</summary>
</item>
<dublinCore xmlns:dc="http://purl.org/dc/elements/1.1/">
<dc:format>text/xml</dc:format>
<dc:language>EN</dc:language>
<dc:rights>Pursuant to Title 17 Section 105 of the United States Code, this file is not subject to copyright protection and is in the public domain.</dc:rights>
<dc:contributor>Congressional Research Service, Library of Congress</dc:contributor>
<dc:description>This file contains bill summaries for federal legislation. A bill summary describes the most significant provisions of a piece of legislation and details the effects the legislative text may have on current law and federal programs. Bill summaries are authored by the Congressional Research Service (CRS) of the Library of Congress. As stated in Public Law 91-510 (2 USC 166 (d)(6)), one of the duties of CRS is "to prepare summaries and digests of bills and resolutions of a public general nature introduced in the Senate or House of Representatives". For more information, refer to the User Guide that accompanies this file.</dc:description>
</dublinCore>
</BillSummaries>
