<?xml version="1.0" encoding="UTF-8"?><BillSummaries>
<item congress="117" measure-type="hr" measure-number="160" measure-id="id117hr160" originChamber="HOUSE" orig-publish-date="2021-01-04" update-date="2021-02-10">
<title>Restoring Resilient Reefs Act of 2021</title>
<summary summary-id="id117hr160v00" currentChamber="HOUSE" update-date="2021-02-10">
<action-date>2021-01-04</action-date>
<action-desc>Introduced in House</action-desc>
<summary-text><![CDATA[<p><b>Restoring Resilient Reefs Act of 2021</b></p> <p>This bill addresses the conservation and sustainability of coral reef ecosystems.</p> <p>Among other things, the bill</p> <ul> <li>reauthorizes through FY2024 and revises the Coral Reef Conservation Program;</li> <li>directs the National Oceanic and Atmospheric Administration (NOAA) to provide block grants to states to support state coral reef management and restoration;</li> <li>requires NOAA to establish standards for the formation of partnerships among government and community members for the stewardship of coral reefs;</li> <li>provides statutory authority for the U.S. Coral Reef Task Force to lead, coordinate, and strengthen federal government actions to preserve, conserve, and restore coral reef ecosystems; </li> <li>requires the Department of the Interior to provide grants upon the declaration of a coral reef emergency to implement emergency plans;</li> <li>authorizes Interior to provide scientific expertise, technical assistance, and financial assistance for the conservation and restoration of coral reefs; and</li> <li>establishes a National Coral Reef Management Fellowship Program.</li> </ul>]]></summary-text>
</summary>
</item>
<dublinCore xmlns:dc="http://purl.org/dc/elements/1.1/">
<dc:format>text/xml</dc:format>
<dc:language>EN</dc:language>
<dc:rights>Pursuant to Title 17 Section 105 of the United States Code, this file is not subject to copyright protection and is in the public domain.</dc:rights>
<dc:contributor>Congressional Research Service, Library of Congress</dc:contributor>
<dc:description>This file contains bill summaries for federal legislation. A bill summary describes the most significant provisions of a piece of legislation and details the effects the legislative text may have on current law and federal programs. Bill summaries are authored by the Congressional Research Service (CRS) of the Library of Congress. As stated in Public Law 91-510 (2 USC 166 (d)(6)), one of the duties of CRS is "to prepare summaries and digests of bills and resolutions of a public general nature introduced in the Senate or House of Representatives". For more information, refer to the User Guide that accompanies this file.</dc:description>
</dublinCore>
</BillSummaries>
