<?xml version="1.0" encoding="UTF-8"?><BillSummaries>
<item congress="117" measure-type="hr" measure-number="124" measure-id="id117hr124" originChamber="HOUSE" orig-publish-date="2021-01-04" update-date="2021-02-03">
<title>Byron Nash Renal Medullary Carcinoma Awareness Act of 2021</title>
<summary summary-id="id117hr124v00" currentChamber="HOUSE" update-date="2021-02-03">
<action-date>2021-01-04</action-date>
<action-desc>Introduced in House</action-desc>
<summary-text><![CDATA[<p><strong>Byron Nash Renal Medullary Carcinoma Awareness Act of </strong><b>2021</b></p> <p>This bill allows states to receive federal payment under Medicaid for 50% of their costs for providing education on the risk of renal medullary carcinoma to individuals with sickle cell disease. (Renal medullary carcinoma is a rare kidney disease usually found in individuals with the sickle cell trait.) </p>]]></summary-text>
</summary>
</item>
<dublinCore xmlns:dc="http://purl.org/dc/elements/1.1/">
<dc:format>text/xml</dc:format>
<dc:language>EN</dc:language>
<dc:rights>Pursuant to Title 17 Section 105 of the United States Code, this file is not subject to copyright protection and is in the public domain.</dc:rights>
<dc:contributor>Congressional Research Service, Library of Congress</dc:contributor>
<dc:description>This file contains bill summaries for federal legislation. A bill summary describes the most significant provisions of a piece of legislation and details the effects the legislative text may have on current law and federal programs. Bill summaries are authored by the Congressional Research Service (CRS) of the Library of Congress. As stated in Public Law 91-510 (2 USC 166 (d)(6)), one of the duties of CRS is "to prepare summaries and digests of bills and resolutions of a public general nature introduced in the Senate or House of Representatives". For more information, refer to the User Guide that accompanies this file.</dc:description>
</dublinCore>
</BillSummaries>
