<?xml version="1.0" encoding="UTF-8"?><BillSummaries>
<item congress="117" measure-type="hr" measure-number="510" measure-id="id117hr510" originChamber="HOUSE" orig-publish-date="2021-01-28" update-date="2021-02-23">
<title>Support Local Transportation Act</title>
<summary summary-id="id117hr510v00" currentChamber="HOUSE" update-date="2021-02-23">
<action-date>2021-01-28</action-date>
<action-desc>Introduced in House</action-desc>
<summary-text><![CDATA[<p><strong>Support Local Transportation Act</strong></p> <p>This bill revises requirements for the surface transportation block grant program to increase the percentages of program funds required to be allocated to states for each of&nbsp; FY2022-FY2026 for surface transportation projects in</p> <ul> <li>urbanized areas with a population of over 200,000, </li> <li>non-urban areas with a population greater than 5,000, and </li> <li>other areas of the state. </li></ul>]]></summary-text>
</summary>
</item>
<dublinCore xmlns:dc="http://purl.org/dc/elements/1.1/">
<dc:format>text/xml</dc:format>
<dc:language>EN</dc:language>
<dc:rights>Pursuant to Title 17 Section 105 of the United States Code, this file is not subject to copyright protection and is in the public domain.</dc:rights>
<dc:contributor>Congressional Research Service, Library of Congress</dc:contributor>
<dc:description>This file contains bill summaries for federal legislation. A bill summary describes the most significant provisions of a piece of legislation and details the effects the legislative text may have on current law and federal programs. Bill summaries are authored by the Congressional Research Service (CRS) of the Library of Congress. As stated in Public Law 91-510 (2 USC 166 (d)(6)), one of the duties of CRS is "to prepare summaries and digests of bills and resolutions of a public general nature introduced in the Senate or House of Representatives". For more information, refer to the User Guide that accompanies this file.</dc:description>
</dublinCore>
</BillSummaries>
