<?xml version="1.0" encoding="UTF-8"?><BillSummaries>
<item congress="117" measure-type="hr" measure-number="458" measure-id="id117hr458" originChamber="HOUSE" orig-publish-date="2021-01-25" update-date="2021-02-22">
<title>Jakelin Caal Death in Custody Reporting Act of 2021</title>
<summary summary-id="id117hr458v00" currentChamber="HOUSE" update-date="2021-02-22">
<action-date>2021-01-25</action-date>
<action-desc>Introduced in House</action-desc>
<summary-text><![CDATA[<p><b>Jakelin Caal Death in Custody Reporting Act of 2021 </b></p> <p>This bill requires an investigation and reports for each death of an alien in Department of Homeland Security or Department of Health and Human Services custody. </p> <p>Within 24 hours of such a death, the relevant department shall provide to Congress a publicly available report containing (1) the name, gender, race, ethnicity, and age of the deceased; (2) the date, time, and location of the death; and (3) the circumstances surrounding the death.</p> <p>The relevant department shall conduct an investigation within 30 days of the death of an alien in its custody, including an analysis of (1) the root cause of the death, and (2) any policy or systemic changes that could reduce the possibility of such a death in the future. The results of such an investigation shall be reported to Congress and made publicly available on the internet.</p>]]></summary-text>
</summary>
</item>
<dublinCore xmlns:dc="http://purl.org/dc/elements/1.1/">
<dc:format>text/xml</dc:format>
<dc:language>EN</dc:language>
<dc:rights>Pursuant to Title 17 Section 105 of the United States Code, this file is not subject to copyright protection and is in the public domain.</dc:rights>
<dc:contributor>Congressional Research Service, Library of Congress</dc:contributor>
<dc:description>This file contains bill summaries for federal legislation. A bill summary describes the most significant provisions of a piece of legislation and details the effects the legislative text may have on current law and federal programs. Bill summaries are authored by the Congressional Research Service (CRS) of the Library of Congress. As stated in Public Law 91-510 (2 USC 166 (d)(6)), one of the duties of CRS is "to prepare summaries and digests of bills and resolutions of a public general nature introduced in the Senate or House of Representatives". For more information, refer to the User Guide that accompanies this file.</dc:description>
</dublinCore>
</BillSummaries>
