<?xml version="1.0" encoding="UTF-8"?><BillSummaries>
<item congress="117" measure-type="hr" measure-number="497" measure-id="id117hr497" originChamber="HOUSE" orig-publish-date="2021-01-28" update-date="2021-02-25">
<title>To prohibit the use of funds to seek membership in the World Health Organization or to provide assessed or voluntary contributions to the World Health Organization.</title>
<summary summary-id="id117hr497v00" currentChamber="HOUSE" update-date="2021-02-25">
<action-date>2021-01-28</action-date>
<action-desc>Introduced in House</action-desc>
<summary-text><![CDATA[<p>This bill prohibits the use of federal funds to seek U.S. membership in the World Health Organization (WHO), or to make contributions to the WHO, until the President makes certain certifications to Congress. </p> <p>Specifically, the prohibition shall apply until the President certifies that the WHO (1) has adopted reforms to ensure that humanitarian assistance is not politicized; (2) is not under the control of the Chinese Communist Party (CCP) and is not involved in a cover-up of the CCP's response to the COVID-19 (i.e., coronavirus disease 2019) pandemic; (3) has granted observer status to Taiwan; (4) does not divert humanitarian or medical supplies to Iran, North Korea, or Syria; and (5) has put in place mechanisms to increase transparency and eliminate waste, fraud, and abuse.</p>]]></summary-text>
</summary>
</item>
<dublinCore xmlns:dc="http://purl.org/dc/elements/1.1/">
<dc:format>text/xml</dc:format>
<dc:language>EN</dc:language>
<dc:rights>Pursuant to Title 17 Section 105 of the United States Code, this file is not subject to copyright protection and is in the public domain.</dc:rights>
<dc:contributor>Congressional Research Service, Library of Congress</dc:contributor>
<dc:description>This file contains bill summaries for federal legislation. A bill summary describes the most significant provisions of a piece of legislation and details the effects the legislative text may have on current law and federal programs. Bill summaries are authored by the Congressional Research Service (CRS) of the Library of Congress. As stated in Public Law 91-510 (2 USC 166 (d)(6)), one of the duties of CRS is "to prepare summaries and digests of bills and resolutions of a public general nature introduced in the Senate or House of Representatives". For more information, refer to the User Guide that accompanies this file.</dc:description>
</dublinCore>
</BillSummaries>
