<?xml version="1.0" encoding="UTF-8"?><BillSummaries>
<item congress="117" measure-type="hr" measure-number="199" measure-id="id117hr199" originChamber="HOUSE" orig-publish-date="2021-01-05" update-date="2021-02-19">
<title>Direct Support for Communities Act</title>
<summary summary-id="id117hr199v00" currentChamber="HOUSE" update-date="2021-02-19">
<action-date>2021-01-05</action-date>
<action-desc>Introduced in House</action-desc>
<summary-text><![CDATA[<p><b>Direct Support for Communities Act</b></p> <p>This bill provides FY2021 supplemental appropriations to the Department of Housing and Urban Development (HUD) to award additional Community Development Block Grants to units of local government and counties to prevent, prepare for, and respond to coronavirus and the COVID-19 (i.e., coronavirus disease 2019) public health emergency.</p> <p>Specifically, within 30 days, HUD must distribute 50% of such funds to metropolitan cities and other units of local government and 50% to counties and parishes. These funds may be used to cover costs or replace lost, delayed, or decreased revenues stemming from the COVID-19 public health emergency.</p> <p>Additionally, the bill designates the funding as emergency spending, which is exempt from discretionary spending limits.</p>]]></summary-text>
</summary>
</item>
<dublinCore xmlns:dc="http://purl.org/dc/elements/1.1/">
<dc:format>text/xml</dc:format>
<dc:language>EN</dc:language>
<dc:rights>Pursuant to Title 17 Section 105 of the United States Code, this file is not subject to copyright protection and is in the public domain.</dc:rights>
<dc:contributor>Congressional Research Service, Library of Congress</dc:contributor>
<dc:description>This file contains bill summaries for federal legislation. A bill summary describes the most significant provisions of a piece of legislation and details the effects the legislative text may have on current law and federal programs. Bill summaries are authored by the Congressional Research Service (CRS) of the Library of Congress. As stated in Public Law 91-510 (2 USC 166 (d)(6)), one of the duties of CRS is "to prepare summaries and digests of bills and resolutions of a public general nature introduced in the Senate or House of Representatives". For more information, refer to the User Guide that accompanies this file.</dc:description>
</dublinCore>
</BillSummaries>
