<?xml version="1.0" encoding="UTF-8"?><BillSummaries>
<item congress="117" measure-type="hr" measure-number="399" measure-id="id117hr399" originChamber="HOUSE" orig-publish-date="2021-01-21" update-date="2021-02-19">
<title>Border Business COVID–19 Rescue Act</title>
<summary summary-id="id117hr399v00" currentChamber="HOUSE" update-date="2021-02-19">
<action-date>2021-01-21</action-date>
<action-desc>Introduced in House</action-desc>
<summary-text><![CDATA[<p><b>Border Business COVID-19 Rescue Act</b></p> <p>This bill establishes and provides funding for a program whereby the Small Business Administration (SBA) must make loans to border businesses directly impacted by COVID-19 (i.e., coronavirus disease 2019). A border business is any entity, otherwise eligible for an SBA disaster loan, that (1) has its principal office in the United States, (2) has annual revenue of up to $500,000, and (3) is located within 25 miles of the U.S. border.</p> <p>The SBA shall make loans of up to $500,000 to border businesses, and these loans must have a zero percent interest rate. Loan recipients must use the funds to mitigate the effects of COVID-19 on their business, including by (1) providing paid sick leave to employees unable to work because of the pandemic, (2) making rent or mortgage payments, (3) purchasing personal protective equipment, or (4) paying for logistical expenses associated with border closures due to the pandemic.</p> <p>Recipients may also request an advance on the loan, which shall not be less than $10,000. Further, certain recipients may be forgiven up to 100% of the loan, less any amount received under other specified COVID-19 economic relief programs.</p>]]></summary-text>
</summary>
</item>
<dublinCore xmlns:dc="http://purl.org/dc/elements/1.1/">
<dc:format>text/xml</dc:format>
<dc:language>EN</dc:language>
<dc:rights>Pursuant to Title 17 Section 105 of the United States Code, this file is not subject to copyright protection and is in the public domain.</dc:rights>
<dc:contributor>Congressional Research Service, Library of Congress</dc:contributor>
<dc:description>This file contains bill summaries for federal legislation. A bill summary describes the most significant provisions of a piece of legislation and details the effects the legislative text may have on current law and federal programs. Bill summaries are authored by the Congressional Research Service (CRS) of the Library of Congress. As stated in Public Law 91-510 (2 USC 166 (d)(6)), one of the duties of CRS is "to prepare summaries and digests of bills and resolutions of a public general nature introduced in the Senate or House of Representatives". For more information, refer to the User Guide that accompanies this file.</dc:description>
</dublinCore>
</BillSummaries>
