<?xml version="1.0" encoding="UTF-8"?><BillSummaries>
<item congress="117" measure-type="hr" measure-number="618" measure-id="id117hr618" originChamber="HOUSE" orig-publish-date="2021-01-28" update-date="2021-02-24">
<title>Promoting Access to Credit for Homebuyers Act of 2021</title>
<summary summary-id="id117hr618v00" currentChamber="HOUSE" update-date="2021-02-24">
<action-date>2021-01-28</action-date>
<action-desc>Introduced in House</action-desc>
<summary-text><![CDATA[<p><b>Promoting Access to Credit for Homebuyers Act of 2021</b></p> <p>This bill requires Freddie Mac, Fannie Mae, and the Department of Housing and Urban Development to purchase or insure single-family mortgages originated on or after February 1, 2020, on the same terms as they otherwise would despite a borrower entering into, or inquiring about, forbearance due to a COVID-19 (i.e., coronavirus disease 2019) related hardship. This requirement begins 5 days after enactment of this bill and ends 60 days after the end of the period of time a borrower may request a COVID-19 related forbearance. </p> <p>The Federal Housing Finance Agency may not increase fees or otherwise restrict access to credit during the COVID-19 emergency without congressional notice. </p> <p>The Government Accountability Office must report on COVID-19-related assistance to consumers by Freddie Mac, Fannie Mae, and the Federal Housing Administration mortgage insurance programs. </p>]]></summary-text>
</summary>
</item>
<dublinCore xmlns:dc="http://purl.org/dc/elements/1.1/">
<dc:format>text/xml</dc:format>
<dc:language>EN</dc:language>
<dc:rights>Pursuant to Title 17 Section 105 of the United States Code, this file is not subject to copyright protection and is in the public domain.</dc:rights>
<dc:contributor>Congressional Research Service, Library of Congress</dc:contributor>
<dc:description>This file contains bill summaries for federal legislation. A bill summary describes the most significant provisions of a piece of legislation and details the effects the legislative text may have on current law and federal programs. Bill summaries are authored by the Congressional Research Service (CRS) of the Library of Congress. As stated in Public Law 91-510 (2 USC 166 (d)(6)), one of the duties of CRS is "to prepare summaries and digests of bills and resolutions of a public general nature introduced in the Senate or House of Representatives". For more information, refer to the User Guide that accompanies this file.</dc:description>
</dublinCore>
</BillSummaries>
