<?xml version="1.0" encoding="UTF-8"?><BillSummaries>
<item congress="117" measure-type="hr" measure-number="462" measure-id="id117hr462" originChamber="HOUSE" orig-publish-date="2021-01-25" update-date="2021-02-23">
<title>To establish new ZIP codes for certain communities, and for other purposes.</title>
<summary summary-id="id117hr462v00" currentChamber="HOUSE" update-date="2021-02-23">
<action-date>2021-01-25</action-date>
<action-desc>Introduced in House</action-desc>
<summary-text><![CDATA[<p>This bill directs the U.S. Postal Service, by 270 days after its enactment, to designate a single, unique ZIP code for each of</p> <ul> <li>Miami Lakes, Florida;</li> <li> Flanders, Northampton, and Riverside in the Town of Southampton, New York;</li> <li> Ocoee, Florida;</li> <li> Oakland, Florida;</li> <li> Glendale, New York; and</li> <li> Estero, Florida. </li></ul>]]></summary-text>
</summary>
</item>
<dublinCore xmlns:dc="http://purl.org/dc/elements/1.1/">
<dc:format>text/xml</dc:format>
<dc:language>EN</dc:language>
<dc:rights>Pursuant to Title 17 Section 105 of the United States Code, this file is not subject to copyright protection and is in the public domain.</dc:rights>
<dc:contributor>Congressional Research Service, Library of Congress</dc:contributor>
<dc:description>This file contains bill summaries for federal legislation. A bill summary describes the most significant provisions of a piece of legislation and details the effects the legislative text may have on current law and federal programs. Bill summaries are authored by the Congressional Research Service (CRS) of the Library of Congress. As stated in Public Law 91-510 (2 USC 166 (d)(6)), one of the duties of CRS is "to prepare summaries and digests of bills and resolutions of a public general nature introduced in the Senate or House of Representatives". For more information, refer to the User Guide that accompanies this file.</dc:description>
</dublinCore>
</BillSummaries>
