<?xml version="1.0" encoding="UTF-8"?><BillSummaries>
<item congress="117" measure-type="hr" measure-number="54" measure-id="id117hr54" originChamber="HOUSE" orig-publish-date="2021-01-04" update-date="2021-01-22">
<title>FUEL Reform Act</title>
<summary summary-id="id117hr54v00" currentChamber="HOUSE" update-date="2021-01-22">
<action-date>2021-01-04</action-date>
<action-desc>Introduced in House</action-desc>
<summary-text><![CDATA[<p><b>Farewell to Unnecessary Energy Lifelines Reform Act of 2021 or the FUEL Reform Act </b></p> <p>This bill repeals Title IX (Energy) of the Farm Security and Rural Investment Act of 2002. The title authorizes various energy programs that are administered by the Department of Agriculture and primarily provide support and incentives for renewable energy projects.</p>]]></summary-text>
</summary>
</item>
<dublinCore xmlns:dc="http://purl.org/dc/elements/1.1/">
<dc:format>text/xml</dc:format>
<dc:language>EN</dc:language>
<dc:rights>Pursuant to Title 17 Section 105 of the United States Code, this file is not subject to copyright protection and is in the public domain.</dc:rights>
<dc:contributor>Congressional Research Service, Library of Congress</dc:contributor>
<dc:description>This file contains bill summaries for federal legislation. A bill summary describes the most significant provisions of a piece of legislation and details the effects the legislative text may have on current law and federal programs. Bill summaries are authored by the Congressional Research Service (CRS) of the Library of Congress. As stated in Public Law 91-510 (2 USC 166 (d)(6)), one of the duties of CRS is "to prepare summaries and digests of bills and resolutions of a public general nature introduced in the Senate or House of Representatives". For more information, refer to the User Guide that accompanies this file.</dc:description>
</dublinCore>
</BillSummaries>
