<?xml version="1.0" encoding="UTF-8"?><BillSummaries>
<item congress="117" measure-type="hr" measure-number="282" measure-id="id117hr282" originChamber="HOUSE" orig-publish-date="2021-01-12" update-date="2021-02-25">
<title>Territorial Judgeship Retirement Equity Act of 2021</title>
<summary summary-id="id117hr282v00" currentChamber="HOUSE" update-date="2021-02-25">
<action-date>2021-01-12</action-date>
<action-desc>Introduced in House</action-desc>
<summary-text><![CDATA[<p><b>Territorial Judgeship Retirement Equity Act of 2021</b></p> <p class="MsoNormal" style="line-height: normal;">This bill lowers the age and service requirements for a district court judge in Guam, the Northern Mariana Islands, or the Virgin Islands to receive a retirement annuity and be eligible to serve as a senior judge.</p> <p class="MsoNormal" style="line-height: normal;">Under the bill, a district court judge in one of these territories may receive a retirement annuity after having served for at least 10 years and reaching 50 years of age, along with meeting other requirements. A retiring judge may serve as a senior judge if the judge (1) has served for at least 15 years, or (2) has served for at least 10 years and is at least 65 years old. Current law generally requires a higher age and, in certain cases, a longer length of service before a district court judge in one of these territories may receive an annuity and obtain senior status. </p> <p class="MsoNormal" style="line-height: normal;">The bill also lowers various requirements for such a district court judge to receive an annuity if the judge retired, or was removed, due to a disability.</p>]]></summary-text>
</summary>
</item>
<dublinCore xmlns:dc="http://purl.org/dc/elements/1.1/">
<dc:format>text/xml</dc:format>
<dc:language>EN</dc:language>
<dc:rights>Pursuant to Title 17 Section 105 of the United States Code, this file is not subject to copyright protection and is in the public domain.</dc:rights>
<dc:contributor>Congressional Research Service, Library of Congress</dc:contributor>
<dc:description>This file contains bill summaries for federal legislation. A bill summary describes the most significant provisions of a piece of legislation and details the effects the legislative text may have on current law and federal programs. Bill summaries are authored by the Congressional Research Service (CRS) of the Library of Congress. As stated in Public Law 91-510 (2 USC 166 (d)(6)), one of the duties of CRS is "to prepare summaries and digests of bills and resolutions of a public general nature introduced in the Senate or House of Representatives". For more information, refer to the User Guide that accompanies this file.</dc:description>
</dublinCore>
</BillSummaries>
