<?xml version="1.0" encoding="UTF-8"?><BillSummaries>
<item congress="117" measure-type="hr" measure-number="104" measure-id="id117hr104" originChamber="HOUSE" orig-publish-date="2021-01-04" update-date="2021-01-27">
<title>To authorize the Maritime Administrator to use certain appropriated funds to purchase duplicate medals authorized under Merchant Mariners of World War II Congressional Gold Medal Act of 2020, and for other purposes.</title>
<summary summary-id="id117hr104v00" currentChamber="HOUSE" update-date="2021-01-27">
<action-date>2021-01-04</action-date>
<action-desc>Introduced in House</action-desc>
<summary-text><![CDATA[<p>This bill authorizes the Maritime Administrator of the Department of Transportation to purchase duplicate medals for U.S. merchant mariners who engaged in qualified service during World War II. To be eligible, a merchant mariner must submit an application to the Maritime Administrator. The bill sets forth what constitutes qualified service, including time frame of service and licensing requirements.</p>]]></summary-text>
</summary>
</item>
<dublinCore xmlns:dc="http://purl.org/dc/elements/1.1/">
<dc:format>text/xml</dc:format>
<dc:language>EN</dc:language>
<dc:rights>Pursuant to Title 17 Section 105 of the United States Code, this file is not subject to copyright protection and is in the public domain.</dc:rights>
<dc:contributor>Congressional Research Service, Library of Congress</dc:contributor>
<dc:description>This file contains bill summaries for federal legislation. A bill summary describes the most significant provisions of a piece of legislation and details the effects the legislative text may have on current law and federal programs. Bill summaries are authored by the Congressional Research Service (CRS) of the Library of Congress. As stated in Public Law 91-510 (2 USC 166 (d)(6)), one of the duties of CRS is "to prepare summaries and digests of bills and resolutions of a public general nature introduced in the Senate or House of Representatives". For more information, refer to the User Guide that accompanies this file.</dc:description>
</dublinCore>
</BillSummaries>
