<?xml version="1.0" encoding="UTF-8"?><BillSummaries>
<item congress="117" measure-type="hr" measure-number="89" measure-id="id117hr89" originChamber="HOUSE" orig-publish-date="2021-01-04" update-date="2021-01-22">
<title>Terrorist Deportation Act of 2021</title>
<summary summary-id="id117hr89v00" currentChamber="HOUSE" update-date="2021-01-22">
<action-date>2021-01-04</action-date>
<action-desc>Introduced in House</action-desc>
<summary-text><![CDATA[<p><b>Terrorist Deportation Act of 2021</b></p> <p>This bill establishes that aliens identified in the terrorist screening database, except for permanent residents, shall be deportable and inadmissible into the United States.</p> <p>The Department of Homeland Security (DHS) may temporarily waive the inadmissibility of such an alien if it is in the national security interests of the United States. DHS shall grant such a waiver only with the unanimous concurrence of the Department of Justice, the Federal Bureau of Investigation, the Office of the Director of National Intelligence, and the Department of State. </p> <p>An alien identified in the terrorist screening database shall be ineligible for various immigration benefits, including asylum, withholding or cancellation of removal, voluntary departure, or adjustment of status.</p> <p>DHS shall determine on an expedited basis the removal of an alien identified in the terrorist screening database, if the alien has not received a waiver and does not have permanent residence status. The alien shall be entitled to various protections, including the privilege of representation by counsel and judicial review.<br> </p>]]></summary-text>
</summary>
</item>
<dublinCore xmlns:dc="http://purl.org/dc/elements/1.1/">
<dc:format>text/xml</dc:format>
<dc:language>EN</dc:language>
<dc:rights>Pursuant to Title 17 Section 105 of the United States Code, this file is not subject to copyright protection and is in the public domain.</dc:rights>
<dc:contributor>Congressional Research Service, Library of Congress</dc:contributor>
<dc:description>This file contains bill summaries for federal legislation. A bill summary describes the most significant provisions of a piece of legislation and details the effects the legislative text may have on current law and federal programs. Bill summaries are authored by the Congressional Research Service (CRS) of the Library of Congress. As stated in Public Law 91-510 (2 USC 166 (d)(6)), one of the duties of CRS is "to prepare summaries and digests of bills and resolutions of a public general nature introduced in the Senate or House of Representatives". For more information, refer to the User Guide that accompanies this file.</dc:description>
</dublinCore>
</BillSummaries>
