<?xml version="1.0" encoding="UTF-8"?><BillSummaries>
<item congress="117" measure-type="hr" measure-number="384" measure-id="id117hr384" originChamber="HOUSE" orig-publish-date="2021-01-21" update-date="2021-02-25">
<title>Bicycle Commuter Act of 2021</title>
<summary summary-id="id117hr384v00" currentChamber="HOUSE" update-date="2021-02-25">
<action-date>2021-01-21</action-date>
<action-desc>Introduced in House</action-desc>
<summary-text><![CDATA[<p><b>Bicycle Commuter Act of 2021</b></p> <p>This bill modifies provisions relating to the tax exclusion for employer-provided fringe benefits for bicycle commuting. Specifically, the bill (1) repeals the suspension (for the period between 2018 and the end of 2025) of the exclusion, (2) includes <i>bikeshare </i>(a bicycle rental operation providing for pick up and drop off) and <i>low-speed electric bicycle</i> within the definition of <i>bicycle </i>for purposes of the exclusion, and (3) modifies the limitation on the exclusion to provide for a specified monthly limitation amount (i.e., 30% of the parking fringe benefit amount). </p>]]></summary-text>
</summary>
</item>
<dublinCore xmlns:dc="http://purl.org/dc/elements/1.1/">
<dc:format>text/xml</dc:format>
<dc:language>EN</dc:language>
<dc:rights>Pursuant to Title 17 Section 105 of the United States Code, this file is not subject to copyright protection and is in the public domain.</dc:rights>
<dc:contributor>Congressional Research Service, Library of Congress</dc:contributor>
<dc:description>This file contains bill summaries for federal legislation. A bill summary describes the most significant provisions of a piece of legislation and details the effects the legislative text may have on current law and federal programs. Bill summaries are authored by the Congressional Research Service (CRS) of the Library of Congress. As stated in Public Law 91-510 (2 USC 166 (d)(6)), one of the duties of CRS is "to prepare summaries and digests of bills and resolutions of a public general nature introduced in the Senate or House of Representatives". For more information, refer to the User Guide that accompanies this file.</dc:description>
</dublinCore>
</BillSummaries>
