<?xml version="1.0" encoding="UTF-8"?><BillSummaries>
<item congress="117" measure-type="hr" measure-number="765" measure-id="id117hr765" originChamber="HOUSE" orig-publish-date="2021-02-03" update-date="2021-03-04">
<title>VA Medical Center Facility Transparency Act</title>
<summary summary-id="id117hr765v00" currentChamber="HOUSE" update-date="2021-03-04">
<action-date>2021-02-03</action-date>
<action-desc>Introduced in House</action-desc>
<summary-text><![CDATA[<p><b>VA Medical Center Facility Transparency Act</b></p> <p>This bill requires the directors of medical facilities of the Department of Veterans Affairs (VA) to submit to the VA and Congress&nbsp;an annual fact sheet containing specified information about their facility of jurisdiction (e.g., the number of veterans treated at the facility) and a quarterly fact sheet containing the average wait time for veterans to receive treatment at the facility.</p> <p>The required fact sheets must be made publicly available in physical form at each medical facility and in an electronic form on the facility's website. </p>]]></summary-text>
</summary>
</item>
<dublinCore xmlns:dc="http://purl.org/dc/elements/1.1/">
<dc:format>text/xml</dc:format>
<dc:language>EN</dc:language>
<dc:rights>Pursuant to Title 17 Section 105 of the United States Code, this file is not subject to copyright protection and is in the public domain.</dc:rights>
<dc:contributor>Congressional Research Service, Library of Congress</dc:contributor>
<dc:description>This file contains bill summaries for federal legislation. A bill summary describes the most significant provisions of a piece of legislation and details the effects the legislative text may have on current law and federal programs. Bill summaries are authored by the Congressional Research Service (CRS) of the Library of Congress. As stated in Public Law 91-510 (2 USC 166 (d)(6)), one of the duties of CRS is "to prepare summaries and digests of bills and resolutions of a public general nature introduced in the Senate or House of Representatives". For more information, refer to the User Guide that accompanies this file.</dc:description>
</dublinCore>
</BillSummaries>
