<?xml version="1.0" encoding="UTF-8"?><BillSummaries>
<item congress="117" measure-type="hr" measure-number="141" measure-id="id117hr141" originChamber="HOUSE" orig-publish-date="2021-01-04" update-date="2021-02-05">
<title>FRIENDS Act</title>
<summary summary-id="id117hr141v00" currentChamber="HOUSE" update-date="2021-02-05">
<action-date>2021-01-04</action-date>
<action-desc>Introduced in House</action-desc>
<summary-text><![CDATA[<p><strong>First Responder Identification of Emergency Needs in Disaster Situations or the FRIENDS Act</strong></p> <p>This bill directs the Government Accountability Office (GAO) to submit a report that describes select state and local programs and policies related to the preparedness and protection of first responders, which may include information on</p> <ul> <li>the degree to which such programs and policies include consideration of the presence of a first responder's family in an area impacted by a terrorist attack,</li> <li>the availability of personal protective equipment for first responders, and </li> <li>the availability of home Medkits for first responders and their families for biological incident response.</li> </ul> <p>The GAO may provide information (1) in a format that delineates high risk urban areas from rural communities; and (2) on the degree to which the selected state and local programs and policies were developed or are being executed with funding from the Department of Homeland Security (DHS), including grants from the State Homeland Security Grant Program or the Urban Area Security Initiative.</p> <p>DHS shall consider the report's findings and assess its applicability for federal first responders. </p>]]></summary-text>
</summary>
</item>
<dublinCore xmlns:dc="http://purl.org/dc/elements/1.1/">
<dc:format>text/xml</dc:format>
<dc:language>EN</dc:language>
<dc:rights>Pursuant to Title 17 Section 105 of the United States Code, this file is not subject to copyright protection and is in the public domain.</dc:rights>
<dc:contributor>Congressional Research Service, Library of Congress</dc:contributor>
<dc:description>This file contains bill summaries for federal legislation. A bill summary describes the most significant provisions of a piece of legislation and details the effects the legislative text may have on current law and federal programs. Bill summaries are authored by the Congressional Research Service (CRS) of the Library of Congress. As stated in Public Law 91-510 (2 USC 166 (d)(6)), one of the duties of CRS is "to prepare summaries and digests of bills and resolutions of a public general nature introduced in the Senate or House of Representatives". For more information, refer to the User Guide that accompanies this file.</dc:description>
</dublinCore>
</BillSummaries>
