<?xml version="1.0" encoding="UTF-8"?><BillSummaries>
<item congress="117" measure-type="hr" measure-number="478" measure-id="id117hr478" originChamber="HOUSE" orig-publish-date="2021-01-25" update-date="2021-05-20">
<title>Blackwater Trading Post Land Transfer Act</title>
<summary summary-id="id117hr478v53" currentChamber="HOUSE" update-date="2021-05-20">
<action-date>2021-05-12</action-date>
<action-desc>Passed House</action-desc>
<summary-text><![CDATA[<p><b>Blackwater Trading Post Land Transfer Act</b></p> <p>This bill directs the Department of the Interior to take the approximately 55.3 acres of land of the Blackwater Trading Post in Pinal County, Arizona, into trust for the benefit of the Gila River Indian Community, if the community conveys to Interior all of its interest in the land. The land is made part of the community's reservation. </p> <p>Further, the bill prohibits gaming on the land taken into trust. </p>]]></summary-text>
</summary>
<summary summary-id="id117hr478v00" currentChamber="HOUSE" update-date="2021-03-02">
<action-date>2021-01-25</action-date>
<action-desc>Introduced in House</action-desc>
<summary-text><![CDATA[<p><b>Blackwater Trading Post Land Transfer Act</b></p> <p>This bill directs the Department of the Interior to take the approximately 55.3 acres of land of the Blackwater Trading Post in Pinal County, Arizona, into trust for the benefit of the Gila River Indian Community, if the community conveys to Interior all of its interest in the land. The land is made part of the community's reservation. </p> <p>Further, the bill prohibits gaming on the land taken into trust. </p>]]></summary-text>
</summary>
</item>
<dublinCore xmlns:dc="http://purl.org/dc/elements/1.1/">
<dc:format>text/xml</dc:format>
<dc:language>EN</dc:language>
<dc:rights>Pursuant to Title 17 Section 105 of the United States Code, this file is not subject to copyright protection and is in the public domain.</dc:rights>
<dc:contributor>Congressional Research Service, Library of Congress</dc:contributor>
<dc:description>This file contains bill summaries for federal legislation. A bill summary describes the most significant provisions of a piece of legislation and details the effects the legislative text may have on current law and federal programs. Bill summaries are authored by the Congressional Research Service (CRS) of the Library of Congress. As stated in Public Law 91-510 (2 USC 166 (d)(6)), one of the duties of CRS is "to prepare summaries and digests of bills and resolutions of a public general nature introduced in the Senate or House of Representatives". For more information, refer to the User Guide that accompanies this file.</dc:description>
</dublinCore>
</BillSummaries>
