<?xml version="1.0" encoding="UTF-8"?><BillSummaries>
<item congress="117" measure-type="hr" measure-number="364" measure-id="id117hr364" originChamber="HOUSE" orig-publish-date="2021-01-19" update-date="2021-02-17">
<title>Veterans’ True Choice Act of 2021</title>
<summary summary-id="id117hr364v00" currentChamber="HOUSE" update-date="2021-02-17">
<action-date>2021-01-19</action-date>
<action-desc>Introduced in House</action-desc>
<summary-text><![CDATA[<p><b>Veterans' True Choice Act of 2021</b></p> <p>This bill allows covered veterans to receive coverage under TRICARE Select, a health care program of the Department of Defense (DOD). Veterans covered by this bill include those with service-connected disabilities, former prisoners of war, Purple Heart recipients, Medal of Honor recipients, those discharged from service due to disability, and those entitled to disability compensation.</p> <p>The Department of Veterans Affairs (VA) must reimburse DOD's costs of enrolling eligible veteran beneficiaries in the program.</p> <p>A covered veteran may not concurrently receive medical care from DOD and the VA.</p>]]></summary-text>
</summary>
</item>
<dublinCore xmlns:dc="http://purl.org/dc/elements/1.1/">
<dc:format>text/xml</dc:format>
<dc:language>EN</dc:language>
<dc:rights>Pursuant to Title 17 Section 105 of the United States Code, this file is not subject to copyright protection and is in the public domain.</dc:rights>
<dc:contributor>Congressional Research Service, Library of Congress</dc:contributor>
<dc:description>This file contains bill summaries for federal legislation. A bill summary describes the most significant provisions of a piece of legislation and details the effects the legislative text may have on current law and federal programs. Bill summaries are authored by the Congressional Research Service (CRS) of the Library of Congress. As stated in Public Law 91-510 (2 USC 166 (d)(6)), one of the duties of CRS is "to prepare summaries and digests of bills and resolutions of a public general nature introduced in the Senate or House of Representatives". For more information, refer to the User Guide that accompanies this file.</dc:description>
</dublinCore>
</BillSummaries>
