<?xml version="1.0" encoding="UTF-8"?><BillSummaries>
<item congress="117" measure-type="hr" measure-number="152" measure-id="id117hr152" originChamber="HOUSE" orig-publish-date="2021-01-04" update-date="2021-02-05">
<title>Ensuring HOMES Act</title>
<summary summary-id="id117hr152v00" currentChamber="HOUSE" update-date="2021-02-05">
<action-date>2021-01-04</action-date>
<action-desc>Introduced in House</action-desc>
<summary-text><![CDATA[<p><b>Ensuring Homeowner and Occupant Monetary Encouragement and Stability Act or the Ensuring HOMES Act</b></p> <p>This bill sets forth additional housing protections during the COVID-19 (i.e., coronavirus disease 2019) emergency period. </p> <p>Mortgage holders and lenders are prohibited from requiring payment on a mortgage deferred during the COVID-19 emergency period until the later of (1) the last day of the loan term, or (2) the end of the deferral period. </p> <p>The bill establishes the Tenant Protection Program that provides loans to landlords who waive rent during the COVID-19 emergency period. The bill also provides for forgiveness of these loans if the landlord provides lease extensions and agrees not to evict tenants. </p> <p>This bill applies retroactively to the beginning of the COVID-19 emergency period and applies to any future declared COVID-19 emergency period. </p>]]></summary-text>
</summary>
</item>
<dublinCore xmlns:dc="http://purl.org/dc/elements/1.1/">
<dc:format>text/xml</dc:format>
<dc:language>EN</dc:language>
<dc:rights>Pursuant to Title 17 Section 105 of the United States Code, this file is not subject to copyright protection and is in the public domain.</dc:rights>
<dc:contributor>Congressional Research Service, Library of Congress</dc:contributor>
<dc:description>This file contains bill summaries for federal legislation. A bill summary describes the most significant provisions of a piece of legislation and details the effects the legislative text may have on current law and federal programs. Bill summaries are authored by the Congressional Research Service (CRS) of the Library of Congress. As stated in Public Law 91-510 (2 USC 166 (d)(6)), one of the duties of CRS is "to prepare summaries and digests of bills and resolutions of a public general nature introduced in the Senate or House of Representatives". For more information, refer to the User Guide that accompanies this file.</dc:description>
</dublinCore>
</BillSummaries>
