<?xml version="1.0" encoding="UTF-8"?><BillSummaries>
<item congress="117" measure-type="hr" measure-number="212" measure-id="id117hr212" originChamber="HOUSE" orig-publish-date="2021-01-05" update-date="2021-02-25">
<title>COVID PREPARE Act of 2021</title>
<summary summary-id="id117hr212v00" currentChamber="HOUSE" update-date="2021-02-25">
<action-date>2021-01-05</action-date>
<action-desc>Introduced in House</action-desc>
<summary-text><![CDATA[<p><b>COVID Preparedness, Response, and Effective Planning for Advanced Requirements by the Executive Branch Act of 2021 or the COVID PREPARE Act</b> <b>of 2021</b></p> <p>This bill requires federal agencies to submit to Congress plans for responding to COVID-19 (i.e., coronavirus disease 2019).</p> <p>Specifically, each agency shall submit (1) an initial report detailing an action plan, informed by research and best practices learned from the onset of COVID-19, previous pandemics, and health emergencies, for addressing the needs and mitigating and eliminating the risks and challenges associated with COVID-19 and the deployment of COVID-19 vaccines; and (2) subsequent reports, on a quarterly basis until the President ends the declared emergency, that update the details submitted in the plan.</p> <p>The initial report shall include </p> <ul> <li>agency priorities for preparing for and responding to the pandemic, including continuity of operations and fulfilling the agency's mission and priorities related to the deployment of COVID-19 vaccines;</li> <li>measurable goals specific to priorities and a time line for addressing each priority; </li> <li>anticipated challenges to addressing priorities and how the agency will address such challenges;</li> <li> how the agency will consult with Congress, the public, state and municipal governments, and relevant stakeholders while working remotely; </li> <li> how the agency plans to issue relevant guidance to entities under the jurisdiction of the agency; and</li> <li>any resources the agency needs from Congress.</li> </ul>]]></summary-text>
</summary>
</item>
<dublinCore xmlns:dc="http://purl.org/dc/elements/1.1/">
<dc:format>text/xml</dc:format>
<dc:language>EN</dc:language>
<dc:rights>Pursuant to Title 17 Section 105 of the United States Code, this file is not subject to copyright protection and is in the public domain.</dc:rights>
<dc:contributor>Congressional Research Service, Library of Congress</dc:contributor>
<dc:description>This file contains bill summaries for federal legislation. A bill summary describes the most significant provisions of a piece of legislation and details the effects the legislative text may have on current law and federal programs. Bill summaries are authored by the Congressional Research Service (CRS) of the Library of Congress. As stated in Public Law 91-510 (2 USC 166 (d)(6)), one of the duties of CRS is "to prepare summaries and digests of bills and resolutions of a public general nature introduced in the Senate or House of Representatives". For more information, refer to the User Guide that accompanies this file.</dc:description>
</dublinCore>
</BillSummaries>
