<?xml version="1.0" encoding="UTF-8"?><BillSummaries>
<item congress="117" measure-type="hr" measure-number="820" measure-id="id117hr820" originChamber="HOUSE" orig-publish-date="2021-02-04" update-date="2021-03-02">
<title>New Philadelphia National Historical Park Act</title>
<summary summary-id="id117hr820v00" currentChamber="HOUSE" update-date="2021-03-02">
<action-date>2021-02-04</action-date>
<action-desc>Introduced in House</action-desc>
<summary-text><![CDATA[<p><b>New Philadelphia National Historical Park Act</b></p> <p>This bill establishes the New Philadelphia Historical Park in Illinois as a unit of the National Park System to coordinate (1) the preservation, protection, and interpretation efforts of the park by the federal government, Illinois, units of local government, and private and nonprofit organizations; and (2) appropriate management options necessary to ensure the protection, preservation, and interpretation of the many significant aspects of the park.</p> <p>The Department of the Interior may acquire for inclusion in the park any land (including interests in land), buildings, or structures by donation, transfer, exchange, or purchase from a willing seller.</p> <p>Interior shall complete a general management plan for the park. </p> <p> Interior may not use eminent domain or condemnation in carrying out this bill.</p>]]></summary-text>
</summary>
</item>
<dublinCore xmlns:dc="http://purl.org/dc/elements/1.1/">
<dc:format>text/xml</dc:format>
<dc:language>EN</dc:language>
<dc:rights>Pursuant to Title 17 Section 105 of the United States Code, this file is not subject to copyright protection and is in the public domain.</dc:rights>
<dc:contributor>Congressional Research Service, Library of Congress</dc:contributor>
<dc:description>This file contains bill summaries for federal legislation. A bill summary describes the most significant provisions of a piece of legislation and details the effects the legislative text may have on current law and federal programs. Bill summaries are authored by the Congressional Research Service (CRS) of the Library of Congress. As stated in Public Law 91-510 (2 USC 166 (d)(6)), one of the duties of CRS is "to prepare summaries and digests of bills and resolutions of a public general nature introduced in the Senate or House of Representatives". For more information, refer to the User Guide that accompanies this file.</dc:description>
</dublinCore>
</BillSummaries>
