<?xml version="1.0" encoding="UTF-8"?><BillSummaries>
<item congress="117" measure-type="hr" measure-number="391" measure-id="id117hr391" originChamber="HOUSE" orig-publish-date="2021-01-21" update-date="2021-02-23">
<title>Global Health Security Act of 2021</title>
<summary summary-id="id117hr391v00" currentChamber="HOUSE" update-date="2021-02-23">
<action-date>2021-01-21</action-date>
<action-desc>Introduced in House</action-desc>
<summary-text><![CDATA[<p><b>Global Health Security Act of 2021</b></p> <p>This bill directs the President to create the Global Health Security Agenda Interagency Review Council to implement the Global Health Security Agenda, an initiative launched by nearly 30 nations to address global infectious disease threats. </p> <p>The council's responsibilities include (1) providing policy recommendations on agenda-related goals, objectives, and implementation; (2) helping federal agencies with implementation; and (3) reviewing the progress and challenges in achieving U.S. commitments, including assistance to help other countries meet agenda&nbsp;targets. The bill also directs the federal agencies involved&nbsp;with the agenda&nbsp;to prioritize its implementation and to take certain steps to achieve that goal.</p> <p>The President shall also appoint a U.S. Coordinator for Global Health Security to coordinate and report on the interagency process for responding to global health security emergencies.</p>]]></summary-text>
</summary>
</item>
<dublinCore xmlns:dc="http://purl.org/dc/elements/1.1/">
<dc:format>text/xml</dc:format>
<dc:language>EN</dc:language>
<dc:rights>Pursuant to Title 17 Section 105 of the United States Code, this file is not subject to copyright protection and is in the public domain.</dc:rights>
<dc:contributor>Congressional Research Service, Library of Congress</dc:contributor>
<dc:description>This file contains bill summaries for federal legislation. A bill summary describes the most significant provisions of a piece of legislation and details the effects the legislative text may have on current law and federal programs. Bill summaries are authored by the Congressional Research Service (CRS) of the Library of Congress. As stated in Public Law 91-510 (2 USC 166 (d)(6)), one of the duties of CRS is "to prepare summaries and digests of bills and resolutions of a public general nature introduced in the Senate or House of Representatives". For more information, refer to the User Guide that accompanies this file.</dc:description>
</dublinCore>
</BillSummaries>
