<?xml version="1.0" encoding="UTF-8"?><BillSummaries>
<item congress="117" measure-type="hr" measure-number="489" measure-id="id117hr489" originChamber="HOUSE" orig-publish-date="2021-01-25" update-date="2021-03-02">
<title>Protecting Rural Access to Care Act</title>
<summary summary-id="id117hr489v00" currentChamber="HOUSE" update-date="2021-03-02">
<action-date>2021-01-25</action-date>
<action-desc>Introduced in House</action-desc>
<summary-text><![CDATA[<p><b>Protecting Rural Access to Care Act</b></p> <p>This bill limits the scope of guidance issued by the Centers for Medicare &amp; Medicaid Services (CMS) regarding the secondary road criteria for Medicare critical access hospitals (CAHs).</p> <p>Currently, in order to qualify as a CAH under Medicare, a hospital must either (1) be located more than 35 miles (15 miles in mountainous regions or areas with only secondary roads) from another hospital, or (2) have been certified prior to January 1, 2006, by the state as a necessary provider of services in the area. </p> <p>The CMS issued guidance on July 31, 2015, that provided more detail as to the differences between primary and secondary roads for purposes of CAH certification. The bill specifies that this guidance does not apply to CAHs that were certified prior to July 31, 2015, and that these CAHs are instead subject to the standards that were in place before the guidance was issued. Ongoing CAH certifications are also subject to pre-guidance standards until the CMS issues new guidance after a specified public comment period.</p>]]></summary-text>
</summary>
</item>
<dublinCore xmlns:dc="http://purl.org/dc/elements/1.1/">
<dc:format>text/xml</dc:format>
<dc:language>EN</dc:language>
<dc:rights>Pursuant to Title 17 Section 105 of the United States Code, this file is not subject to copyright protection and is in the public domain.</dc:rights>
<dc:contributor>Congressional Research Service, Library of Congress</dc:contributor>
<dc:description>This file contains bill summaries for federal legislation. A bill summary describes the most significant provisions of a piece of legislation and details the effects the legislative text may have on current law and federal programs. Bill summaries are authored by the Congressional Research Service (CRS) of the Library of Congress. As stated in Public Law 91-510 (2 USC 166 (d)(6)), one of the duties of CRS is "to prepare summaries and digests of bills and resolutions of a public general nature introduced in the Senate or House of Representatives". For more information, refer to the User Guide that accompanies this file.</dc:description>
</dublinCore>
</BillSummaries>
