<?xml version="1.0" encoding="UTF-8"?><BillSummaries>
<item congress="117" measure-type="hr" measure-number="2533" measure-id="id117hr2533" originChamber="HOUSE" orig-publish-date="2021-04-14" update-date="2021-06-01">
<title>NEAR Act of 2021</title>
<summary summary-id="id117hr2533v53" currentChamber="HOUSE" update-date="2021-06-01">
<action-date>2021-05-18</action-date>
<action-desc>Passed House</action-desc>
<summary-text><![CDATA[<p><strong>National Estuaries and Acidification Research Act of 2021 or the NEAR Act of 2021</strong> </p> <p>This bill directs the Department of Commerce to arrange for the National Academies of Sciences, Engineering, and Medicine to conduct a study that</p> <ul> <li>examines the existing science of ocean acidification in estuarine environments, </li> <li>examines the challenges to studying ocean acidification and acidification's interactions with other environment stressors in estuarine environments, </li> <li>provides recommendations for improving future research with respect to ocean acidification in estuarine environments, and </li> <li>identifies pathways for applying science in management and mitigation decisions related to ocean acidification in those environments.</li> </ul>]]></summary-text>
</summary>
<summary summary-id="id117hr2533v00" currentChamber="HOUSE" update-date="2021-05-18">
<action-date>2021-04-14</action-date>
<action-desc>Introduced in House</action-desc>
<summary-text><![CDATA[<p><strong>National Estuaries and Acidification Research Act of 2021 or the NEAR Act of 2021</strong> </p> <p>This bill directs the Department of Commerce to arrange for the National Academies of Sciences, Engineering, and Medicine to conduct a study that</p> <ul> <li>examines the existing science of ocean acidification in estuarine environments, </li> <li>examines the challenges to studying ocean acidification and acidification's interactions with other environment stressors in estuarine environments, </li> <li>provides recommendations for improving future research with respect to ocean acidification in estuarine environments, and </li> <li>identifies pathways for applying science in management and mitigation decisions related to ocean acidification in those environments.</li> </ul>]]></summary-text>
</summary>
</item>
<dublinCore xmlns:dc="http://purl.org/dc/elements/1.1/">
<dc:format>text/xml</dc:format>
<dc:language>EN</dc:language>
<dc:rights>Pursuant to Title 17 Section 105 of the United States Code, this file is not subject to copyright protection and is in the public domain.</dc:rights>
<dc:contributor>Congressional Research Service, Library of Congress</dc:contributor>
<dc:description>This file contains bill summaries for federal legislation. A bill summary describes the most significant provisions of a piece of legislation and details the effects the legislative text may have on current law and federal programs. Bill summaries are authored by the Congressional Research Service (CRS) of the Library of Congress. As stated in Public Law 91-510 (2 USC 166 (d)(6)), one of the duties of CRS is "to prepare summaries and digests of bills and resolutions of a public general nature introduced in the Senate or House of Representatives". For more information, refer to the User Guide that accompanies this file.</dc:description>
</dublinCore>
</BillSummaries>
