<?xml version="1.0" encoding="UTF-8"?><BillSummaries>
<item congress="117" measure-type="hr" measure-number="26" measure-id="id117hr26" originChamber="HOUSE" orig-publish-date="2021-01-04" update-date="2021-08-06">
<title>Construction Consensus Procurement Improvement Act of 2021</title>
<summary summary-id="id117hr26v49" currentChamber="BOTH" update-date="2021-08-06">
<action-date>2021-07-26</action-date>
<action-desc>Public Law</action-desc>
<summary-text><![CDATA[<p><b>Construction Consensus Procurement Improvement Act of 2021</b></p> <p>This bill prohibits the federal government from using reverse auctions for complex, specialized, or substantial design and construction services. Reverse auctions allow the sellers to bid down the price of a project and typically result in the contractor with the lowest bid winning the contract.</p> <p>The Federal Acquisition Regulatory Council must define <i>complex, specialized, or substantial design and construction services</i>.</p> <p>The General Services Administration shall report to specified congressional committees on this bill's effectiveness.</p>]]></summary-text>
</summary>
<summary summary-id="id117hr26v55" currentChamber="SENATE" update-date="2021-07-29">
<action-date>2021-07-13</action-date>
<action-desc>Passed Senate</action-desc>
<summary-text><![CDATA[<p><b>Construction Consensus Procurement Improvement Act of 2021</b></p> <p>This bill prohibits the federal government from using reverse auctions for complex, specialized, or substantial design and construction services. Reverse auctions allow the sellers to bid down the price of a project and typically result in the contractor with the lowest bid winning the contract.</p> <p>The Federal Acquisition Regulatory Council must define <i>complex, specialized, or substantial design and construction services</i>.</p> <p>The General Services Administration shall report to specified congressional committees on this bill's effectiveness.</p>]]></summary-text>
</summary>
<summary summary-id="id117hr26v53" currentChamber="HOUSE" update-date="2021-02-08">
<action-date>2021-01-05</action-date>
<action-desc>Passed House</action-desc>
<summary-text><![CDATA[<p><b>Construction Consensus Procurement Improvement Act of 2021</b></p> <p>This bill prohibits the federal government from using reverse auctions for complex, specialized, or substantial design and construction services. Reverse auctions allow the sellers to bid down the price of a project and typically result in the contractor with the lowest bid winning the contract.</p> <p>The Federal Acquisition Regulatory Council must define <i>complex, specialized, or substantial design and construction services</i>.</p> <p>The General Services Administration shall report to specified congressional committees on this bill's effectiveness.</p>]]></summary-text>
</summary>
<summary summary-id="id117hr26v00" currentChamber="HOUSE" update-date="2021-02-06">
<action-date>2021-01-04</action-date>
<action-desc>Introduced in House</action-desc>
<summary-text><![CDATA[<p><b>Construction Consensus Procurement Improvement Act of 2021</b></p> <p>This bill prohibits the federal government from using reverse auctions for complex, specialized, or substantial design and construction services. Reverse auctions allow the sellers to bid down the price of a project and typically result in the contractor with the lowest bid winning the contract.</p>  <p>The Federal Acquisition Regulatory Council must define <i>complex, specialized, or substantial design and construction services</i>.</p> <p>The General Services Administration shall report to specified congressional committees on this bill's effectiveness.</p>]]></summary-text>
</summary>
</item>
<dublinCore xmlns:dc="http://purl.org/dc/elements/1.1/">
<dc:format>text/xml</dc:format>
<dc:language>EN</dc:language>
<dc:rights>Pursuant to Title 17 Section 105 of the United States Code, this file is not subject to copyright protection and is in the public domain.</dc:rights>
<dc:contributor>Congressional Research Service, Library of Congress</dc:contributor>
<dc:description>This file contains bill summaries for federal legislation. A bill summary describes the most significant provisions of a piece of legislation and details the effects the legislative text may have on current law and federal programs. Bill summaries are authored by the Congressional Research Service (CRS) of the Library of Congress. As stated in Public Law 91-510 (2 USC 166 (d)(6)), one of the duties of CRS is "to prepare summaries and digests of bills and resolutions of a public general nature introduced in the Senate or House of Representatives". For more information, refer to the User Guide that accompanies this file.</dc:description>
</dublinCore>
</BillSummaries>
