<?xml version="1.0" encoding="UTF-8"?><BillSummaries>
<item congress="117" measure-type="hr" measure-number="609" measure-id="id117hr609" originChamber="HOUSE" orig-publish-date="2021-01-28" update-date="2021-02-25">
<title>To amend title 49, United States Code, to require Amtrak to convey of certain properties to the Commonwealth of Pennsylvania, and for other purposes.</title>
<summary summary-id="id117hr609v00" currentChamber="HOUSE" update-date="2021-02-25">
<action-date>2021-01-28</action-date>
<action-desc>Introduced in House</action-desc>
<summary-text><![CDATA[<p>This bill requires the National Railroad Passenger Corporation (Amtrak), on or before June 30, 2021, to convey specific properties to the Commonwealth of Pennsylvania, including the Keystone Line and stations between Harrisburg and Philadelphia.</p> <p>Amtrak shall be entitled to use the properties conveyed on the same terms and conditions and right to determination by the U.S. Surface Transportation Board as afforded commuter authorities operating over Amtrak's lines, but shall not be entitled to compensation for the conveyances.</p>]]></summary-text>
</summary>
</item>
<dublinCore xmlns:dc="http://purl.org/dc/elements/1.1/">
<dc:format>text/xml</dc:format>
<dc:language>EN</dc:language>
<dc:rights>Pursuant to Title 17 Section 105 of the United States Code, this file is not subject to copyright protection and is in the public domain.</dc:rights>
<dc:contributor>Congressional Research Service, Library of Congress</dc:contributor>
<dc:description>This file contains bill summaries for federal legislation. A bill summary describes the most significant provisions of a piece of legislation and details the effects the legislative text may have on current law and federal programs. Bill summaries are authored by the Congressional Research Service (CRS) of the Library of Congress. As stated in Public Law 91-510 (2 USC 166 (d)(6)), one of the duties of CRS is "to prepare summaries and digests of bills and resolutions of a public general nature introduced in the Senate or House of Representatives". For more information, refer to the User Guide that accompanies this file.</dc:description>
</dublinCore>
</BillSummaries>
