<?xml version="1.0" encoding="UTF-8"?><BillSummaries>
<item congress="117" measure-type="hr" measure-number="112" measure-id="id117hr112" originChamber="HOUSE" orig-publish-date="2021-01-04" update-date="2021-01-27">
<title>Care Veterans Deserve Act of 2021</title>
<summary summary-id="id117hr112v00" currentChamber="HOUSE" update-date="2021-01-27">
<action-date>2021-01-04</action-date>
<action-desc>Introduced in House</action-desc>
<summary-text><![CDATA[<p><b>Care Veterans Deserve Act of 2021</b></p> <p>This bill expands the availability of care for veterans at Department of Veterans Affairs (VA) facilities and non-VA facilities.</p> <p>Specifically, the bill requires the VA to furnish hospital care, medical services, and extended care services via providers under the Veterans Community Care Program to veterans with a service-connected disability rated at 50% or more who elect to receive care or services through a non-VA provider.</p> <p>The bill requires the VA to extend the operating hours of its pharmacies. </p> <p>The VA must enter into contracts with physicians and nurses to work at VA medical facilities during nights and weekends.</p> <p>Finally, the bill authorizes the VA to provide for a best-practices peer review of each VA medical center by a nongovernmental hospital organization to evaluate the efficacy of the care provided at each center. VA medical centers with the longest wait times for appointments or the worst health outcomes shall be given priority for peer review.</p>]]></summary-text>
</summary>
</item>
<dublinCore xmlns:dc="http://purl.org/dc/elements/1.1/">
<dc:format>text/xml</dc:format>
<dc:language>EN</dc:language>
<dc:rights>Pursuant to Title 17 Section 105 of the United States Code, this file is not subject to copyright protection and is in the public domain.</dc:rights>
<dc:contributor>Congressional Research Service, Library of Congress</dc:contributor>
<dc:description>This file contains bill summaries for federal legislation. A bill summary describes the most significant provisions of a piece of legislation and details the effects the legislative text may have on current law and federal programs. Bill summaries are authored by the Congressional Research Service (CRS) of the Library of Congress. As stated in Public Law 91-510 (2 USC 166 (d)(6)), one of the duties of CRS is "to prepare summaries and digests of bills and resolutions of a public general nature introduced in the Senate or House of Representatives". For more information, refer to the User Guide that accompanies this file.</dc:description>
</dublinCore>
</BillSummaries>
