<?xml version="1.0" encoding="UTF-8"?><BillSummaries>
<item congress="117" measure-type="hr" measure-number="137" measure-id="id117hr137" originChamber="HOUSE" orig-publish-date="2021-01-04" update-date="2021-02-26">
<title>Mental Health Access and Gun Violence Prevention Act of 2021</title>
<summary summary-id="id117hr137v00" currentChamber="HOUSE" update-date="2021-02-26">
<action-date>2021-01-04</action-date>
<action-desc>Introduced in House</action-desc>
<summary-text><![CDATA[<p><b>Mental Health Access and Gun Violence Prevention Act of </b><b>2021</b></p> <p>This bill authorizes FY2022 appropriations for the Department of Justice, the Department of Health and Human Services, and the Social Security Administration to (1) increase access to mental health care treatment and services, and (2) promote reporting of mental health information to the National Instant Criminal Background Check System.</p>]]></summary-text>
</summary>
</item>
<dublinCore xmlns:dc="http://purl.org/dc/elements/1.1/">
<dc:format>text/xml</dc:format>
<dc:language>EN</dc:language>
<dc:rights>Pursuant to Title 17 Section 105 of the United States Code, this file is not subject to copyright protection and is in the public domain.</dc:rights>
<dc:contributor>Congressional Research Service, Library of Congress</dc:contributor>
<dc:description>This file contains bill summaries for federal legislation. A bill summary describes the most significant provisions of a piece of legislation and details the effects the legislative text may have on current law and federal programs. Bill summaries are authored by the Congressional Research Service (CRS) of the Library of Congress. As stated in Public Law 91-510 (2 USC 166 (d)(6)), one of the duties of CRS is "to prepare summaries and digests of bills and resolutions of a public general nature introduced in the Senate or House of Representatives". For more information, refer to the User Guide that accompanies this file.</dc:description>
</dublinCore>
</BillSummaries>
