<?xml version="1.0" encoding="UTF-8"?><BillSummaries>
<item congress="117" measure-type="hr" measure-number="353" measure-id="id117hr353" originChamber="HOUSE" orig-publish-date="2021-01-19" update-date="2021-02-11">
<title>Security Clearance Improvement Act of 2021</title>
<summary summary-id="id117hr353v00" currentChamber="HOUSE" update-date="2021-02-11">
<action-date>2021-01-19</action-date>
<action-desc>Introduced in House</action-desc>
<summary-text><![CDATA[<p><b>Security Clearance Improvement Act of 2021</b></p> <p>This bill requires the Office of Personnel Management to revise Standard Form 86 (Questionnaire for National Security Positions) to specifically include questions regarding an individual's (1) affiliation with organizations or movements that spread conspiracy theories and false information about the U.S. government, and (2) participation in the activities that occurred at the U.S. Capitol on January 6, 2021, or in similar activities.</p>]]></summary-text>
</summary>
</item>
<dublinCore xmlns:dc="http://purl.org/dc/elements/1.1/">
<dc:format>text/xml</dc:format>
<dc:language>EN</dc:language>
<dc:rights>Pursuant to Title 17 Section 105 of the United States Code, this file is not subject to copyright protection and is in the public domain.</dc:rights>
<dc:contributor>Congressional Research Service, Library of Congress</dc:contributor>
<dc:description>This file contains bill summaries for federal legislation. A bill summary describes the most significant provisions of a piece of legislation and details the effects the legislative text may have on current law and federal programs. Bill summaries are authored by the Congressional Research Service (CRS) of the Library of Congress. As stated in Public Law 91-510 (2 USC 166 (d)(6)), one of the duties of CRS is "to prepare summaries and digests of bills and resolutions of a public general nature introduced in the Senate or House of Representatives". For more information, refer to the User Guide that accompanies this file.</dc:description>
</dublinCore>
</BillSummaries>
