<?xml version="1.0" encoding="UTF-8"?><BillSummaries>
<item congress="117" measure-type="hr" measure-number="313" measure-id="id117hr313" originChamber="HOUSE" orig-publish-date="2021-01-13" update-date="2021-02-12">
<title>Targeted Federal Funding to Invest in Communities Act</title>
<summary summary-id="id117hr313v00" currentChamber="HOUSE" update-date="2021-02-12">
<action-date>2021-01-13</action-date>
<action-desc>Introduced in House</action-desc>
<summary-text><![CDATA[<p><b>Targeted Federal Funding to Invest in Communities Act</b></p> <p>This bill supports state, territorial, tribal, and local governments in providing resources to residents, especially those in historically underserved communities, to improve measurable outcomes for health, education, and quality of life.</p> <p>States are eligible for support if they are in the bottom 10 of all 50 states in combined ranking of average life expectancy, infant mortality rate, poverty rate, and percentage of state population with a college degree. Also eligible for support are U.S. territories, tribal governments, and the District of Columbia. A local government in an eligible state may receive direct support if it is in a county with persistent poverty.</p> <p>Recipients shall use the funds to cover only those costs that</p> <ul> <li>are necessary expenditures to create or expand activity or programs consistent with the purposes of this bill,</li> <li> were not accounted for in the recipient's budget most recently approved as of enactment of this bill, and </li> <li> are incurred during the five year period beginning on enactment of this bill.</li> </ul> <p>The Office of Inspector General of the Department of the Treasury shall conduct monitoring and oversight of the receipt, disbursement, and use of funds.</p>]]></summary-text>
</summary>
</item>
<dublinCore xmlns:dc="http://purl.org/dc/elements/1.1/">
<dc:format>text/xml</dc:format>
<dc:language>EN</dc:language>
<dc:rights>Pursuant to Title 17 Section 105 of the United States Code, this file is not subject to copyright protection and is in the public domain.</dc:rights>
<dc:contributor>Congressional Research Service, Library of Congress</dc:contributor>
<dc:description>This file contains bill summaries for federal legislation. A bill summary describes the most significant provisions of a piece of legislation and details the effects the legislative text may have on current law and federal programs. Bill summaries are authored by the Congressional Research Service (CRS) of the Library of Congress. As stated in Public Law 91-510 (2 USC 166 (d)(6)), one of the duties of CRS is "to prepare summaries and digests of bills and resolutions of a public general nature introduced in the Senate or House of Representatives". For more information, refer to the User Guide that accompanies this file.</dc:description>
</dublinCore>
</BillSummaries>
