<?xml version="1.0" encoding="UTF-8"?><BillSummaries>
<item congress="117" measure-type="hr" measure-number="863" measure-id="id117hr863" originChamber="HOUSE" orig-publish-date="2021-02-05" update-date="2021-03-05">
<title>Arrest Statistics Reporting Act of 2021</title>
<summary summary-id="id117hr863v00" currentChamber="HOUSE" update-date="2021-03-05">
<action-date>2021-02-05</action-date>
<action-desc>Introduced in House</action-desc>
<summary-text><![CDATA[<p><b>Arrest Statistics Reporting Act of 2021 </b></p> <p>This bill directs U.S. Immigration and Customs Enforcement (ICE) to annually issue a public report regarding the immigration status of certain arrested persons. </p> <p>Specifically, the report shall include each arrested person (1) who has been the subject of an information request from a law enforcement agency to the Law Enforcement Support Center within ICE, or (2) whose information has been forwarded under the information sharing program between the Department of Justice and the Department of Homeland Security. For each person, the report shall include (1) the person's immigration status, (2) the person's nationality, and (3) the crime for which the person was arrested.</p> <p>The Federal Bureau of Investigation shall (1) revise the Uniform Crime Reports to include such information in each arrest report, and (2) publish tables summarizing such information.</p>]]></summary-text>
</summary>
</item>
<dublinCore xmlns:dc="http://purl.org/dc/elements/1.1/">
<dc:format>text/xml</dc:format>
<dc:language>EN</dc:language>
<dc:rights>Pursuant to Title 17 Section 105 of the United States Code, this file is not subject to copyright protection and is in the public domain.</dc:rights>
<dc:contributor>Congressional Research Service, Library of Congress</dc:contributor>
<dc:description>This file contains bill summaries for federal legislation. A bill summary describes the most significant provisions of a piece of legislation and details the effects the legislative text may have on current law and federal programs. Bill summaries are authored by the Congressional Research Service (CRS) of the Library of Congress. As stated in Public Law 91-510 (2 USC 166 (d)(6)), one of the duties of CRS is "to prepare summaries and digests of bills and resolutions of a public general nature introduced in the Senate or House of Representatives". For more information, refer to the User Guide that accompanies this file.</dc:description>
</dublinCore>
</BillSummaries>
