<?xml version="1.0" encoding="UTF-8"?><BillSummaries>
<item congress="117" measure-type="hr" measure-number="328" measure-id="id117hr328" originChamber="HOUSE" orig-publish-date="2021-01-15" update-date="2021-02-17">
<title>Wall Street Tax Act of 2021</title>
<summary summary-id="id117hr328v00" currentChamber="HOUSE" update-date="2021-02-17">
<action-date>2021-01-15</action-date>
<action-desc>Introduced in House</action-desc>
<summary-text><![CDATA[<p><b>Wall Street Tax Act of 2021</b></p> <p>This bill imposes a 0.1% excise tax on certain purchases of stocks, bonds, and derivatives. </p> <p>The tax applies to the purchase of a security if (1) such purchase occurs on, or is subject to the rules of, a qualified board or exchange located in the United States; or (2) the purchaser or seller is a U.S. person.</p> <p>The tax applies to transactions with respect to a derivative if (1) the derivative is traded on, or is subject to the rules of, a qualified board or exchange located in the United States; or (2) any party with rights under the derivative is a U.S. person.</p> <p>The bill exempts from such tax (1) initial issues of securities; and (2) any note, bond, debenture, or other evidence of indebtedness which is traded on or is subject to the rules of, a qualified board or exchange located in the United States, and has a fixed maturity of not more than 100 days. </p> <p>The tax applies to transactions by a controlled foreign corporation and must be paid by its U.S. shareholders. </p>]]></summary-text>
</summary>
</item>
<dublinCore xmlns:dc="http://purl.org/dc/elements/1.1/">
<dc:format>text/xml</dc:format>
<dc:language>EN</dc:language>
<dc:rights>Pursuant to Title 17 Section 105 of the United States Code, this file is not subject to copyright protection and is in the public domain.</dc:rights>
<dc:contributor>Congressional Research Service, Library of Congress</dc:contributor>
<dc:description>This file contains bill summaries for federal legislation. A bill summary describes the most significant provisions of a piece of legislation and details the effects the legislative text may have on current law and federal programs. Bill summaries are authored by the Congressional Research Service (CRS) of the Library of Congress. As stated in Public Law 91-510 (2 USC 166 (d)(6)), one of the duties of CRS is "to prepare summaries and digests of bills and resolutions of a public general nature introduced in the Senate or House of Representatives". For more information, refer to the User Guide that accompanies this file.</dc:description>
</dublinCore>
</BillSummaries>
