<?xml version="1.0" encoding="UTF-8"?><BillSummaries>
<item congress="117" measure-type="hr" measure-number="115" measure-id="id117hr115" originChamber="HOUSE" orig-publish-date="2021-01-04" update-date="2021-02-05">
<title>To award a Congressional Gold Medal to Lyndon Baines Johnson, the 36th President of the United States whose visionary leadership secured passage of the landmark Voting Rights Act of 1965, Social Security Amendments Act (Medicare) of 1965, Civil Rights Act of 1964, Higher Education Act of 1965, and Immigration and Naturalization Act of 1965.</title>
<summary summary-id="id117hr115v00" currentChamber="HOUSE" update-date="2021-02-05">
<action-date>2021-01-04</action-date>
<action-desc>Introduced in House</action-desc>
<summary-text><![CDATA[<p>This bill directs the Speaker of the House and the President pro tempore of the Senate to arrange for the posthumous award of a Congressional Gold Medal to President Lyndon B. Johnson in recognition of his contributions to the nation.</p> <p>The bill requires such medal to be given to the Lyndon Baines Johnson Library and Museum following its award, where it will be available for display and research.</p>]]></summary-text>
</summary>
</item>
<dublinCore xmlns:dc="http://purl.org/dc/elements/1.1/">
<dc:format>text/xml</dc:format>
<dc:language>EN</dc:language>
<dc:rights>Pursuant to Title 17 Section 105 of the United States Code, this file is not subject to copyright protection and is in the public domain.</dc:rights>
<dc:contributor>Congressional Research Service, Library of Congress</dc:contributor>
<dc:description>This file contains bill summaries for federal legislation. A bill summary describes the most significant provisions of a piece of legislation and details the effects the legislative text may have on current law and federal programs. Bill summaries are authored by the Congressional Research Service (CRS) of the Library of Congress. As stated in Public Law 91-510 (2 USC 166 (d)(6)), one of the duties of CRS is "to prepare summaries and digests of bills and resolutions of a public general nature introduced in the Senate or House of Representatives". For more information, refer to the User Guide that accompanies this file.</dc:description>
</dublinCore>
</BillSummaries>
