<?xml version="1.0" encoding="UTF-8"?><BillSummaries>
<item congress="117" measure-type="hr" measure-number="251" measure-id="id117hr251" originChamber="HOUSE" orig-publish-date="2021-01-11" update-date="2021-02-18">
<title>Public Service Appreciation Through Loan Forgiveness Act</title>
<summary summary-id="id117hr251v00" currentChamber="HOUSE" update-date="2021-02-18">
<action-date>2021-01-11</action-date>
<action-desc>Introduced in House</action-desc>
<summary-text><![CDATA[<p><b>Public Service Appreciation Through Loan Forgiveness Act</b></p> <p>This bill requires the Department of Education (ED) to implement a partial student loan forgiveness reduction schedule and conduct awareness activities relating to the Public Service Loan Forgiveness (PSLF) program.</p> <p>Specifically, ED must</p> <ul> <li>implement a public service loan forgiveness reduction schedule to cancel principal and interest due on Federal Direct Loans based on the number of payments made by the borrower,</li> <li>develop informational materials relating to the eligibility requirements of the PSLF program,</li> <li>make the informational materials available on its website and conduct outreach to not-for-profit institutions and government organizations about the availability of these materials, and</li> <li>establish an online portal for borrowers to submit employment certification forms.</li> </ul>]]></summary-text>
</summary>
</item>
<dublinCore xmlns:dc="http://purl.org/dc/elements/1.1/">
<dc:format>text/xml</dc:format>
<dc:language>EN</dc:language>
<dc:rights>Pursuant to Title 17 Section 105 of the United States Code, this file is not subject to copyright protection and is in the public domain.</dc:rights>
<dc:contributor>Congressional Research Service, Library of Congress</dc:contributor>
<dc:description>This file contains bill summaries for federal legislation. A bill summary describes the most significant provisions of a piece of legislation and details the effects the legislative text may have on current law and federal programs. Bill summaries are authored by the Congressional Research Service (CRS) of the Library of Congress. As stated in Public Law 91-510 (2 USC 166 (d)(6)), one of the duties of CRS is "to prepare summaries and digests of bills and resolutions of a public general nature introduced in the Senate or House of Representatives". For more information, refer to the User Guide that accompanies this file.</dc:description>
</dublinCore>
</BillSummaries>
