<?xml version="1.0" encoding="UTF-8"?><BillSummaries>
<item congress="117" measure-type="hr" measure-number="64" measure-id="id117hr64" originChamber="HOUSE" orig-publish-date="2021-01-04" update-date="2021-02-06">
<title>Protection from Obamacare Mandates and Congressional Equity Act</title>
<summary summary-id="id117hr64v00" currentChamber="HOUSE" update-date="2021-02-06">
<action-date>2021-01-04</action-date>
<action-desc>Introduced in House</action-desc>
<summary-text><![CDATA[<p><b>Protection from Obamacare Mandates and Congressional Equity Act</b></p> <p>This bill alters provisions relating to the requirement to maintain minimum essential health care coverage (i.e., the individual mandate), as well as provisions relating to health care coverage for certain executive branch and congressional employees. </p> <p>Specifically, the bill exempts individuals from the requirement to maintain minimum essential health care coverage if they reside in a county where fewer than two health insurers offer insurance on the health insurance exchange. Under current law, there is no penalty for failing to maintain minimum essential health care coverage.</p> <p>The bill also requires certain executive branch and congressional employees to participate in health insurance exchanges. Under current law, Members of Congress and their designated staff are required to obtain coverage through health insurance exchanges, rather than the Federal Employee Health Benefits (FEHB) Program. Current regulations authorize government contributions toward such coverage and require Members of Congress to designate which members of their staff are required to obtain coverage through an exchange. </p> <p>The bill requires all congressional staff, including employees of congressional committees and leadership offices, to obtain coverage through an exchange. The bill also prohibits Members of Congress from having the discretion to determine which of their employees are eligible to enroll through an exchange. Further, the President, Vice President, and executive branch political appointees must also obtain coverage through exchanges, rather than FEHB. The government is prohibited from contributing to or subsidizing the health insurance coverage of the officials and employees subject to this requirement, including Members of Congress and their staff.</p> <p> <p><BR>]]></summary-text>
</summary>
</item>
<dublinCore xmlns:dc="http://purl.org/dc/elements/1.1/">
<dc:format>text/xml</dc:format>
<dc:language>EN</dc:language>
<dc:rights>Pursuant to Title 17 Section 105 of the United States Code, this file is not subject to copyright protection and is in the public domain.</dc:rights>
<dc:contributor>Congressional Research Service, Library of Congress</dc:contributor>
<dc:description>This file contains bill summaries for federal legislation. A bill summary describes the most significant provisions of a piece of legislation and details the effects the legislative text may have on current law and federal programs. Bill summaries are authored by the Congressional Research Service (CRS) of the Library of Congress. As stated in Public Law 91-510 (2 USC 166 (d)(6)), one of the duties of CRS is "to prepare summaries and digests of bills and resolutions of a public general nature introduced in the Senate or House of Representatives". For more information, refer to the User Guide that accompanies this file.</dc:description>
</dublinCore>
</BillSummaries>
