<?xml version="1.0" encoding="UTF-8"?><BillSummaries>
<item congress="117" measure-type="hr" measure-number="1192" measure-id="id117hr1192" originChamber="HOUSE" orig-publish-date="2021-02-22" update-date="2021-04-15">
<title>PRRADA</title>
<summary summary-id="id117hr1192v53" currentChamber="HOUSE" update-date="2021-04-15">
<action-date>2021-02-24</action-date>
<action-desc>Passed House</action-desc>
<summary-text><![CDATA[<p><b>Puerto Rico Recovery Accuracy in Disclosures Act of 2021 or PRRADA</b></p> <p>This bill requires professionals employed in debt adjustment cases involving Puerto Rico to file verified statements disclosing their connections with the debtor, creditors, and other interested parties before seeking compensation for their services. </p>]]></summary-text>
</summary>
<summary summary-id="id117hr1192v00" currentChamber="HOUSE" update-date="2021-03-04">
<action-date>2021-02-22</action-date>
<action-desc>Introduced in House</action-desc>
<summary-text><![CDATA[<p><b>Puerto Rico Recovery Accuracy in Disclosures Act of 2021 or PRRADA</b></p> <p>This bill requires professionals employed in debt adjustment cases involving Puerto Rico to file verified statements disclosing their connections with the debtor, creditors, and other interested parties before seeking compensation for their services. </p>]]></summary-text>
</summary>
</item>
<dublinCore xmlns:dc="http://purl.org/dc/elements/1.1/">
<dc:format>text/xml</dc:format>
<dc:language>EN</dc:language>
<dc:rights>Pursuant to Title 17 Section 105 of the United States Code, this file is not subject to copyright protection and is in the public domain.</dc:rights>
<dc:contributor>Congressional Research Service, Library of Congress</dc:contributor>
<dc:description>This file contains bill summaries for federal legislation. A bill summary describes the most significant provisions of a piece of legislation and details the effects the legislative text may have on current law and federal programs. Bill summaries are authored by the Congressional Research Service (CRS) of the Library of Congress. As stated in Public Law 91-510 (2 USC 166 (d)(6)), one of the duties of CRS is "to prepare summaries and digests of bills and resolutions of a public general nature introduced in the Senate or House of Representatives". For more information, refer to the User Guide that accompanies this file.</dc:description>
</dublinCore>
</BillSummaries>
