<?xml version="1.0" encoding="UTF-8"?><BillSummaries>
<item congress="117" measure-type="hr" measure-number="5" measure-id="id117hr5" originChamber="HOUSE" orig-publish-date="2021-02-18" update-date="2021-03-02">
<title>Equality Act</title>
<summary summary-id="id117hr5v53" currentChamber="HOUSE" update-date="2021-03-02">
<action-date>2021-02-25</action-date>
<action-desc>Passed House</action-desc>
<summary-text><![CDATA[<p><b>Equality Act</b></p> <p>This bill prohibits discrimination based on sex, sexual orientation, and gender identity in areas including public accommodations and facilities, education, federal funding, employment, housing, credit, and the jury system. Specifically, the bill defines and includes sex, sexual orientation, and gender identity among the prohibited categories of discrimination or segregation. </p> <p>The bill expands the definition of public accommodations to include places or establishments that provide (1) exhibitions, recreation, exercise, amusement, gatherings, or displays; (2) goods, services, or programs; and (3) transportation services.</p> <p>The bill allows the Department of Justice to intervene in equal protection actions in federal court on account of sexual orientation or gender identity.</p> <p>The bill prohibits an individual from being denied access to a shared facility, including a restroom, a locker room, and a dressing room, that is in accordance with the individual's gender identity.]]></summary-text>
</summary>
<summary summary-id="id117hr5v00" currentChamber="HOUSE" update-date="2021-02-22">
<action-date>2021-02-18</action-date>
<action-desc>Introduced in House</action-desc>
<summary-text><![CDATA[<p><b>Equality Act</b></p> <p>This bill prohibits discrimination based on sex, sexual orientation, and gender identity in areas including public accommodations and facilities, education, federal funding, employment, housing, credit, and the jury system. Specifically, the bill defines and includes sex, sexual orientation, and gender identity among the prohibited categories of discrimination or segregation. </p> <p>The bill expands the definition of public accommodations to include places or establishments that provide (1) exhibitions, recreation, exercise, amusement, gatherings, or displays; (2) goods, services, or programs; and (3) transportation services.</p> <p>The bill allows the Department of Justice to intervene in equal protection actions in federal court on account of sexual orientation or gender identity.</p> <p>The bill prohibits an individual from being denied access to a shared facility, including a restroom, a locker room, and a dressing room, that is in accordance with the individual's gender identity.]]></summary-text>
</summary>
</item>
<dublinCore xmlns:dc="http://purl.org/dc/elements/1.1/">
<dc:format>text/xml</dc:format>
<dc:language>EN</dc:language>
<dc:rights>Pursuant to Title 17 Section 105 of the United States Code, this file is not subject to copyright protection and is in the public domain.</dc:rights>
<dc:contributor>Congressional Research Service, Library of Congress</dc:contributor>
<dc:description>This file contains bill summaries for federal legislation. A bill summary describes the most significant provisions of a piece of legislation and details the effects the legislative text may have on current law and federal programs. Bill summaries are authored by the Congressional Research Service (CRS) of the Library of Congress. As stated in Public Law 91-510 (2 USC 166 (d)(6)), one of the duties of CRS is "to prepare summaries and digests of bills and resolutions of a public general nature introduced in the Senate or House of Representatives". For more information, refer to the User Guide that accompanies this file.</dc:description>
</dublinCore>
</BillSummaries>
