<?xml version="1.0" encoding="UTF-8"?><BillSummaries>
<item congress="117" measure-type="hr" measure-number="1319" measure-id="id117hr1319" originChamber="HOUSE" orig-publish-date="2021-02-24" update-date="2021-06-15">
<title>American Rescue Plan Act of 2021</title>
<summary summary-id="id117hr1319v49" currentChamber="BOTH" update-date="2021-06-15">
<action-date>2021-03-11</action-date>
<action-desc>Public Law</action-desc>
<summary-text><![CDATA[<b><p /><strong>American Rescue Plan Act of 2021</strong></b> <p>This bill provides additional relief to address the continued impact of COVID-19 (i.e., coronavirus disease 2019) on the economy, public health, state and local governments, individuals, and businesses. </p> <p>TITLE I--COMMITTEE ON AGRICULTURE, NUTRITION, AND FORESTRY</p> <p>Subtitle A--Agriculture</p> <p>(Sec. 1001) This section provides funding for FY2021 to the Department of Agriculture (USDA) to (1) purchase food and agricultural commodities; (2) purchase and distribute agricultural commodities (including fresh produce, dairy, seafood, eggs, and meat) to individuals in need; (3) provide grants and loans for small or midsized food processors or distributors, seafood processing facilities and processing vessels, farmers markets, producers, or other organizations to respond to COVID-19; and (4) provide grants, loans, and other assistance to maintain and improve food and agricultural supply chain resiliency.</p> <p>The section also requires USDA to use specified amounts of the funding to (1) conduct animal surveillance and monitoring related to COVID-19; and (2) reduce overtime inspection costs borne by federally inspected small and very small meat, poultry, or egg processors. </p> <p>(Sec. 1002)This section provides funding for, and directs USDA to establish, an emergency pilot program to provide grants to certain applicants for rural health care and other rural development needs related to COVID-19.</p> <p>(Sec. 1003) This section provides funding for necessary administrative expenses associated with carrying out this subtitle.</p> <p>(Sec. 1004) This section provides funding through FY2022 to the Office of the Inspector General of USDA for audits, investigations, and other oversight activities of projects and activities related to the COVID-19 pandemic.</p> <p>(Sec. 1005) This section provides funding for USDA to pay off outstanding farm loan debts of socially disadvantaged farmers and ranchers. </p> <p>(Sec. 1006) This section provides funding for USDA to address historical discrimination and disparities in the agriculture sector. </p> <p>Specifically, USDA must use specified amounts to </p> <ul> <li>provide outreach, mediation, training, and assistance on issues concerning food, agriculture, agricultural credit, agricultural extension, rural development, or nutrition to certain socially disadvantaged groups, including socially disadvantaged farmers, ranchers, or forest landowners; </li> <li> provide grants and loans to improve land access for such groups; </li> <li>fund one or more equity commissions to address racial equity issues within USDA and its programs; </li> <li>support and supplement agricultural research, education, and extension, as well as scholarships and programs that provide internships and pathways to federal employment; and</li> <li>provide financial assistance to socially disadvantaged farmers, ranchers, or forest landowners who are former farm loan borrowers and suffered related adverse actions or past discrimination or bias in USDA programs.</li> </ul> <p>(Sec. 1007) This section provides funding through FY2022 to use the Commodity Credit Corporation to make commodities available and pay associated expenses for the Food for Peace program.</p> <p>Subtitle B--Nutrition</p> <p>(Sec. 1101) This section extends through FY2021 the requirement to calculate the value of benefits under the Supplemental Nutrition Assistance Program (SNAP, formerly known as the food stamp program) by using 115% of the June 2020 value of the thrifty food plan. It also provides funding through FY2023 for the costs of state administrative expenses and administering SNAP.</p> <p>(Sec. 1102) This section provides additional funding through FY2026 for USDA to (1) make technological improvements to improve online purchasing in SNAP; (2) modernize electronic benefit transfer technology; (3) support the mobile technologies demonstration projects and the use of mobile technologies; and (4) provide technical assistance to educate retailers on the process and technical requirements for the online acceptance of SNAP benefits, mobile payments, and electronic benefit transfer modernization initiatives.</p> <p>(Sec. 1103) This section provides additional funding through FY2027 for USDA to provide grants to the Commonwealth of the Northern Mariana Islands, Puerto Rico, and American Samoa for nutrition assistance. </p> <p>(Sec. 1104) This section provides funding through FY2022 to USDA for the Commodity Supplemental Food Program. </p> <p>(Sec. 1105) This section provides authority and funding for USDA to approve state requests to increase the amount of a cash-value voucher under the Special Supplemental Nutrition Program for Women, Infants, and Children (WIC) for a qualified food package to up to $35 for a four-month period during the COVID-19 public health emergency. Authority to increase the amount of a cash-value voucher shall terminate on September 30, 2021. (Cash-value vouchers are redeemable for fruits and vegetables as part of a WIC food package.)</p> <p>(Sec. 1106)This section provides funding for USDA to carry out outreach, innovation, and program modernization efforts to increase participation in and redemption of benefits under WIC, including through appropriate waivers and flexibilities. However, such waivers and flexibilities may not relate to the content of WIC food packages or nondiscrimination requirements.</p> <p>(Sec. 1107)This section directs USDA to reimburse institutions that are emergency shelters for meals and supplements provided under the Child and Adult Care Food Program during the COVID-19 public health emergency to individuals who have not attained the age of 25 and who are receiving assistance from such shelters. Under current law, emergency shelters may not receive reimbursement for meals and supplements provided to individuals who are older than age 18.</p> <p>(Sec. 1108) This section expands the Pandemic Electronic Benefit Transfer (P-EBT) program by authorizing it to be implemented during any school year in which there is a COVID-19 public health emergency designation in effect. It also allows the program to operate during the summer months. </p> <p>(The P-EBT program allows USDA to approve state plans to provide emergency nutrition benefits to households with children who would otherwise receive free or reduced-price school meals if their schools were not closed due to a public health emergency.) </p> <p>TITLE II--COMMITTEE ON HEALTH, EDUCATION, LABOR, AND PENSIONS</p> <p>Subtitle A--Education Matters</p> <p>Part 1--Department of Education</p> <p>(Sec. 2001) This section provides additional FY2021 funding for the Department of Education (ED) to assist states with addressing the impacts of COVID-19 on elementary and secondary schools.</p> <p>ED must use specified funds to support the identification, enrollment, and school participation of homeless children and youth.</p> <p>Local educational agencies (LEAs) must reserve funds to address student learning loss. The remaining funds may be used for any allowable purpose under federal education programs and for other specified purposes, including for the purchase of sanitization supplies and educational technology.</p> <p>LEAs must, within 30 days of receiving funds, develop and publish plans to safely reopen schools for in-person instruction.</p> <p>(Sec. 2002) This section provides additional FY2021 funding for the Emergency Assistance to Non-Public Schools program, through which states must provide services or assistance to nonpublic schools that enroll a significant percentage of low-income students and are most impacted by COVID-19. These funds may not be used for reimbursements to nonpublic schools.</p> <p>(Sec. 2003) This section provides additional FY2021 funding for institutions of higher education (IHEs). </p> <p>IHEs must allocate at least half of these funds to provide emergency financial-aid grants to students.</p> <p>(Sec. 2004) This section outlines maintenance-of-effort requirements for states, which may be waived by ED. Further, state educational agencies (SEAs) and LEAs must comply with certain maintenance-of-equity requirements.</p> <p>(Sec. 2005) This section provides additional FY2021 funding for grants to outlying areas based on need.</p> <p>(Sec. 2006) This section provides additional FY2021 funding for the Kendall Demonstration Elementary School, the Model Secondary School for the Deaf, and Gallaudet University to respond to COVID-19, including to defray institutional expenses and provide financial-aid grants to students.</p> <p>(Sec. 2007) This section provides additional FY2021 funding for the student aid administration within ED to respond to COVID-19, including through direct outreach to students and borrowers about financial aid and other assistance.</p> <p>(Sec. 2008) This section provides additional FY2021 funding for Howard University to respond to COVID-19, including to defray institutional expenses and provide financial-aid grants to students.</p> <p>(Sec. 2009) This section provides additional FY2021 funding for the National Technical Institute for the Deaf to respond to COVID-19, including to defray institutional expenses and provide financial-aid grants to students.</p> <p>(Sec. 2010) This section provides additional FY2021 funding for the Institute of Education Sciences to study student learning loss caused by COVID-19 and disseminate the findings to SEAs, LEAs, and other entities.</p> <p>(Sec. 2011) This section provides additional FY2021 funding for program administration within ED to respond to COVID-19 and for salaries and expenses.</p> <p>(Sec. 2012) This section provides additional FY2021 funding to the Office of Inspector General of ED for salaries and expenses. </p> <p>(Sec. 2013) This section modifies the so-called 90/10 rule to require for-profit IHEs to include all forms of federal education aid in the revenue calculation for federal student-aid program eligibility.</p> <p>(Sec. 2014) This section provides additional FY2021 funding to assist states with providing special education and related services to children and students with disabilities.</p> <p>Part 2--Miscellaneous</p> <p>(Sec. 2021) This section provides additional FY2021 funding for the National Endowment for the Arts to provide grants to state arts agencies and regional arts organizations. </p> <p>(Sec. 2022) This section provides additional FY2021 funding for the National Endowment for the Humanities to provide grants to state humanities councils and humanities organizations.</p> <p>(Sec. 2023) This section provides additional FY2021 funding for the Institute of Museum and Library Services to carry out museum and library services. </p> <p>Subtitle B--Labor Matters</p> <p>(Sec. 2101) This section provides funding for various agencies within the Department of Labor to conduct worker protection activities with respect to COVID-19.</p> <p>Subtitle C--Human Services and Community Supports</p> <p>(Sec. 2201) This section provides additional funding for the Child Care and Development Block Grant program. States, territories, Indian tribes, and tribal organizations may use this funding to provide child care assistance to essential workers without regard to income eligibility requirements.</p> <p>(Sec. 2202) This section provides funding for grants to lead child care agencies and providers for personnel costs, facility costs, the purchase of personal protective equipment, and other costs associated with responding to the COVID-19 public health emergency.</p> <p>(Sec. 2203) This section provides additional funding through FY2022 to Head Start agencies based on their enrollment.</p> <p>(Sec. 2204) This section provides additional FY2021 funding for programs supporting adult and youth victims of family violence, domestic violence, or dating violence, including grants for community-based services.</p> <p>(Sec. 2205) This section provides additional FY2021 funding for child abuse or neglect prevention and treatment programs, including grants to states for community-based prevention services.</p> <p>(Sec. 2206) This section provides additional FY2021 funding for the Corporation for National and Community Service to operate and support national service programs. The corporation must prioritize entities disproportionately impacted by COVID-19 and take into account the diversity of the communities and participants served by such entities.</p> <p>Subtitle D--Public Health</p> <p>(Sec. 2301) This section provides additional FY2021 funding to the Centers for Disease Control and Prevention (CDC) for COVID-19 vaccination efforts. The CDC must use some of this funding to supplement certain existing grants awarded to health departments for their COVID-19 vaccination activities.</p> <p>(Sec. 2302) This section provides additional FY2021 funding to the CDC for activities to increase confidence in vaccines and improve vaccination rates.</p> <p>(Sec. 2303) This section provides additional FY2021 funding for the Department of Health and Human Services (HHS) to acquire vaccines, therapeutics, and other supplies to prevent and respond to COVID-19, the virus that causes COVID-19 and its variants, and other diseases or viruses with pandemic potential.</p> <p>(Sec. 2304) This section provides funding for HHS to evaluate the safety and effectiveness of COVID-19 vaccines and therapeutics and to oversee the supply chain for those products. HHS must also carry out reviews, inspections, and related activities necessary to approve medical products and devices that were delayed or cancelled for reasons related to COVID-19.</p> <p>(Sec. 2305) This section makes individuals who received unemployment compensation in 2021 eligible for cost-sharing subsidies for health care expenses under qualified health insurance plans.</p> <p>Subtitle E--Testing</p> <p>(Sec. 2401) This section provides additional FY2021 funding for HHS to carry out various activities to support COVID-19 testing, contact tracing, surveillance, and mitigation measures.</p> <p>(Sec. 2402) This section provides additional FY2021 funding for the CDC to improve its capacity and the capacity of public health laboratories to conduct genomic sequencing, analytics, and disease surveillance, including for the virus that causes COVID-19 and its variants.</p> <p>(Sec. 2403) This section provides additional FY2021 funding for the CDC to address COVID-19 and other infectious diseases globally.</p> <p>(Sec. 2404) This section provides additional FY2021 funding for the CDC to modernize and expand public health data surveillance systems, including to maintain a disease warning system to track COVID-19 and emerging biological threats.</p> <p>Subtitle F--Public Health Workforce</p> <p>(Sec. 2501) This section provides additional FY2021 funding for HHS to award grants and take other actions to expand and sustain the public health workforce, including to respond to COVID-19.</p> <p>(Sec. 2502) This section provides additional FY2021 funding for the Medical Reserve Corps. This is a network of volunteers, including medical providers and public health professionals, organized locally to improve community health and safety.</p> <p>Subtitle G--Public Health Investments</p> <p>(Sec. 2601) This section provides additional FY2021 funding to expand health care services and infrastructure of federally qualified health centers and similar entities that serve Native Hawaiians, including specifically for COVID-19 vaccinations and treatments.</p> <p>(Sec. 2602) This section provides additional FY2021 funding for the National Health Services Corps. This program provides scholarships and student loan repayment to health care providers who agree to work in areas of the United States with limited access to primary care, dental care, and mental health care.</p> <p>(Sec. 2603) This section provides additional FY2021 funding for the Nurse Corps. This program provides scholarships and student loan repayment to nurses who agree to work in areas of the United States with limited access to primary care and mental health care. It also provides student loan repayment for nurses who work as faculty in nursing schools.</p> <p>(Sec. 2604) This section provides additional FY2021 funding to establish or expand graduate medical education training programs carried out in teaching health centers.</p> <p>(Sec. 2605) This section provides additional FY2021 funding to entities that provide family planning services.</p> <p>Subtitle H--Mental Health and Substance Use Disorder</p> <p>(Sec. 2701) This section provides additional FY2021 funding for block grants for community mental health services and for mental health and substance use services. This funding must be expended by the end of FY2025.</p> <p>(Sec. 2702) This section provides additional FY2021 funding for various grants and programs to prevent and treat substance abuse. This funding must be expended by the end of FY2025.</p> <p>(Sec. 2703) This section provides additional FY2021 funding to the Health Resources and Services Administration (HRSA) for grants and other activities to address and prevent suicide, burnout, mental health conditions, and substance use disorders among health care professionals. HRSA must consider the needs of rural and medically underserved communities in these activities.</p> <p>(Sec. 2704) This section provides additional FY2021 funding for the CDC to educate health care professionals and first responders about primary prevention of mental health conditions and substance use disorders and treatments.</p> <p>(Sec. 2705) This section provides additional FY2021 funding for HRSA to award grants to health care providers and health care professional associations to promote mental health among those who work in the health care field.</p> <p>(Sec. 2706) This section provides additional FY2021 funding to the Substance Abuse and Mental Health Services Administration (SAMHSA) for grants for overdose prevention programs, syringe services programs, and other harm reduction measures.</p> <p>(Sec. 2707) This section provides additional FY2021 funding to SAMHSA for grants to address community behavioral health needs made worse by the COVID-19 emergency.</p> <p>(Sec. 2708) This section provides additional FY2021 funding for grants to prevent the long-term consequences of child trauma by providing early intervention services and treatments with a focus on high-risk or medically underserved populations that experience violence-related stress.</p> <p>(Sec. 2709) This section provides additional FY2021 funding for Project Aware, which promotes access to mental health services among school-aged youth and their families.</p> <p>(Sec. 2710) This section provides additional FY2021 funding for youth suicide prevention activities and for services for students with mental health or substance use disorders.</p> <p>(Sec. 2711) This section provides additional FY2021 funding for grants to support mental and behavioral health education and training programs.</p> <p>(Sec. 2712) This section provides additional FY2021 funding to increase access to pediatric mental health services in primary care settings.</p> <p>(Sec. 2713) This section provides additional FY2021 funding for certified community behavioral health clinics. These clinics provide integrated mental health and substance use disorder treatment services in communities.</p> <p>Subtitle I--Exchange Grant Program</p> <p>(Sec. 2801) This section provides funding for grants for health benefit exchanges to modernize their systems and technology.</p> <p>Subtitle J--Continued Assistance to Rail Workers</p> <p>(Sec. 2901) This section extends the Railroad Unemployment Insurance Act (RUIA) benefits-registration period through September 6, 2021, for qualified railroad employees to receive an additional RUIA benefit of $600.</p> <p>(Sec. 2902) This section modifies and reauthorizes the temporary increase of extended RUIA benefits to employees who received regular RUIA benefits during the period beginning July 1, 2019, and ending on June 30, 2022. However, the section does not apply to any employee with respect to a registration period beginning after September 6, 2021.</p> <p>(Sec. 2903)This section provides funding through September 6, 2021, to temporarily reimburse states that waive the seven-day waiting period for benefits under the RUIA.</p> <p>(Sec. 2904)This section provides funding for FY2021 for the Railroad Retirement Board to prevent, prepare for, and respond to COVID-19. It also provides funding for the Railroad Retirement Board Office of Inspector General for audit, investigatory, and review activities.</p> <p>Subtitle K--Ratepayer Protection</p> <p>(Sec. 2911) This section provides funding through FY2022 for the low-income home energy assistance program, with specified limitations.</p> <p>(Sec. 2912) This section provides funding for FY2021 to HHS to provide grants to states, Indian tribes, and other jurisdictions to assist low-income households that pay a high proportion of household income for drinking water and wastewater services by providing funds to owners or operators of public water systems or treatment works to reduce arrearages of and rates charged to such households for such services.</p> <p>Subtitle L--Assistance for Older Americans, Grandfamilies, and Kinship Families</p> <p>(Sec. 2921) This section provides additional FY2021 funding for programs that provide nutrition, health promotion, and other services for older adults and caregivers.</p> <p>(Sec. 2922) This section provides additional FY2021 funding for the Administration for Community Living to establish a National Technical Assistance Center on Grandfamilies and Kinship Families. The center must provide technical assistance to government agencies, nonprofits, and other community-based organizations that support grandfamilies and kinship families. The focus must be on families in which the primary caregiver is 55 years or older or the child has one or more disabilities.</p> <p>TITLE III--COMMITTEE ON BANKING, HOUSING, AND URBAN AFFAIRS</p> <p>Subtitle A--Defense Production Act of 1950</p> <p>(Sec. 3101) This section provides additional FY2021 funding to carry out activities under the Defense Production Act of 1950 to manage the supply chain for personal protective equipment, vaccines, and other products to address COVID-19 and other declared public health emergencies. That act confers on the President a broad set of authorities to influence domestic industry in order to provide essential materials and goods for the national defense.</p> <p>Subtitle B--Housing Provisions </p> <p>This subtitle provides additional FY2021 funding for rental assistance, homelessness assistance, housing counseling, and housing assistance related to the COVID-19 pandemic. </p> <p>(Sec. 3201) This section provides FY2021 funding for the Department of the Treasury's Emergency Rental Assistance program, which was established in response to the COVID-19 pandemic. The program provides grants to states, local governments, and territories for financial assistance to households for rent, utilities, and other housing expenses. Low-income households that are at risk of homelessness and are experiencing unemployment or financial hardship are eligible.</p> <p>The aggregate period of assistance a household may receive under this program may not exceed 18 months. </p> <p>(Sec. 3202) This section provides FY2021 funding for emergency rental assistance vouchers through the Department of Housing and Urban Development (HUD) for families and individuals who are (1) experiencing homelessness; (2) at risk of homelessness; (3) fleeing, or attempting to flee, domestic violence and other dangerous situations; or (4) recently homeless. </p> <p>(Sec. 3203) This section provides FY2021 funding for rental assistance through USDA for individuals living in certain rural rental property. </p> <p>(Sec. 3204) This section provides FY2021 funding for the Neighborhood Reinvestment Corporation for grants to housing counseling intermediaries for housing counseling services, including counseling provided directly to households facing housing instability. </p> <p>(Sec. 3205) This section provides FY2021 funding for HUD's HOME Investment Partnerships Program. Funding is provided for tenant-based rental assistance, development and support of affordable housing, supportive housing services, and the acquisition of non-congregate shelter units. These units may remain non-congregate shelter units, be converted into permanent affordable housing, or be used as emergency shelter.</p> <p>Individuals qualifying for such assistance include at-risk veterans and individuals who are homeless, at risk of homelessness, or fleeing or attempting to flee domestic violence or other dangerous situations.</p> <p>(Sec. 3206) This section establishes and provides FY2021 funding for the Homeowner Assistance Fund, which provides assistance to mitigate the financial hardships associated with the COVID-19 pandemic. Specifically, grants are provided to states, territories, and tribes for the purpose of preventing homeowner mortgage delinquency, defaults, foreclosures, loss of utilities, and displacements of homeowners experiencing financial hardship after January 21, 2020. </p> <p>(Sec. 3207) This section provides FY2021 funding to USDA's Direct Home Loan and Housing Repair Loan programs for rural housing. </p> <p>(Sec. 3208) This section provides FY2021 funding for the Fair Housing Initiatives Program for fair housing organizations to address fair housing inquiries, complaints, investigations, outreach services, and the costs of delivering or adapting services related to the COVID-19 pandemic.</p> <p>Subtitle C--Small Business (SSBCI)</p> <p>(Sec. 3301) This section reauthorizes the State Small Business Credit Initiative and provides FY2021 funding for COVID-19 support to eligible small businesses.</p> <p>Specifically, the section provides this funding for states and tribal governments to support small business credit expansion programs that deliver loans or investments to eligible small businesses. The section allocates specified portions of this funding for (1) states to support businesses that are owned by socially and economically disadvantaged individuals, (2) an incentive program to boost funding for states that demonstrate robust support for those businesses, (3) support for very small businesses (e.g., those with fewer than 10 employees), and (4) tribal governments.</p> <p>Additionally, Treasury may provide funds to states, the Minority Business Development Agency, or other advisory firms to provide technical assistance to specified small businesses. </p> <p>Subtitle D--Public Transportation</p> <p>(Sec. 3401) This section provides funding through FY2024 to the Federal Transit Administration to provide grants to state, local, and tribal governments, and publicly owned operators of public transportation. The grants shall be used for transit agencies to prevent, prepare for, and respond to COVID-19, including for (1) reimbursement for payroll of public transportation; (2) operating costs to maintain service due to lost revenue due as a result of the COVID-19 public health emergency, including the purchase of personal protective equipment; and (3) paying the administrative leave of operations or contractor personnel due to reductions in service.</p> <p> This section provides funding for</p> <ul> <li>urbanized area formula grants;</li> <li>formula grants for the enhanced mobility of seniors and individuals with disabilities;</li> <li>formula grants for rural areas;</li> <li>the fixed guideway capital investment program;</li> <li>bus operators that partner with recipients or sub-recipients of rural area formula grants, with specified exceptions for states or territories that do not have eligible bus providers;</li> <li>planning of public transportation associated with the restoration of services as the COVID-19 public health emergency concludes, with specified limitations for route planning related to transitioning public transportation service to a transportation network company or other third-party contract provider; and</li> <li>recipients and sub-recipients of grants that, as a result of COVID-19, require additional assistance for costs related to operations, personnel, cleaning, and sanitization combating the spread of pathogens on transit systems, and debt service payments incurred to maintain operations and avoid layoffs and furloughs.</li> </ul> <p>TITLE IV--COMMITTEE ON HOMELAND SECURITY AND GOVERNMENTAL AFFAIRS</p> <p>(Sec. 4001) This section establishes and funds the Emergency Federal Employee Leave Fund.</p> <p>Amounts in the fund shall be available for reimbursement to an agency for the use of paid leave by any agency employee who is unable to work because the employee</p> <ul> <li>is subject to a federal, state, or local quarantine or isolation order related to COVID-19;</li> <li>has been advised by a health care provider to self-quarantine due to concerns related to COVID-19;</li> <li>is caring for an individual who is subject to such an order or has been so advised;</li> <li>is experiencing symptoms of COVID-19 and seeking a medical diagnosis;</li> <li>is caring for a son or daughter of such employee if, due to COVID-19 precautions, the school or place of care of the son or daughter has been closed, the school of such son or daughter requires or makes optional a virtual learning instruction model or a hybrid of in-person and virtual learning instruction models, or the child care provider of such son or daughter is unavailable;</li> <li> is experiencing any other substantially similar condition; </li> <li> is caring for a family member with a mental or physical disability or who is 55 years of age or older and incapable of self-care, without regard to whether another individual other than the employee is available to care for such family member, if the place of care for such family member is closed or the direct care provider is unavailable due to COVID-19; or </li> <li> is obtaining immunization related to COVID-19 or is recovering from any injury, disability, illness, or condition related to such immunization. </li> </ul> <p>The section sets forth limitations on such leave.</p> <p>(Sec. 4002) This section provides funding for</p> <ul> <li> the Government Accountability Office to prevent, prepare for, and respond to COVID-19 and to support oversight of the COVID-19 response and of funds provided pertaining to the pandemic;</li> <li> the Pandemic Response Accountability Committee to support oversight of the COVID-19 response and of funds provided pertaining to the pandemic;</li> <li>necessary expenses for the White House to prevent, prepare for, and respond to COVID-19; and </li> <li> carrying out the purposes of the Disaster Relief Fund for costs associated with major disaster declarations.</li> </ul> <p>(Sec. 4006) This section provides financial assistance for COVID-19-related funeral expenses, for which the federal cost share shall be 100%.</p> <p>(Sec. 4007) This section provides funding for</p> <ul> <li> the emergency food and shelter program, including for purposes of providing humanitarian relief to families and individuals encountered by the Department of Homeland Security;</li> <li> the Cybersecurity and Infrastructure Security Agency for cybersecurity risk mitigation;</li> <li> the United States Digital Service;</li> <li> the Technology Modernization Fund and the Federal Citizen Services Fund of the General Services Administration; </li> <li> assistance to firefighter grants and for staffing for adequate fire and emergency response grants; and </li> <li>emergency management performance grants of the Federal Emergency Management Agency (FEMA).</li> </ul> <p>(Sec. 4015) This section extends for one year the authority of federal agencies to reimburse contractors for certain leave paid to employees or subcontractors due to facility closures or other restrictions as result of COVID-19.</p> <p>(Sec. 4016) This section provides that certain federal employees shall, with respect to any claim for workers' compensation benefits, be deemed to have an injury proximately caused by exposure to COVID-19 arising out of the nature of the employee's employment. Such an employee, or a beneficiary of such an employee, shall be entitled to benefits for such claim, including disability compensation, medical services, and survivor benefits.</p> <p>A covered employee is an individual who</p> <ul> <li>is employed in federal service at any time during the period beginning on January 27, 2020, and ending on January 27, 2023; </li> <li> is diagnosed with COVID-19 during such period; and </li> <li> during a period prior to such diagnosis, carries out duties that require contact with patients, members of the public, or coworkers, or include a risk of exposure to COVID-19. </li> </ul> <p>An individual who is exclusively teleworking during the exposure period is not covered.</p> <p>The costs of benefits for claims approved on the basis of this section shall not be included in the annual statement of the cost of benefits and other payments of an agency or instrumentality. Costs of administration of such claims may be paid from the Employees' Compensation Fund and shall not be subject to a provision regarding payment of the fair share of administrative costs.</p> <p>TITLE V--COMMITTEE ON SMALL BUSINESS AND ENTREPRENEURSHIP</p> <p>This title modifies and extends existing programs and creates new programs to support small businesses, restaurants, shuttered venue operators, and other entities that have been affected during the COVID-19 pandemic.</p> <p>(Sec. 5001) This section provides FY2021 funding for and otherwise modifies the Paycheck Protection Program (PPP). Specifically, the section expands eligibility for the program (and for second-draw loans under the program) to include certain nonprofit entities and certain internet publishing organizations. The section also excludes from the loan forgiveness calculation certain payroll costs related to continuation coverage premium assistance.</p> <p>(Sec. 5002) This section provides additional FY2021 funding for emergency grants under the Economic Injury Disaster Loan (EIDL) Program. These grants must be awarded to (1) entities that have not already received the full grant amount to which they are entitled under current law, and (2) small businesses that have suffered an economic loss of greater than 50% and that have 10 or fewer employees.</p> <p>(Sec. 5003) This section establishes through December 31, 2021, and provides FY2021 funding for the Restaurant Revitalization Fund, from which Treasury must make grants to eligible restaurants for specified costs such as payroll, operational expenses, and paid sick leave.</p> <p>For the grant program's initial 21-day period, Treasury must prioritize awarding grants to marginalized and underrepresented communities. Grant amounts must be equal to the recipient's pandemic-related revenue loss, and the calculation of this loss must be reduced by any amounts received under the PPP or the EIDL Program.</p> <p>(Sec. 5004) This section establishes and provides FY2021 funding for a Community Navigator pilot program to improve access to COVID-19 assistance programs and resources for small businesses.</p> <p>(Sec. 5005) This section provides additional FY2021 funding for grants to shuttered venue operators, and it reduces the amount of these grants by the total amount of any PPP or EIDL Program funds that the grant recipient has received on or after December 27, 2020.</p> <p>(Sec. 5006) This section provides additional funding in FY2021 for administrative expenses related to specified COVID-19 relief measures and for the EIDL Program.</p> <p>TITLE VI--COMMITTEE ON ENVIRONMENT AND PUBLIC WORKS</p> <p>(Sec. 6001) This section provides funding to the Department of Commerce, the Environmental Protection Agency (EPA), and the U.S. Fish and Wildlife Service (USFWS). Specifically, it provides funding to Commerce for the Economic Development Administration.</p> <p>(Sec. 6002) Within the EPA, this section provides funding to address health outcome disparities from pollution and the COVID-19 pandemic.</p> <p>(Sec. 6003) Within the USFWS, this section provides funding for (1) wildlife investigations, efforts to address illegal trade of animals or plants, and related activities; (2) the care of certain species, such as rescued wildlife; and (3) research and other activities to detect, respond, and manage wildlife disease outbreaks before they become pandemics. </p> <p>TITLE VII--COMMITTEE ON COMMERCE, SCIENCE, AND TRANSPORTATION</p> <p>Subtitle A--Transportation and Infrastructure</p> <p>(Sec. 7101) This section provides funding through FY2024 to the National Railroad Passenger Corporation (Amtrak) for grants to prevent, prepare for, and respond to COVID-19. For example, Amtrak shall use specified amounts to (1) restore the frequency of rail service on long-distance and rehire employees furloughed on or after October 1, 2020, as a result of COVID-19; (2) offset amounts required to be paid by states for state-supported routes; (3) repay or prepay debt, including for loans from the Department of Transportation (DOT); and (4) provide project management oversight.</p> <p>(Sec. 7102) This section provides funding through FY2024 for assistance to airport sponsors to prevent, prepare for, and respond to COVID-19, including for costs related to operations, personnel, cleaning, sanitization, janitorial services, combating the spread of pathogens at the airport, and debt service payments.</p> <p>(Sec. 7103) This section establishes in the Federal Aviation Administration (FAA) the Emergency FAA Employee Leave Fund for the use of paid leave by an FAA employee who is unable to work due to COVID-19.</p> <p>(Sec. 7104) This section establishes in the Transportation Security Administration (TSA) the Emergency TSA Employee Leave Fund for the use of paid leave by a TSA employee who is unable to work due to COVID-19.</p> <p>Subtitle B--Aviation Manufacturing Jobs Protection</p> <p>(Sec. 7202) This section directs DOT to establish a payroll support program and enter into agreements with employers that meet specified criteria to provide public contributions to supplement compensation of an eligible employee group. <em>Eligible employee group</em> means the portion of an employer's U.S. workforce that (1) does not exceed 25% of the employer's total U.S. workforce as of April 1, 2020; (2) contains only employees with a total compensation level of $200,000 or less per year; and (3) is engaged in aviation manufacturing activities and services, or maintenance, repair, and overhaul activities and services.</p> <p>Subtitle C--Airlines</p> <p>(Sec. 7301) This section directs DOT to provide financial assistance to certain air carriers and contractors for the continuation of payment of employee wages, salaries, and benefits.</p> <p>Subtitle D--Consumer Protection and Commerce Oversight</p> <p> (Sec. 7401) This section provides additional FY2021 funding for the Consumer Product Safety Commission to conduct surveillance at ports of entry, and other monitoring activities, to identify products with risks associated with COVID-19.</p> <p>(Sec. 7402) This section provides funding for the Federal Communications Commission to reimburse schools and libraries for the purchase of computer and internet connectivity equipment during the COVID-19 public health emergency.</p> <p>(Sec. 7403) This section provides additional FY2021 funding for the Office of the Inspector General of Commerce to respond to COVID-19.</p> <p>(Sec. 7404) This section provides additional FY2021 funding for the Federal Trade Commission to address complaints and respond to unfair or deceptive practices related to COVID-19.</p> <p>Subtitle E--Science and Technology</p> <p>(Sec. 7501) This section provides additional FY2021 funding for the National Institute of Standards and Technology to support research, development, and testing related to COVID-19.</p> <p>(Sec. 7502) This section provides additional FY2021 funding for National Science Foundation to provide research grants, scholarships, cooperative agreements, and other activities to respond to COVID-19. </p> <p>Subtitle F--Corporation for Public Broadcasting</p> <p>(Sec. 7601) This section provides additional FY2021 funding for the Corporation for Public Broadcasting to respond to COVID-19, including by providing grants to public broadcast stations.</p> <p>TITLE VIII--COMMITTEE ON VETERANS' AFFAIRS</p> <p>(Sec. 8001) This section provides funding to remain available through FY2023 for veterans' benefits claims and appeals processing purposes.</p> <p>(Sec. 8002) This section provides funding to remain available through FY2023 for Department of Veterans Affairs (VA) medical and health care programs, with a specified amount available for the Veterans Community Care Program.</p> <p>(Sec. 8003) This section provides funding to remain available through FY2022 for the VA's supply chain modernization initiative.</p> <p>(Sec. 8004) This section provides varying amounts to fund state homes. A <em>state home </em>is a home established by a state for veterans who are disabled by age, disease, or otherwise and incapable of earning a living because of such disability. The term also includes a home that furnishes nursing home care for veterans.</p> <p>(Sec. 8005) This section provides funding for FY2021 to the Office of Inspector General of the VA.</p> <p>(Sec. 8006) This section requires and funds the implementation of a program under which the VA must provide up to 12 months of nontransferable retraining assistance to up to 17,250 eligible veterans for the pursuit of a specified program of education. Under the bill, an eligible veteran is an individual who, among other requirements, is unemployed due to COVID-19. </p> <p>(Sec. 8007) This section requires the VA to provide for any co-payment or other cost sharing for veterans between April 6, 2020, and September 30, 2021. The VA must reimburse any veteran who paid a co-payment or other cost sharing for VA health care during this time period.</p> <p>(Sec. 8008) This section establishes and funds the Emergency Department of Veterans Affairs Employee Leave Fund to provide paid leave through September 30, 2021, to specified employees for reasons related to COVID-19.</p> <p>TITLE IX--COMMITTEE ON FINANCE</p> <p>Subtitle A--Crisis Support for Unemployed Workers</p> <p>Part 1--Extensions of Care Act Unemployment Provisions</p> <p>(Sec. 9011) This section extends pandemic unemployment assistance (PUA) for up to 79 weeks through September 6, 2021. Certain payments of PUA to an individual shall not be considered as an overpayment; however, a PUA recipient shall not receive such assistance and pandemic emergency unemployment compensation (PEUC) for the same week of unemployment.</p> <p>(Sec. 9012) This section provides funding through September 6, 2021, for the transfer of funds to state accounts in the Unemployment Trust Fund for the reimbursement of certain governmental entities and nonprofit organizations for amounts paid (in lieu of contributions) into such accounts. This section also increases the amount of these reimbursements from 50% to 75% of amounts paid for weeks of unemployment beginning after March 31, 2021, and ending on or before September 6, 2021.</p> <p> (Sec. 9013) This section extends through September 6, 2021, federal-state agreements under which the aggregate amount of weekly employment compensation included an additional $300 in federal pandemic unemployment compensation. This section also extends through such date the additional $100 in mixed earner unemployment compensation to certain recipients of at least $5,000 of self-employment income in the most recent taxable year before the individual applied for regular compensation.</p> <p> (Sec. 9014) This section provides funding through September 6, 2021, for unemployment benefits for the first week of unemployment paid by states without a one-week waiting period. This section also retroactively provides such funding 100% instead of 50% for weeks of unemployment after December 31, 2020.</p> <p>(Sec. 9015) This section temporarily waives through September 6, 2021, certain merit staffing requirements with respect to certain temporary hiring actions taken by states to quickly process unemployment claims.</p> <p> (Sec. 9016) This section provides funding for 53 additional weeks of PEUC through September 6, 2021, for individuals who have exhausted all rights to regular unemployment compensation and meet other specified requirements.</p> <p> (Sec. 9017) This section provides funding to temporarily reimburse states for making short-time compensation (STC) payments under existing or new STC programs for weeks of unemployment ending on or before September 6, 2021. (STC, also known as work sharing, is a program that provides prorated unemployment compensation to workers whose hours have been reduced in lieu of a layoff.)</p> <p> (Sec. 9018) This section provides funding to support STC payments by states that do not have STC programs under state law through September 6, 2021.</p> <p> Part 2--Extension of FFCRA Unemployment Provisions</p> <p> (Sec. 9021) This section extends the suspension on the accrual of interest through September 6, 2021, on federal payments made to states for assistance with unemployment.</p> <p> (Sec. 9022) This section extends the federal share of payments to states for extended and regular unemployment compensation through September 6, 2021.</p> <p> Part 3--Department of Labor Funding for Timely, Accurate, and Equitable Payment</p> <p> (Sec. 9031) This section provides funding to the Department of Labor for FY2021 (1) for federal activities relating to the administration of unemployment compensation programs; and (2) to detect and prevent fraud, promote equitable access, and ensure the timely payment of benefits for unemployment compensation programs, including programs extended under this subtitle.</p> <p> Part 4--Other Provisions</p> <p> (Sec. 9041) This section extends through December 31, 2026, the limitation on excess farm and business losses of noncorporate taxpayers.</p> <p> (Sec. 9042) This section allows taxpayers with adjusted gross incomes of less than $150,000 (regardless of their filing status) to exclude up to $10,200 in unemployment compensation from their gross income in 2020.</p> <p>Subtitle B--Emergency Assistance to Families Through Home Visiting Programs<br> <br> (Sec. 9101) This section provides additional FY2021 funding for entities receiving grants for early childhood home visitation programs. The funds must be used to facilitate virtual visits, provide hazard pay to staff, train home visitors, or provide other supports to families participating in such programs.<br> <br> Subtitle C--Emergency Assistance to Children and Families<br> <br> (Sec. 9201) This section provides additional FY2021 funding to states, territories, and Indian tribes to supplement Temporary Assistance for Needy Families block grants. These funds must be allocated according to a specified formula and used for only nonrecurrent short-term benefits, such as cash benefits for families experiencing hardship resulting from the COVID-19 pandemic.</p> <p>Subtitle D--Elder Justice and Support Guarantee</p> <p>(Sec. 9301) This section provides additional funding for elder justice programs, including adult protective services that report and investigate abuse of older adults and adults with disabilities.</p> <p>Subtitle E--Support to Skilled Nursing Facilities in Response to COVID-19<br> <br> (Sec. 9401) This section provides additional funding for quality improvement organizations under Medicare to support COVID-19 infection control and vaccination uptake at skilled nursing facilities.</p> <p>(Sec. 9402) This section provides additional funding to deploy teams to support skilled nursing facilities with cases of COVID-19 among residents or staff during, and for one year after, the COVID-19 public health emergency.<br> <br> Subtitle F--Preserving Health Benefits for Workers<br> <br> (Sec. 9501) This section provides health insurance premium assistance for individuals who become eligible for, and elect to enroll in, the COBRA (Consolidated Omnibus Budget Reconciliation Act) continuation coverage program.</p> <p>Specifically, the premiums for such individuals are treated as paid through September 30, 2021. The section also extends the election period for eligible individuals who have not elected COBRA coverage and for individuals who elected COBRA coverage but discontinued the coverage.<br> <br> Subject to specified requirements for eligible individuals changing or enrolling in other health plans under this program, such assistance is not available once an individual becomes eligible for any other group health plan. Assistance eligible individuals must notify their group health plan when they become eligible for coverage under another plan, subject to monetary penalties.<br> <br> Additionally, the section requires employers to provide eligible individuals specified written notice about the premium assistance program, including, among other information, available health plan enrollment options and the date that such assistance expires.<br> <br> Further, Treasury must reimburse employers, group health plans, and insurance issuers through a payroll tax credit or refund for unpaid premiums that were treated as paid under the program.<br> <br> Premium assistance is not considered income for federal income tax purposes.</p> <p>Subtitle G--Promoting Economic Security</p> <p>PART 1--2021 RECOVERY REBATES TO INDIVIDUALS</p> <p>(Sec. 9601) This section allows the payment of recovery rebates to individual taxpayers in 2021. The rebate amounts are $1,400 for an individual taxpayer ($2,800 for joint returns) and $1,400 for each taxpayer dependent. The amount of the rebate is limited by the taxpayer's adjusted gross income. To be eligible for the rebate, taxpayers must include a valid Social Security account number on their tax returns.</p> <p>Treasury must make advance payments of recovery rebates and carry out an outreach program to inform taxpayers of their eligibility for advance payments. </p> <p>This section provides additional funding for necessary expenses of the Internal Revenue Service, for the Bureau of the Fiscal Service, and for the Treasury Inspector General for Tax Administration for oversight purposes.</p> <p>PART 2--CHILD TAX CREDIT</p> <p>(Sec. 9611) This section revises and increases the child tax credit in 2021 and makes the credit refundable. The amount of the credit shall increase to $3,000 for each child under age 17 and to $3,600 for children under the age of 6 years. The amount of the credit is reduced based upon the adjusted gross income of the taxpayer. </p> <p>Treasury must establish a program for advance payments of the child tax credit. </p> <p>(Sec. 9612) This section sets forth rules for the application of the child tax credit in U.S. possessions and territories. </p> <p>PART 3--EARNED INCOME TAX CREDIT</p> <p>(Sec. 9621) This section revises the earned income tax credit (EITC) in 2021 for individuals with no qualifying children. It lowers the minimum age for eligibility for the credit for students and foster youth. </p> <p>(Sec. 9622) This section eliminates the verification requirement for EITC recipients with no children. </p> <p>(Sec. 9623) This credit expands eligibility for the EITC for certain separated spouses. </p> <p>(Sec. 9624) This section increases the threshold for disqualification of the EITC based on investment income from $2,200 to $10,000. </p> <p>(Sec. 9625) This section sets forth rules for the application of the EITC in U.S. possessions. </p> <p>(Sec. 9626) This section permits taxpayers whose earned income in 2021 is less than their earned income in 2019 to elect to substitute 2019 earned income for purposes of calculating the EITC. </p> <p>PART 4--DEPENDENT CARE ASSISTANCE</p> <p>(Sec. 9631) This section increases rate of the tax credit for child and dependent care expenses and makes the credit refundable. It also increases the dollar limit on such expenses that are eligible for the credit. </p> <p>(Sec. 9632) This section increases the amount of the tax exclusion for employer-provided dependent care assistance to $10,500 in 2021. </p> <p>PART 5--CREDITS FOR PAID SICK AND FAMILY LEAVE</p> <p>(Sec. 9641) This section allows certain employers whose businesses were affected by COVID-19 a payroll tax credit for 100% of qualified sick leave wages paid in a calendar quarter. </p> <p>(Sec. 9642) This section allows a refundable income tax credit for sick leave for self-employed individuals.</p> <p>(Sec. 9643) This section allows self-employed individuals a refundable income tax credit for 100% of qualified family leave. </p> <p>PART 6--EMPLOYEE RETENTION CREDIT</p> <p>(Sec. 9651) This section allows certain employers whose businesses were affected by the COVID-19 pandemic and who experienced a reduction of gross receipts due to the pandemic a payroll tax credit for 70% of employee wages in a calendar quarter. </p> <p>The credit may not exceed $50,000 for startup businesses and the amount of employee wages taken into account for purposes of the credit may not exceed $10,000 in any calendar quarter. The credit applies to wages paid after June 30, 2021, and before January 1, 2022. </p> <p>PART 7--PREMIUM TAX CREDIT</p> <p>(Sec. 9661) This section provides for increases in the rate of the refundable tax credit for coverage under qualified health plan (premium tax credit) in 2021 and 2022 for certain low-income taxpayers.</p> <p>(Sec. 9662) This section allows a temporary modification for taxable years beginning in 2020 of limitations on the reconciliation of the premium tax credit with advance payments of the credit. </p> <p>(Sec. 9663) This section extends eligibility for the premium tax credit to individuals receiving unemployment compensation in 2021. </p> <p>PART 8--MISCELLANEOUS PROVISIONS</p> <p>(Sec. 9671) This section repeals the taxpayer election to allocate and apportion interest expense of each member of a domestic corporation that is a member of an affiliated group on a worldwide basis.</p> <p>(Sec. 9672) This section allows an exclusion from gross income for targeted Economic Injury Disaster Loan advances received from the Small Business Administration (SBA). </p> <p>(Sec. 9673) This section allows an exclusion from gross income for restaurant revitalization grant amounts received from the SBA.</p> <p>(Sec. 9674) This section provides for a <em>de minimis </em>exception to the reporting requirements of third party network transactions for transactions not exceeding $600. </p> <p>(Sec. 9675) This section modifies the tax treatment of income attributable to the forgiveness of certain student loan indebtedness incurred between 2021 and 2026. It excludes from student gross income, for income tax purposes, income from the discharge of student loans for postsecondary education expenses, private education loans, and loans from certain tax-exempt educational organizations. </p> <p>Subtitle H--Pensions</p> <p>(Sec. 9701) This section permits multiemployer pension plans to elect to retain their funding zone status from the previous year for either (1) the first plan year beginning during the period from March 1, 2020, through February 28, 2021; or (2) the next succeeding plan year, as designated by the plan sponsor. Further, if such a plan is in endangered or critical status for the plan year preceding the designated plan year, the plan is not required to update its funding improvement or rehabilitation plans or schedules until the plan year following such designated year.</p> <p>If an election has been made under this section, but the plan has been certified as in critical status for the designated plan year, the plan is treated as in critical status for the purpose of specified tax liability and contribution requirements. </p> <p>(Sec. 9702) This section permits a multiemployer pension plan to extend by five years the funding improvement or rehabilitation period if the plan is designated as in endangered or critical status for a plan year beginning in 2020 or 2021. </p> <p>(Sec. 9703) This section modifies the minimum funding standards for multiemployer pension plans to account for investment losses and other losses related to the COVID-19 pandemic. The section permits two years of experience losses to be amortized over 30 years instead of 15 years. This section does not apply to plans receiving special financial assistance.</p> <p> (Sec. 9704) This section expands the authority of, and provides funding for, the Pension Benefit Guaranty Corporation (PBGC) to provide special financial assistance to eligible multiemployer pension plans that are in various declining or critical statuses. The PBGC must issue application requirements for such assistance and may require, subject to certain limitations, reasonable conditions on plans receiving assistance.<br> <br> Plans approved for special financial assistance must be paid the amount sufficient for the plan to pay the full benefits due through the plan year ending in 2051. Plans receiving special assistance are deemed to be in critical status and must follow certain requirements such as reinstating any benefits that have been suspended.<br> <br> This section also increases the PBGC insurance premium for multiemployer pension plans.</p> <p>(Sec. 9705) This section revises the amortization rules for single employer pension plans. The section reduces shortfall amortization bases and the required shortfall amortization installments for specified plan years to zero. It also extends the shortfall amortization period from 7 years to 15 years. </p> <p>(Sec. 9706) This section extends and modifies the pension funding stabilization percentages for single employer pension plans. The percentages are used to determine the applicable interest rates for valuing single employer plan liabilities that affect a plan's minimum funding requirements. It also sets a floor of 5% on the average segment rate for any 25-year period.</p> <p>(Sec. 9707) This section expands the eligibility for special funding rules for pension plans operated by certain community newspapers.</p> <p>(Sec. 9708) This section expands the limitation on the tax deductibility of certain employees' annual compensation that is above $1 million to include an employer's five highest paid employees beginning in 2027.</p> <p>TITLE IX--COMMITTEE ON FINANCE</p> <p>Subtitle I--Child Care for Workers</p> <p>(Sec. 9801) This section provides permanent funding for the Child Care Entitlement to States and specifically makes this funding available to U.S. territories.</p> <p>Subtitle J--Medicaid</p> <p>(Sec. 9811) This section requires state Medicaid programs to cover vaccines, testing, and treatments for COVID-19 without cost-sharing until one year after the end of the public health emergency. The section applies a 100% federal matching rate, also known as the Federal Medical Assistance Percentage (FMAP), to COVID-19 vaccines during this period. States may also cover COVID-19 vaccines and treatments, in addition to testing, for uninsured individuals. The section also specifically includes drugs that are used to treat or prevent COVID-19 in the Medicaid Drug Rebate Program.</p> <p>(Sec. 9812) This section temporarily allows states to provide one year of postpartum coverage under Medicaid. Current law requires 60 days of postpartum coverage.</p> <p>(Sec. 9813) This section temporarily allows state Medicaid programs to cover certain community-based mobile crisis intervention services for individuals experiencing a mental health or substance-use disorder crisis outside of a facility setting. </p> <p>(Sec. 9814) This section temporarily increases the FMAP for states that elect to participate in Medicaid expansion (pursuant to the Patient Protection and Affordable Care Act) if they have not already done so.</p> <p>(Sec. 9815) This section temporarily applies a 100% FMAP to services provided through Urban Indian Organizations, Native Hawaiian Health Centers, and other specified entities.</p> <p>(Sec. 9816) This section terminates certain limitations regarding drug rebates under the Medicaid Drug Rebate Program. Currently, the maximum rebate that drug manufacturers must pay for single-source and innovator multiple-source drugs is 100% of the average manufacturer price of the drug. The section specifies that this limitation only applies to rebate periods that begin before January 1, 2024. </p> <p>(Sec. 9817) This section temporarily increases the FMAP for home- and community-based services. In order to receive the increase, states must implement activities that enhance, expand, or strengthen such services under their Medicaid programs. </p> <p>(Sec. 9818) This section provides funding for COVID-19 strike teams that can be deployed to Medicaid nursing facilities during, and for one year after, the public health emergency to help with clinical care, infection control, or staffing. </p> <p>(Sec. 9819) This section requires the Centers for Medicare &amp; Medicaid Services (CMS) to recalculate Medicaid disproportionate share hospital (DSH) allotments for states so as to ensure that certain FMAP increases do not affect the total payments states can make during the COVID-19 public health emergency. (DSHs are hospitals that receive additional payment under Medicaid for treating a large share of low-income patients.)</p> <p>Subtitle K--Children's Health Insurance Program</p> <p>(Sec. 9821) This section requires Children's Health Insurance Program (CHIP) coverage of COVID-19 vaccines, testing, and treatments without cost-sharing until one year after the end of the public health emergency. The section applies a 100% enhanced FMAP to COVID-19 vaccines during this period.</p> <p>(Sec. 9822) This section temporarily allows states to provide one year of postpartum coverage under CHIP. Specifically, states that choose to provide one year of postpartum coverage under Medicaid (as authorized under this bill) must also extend the coverage period under CHIP.</p> <p>Subtitle L--Medicare</p> <p>(Sec. 9831) This section establishes an area wage adjustment floor for Medicare hospital payments in all-urban states (i.e., states that have no rural areas or rural hospitals) and excludes such adjustments from certain budget neutrality rules. The CMS must determine the floor using a specified methodology.</p> <p>(Sec. 9832) This section allows for Medicare payment of ground ambulance services that did not result in the actual transport of an individual to a permitted facility, if the lack of transport was due to community-wide COVID-19 protocols for emergency medical services during the public health emergency.</p> <p>(Sec. 9833) This section provides funding for the Office of the Inspector General of HHS to oversee the agency's COVID-19 activities.</p> <p>Subtitle M--Coronavirus State and Local Fiscal Recovery Funds</p> <p>(Sec. 9901) This section provides funding to states, territories, and tribal governments to mitigate the fiscal effects stemming from the COVID-19 public health emergency. </p> <p>A state, territory, or tribal government shall use the funds to cover costs incurred by December 31, 2024, to</p> <ul> <li>respond to the COVID-19 emergency or its negative economic impacts, including assistance to households, small businesses, and nonprofits or aid to impacted industries such as tourism, travel, and hospitality;</li> <li> provide premium pay to essential workers or provide grants to employers of essential workers during the COVID-19 emergency;</li> <li> provide government services to the extent of the reduction in revenue of such state, territory, or tribal government due to the COVID-19 emergency; or </li> <li> make necessary investments in water, sewer, or broadband infrastructure.</li> </ul> <p>The section prohibits (1) the use of funds to reduce or delay the imposition of a tax or tax increase, or (2) deposit of the funds into a pension fund.</p> <p>The section provides funding for payments to states, territories, and tribal governments to carry out critical capital projects directly enabling work, education, and health monitoring, including remote options, in response to the COVID-19 emergency.</p> <p>The section makes provides funding for tribal governments and certain local governments for FY2022-FY2023, to be allocated by Treasury, taking into account economic conditions.</p> <p>TITLE IX--COMMITTEE ON FINANCE</p> <p>Subtitle N--Other Provisions</p> <p>(Sec. 9911) This section provides funding for payments to Medicare, Medicaid, and CHIP health care providers in rural areas for health care expenses and lost revenues that are attributable to COVID-19. </p> <p>(Sec. 9912) This section extends the authority to collect certain customs user fees through FY2030.</p> <p>TITLE X--COMMITTEE ON FOREIGN RELATIONS</p> <p>(Sec. 10001) This section provides additional FY2021 funding for the Department of State, in conducting the foreign affairs of the United States, to prevent, prepare for, and respond to COVID-19 domestically or internationally.</p> <p>(Sec. 10002) This section provides additional FY2021 funding to the U.S. Agency for International Development (USAID) for its necessary expenses to prevent, prepare for, and respond to COVID-19 domestically or internationally.</p> <p>(Sec. 10003) This section provides additional FY2021 funding, to be allocated among the USAID and the State Department, for international economic support in the form of health programs to prevent, prepare for, and respond to COVID-19.</p> <p>(Sec. 10004) This section provides additional FY2021 funding for the State Department to prevent, prepare for, and respond to COVID-19 by assisting refugees and migrants, including through contributions to relevant international humanitarian organizations.</p> <p>(Sec. 10005) This section provides additional FY2021 funding for the State Department to support the priorities and objectives of the United Nations (U.N.) Global Humanitarian Response Plan COVID-19 through voluntary contributions to international organizations and programs administered by those organizations. This response plan, implemented by U.N. agencies, is a coordinated global humanitarian response plan to fight COVID-19 in vulnerable countries.</p> <p>TITLE XI--COMMITTEE ON INDIAN AFFAIRS</p> <p>(Sec. 11001) This section provides additional FY2021 funding for the Indian Health Service to address the impacts of COVID-19 on the operation of health and sanitation programs, including by replacing lost third-party reimbursements, improving health technology, distributing and administering vaccines, and increasing mental health and substance use prevention and treatment services, as well as for expenses relating to the delivery of potable water.</p> <p>(Sec. 11002) This section provides additional FY2021 funding for the Bureau of Indian Affairs to address the impacts of COVID-19 on social welfare and public safety programs, including by providing for tribal housing improvement, tribal government services and child welfare assistance, and delivery of potable water.</p> <p>These funds shall be excluded from the calculation of funds received by those tribal governments that participate in the Small and Needy program.</p> <p>(Sec. 11003) This section provides additional FY2021 funding to tribal communities for federal housing assistance through the Native American Housing Block Grant, Native Hawaiian Housing Block Grant, and Indian Community Development Block Grant programs.</p> <p>(Sec. 11004) This section provides additional FY2021 funding for the Administration for Native Americans to award emergency grants to tribal communities for Native American language preservation and maintenance.</p> <p>(Sec. 11005) This section provides additional FY2021 funding for the Bureau of Indian Education (BIE) to allocate, within 45 days, for programs or activities that are operated or funded by the BIE, for BIE-funded elementary and secondary schools, and for tribal colleges or universities. </p> <p>(Sec. 11006) This section provides additional FY2021 funding for the Department of Education to award grants to tribal education agencies, Native Hawaiian education organizations, and Alaska Native education organizations. Grant funds may be used for certain programs and services, including early childhood education programs and family literacy services.</p>]]></summary-text>
</summary>
<summary summary-id="id117hr1319v55" currentChamber="SENATE" update-date="2021-03-11">
<action-date>2021-03-06</action-date>
<action-desc>Passed Senate</action-desc>
<summary-text><![CDATA[<p><b>American Rescue Plan Act of 2021</b></p> <p>This bill provides additional relief to address the continued impact of COVID-19 (i.e., coronavirus disease 2019) on the economy, public health, state and local governments, individuals, and businesses. </p> <p>Specifically, the bill provides funding for</p> <ul> <li>agriculture and nutrition programs, including the Supplemental Nutrition Assistance Program (SNAP, formerly known as the food stamp program);</li> <li> schools and institutions of higher education;</li> <li> child care and programs for older Americans and their families;</li> <li>COVID-19 vaccinations, testing, treatment, and prevention;</li> <li>mental health and substance-use disorder services;</li> <li>emergency rental assistance, homeowner assistance, and other housing programs; </li> <li>payments to state, local, tribal, and territorial governments for economic relief; </li> <li>multiemployer pension plans; </li> <li>small business assistance, including specific programs for restaurants and live venues; </li> <li>programs for health care workers, transportation workers, federal employees, veterans, and other targeted populations; </li> <li>international and humanitarian responses;</li> <li>tribal government services; </li> <li>scientific research and development; </li> <li>state, territorial, and tribal capital projects that enable work, education, and health monitoring in response to COVID-19; and </li> <li> health care providers in rural areas.</li> </ul> <p>The bill also includes provisions that</p> <ul> <li>extend unemployment benefits and related services; </li> <li>make up to $10,200 of 2020 unemployment compensation tax-free;</li> <li>make student loan forgiveness tax-free through 2025;</li> <li>provide a maximum recovery rebate of $1,400 per eligible individual;</li> <li>expand and otherwise modify certain tax credits, including the child tax credit and the earned income tax credit;</li> <li>provide premium assistance for certain health insurance coverage; and</li> <li>require coverage, without cost-sharing, of COVID-19 vaccines and treatment under Medicaid and the Children's Health Insurance Program (CHIP).</li> </ul>]]></summary-text>
</summary>
<summary summary-id="id117hr1319v53" currentChamber="HOUSE" update-date="2021-03-03">
<action-date>2021-02-27</action-date>
<action-desc>Passed House</action-desc>
<summary-text><![CDATA[<p><b>American Rescue Plan Act of 2021</b></p> <p>This bill provides additional relief to address the continued impact of COVID-19 (i.e., coronavirus disease 2019) on the economy, public health, state and local governments, individuals, and businesses. </p> <p>Specifically, the bill provides funding for</p> <ul> <li>agriculture and nutrition programs, including the Supplemental Nutrition Assistance Program (SNAP, formerly known as the food stamp program);</li> <li> schools and institutions of higher education;</li> <li> child care and programs for older Americans and their families;</li> <li>COVID-19 vaccinations, testing, treatment, and prevention;</li> <li>mental health and substance-use disorder services;</li> <li>emergency rental assistance, homeowner assistance, and other housing programs; </li> <li>payments to state, local, tribal, and territorial governments for economic relief; </li> <li>multiemployer pension plans; </li> <li>small business assistance, including specific programs for restaurants and live venues; </li> <li>programs for health care workers, transportation workers, federal employees, veterans, and other targeted populations; </li> <li>international and humanitarian responses;</li> <li>tribal government services; and </li> <li>scientific research and development.</li> </ul> <p>The bill also includes provisions that</p> <ul> <li> raise the federal minimum wage to $15 an hour by 2025;</li> <li>extend unemployment benefits and related services;</li> <li>provide a maximum recovery rebate of $1,400 per eligible individual;</li> <li>expand and otherwise modify certain tax credits, including the child tax credit and the earned income tax credit;</li> <li>provide premium assistance for certain health insurance coverage; and</li> <li>require coverage, without cost-sharing, of COVID-19 vaccines and treatment under Medicaid and the Children's Health Insurance Program (CHIP).</li> </ul>]]></summary-text>
</summary>
<summary summary-id="id117hr1319v07" currentChamber="HOUSE" update-date="2021-03-01">
<action-date>2021-02-24</action-date>
<action-desc>Reported to House</action-desc>
<summary-text><![CDATA[<p><b>American Rescue Plan Act of 2021</b></p> <p>This bill provides additional relief to address the continued impact of COVID-19 (i.e., coronavirus disease 2019) on the economy, public health, state and local governments, individuals, and businesses. </p> <p>Specifically, the bill provides funding for</p> <ul> <li>agriculture and nutrition programs, including the Supplemental Nutrition Assistance Program (SNAP, formerly known as the food stamp program);</li> <li> schools and institutions of higher education;</li> <li> child care and programs for older Americans and their families;</li> <li>COVID-19 vaccinations, testing, treatment, and prevention;</li> <li>mental health and substance-use disorder services;</li> <li>emergency rental assistance, homeowner assistance, and other housing programs; </li> <li>payments to state, local, tribal, and territorial governments for economic relief; </li> <li>multiemployer pension plans; </li> <li>small business assistance, including specific programs for restaurants and live venues; and</li> <li>programs for health care workers, transportation workers, federal employees, veterans, and other targeted populations.</li> </ul> <p>The bill also includes provisions that</p> <ul> <li> raise the federal minimum wage to $15 an hour by 2025;</li> <li>extend unemployment benefits and related services;</li> <li>provide a maximum recovery rebate of $1,400 per eligible individual;</li> <li>expand and otherwise modify certain tax credits, including the child tax credit and the earned income tax credit;</li> <li>provide premium assistance for certain health insurance coverage; and</li> <li>require coverage, without cost-sharing, of COVID-19 vaccines and treatment under Medicaid and the Children's Health Insurance Program (CHIP).</li> </ul>]]></summary-text>
</summary>
<summary summary-id="id117hr1319v00" currentChamber="HOUSE" update-date="2021-03-01">
<action-date>2021-02-24</action-date>
<action-desc>Introduced in House</action-desc>
<summary-text><![CDATA[<p><b>American Rescue Plan Act of 2021</b></p> <p>This bill provides additional relief to address the continued impact of COVID-19 (i.e., coronavirus disease 2019) on the economy, public health, state and local governments, individuals, and businesses. </p> <p>Specifically, the bill provides funding for</p> <ul> <li>agriculture and nutrition programs, including the Supplemental Nutrition Assistance Program (SNAP, formerly known as the food stamp program);</li> <li> schools and institutions of higher education;</li> <li> child care and programs for older Americans and their families;</li> <li>COVID-19 vaccinations, testing, treatment, and prevention;</li> <li>mental health and substance-use disorder services;</li> <li>emergency rental assistance, homeowner assistance, and other housing programs; </li> <li>payments to state, local, tribal, and territorial governments for economic relief; </li> <li>multiemployer pension plans; </li> <li>small business assistance, including specific programs for restaurants and live venues; and</li> <li>programs for health care workers, transportation workers, federal employees, veterans, and other targeted populations.</li> </ul> <p>The bill also includes provisions that</p> <ul> <li> raise the federal minimum wage to $15 an hour by 2025;</li> <li>extend unemployment benefits and related services;</li> <li>provide a maximum recovery rebate of $1,400 per eligible individual;</li> <li>expand and otherwise modify certain tax credits, including the child tax credit and the earned income tax credit;</li> <li>provide premium assistance for certain health insurance coverage; and</li> <li>require coverage, without cost-sharing, of COVID-19 vaccines and treatment under Medicaid and the Children's Health Insurance Program (CHIP).</li> </ul>]]></summary-text>
</summary>
</item>
<dublinCore xmlns:dc="http://purl.org/dc/elements/1.1/">
<dc:format>text/xml</dc:format>
<dc:language>EN</dc:language>
<dc:rights>Pursuant to Title 17 Section 105 of the United States Code, this file is not subject to copyright protection and is in the public domain.</dc:rights>
<dc:contributor>Congressional Research Service, Library of Congress</dc:contributor>
<dc:description>This file contains bill summaries for federal legislation. A bill summary describes the most significant provisions of a piece of legislation and details the effects the legislative text may have on current law and federal programs. Bill summaries are authored by the Congressional Research Service (CRS) of the Library of Congress. As stated in Public Law 91-510 (2 USC 166 (d)(6)), one of the duties of CRS is "to prepare summaries and digests of bills and resolutions of a public general nature introduced in the Senate or House of Representatives". For more information, refer to the User Guide that accompanies this file.</dc:description>
</dublinCore>
</BillSummaries>
