<?xml version="1.0" encoding="UTF-8"?><BillSummaries>
<item congress="117" measure-type="hr" measure-number="333" measure-id="id117hr333" originChamber="HOUSE" orig-publish-date="2021-01-15" update-date="2021-02-11">
<title>Disabled Veterans Tax Termination Act</title>
<summary summary-id="id117hr333v00" currentChamber="HOUSE" update-date="2021-02-11">
<action-date>2021-01-15</action-date>
<action-desc>Introduced in House</action-desc>
<summary-text><![CDATA[<p><strong>Disabled Veterans Tax Termination Act</strong></p> <p>This bill modifies provisions related to military retired pay. Specifically, the bill authorizes veterans with a service-connected disability of less than 50% to concurrently receive both retired pay and disability compensation. The bill also makes qualified disability retirees with less than 20 years of retirement-creditable service eligible for concurrent receipt, subject to specified reductions in retired pay.</p>]]></summary-text>
</summary>
</item>
<dublinCore xmlns:dc="http://purl.org/dc/elements/1.1/">
<dc:format>text/xml</dc:format>
<dc:language>EN</dc:language>
<dc:rights>Pursuant to Title 17 Section 105 of the United States Code, this file is not subject to copyright protection and is in the public domain.</dc:rights>
<dc:contributor>Congressional Research Service, Library of Congress</dc:contributor>
<dc:description>This file contains bill summaries for federal legislation. A bill summary describes the most significant provisions of a piece of legislation and details the effects the legislative text may have on current law and federal programs. Bill summaries are authored by the Congressional Research Service (CRS) of the Library of Congress. As stated in Public Law 91-510 (2 USC 166 (d)(6)), one of the duties of CRS is "to prepare summaries and digests of bills and resolutions of a public general nature introduced in the Senate or House of Representatives". For more information, refer to the User Guide that accompanies this file.</dc:description>
</dublinCore>
</BillSummaries>
