<?xml version="1.0" encoding="UTF-8"?><BillSummaries>
<item congress="117" measure-type="hr" measure-number="324" measure-id="id117hr324" originChamber="HOUSE" orig-publish-date="2021-01-15" update-date="2021-02-10">
<title>To specify the Federal share of the costs of certain duty of the National Guard in connection with the Coronavirus Disease 2019.</title>
<summary summary-id="id117hr324v00" currentChamber="HOUSE" update-date="2021-02-10">
<action-date>2021-01-15</action-date>
<action-desc>Introduced in House</action-desc>
<summary-text><![CDATA[<p>This bill requires the federal government to pay states for 100% of the cost of National Guard duty for a mission assignment validated by the Federal Emergency Management Agency pursuant to certain declarations related to the COVID-19 (i.e., coronavirus disease 2019) public health emergency. The bill applies to declarations, with respect to COVID-19, of major disasters, emergencies, national emergencies, and public health emergencies.</p>]]></summary-text>
</summary>
</item>
<dublinCore xmlns:dc="http://purl.org/dc/elements/1.1/">
<dc:format>text/xml</dc:format>
<dc:language>EN</dc:language>
<dc:rights>Pursuant to Title 17 Section 105 of the United States Code, this file is not subject to copyright protection and is in the public domain.</dc:rights>
<dc:contributor>Congressional Research Service, Library of Congress</dc:contributor>
<dc:description>This file contains bill summaries for federal legislation. A bill summary describes the most significant provisions of a piece of legislation and details the effects the legislative text may have on current law and federal programs. Bill summaries are authored by the Congressional Research Service (CRS) of the Library of Congress. As stated in Public Law 91-510 (2 USC 166 (d)(6)), one of the duties of CRS is "to prepare summaries and digests of bills and resolutions of a public general nature introduced in the Senate or House of Representatives". For more information, refer to the User Guide that accompanies this file.</dc:description>
</dublinCore>
</BillSummaries>
