<?xml version="1.0" encoding="UTF-8"?><BillSummaries>
<item congress="117" measure-type="hr" measure-number="310" measure-id="id117hr310" originChamber="HOUSE" orig-publish-date="2021-01-13" update-date="2021-02-10">
<title>To posthumously award the Congressional Gold Medal, collectively, to Glen Doherty, Tyrone Woods, J. Christopher Stevens, and Sean Smith, in recognition of their contributions to the Nation.</title>
<summary summary-id="id117hr310v00" currentChamber="HOUSE" update-date="2021-02-10">
<action-date>2021-01-13</action-date>
<action-desc>Introduced in House</action-desc>
<summary-text><![CDATA[<p>This bill directs the Speaker of the House of Representatives and the President pro tempore of the Senate to arrange for the posthumous award of a Congressional Gold Medal to commemorate Glen Doherty, Tyrone Woods, J. Christopher Stevens, and Sean Smith, four Americans killed in the September 11, 2012, attack on the U.S. consulate in Benghazi, Libya. (Stevens was the U.S. Ambassador to Libya at the time, Smith was an&nbsp;officer in the Foreign Service, and&nbsp;Doherty and&nbsp;Woods were both government contractors and former&nbsp;Navy SEALs.) </p> <p>After the medal has been awarded, it shall be given to the Central Intelligence Agency Museum. </p>]]></summary-text>
</summary>
</item>
<dublinCore xmlns:dc="http://purl.org/dc/elements/1.1/">
<dc:format>text/xml</dc:format>
<dc:language>EN</dc:language>
<dc:rights>Pursuant to Title 17 Section 105 of the United States Code, this file is not subject to copyright protection and is in the public domain.</dc:rights>
<dc:contributor>Congressional Research Service, Library of Congress</dc:contributor>
<dc:description>This file contains bill summaries for federal legislation. A bill summary describes the most significant provisions of a piece of legislation and details the effects the legislative text may have on current law and federal programs. Bill summaries are authored by the Congressional Research Service (CRS) of the Library of Congress. As stated in Public Law 91-510 (2 USC 166 (d)(6)), one of the duties of CRS is "to prepare summaries and digests of bills and resolutions of a public general nature introduced in the Senate or House of Representatives". For more information, refer to the User Guide that accompanies this file.</dc:description>
</dublinCore>
</BillSummaries>
