<?xml version="1.0" encoding="UTF-8"?><BillSummaries>
<item congress="117" measure-type="hr" measure-number="789" measure-id="id117hr789" originChamber="HOUSE" orig-publish-date="2021-02-04" update-date="2021-03-03">
<title>Aid and Attendance Support Act</title>
<summary summary-id="id117hr789v00" currentChamber="HOUSE" update-date="2021-03-03">
<action-date>2021-02-04</action-date>
<action-desc>Introduced in House</action-desc>
<summary-text><![CDATA[<p><b>Aid and Attendance Support Act</b> </p> <p>This bill increases the amount of specified Department of Veterans Affairs benefit payments for veterans (or their survivors) who require aid at home or are in nursing homes. Specifically, the bill increases such benefits by 25% until 60 days after the end of the declared emergency period resulting from COVID-19 (i.e., coronavirus disease 2019).</p>]]></summary-text>
</summary>
</item>
<dublinCore xmlns:dc="http://purl.org/dc/elements/1.1/">
<dc:format>text/xml</dc:format>
<dc:language>EN</dc:language>
<dc:rights>Pursuant to Title 17 Section 105 of the United States Code, this file is not subject to copyright protection and is in the public domain.</dc:rights>
<dc:contributor>Congressional Research Service, Library of Congress</dc:contributor>
<dc:description>This file contains bill summaries for federal legislation. A bill summary describes the most significant provisions of a piece of legislation and details the effects the legislative text may have on current law and federal programs. Bill summaries are authored by the Congressional Research Service (CRS) of the Library of Congress. As stated in Public Law 91-510 (2 USC 166 (d)(6)), one of the duties of CRS is "to prepare summaries and digests of bills and resolutions of a public general nature introduced in the Senate or House of Representatives". For more information, refer to the User Guide that accompanies this file.</dc:description>
</dublinCore>
</BillSummaries>
