<?xml version="1.0" encoding="UTF-8"?><BillSummaries>
<item congress="117" measure-type="hr" measure-number="249" measure-id="id117hr249" originChamber="HOUSE" orig-publish-date="2021-01-11" update-date="2021-02-26">
<title>Protecting Federal Workers Act</title>
<summary summary-id="id117hr249v00" currentChamber="HOUSE" update-date="2021-02-26">
<action-date>2021-01-11</action-date>
<action-desc>Introduced in House</action-desc>
<summary-text><![CDATA[<p><b>Protecting Federal Workers Act</b><br /><br /> This bill nullifies certain executive orders&nbsp;concerning federal-employee collective bargaining, classifications, and training. Specifically, it rescinds orders and a memorandum that</p> <ul> <li>limit the use of unrestricted grants for union activity, </li> <li>specify objectives for agencies to negotiate collective-bargaining agreements and establish the Interagency Labor Relations Working Group, </li> <li>establish principles for the removal and discipline of federal employees and other personnel issues, </li> <li>prohibit government contractors and other entities from conducting specified workplace training related to race or sex,</li> <li>place certain executive agency positions under a new schedule in the excepted service instead of the competitive service, and</li> <li>delegate authority to the Secretary of Defense to exclude the Department of Defense from certain labor-relations requirements.</li> </ul> <p><br /> </p>]]></summary-text>
</summary>
</item>
<dublinCore xmlns:dc="http://purl.org/dc/elements/1.1/">
<dc:format>text/xml</dc:format>
<dc:language>EN</dc:language>
<dc:rights>Pursuant to Title 17 Section 105 of the United States Code, this file is not subject to copyright protection and is in the public domain.</dc:rights>
<dc:contributor>Congressional Research Service, Library of Congress</dc:contributor>
<dc:description>This file contains bill summaries for federal legislation. A bill summary describes the most significant provisions of a piece of legislation and details the effects the legislative text may have on current law and federal programs. Bill summaries are authored by the Congressional Research Service (CRS) of the Library of Congress. As stated in Public Law 91-510 (2 USC 166 (d)(6)), one of the duties of CRS is "to prepare summaries and digests of bills and resolutions of a public general nature introduced in the Senate or House of Representatives". For more information, refer to the User Guide that accompanies this file.</dc:description>
</dublinCore>
</BillSummaries>
