<?xml version="1.0" encoding="UTF-8"?><BillSummaries>
<item congress="117" measure-type="hr" measure-number="824" measure-id="id117hr824" originChamber="HOUSE" orig-publish-date="2021-02-04" update-date="2021-03-05">
<title>Stop China’s IP Theft Act</title>
<summary summary-id="id117hr824v00" currentChamber="HOUSE" update-date="2021-03-05">
<action-date>2021-02-04</action-date>
<action-desc>Introduced in House</action-desc>
<summary-text><![CDATA[<p><b>Stop China's IP Theft Act</b></p> <p>This bill directs the Department of State and the Department of Homeland Security to deny entry into the United States to senior Chinese Communist Party officials, the spouses and children of such officials, members of the cabinet of the Chinese government, and active duty members of China's armed forces. This prohibition shall not apply in any year in which the Office of the Director of National Intelligence certifies to Congress that China's government has stopped sponsoring, funding, facilitating, and actively working to support efforts to infringe the intellectual property rights of U.S. citizens and companies. </p>]]></summary-text>
</summary>
</item>
<dublinCore xmlns:dc="http://purl.org/dc/elements/1.1/">
<dc:format>text/xml</dc:format>
<dc:language>EN</dc:language>
<dc:rights>Pursuant to Title 17 Section 105 of the United States Code, this file is not subject to copyright protection and is in the public domain.</dc:rights>
<dc:contributor>Congressional Research Service, Library of Congress</dc:contributor>
<dc:description>This file contains bill summaries for federal legislation. A bill summary describes the most significant provisions of a piece of legislation and details the effects the legislative text may have on current law and federal programs. Bill summaries are authored by the Congressional Research Service (CRS) of the Library of Congress. As stated in Public Law 91-510 (2 USC 166 (d)(6)), one of the duties of CRS is "to prepare summaries and digests of bills and resolutions of a public general nature introduced in the Senate or House of Representatives". For more information, refer to the User Guide that accompanies this file.</dc:description>
</dublinCore>
</BillSummaries>
