<?xml version="1.0" encoding="UTF-8"?><BillSummaries>
<item congress="117" measure-type="hr" measure-number="1921" measure-id="id117hr1921" originChamber="HOUSE" orig-publish-date="2021-03-16" update-date="2021-07-28">
<title>To amend the Federal Water Pollution Control Act to reauthorize the Lake Pontchartrain Basin Restoration Program, and for other purposes.</title>
<summary summary-id="id117hr1921v53" currentChamber="HOUSE" update-date="2021-07-28">
<action-date>2021-06-15</action-date>
<action-desc>Passed House</action-desc>
<summary-text><![CDATA[<p>This bill reauthorizes through FY2026 and revises the Lake Pontchartrain Basin Restoration Program.</p> <p>Under the existing program, the Environmental Protection Agency (EPA) must develop and fund projects to restore the ecological health of the basin, which is located in Louisiana and Mississippi. The bill requires the EPA to review and revise the basin's comprehensive conservation and management plan at least once every five years. In addition, the bill eliminates a statement of the basin's size.</p>]]></summary-text>
</summary>
<summary summary-id="id117hr1921v07" currentChamber="HOUSE" update-date="2021-06-15">
<action-date>2021-05-28</action-date>
<action-desc>Reported to House</action-desc>
<summary-text><![CDATA[<p>This bill reauthorizes through FY2026 and revises the Lake Pontchartrain Basin Restoration Program.</p> <p>Under the existing program, the Environmental Protection Agency (EPA) must develop and fund projects to restore the ecological health of the basin, which is located in Louisiana and Mississippi. The bill requires the EPA to review and revise the basin's comprehensive conservation and management plan at least once every five years. In addition, the bill eliminates a statement of the basin's size.</p>]]></summary-text>
</summary>
<summary summary-id="id117hr1921v00" currentChamber="HOUSE" update-date="2021-04-19">
<action-date>2021-03-16</action-date>
<action-desc>Introduced in House</action-desc>
<summary-text><![CDATA[<p>This bill reauthorizes through FY2026 and revises the Lake Pontchartrain Basin Restoration Program.</p> <p>Under the existing program, the Environmental Protection Agency (EPA) must develop and fund projects to restore the ecological health of the basin, which is located in Louisiana and Mississippi. The bill requires the EPA to review and revise the basin's comprehensive conservation and management plan at least once every five years. In addition, the bill eliminates a statement of the basin's size.</p>]]></summary-text>
</summary>
</item>
<dublinCore xmlns:dc="http://purl.org/dc/elements/1.1/">
<dc:format>text/xml</dc:format>
<dc:language>EN</dc:language>
<dc:rights>Pursuant to Title 17 Section 105 of the United States Code, this file is not subject to copyright protection and is in the public domain.</dc:rights>
<dc:contributor>Congressional Research Service, Library of Congress</dc:contributor>
<dc:description>This file contains bill summaries for federal legislation. A bill summary describes the most significant provisions of a piece of legislation and details the effects the legislative text may have on current law and federal programs. Bill summaries are authored by the Congressional Research Service (CRS) of the Library of Congress. As stated in Public Law 91-510 (2 USC 166 (d)(6)), one of the duties of CRS is "to prepare summaries and digests of bills and resolutions of a public general nature introduced in the Senate or House of Representatives". For more information, refer to the User Guide that accompanies this file.</dc:description>
</dublinCore>
</BillSummaries>
