<?xml version="1.0" encoding="UTF-8"?><BillSummaries>
<item congress="117" measure-type="hr" measure-number="686" measure-id="id117hr686" originChamber="HOUSE" orig-publish-date="2021-02-02" update-date="2021-03-02">
<title>Security Clearance Review Act</title>
<summary summary-id="id117hr686v00" currentChamber="HOUSE" update-date="2021-03-02">
<action-date>2021-02-02</action-date>
<action-desc>Introduced in House</action-desc>
<summary-text><![CDATA[<p><b>Security Clearance Review Act</b></p> <p>This bill imposes security-related requirements with respect to political appointees in the Executive Office of the President.</p> <p>Under this bill, such a political appointee (1) may be employed in the office only if the appointment is clearly consistent with national security; and (2) may not have a security clearance or access to classified information unless the Federal Bureau of Investigation (FBI) grants such clearance or access, unless the President nullifies the FBI's decision to deny clearance or access.</p> <p>If the President nullifies the FBI's decision to deny clearance or access to such an appointee, the President must report to Congress within 30 days explaining the reasons for the nullification.</p>]]></summary-text>
</summary>
</item>
<dublinCore xmlns:dc="http://purl.org/dc/elements/1.1/">
<dc:format>text/xml</dc:format>
<dc:language>EN</dc:language>
<dc:rights>Pursuant to Title 17 Section 105 of the United States Code, this file is not subject to copyright protection and is in the public domain.</dc:rights>
<dc:contributor>Congressional Research Service, Library of Congress</dc:contributor>
<dc:description>This file contains bill summaries for federal legislation. A bill summary describes the most significant provisions of a piece of legislation and details the effects the legislative text may have on current law and federal programs. Bill summaries are authored by the Congressional Research Service (CRS) of the Library of Congress. As stated in Public Law 91-510 (2 USC 166 (d)(6)), one of the duties of CRS is "to prepare summaries and digests of bills and resolutions of a public general nature introduced in the Senate or House of Representatives". For more information, refer to the User Guide that accompanies this file.</dc:description>
</dublinCore>
</BillSummaries>
