<?xml version="1.0" encoding="UTF-8"?><BillSummaries>
<item congress="117" measure-type="hr" measure-number="527" measure-id="id117hr527" originChamber="HOUSE" orig-publish-date="2021-01-28" update-date="2021-02-24">
<title>CFPB Dual Mandate and Economic Analysis Act</title>
<summary summary-id="id117hr527v00" currentChamber="HOUSE" update-date="2021-02-24">
<action-date>2021-01-28</action-date>
<action-desc>Introduced in House</action-desc>
<summary-text><![CDATA[<p><b>CFPB Dual Mandate and Economic Analysis Act </b></p> <p>This bill establishes the Office of Economic Analysis in the Consumer Financial Protection Bureau (CFPB) to review all proposed and existing guidance, orders, rules, and regulations. The CFPB must also identify in each proposed rulemaking the problem to be solved by the rule or regulation and the metrics the CFPB will use to measure the success of the rule or regulation. These metrics must include a measurement of changes regarding consumer access to, and the cost of, consumer financial products and services. </p> <p>Additionally, the purpose of the CFPB is revised to include strengthening private sector participation in markets, without government interference or subsidies, to increase competition and enhance consumer choice. </p>]]></summary-text>
</summary>
</item>
<dublinCore xmlns:dc="http://purl.org/dc/elements/1.1/">
<dc:format>text/xml</dc:format>
<dc:language>EN</dc:language>
<dc:rights>Pursuant to Title 17 Section 105 of the United States Code, this file is not subject to copyright protection and is in the public domain.</dc:rights>
<dc:contributor>Congressional Research Service, Library of Congress</dc:contributor>
<dc:description>This file contains bill summaries for federal legislation. A bill summary describes the most significant provisions of a piece of legislation and details the effects the legislative text may have on current law and federal programs. Bill summaries are authored by the Congressional Research Service (CRS) of the Library of Congress. As stated in Public Law 91-510 (2 USC 166 (d)(6)), one of the duties of CRS is "to prepare summaries and digests of bills and resolutions of a public general nature introduced in the Senate or House of Representatives". For more information, refer to the User Guide that accompanies this file.</dc:description>
</dublinCore>
</BillSummaries>
