<?xml version="1.0" encoding="UTF-8"?><BillSummaries>
<item congress="117" measure-type="hr" measure-number="370" measure-id="id117hr370" originChamber="HOUSE" orig-publish-date="2021-01-19" update-date="2021-05-17">
<title>Quadrennial Homeland Security Review Technical Corrections Act of 2021</title>
<summary summary-id="id117hr370v53" currentChamber="HOUSE" update-date="2021-05-17">
<action-date>2021-04-20</action-date>
<action-desc>Passed House</action-desc>
<summary-text><![CDATA[<p><strong>Quadrennial Homeland Security Review Technical Corrections Act of 2021</strong></p> <p>This bill makes numerous changes to the quadrennial homeland security reviews. The quadrennial homeland security review is the Department of Homeland Security's capstone strategy document, which offers recommendations on long-term strategy and priorities for homeland security. </p> <p>Specifically, the changes are related to consultation, prioritization, resources required, deadlines, and documentation. <p>]]></summary-text>
</summary>
<summary summary-id="id117hr370v00" currentChamber="HOUSE" update-date="2021-02-11">
<action-date>2021-01-19</action-date>
<action-desc>Introduced in House</action-desc>
<summary-text><![CDATA[<p><strong>Quadrennial Homeland Security Review Technical Corrections Act of 2021</strong></p> <p>This bill makes numerous changes to the quadrennial homeland security reviews. The quadrennial homeland security review is the Department of Homeland Security's capstone strategy document, which offers recommendations on long-term strategy and priorities for homeland security. </p> <p>Specifically, the changes are related to consultation, prioritization, resources required, deadlines, and documentation. <p>]]></summary-text>
</summary>
</item>
<dublinCore xmlns:dc="http://purl.org/dc/elements/1.1/">
<dc:format>text/xml</dc:format>
<dc:language>EN</dc:language>
<dc:rights>Pursuant to Title 17 Section 105 of the United States Code, this file is not subject to copyright protection and is in the public domain.</dc:rights>
<dc:contributor>Congressional Research Service, Library of Congress</dc:contributor>
<dc:description>This file contains bill summaries for federal legislation. A bill summary describes the most significant provisions of a piece of legislation and details the effects the legislative text may have on current law and federal programs. Bill summaries are authored by the Congressional Research Service (CRS) of the Library of Congress. As stated in Public Law 91-510 (2 USC 166 (d)(6)), one of the duties of CRS is "to prepare summaries and digests of bills and resolutions of a public general nature introduced in the Senate or House of Representatives". For more information, refer to the User Guide that accompanies this file.</dc:description>
</dublinCore>
</BillSummaries>
