<?xml version="1.0" encoding="UTF-8"?><BillSummaries>
<item congress="117" measure-type="hr" measure-number="732" measure-id="id117hr732" originChamber="HOUSE" orig-publish-date="2021-02-02" update-date="2021-03-05">
<title>Unconscionable Pricing Act</title>
<summary summary-id="id117hr732v00" currentChamber="HOUSE" update-date="2021-03-05">
<action-date>2021-02-02</action-date>
<action-desc>Introduced in House</action-desc>
<summary-text><![CDATA[<p><b>Unconscionable Pricing Act</b></p> <p>This bill makes it unlawful for any person to sell, rent, or lease an emergency supply at an unconscionable price during a federally-declared emergency. A price is unconscionable if (1) it exceeds 10% of the average price for the same or similar emergency supply during the 30 days before the emergency was declared, and (2) such price increase is not related to the reasonable costs incurred to sell or rent the supply.<br> <br> The bill provides authority for the Federal Trade Commission and state attorneys general to enforce the requirements of this bill.</p>]]></summary-text>
</summary>
</item>
<dublinCore xmlns:dc="http://purl.org/dc/elements/1.1/">
<dc:format>text/xml</dc:format>
<dc:language>EN</dc:language>
<dc:rights>Pursuant to Title 17 Section 105 of the United States Code, this file is not subject to copyright protection and is in the public domain.</dc:rights>
<dc:contributor>Congressional Research Service, Library of Congress</dc:contributor>
<dc:description>This file contains bill summaries for federal legislation. A bill summary describes the most significant provisions of a piece of legislation and details the effects the legislative text may have on current law and federal programs. Bill summaries are authored by the Congressional Research Service (CRS) of the Library of Congress. As stated in Public Law 91-510 (2 USC 166 (d)(6)), one of the duties of CRS is "to prepare summaries and digests of bills and resolutions of a public general nature introduced in the Senate or House of Representatives". For more information, refer to the User Guide that accompanies this file.</dc:description>
</dublinCore>
</BillSummaries>
