<?xml version="1.0" encoding="UTF-8"?><BillSummaries>
<item congress="117" measure-type="hr" measure-number="162" measure-id="id117hr162" originChamber="HOUSE" orig-publish-date="2021-01-04" update-date="2021-02-11">
<title>To amend the CARES Act to provide for repayment terms for mortgages in forbearance, and for other purposes.</title>
<summary summary-id="id117hr162v00" currentChamber="HOUSE" update-date="2021-02-11">
<action-date>2021-01-04</action-date>
<action-desc>Introduced in House</action-desc>
<summary-text><![CDATA[<p>This bill establishes repayment terms for federally-related mortgages in forbearance as part of existing COVID-19 (i.e., coronavirus disease 2019) economic aid programs. Specifically, the term of such a mortgage must be extended for the same length of time as the length of the forbearance. Additionally, the payments due during the forbearance must be evenly distributed across future payments with no additional interest or fees beyond amounts otherwise due had the borrower made such payments on time and in full.</p>]]></summary-text>
</summary>
</item>
<dublinCore xmlns:dc="http://purl.org/dc/elements/1.1/">
<dc:format>text/xml</dc:format>
<dc:language>EN</dc:language>
<dc:rights>Pursuant to Title 17 Section 105 of the United States Code, this file is not subject to copyright protection and is in the public domain.</dc:rights>
<dc:contributor>Congressional Research Service, Library of Congress</dc:contributor>
<dc:description>This file contains bill summaries for federal legislation. A bill summary describes the most significant provisions of a piece of legislation and details the effects the legislative text may have on current law and federal programs. Bill summaries are authored by the Congressional Research Service (CRS) of the Library of Congress. As stated in Public Law 91-510 (2 USC 166 (d)(6)), one of the duties of CRS is "to prepare summaries and digests of bills and resolutions of a public general nature introduced in the Senate or House of Representatives". For more information, refer to the User Guide that accompanies this file.</dc:description>
</dublinCore>
</BillSummaries>
