<?xml version="1.0" encoding="UTF-8"?><BillSummaries>
<item congress="117" measure-type="hr" measure-number="281" measure-id="id117hr281" originChamber="HOUSE" orig-publish-date="2021-01-12" update-date="2021-02-24">
<title>District of Columbia Prosecutor Home Rule Act of 2021</title>
<summary summary-id="id117hr281v00" currentChamber="HOUSE" update-date="2021-02-24">
<action-date>2021-01-12</action-date>
<action-desc>Introduced in House</action-desc>
<summary-text><![CDATA[<p><b>District of Columbia Prosecutor Home Rule Act of 2021</b></p> <p>This bill shifts the responsibility for conducting prosecutions for violations of District of Columbia laws from the Corporation Counsel for the District of Columbia (Attorney General for the District) or his or her assistants to the head of the office designated under District local law as the one responsible for conducting such prosecutions (local prosecutor's office) or his or her assistants.</p> <p>An indictment or information brought in the name of</p> <ul> <li> the United States in the U.S. District Court for the District of Columbia may include charges of offenses prosecutable by the District if the head of the local prosecutor's office consents to such inclusion in writing, and </li> <li>the District in the Superior Court of the District of Columbia may be joined for trial in the U.S. District Court for the District of Columbia with an indictment or information brought in that court if the offenses charged could have been joined in the same indictment or information and if the head of the local prosecutor's office consents to such joinder.</li></ul>]]></summary-text>
</summary>
</item>
<dublinCore xmlns:dc="http://purl.org/dc/elements/1.1/">
<dc:format>text/xml</dc:format>
<dc:language>EN</dc:language>
<dc:rights>Pursuant to Title 17 Section 105 of the United States Code, this file is not subject to copyright protection and is in the public domain.</dc:rights>
<dc:contributor>Congressional Research Service, Library of Congress</dc:contributor>
<dc:description>This file contains bill summaries for federal legislation. A bill summary describes the most significant provisions of a piece of legislation and details the effects the legislative text may have on current law and federal programs. Bill summaries are authored by the Congressional Research Service (CRS) of the Library of Congress. As stated in Public Law 91-510 (2 USC 166 (d)(6)), one of the duties of CRS is "to prepare summaries and digests of bills and resolutions of a public general nature introduced in the Senate or House of Representatives". For more information, refer to the User Guide that accompanies this file.</dc:description>
</dublinCore>
</BillSummaries>
