<?xml version="1.0" encoding="UTF-8"?><BillSummaries>
<item congress="117" measure-type="hr" measure-number="1" measure-id="id117hr1" originChamber="HOUSE" orig-publish-date="2021-01-04" update-date="2021-03-22">
<title>For the People Act of 2021</title>
<summary summary-id="id117hr1v53" currentChamber="HOUSE" update-date="2021-03-22">
<action-date>2021-03-03</action-date>
<action-desc>Passed House</action-desc>
<summary-text><![CDATA[<p><b>For the People Act of 2021</b></p> <p class="MsoNormal">This bill addresses voter access, election integrity and security, campaign finance, and ethics for the three branches of government. </p> <p class="MsoNormal">Specifically, the bill expands voter registration (e.g., automatic and same-day registration) and voting access (e.g., vote-by-mail and early voting). It also limits removing voters from voter rolls.</p> <p class="MsoNormal">The bill requires states to establish independent redistricting commissions to carry out congressional redistricting.</p> <p class="MsoNormal">Additionally, the bill sets forth provisions related to election security, including sharing intelligence information with state election officials, supporting states in securing their election systems, developing a national strategy to protect U.S. democratic institutions, establishing in the legislative branch the National Commission to Protect United States Democratic Institutions, and other provisions to improve the cybersecurity of election systems.</p> <p class="MsoNormal">Further, the bill addresses campaign finance, including by expanding the prohibition on campaign spending by foreign nationals, requiring additional disclosure of campaign-related fundraising and spending, requiring additional disclaimers regarding certain political advertising, and establishing an alternative campaign funding system for certain federal offices. </p> <p class="MsoNormal">The bill addresses ethics in all three branches of government, including by requiring a code of conduct for Supreme Court Justices, prohibiting Members of the House from serving on the board of a for-profit entity, and establishing additional conflict-of-interest and ethics provisions for federal employees and the White House.</p> <p class="MsoNormal">The bill requires the President, the Vice President, and certain candidates for those offices to disclose 10 years of tax returns.</p>]]></summary-text>
</summary>
<summary summary-id="id117hr1v00" currentChamber="HOUSE" update-date="2021-03-02">
<action-date>2021-01-04</action-date>
<action-desc>Introduced in House</action-desc>
<summary-text><![CDATA[<p><b>For the People Act of 2021</b></p> <p class="MsoNormal">This bill addresses voter access, election integrity and security, campaign finance, and ethics for the three branches of government. </p> <p class="MsoNormal">Specifically, the bill expands voter registration (e.g., automatic and same-day registration) and voting access (e.g., vote-by-mail and early voting). It also limits removing voters from voter rolls. </p> <p class="MsoNormal">The bill requires states to establish independent redistricting commissions to carry out congressional redistricting.</p> <p class="MsoNormal">Additionally, the bill sets forth provisions related to election security, including sharing intelligence information with state election officials, supporting states in securing their election systems, developing a national strategy to protect U.S. democratic institutions, establishing in the legislative branch the National Commission to Protect United States Democratic Institutions, and other provisions to improve the cybersecurity of election systems.</p> <p class="MsoNormal">Further, the bill addresses campaign finance, including by expanding the prohibition on campaign spending by foreign nationals, requiring additional disclosure of campaign-related fundraising and spending, requiring additional disclaimers regarding certain political advertising, and establishing an alternative campaign funding system for certain federal offices. </p> <p class="MsoNormal">The bill addresses ethics in all three branches of government, including by requiring a code of conduct for Supreme Court Justices, prohibiting Members of the House from serving on the board of a for-profit entity, and establishing additional conflict-of-interest and ethics provisions for federal employees and the White House.</p> <p class="MsoNormal">The bill requires the President, the Vice President, and certain candidates for those offices to disclose 10 years of tax returns.</p>]]></summary-text>
</summary>
</item>
<dublinCore xmlns:dc="http://purl.org/dc/elements/1.1/">
<dc:format>text/xml</dc:format>
<dc:language>EN</dc:language>
<dc:rights>Pursuant to Title 17 Section 105 of the United States Code, this file is not subject to copyright protection and is in the public domain.</dc:rights>
<dc:contributor>Congressional Research Service, Library of Congress</dc:contributor>
<dc:description>This file contains bill summaries for federal legislation. A bill summary describes the most significant provisions of a piece of legislation and details the effects the legislative text may have on current law and federal programs. Bill summaries are authored by the Congressional Research Service (CRS) of the Library of Congress. As stated in Public Law 91-510 (2 USC 166 (d)(6)), one of the duties of CRS is "to prepare summaries and digests of bills and resolutions of a public general nature introduced in the Senate or House of Representatives". For more information, refer to the User Guide that accompanies this file.</dc:description>
</dublinCore>
</BillSummaries>
