<?xml version="1.0" encoding="UTF-8"?><BillSummaries>
<item congress="117" measure-type="hr" measure-number="713" measure-id="id117hr713" originChamber="HOUSE" orig-publish-date="2021-02-02" update-date="2021-03-01">
<title>To promote accountability and transparency in future executive orders.</title>
<summary summary-id="id117hr713v00" currentChamber="HOUSE" update-date="2021-03-01">
<action-date>2021-02-02</action-date>
<action-desc>Introduced in House</action-desc>
<summary-text><![CDATA[<p>This bill requires the President to provide Congress with certain information at least 30 days before issuing an executive order related to agriculture, food, and the livelihood of farmers, ranchers, and producers in the United States.</p> <p>Before issuing such an order, the President shall provide Congress with (1) the executive order text, (2) a list of the federal laws affected, (3) information about how the President is working within the parameters of federal law and the Constitution, (4) information about how the executive order will be accomplished, and (5) a list of all the individuals and entities that the President engaged with before issuing the order.</p>]]></summary-text>
</summary>
</item>
<dublinCore xmlns:dc="http://purl.org/dc/elements/1.1/">
<dc:format>text/xml</dc:format>
<dc:language>EN</dc:language>
<dc:rights>Pursuant to Title 17 Section 105 of the United States Code, this file is not subject to copyright protection and is in the public domain.</dc:rights>
<dc:contributor>Congressional Research Service, Library of Congress</dc:contributor>
<dc:description>This file contains bill summaries for federal legislation. A bill summary describes the most significant provisions of a piece of legislation and details the effects the legislative text may have on current law and federal programs. Bill summaries are authored by the Congressional Research Service (CRS) of the Library of Congress. As stated in Public Law 91-510 (2 USC 166 (d)(6)), one of the duties of CRS is "to prepare summaries and digests of bills and resolutions of a public general nature introduced in the Senate or House of Representatives". For more information, refer to the User Guide that accompanies this file.</dc:description>
</dublinCore>
</BillSummaries>
