<?xml version="1.0" encoding="UTF-8"?><BillSummaries>
<item congress="117" measure-type="hr" measure-number="814" measure-id="id117hr814" originChamber="HOUSE" orig-publish-date="2021-02-04" update-date="2021-03-04">
<title>Union Accountability Act</title>
<summary summary-id="id117hr814v00" currentChamber="HOUSE" update-date="2021-03-04">
<action-date>2021-02-04</action-date>
<action-desc>Introduced in House</action-desc>
<summary-text><![CDATA[<p><b>Union Accountability Act</b><br /><br /> This bill nullifies the executive order titled <i>Protecting the Federal Workforce</i>, which was issued on January 22, 2021.</p> <p>The order revoked previous executive orders&nbsp;concerning federal-employee collective bargaining and classifications. Specifically, it revoked orders that</p> <ul> <li>limited the use of unrestricted grants for union activity, </li> <li>specified objectives for agencies to negotiate collective-bargaining agreements and established the Interagency Labor Relations Working Group, </li> <li>established principles for the removal and discipline of federal employees and other personnel issues, and</li> <li>placed certain executive agency positions under a new schedule in the excepted service instead of the competitive service.</li> </ul> <p>The order also instructs agencies to engage in collective bargaining negotiations over certain non-mandatory subjects, and requires the Office of Personnel Management to provide the President with recommendations to promote a minimum wage of $15 an hour for federal employees.</p> <p><br /> </p>]]></summary-text>
</summary>
</item>
<dublinCore xmlns:dc="http://purl.org/dc/elements/1.1/">
<dc:format>text/xml</dc:format>
<dc:language>EN</dc:language>
<dc:rights>Pursuant to Title 17 Section 105 of the United States Code, this file is not subject to copyright protection and is in the public domain.</dc:rights>
<dc:contributor>Congressional Research Service, Library of Congress</dc:contributor>
<dc:description>This file contains bill summaries for federal legislation. A bill summary describes the most significant provisions of a piece of legislation and details the effects the legislative text may have on current law and federal programs. Bill summaries are authored by the Congressional Research Service (CRS) of the Library of Congress. As stated in Public Law 91-510 (2 USC 166 (d)(6)), one of the duties of CRS is "to prepare summaries and digests of bills and resolutions of a public general nature introduced in the Senate or House of Representatives". For more information, refer to the User Guide that accompanies this file.</dc:description>
</dublinCore>
</BillSummaries>
