<?xml version="1.0" encoding="UTF-8"?><BillSummaries>
<item congress="117" measure-type="hr" measure-number="441" measure-id="id117hr441" originChamber="HOUSE" orig-publish-date="2021-01-21" update-date="2021-02-26">
<title>To provide for the conveyance of certain property to the Tanana Tribal Council located in Tanana, Alaska, and for other purposes.</title>
<summary summary-id="id117hr441v00" currentChamber="HOUSE" update-date="2021-02-26">
<action-date>2021-01-21</action-date>
<action-desc>Introduced in House</action-desc>
<summary-text><![CDATA[<p>This bill directs the Department of Health and Human Services to convey specified property in Tanana, Alaska, to the Tanana Tribal Council for use in connection with health and social services programs. </p> <p>The conveyance shall not require any consideration from, or impose any obligation, term, or condition on, the council or allow for any U.S. reversionary interest in the property. </p> <p>The council shall not be liable for any environmental contamination that occurred before the conveyance.</p>]]></summary-text>
</summary>
</item>
<dublinCore xmlns:dc="http://purl.org/dc/elements/1.1/">
<dc:format>text/xml</dc:format>
<dc:language>EN</dc:language>
<dc:rights>Pursuant to Title 17 Section 105 of the United States Code, this file is not subject to copyright protection and is in the public domain.</dc:rights>
<dc:contributor>Congressional Research Service, Library of Congress</dc:contributor>
<dc:description>This file contains bill summaries for federal legislation. A bill summary describes the most significant provisions of a piece of legislation and details the effects the legislative text may have on current law and federal programs. Bill summaries are authored by the Congressional Research Service (CRS) of the Library of Congress. As stated in Public Law 91-510 (2 USC 166 (d)(6)), one of the duties of CRS is "to prepare summaries and digests of bills and resolutions of a public general nature introduced in the Senate or House of Representatives". For more information, refer to the User Guide that accompanies this file.</dc:description>
</dublinCore>
</BillSummaries>
