<?xml version="1.0" encoding="UTF-8"?><BillSummaries>
<item congress="117" measure-type="hr" measure-number="311" measure-id="id117hr311" originChamber="HOUSE" orig-publish-date="2021-01-13" update-date="2021-02-24">
<title>To provide for quality assurance of COVID-19 reimbursements and reporting.</title>
<summary summary-id="id117hr311v00" currentChamber="HOUSE" update-date="2021-02-24">
<action-date>2021-01-13</action-date>
<action-desc>Introduced in House</action-desc>
<summary-text><![CDATA[<p>This bill (1) establishes documentation requirements for testing, treatment, and reporting related to COVID-19 (i.e., coronavirus disease 2019); and (2) makes it unlawful to knowingly report a false diagnosis of COVID-19. To receive a federal reimbursement for the cost of a COVID-19 diagnostic test or treatment, the request for reimbursement must document that the administered COVID-19 test has been approved, cleared, or authorized by the Food and Drug Administration.<br> <br> Further, the Centers for Disease Control and Prevention must exclude from its official COVID-19 case and death counts any person who tested positive and requested federal reimbursement without the required documentation.<br> <br> Additionally, any person who knowingly reports a false diagnosis of COVID-19 is subject to criminal fines and imprisonment for not more than 10 years.</p>]]></summary-text>
</summary>
</item>
<dublinCore xmlns:dc="http://purl.org/dc/elements/1.1/">
<dc:format>text/xml</dc:format>
<dc:language>EN</dc:language>
<dc:rights>Pursuant to Title 17 Section 105 of the United States Code, this file is not subject to copyright protection and is in the public domain.</dc:rights>
<dc:contributor>Congressional Research Service, Library of Congress</dc:contributor>
<dc:description>This file contains bill summaries for federal legislation. A bill summary describes the most significant provisions of a piece of legislation and details the effects the legislative text may have on current law and federal programs. Bill summaries are authored by the Congressional Research Service (CRS) of the Library of Congress. As stated in Public Law 91-510 (2 USC 166 (d)(6)), one of the duties of CRS is "to prepare summaries and digests of bills and resolutions of a public general nature introduced in the Senate or House of Representatives". For more information, refer to the User Guide that accompanies this file.</dc:description>
</dublinCore>
</BillSummaries>
