<?xml version="1.0" encoding="UTF-8"?><BillSummaries>
<item congress="117" measure-type="hr" measure-number="337" measure-id="id117hr337" originChamber="HOUSE" orig-publish-date="2021-01-15" update-date="2021-02-25">
<title>FADE Act of 2021</title>
<summary summary-id="id117hr337v00" currentChamber="HOUSE" update-date="2021-02-25">
<action-date>2021-01-15</action-date>
<action-desc>Introduced in House</action-desc>
<summary-text><![CDATA[<p><b>Foreign Agent Disclaimer Enhancement Act of 2021 or the FADE Act of 2021</b></p> <p>This bill revises the disclaimer requirements for informational materials transmitted by agents of foreign principals.</p> <p>Specifically, the bill requires that, when such an agent posts information in support of a foreign principal on an online platform, the agent must ensure that the information includes the required disclaimer (i.e., a statement that the information is being transmitted by such an agent).</p> <p>Further, the bill specifies that the disclaimer requirement applies to an agent whether the agent is within or outside the United States.</p> <p>Upon notification by the Department of Justice (DOJ), an online platform must remove any materials that do not meet disclaimer requirements and must use reasonable efforts to inform recipients of the materials that they were disseminated by an agent on behalf of a foreign principal.</p> <p>DOJ must analyze and report on the legal, policy, and procedural challenges to effective enforcement of foreign agent registration requirements.</p>]]></summary-text>
</summary>
</item>
<dublinCore xmlns:dc="http://purl.org/dc/elements/1.1/">
<dc:format>text/xml</dc:format>
<dc:language>EN</dc:language>
<dc:rights>Pursuant to Title 17 Section 105 of the United States Code, this file is not subject to copyright protection and is in the public domain.</dc:rights>
<dc:contributor>Congressional Research Service, Library of Congress</dc:contributor>
<dc:description>This file contains bill summaries for federal legislation. A bill summary describes the most significant provisions of a piece of legislation and details the effects the legislative text may have on current law and federal programs. Bill summaries are authored by the Congressional Research Service (CRS) of the Library of Congress. As stated in Public Law 91-510 (2 USC 166 (d)(6)), one of the duties of CRS is "to prepare summaries and digests of bills and resolutions of a public general nature introduced in the Senate or House of Representatives". For more information, refer to the User Guide that accompanies this file.</dc:description>
</dublinCore>
</BillSummaries>
