<?xml version="1.0" encoding="UTF-8"?><BillSummaries>
<item congress="117" measure-type="hr" measure-number="385" measure-id="id117hr385" originChamber="HOUSE" orig-publish-date="2021-01-21" update-date="2021-02-19">
<title>PLACE Act</title>
<summary summary-id="id117hr385v00" currentChamber="HOUSE" update-date="2021-02-19">
<action-date>2021-01-21</action-date>
<action-desc>Introduced in House</action-desc>
<summary-text><![CDATA[<p><b>Preparing Localities for an Autonomous and Connected Environment Act or the</b> <b>PLACE Act</b></p> <p>This bill directs the Department of Transportation to provide grants to institutions of higher education to (1) operate a national highly automated vehicle and mobility innovation clearinghouse; (2) collect, conduct, and fund research on how autonomous vehicles and mobility innovation can impact land use, urban design, transportation systems, real estate, accessibility, municipal budgets, social equity, availability and quality of jobs, air quality and climate, energy consumption, and the environment; (3) make such research publicly available online; and (4) conduct outreach and disseminate information on the research to assist communities.</p>]]></summary-text>
</summary>
</item>
<dublinCore xmlns:dc="http://purl.org/dc/elements/1.1/">
<dc:format>text/xml</dc:format>
<dc:language>EN</dc:language>
<dc:rights>Pursuant to Title 17 Section 105 of the United States Code, this file is not subject to copyright protection and is in the public domain.</dc:rights>
<dc:contributor>Congressional Research Service, Library of Congress</dc:contributor>
<dc:description>This file contains bill summaries for federal legislation. A bill summary describes the most significant provisions of a piece of legislation and details the effects the legislative text may have on current law and federal programs. Bill summaries are authored by the Congressional Research Service (CRS) of the Library of Congress. As stated in Public Law 91-510 (2 USC 166 (d)(6)), one of the duties of CRS is "to prepare summaries and digests of bills and resolutions of a public general nature introduced in the Senate or House of Representatives". For more information, refer to the User Guide that accompanies this file.</dc:description>
</dublinCore>
</BillSummaries>
