<?xml version="1.0" encoding="UTF-8"?><BillSummaries>
<item congress="117" measure-type="hr" measure-number="107" measure-id="id117hr107" originChamber="HOUSE" orig-publish-date="2021-01-04" update-date="2021-02-05">
<title>Lung Cancer Screening Registry and Quality Improvement Act of 2021.</title>
<summary summary-id="id117hr107v00" currentChamber="HOUSE" update-date="2021-02-05">
<action-date>2021-01-04</action-date>
<action-desc>Introduced in House</action-desc>
<summary-text><![CDATA[<p><b>Lung Cancer Screening Registry and Quality Improvement Act of 2021</b></p> <p>This bill establishes several grant programs and requirements for registries that collect data from lung cancer screenings with low-dose computed tomography (LDCT) under Medicare. (Currently, for purposes of Medicare coverage, radiology imaging facilities that furnish such LDCT screenings must report certain data to approved registries.)</p> <p>Specifically, the bill provides funds for FY2022-FY2026 for grants to help entities establish free registries, and requires registries to be interoperable in order to receive federal funds. The bill also provides grants to support the development of related quality measures for lung cancer screenings.</p>]]></summary-text>
</summary>
</item>
<dublinCore xmlns:dc="http://purl.org/dc/elements/1.1/">
<dc:format>text/xml</dc:format>
<dc:language>EN</dc:language>
<dc:rights>Pursuant to Title 17 Section 105 of the United States Code, this file is not subject to copyright protection and is in the public domain.</dc:rights>
<dc:contributor>Congressional Research Service, Library of Congress</dc:contributor>
<dc:description>This file contains bill summaries for federal legislation. A bill summary describes the most significant provisions of a piece of legislation and details the effects the legislative text may have on current law and federal programs. Bill summaries are authored by the Congressional Research Service (CRS) of the Library of Congress. As stated in Public Law 91-510 (2 USC 166 (d)(6)), one of the duties of CRS is "to prepare summaries and digests of bills and resolutions of a public general nature introduced in the Senate or House of Representatives". For more information, refer to the User Guide that accompanies this file.</dc:description>
</dublinCore>
</BillSummaries>
