<?xml version="1.0" encoding="UTF-8"?><BillSummaries>
<item congress="117" measure-type="hr" measure-number="704" measure-id="id117hr704" originChamber="HOUSE" orig-publish-date="2021-02-02" update-date="2021-07-29">
<title>ARTS Act</title>
<summary summary-id="id117hr704v53" currentChamber="HOUSE" update-date="2021-07-29">
<action-date>2021-06-23</action-date>
<action-desc>Passed House</action-desc>
<summary-text><![CDATA[<p><b>Artistic Recognition for Talented Students Act or the ARTS Act</b></p> <p>This bill directs the Copyright Office to waive various copyright registration-related fees for works that win certain competitions sponsored by the Congressional Institute or established by Congress. To qualify for the fee waiver, the copyright registration application must be filed within a specified time frame, but the Copyright Office may waive fees for a qualifying work even if the application is filed outside the time frame.</p>]]></summary-text>
</summary>
<summary summary-id="id117hr704v00" currentChamber="HOUSE" update-date="2021-03-04">
<action-date>2021-02-02</action-date>
<action-desc>Introduced in House</action-desc>
<summary-text><![CDATA[<p><b>Artistic Recognition for Talented Students Act or the ARTS Act</b></p> <p>This bill directs the Copyright Office to waive various copyright registration-related fees for works that win certain competitions sponsored by the Congressional Institute or established by Congress. To qualify for the fee waiver, the copyright registration application must be filed within a specified time frame, but the Copyright Office may waive fees for a qualifying work even if the application is filed outside the time frame.</p>]]></summary-text>
</summary>
</item>
<dublinCore xmlns:dc="http://purl.org/dc/elements/1.1/">
<dc:format>text/xml</dc:format>
<dc:language>EN</dc:language>
<dc:rights>Pursuant to Title 17 Section 105 of the United States Code, this file is not subject to copyright protection and is in the public domain.</dc:rights>
<dc:contributor>Congressional Research Service, Library of Congress</dc:contributor>
<dc:description>This file contains bill summaries for federal legislation. A bill summary describes the most significant provisions of a piece of legislation and details the effects the legislative text may have on current law and federal programs. Bill summaries are authored by the Congressional Research Service (CRS) of the Library of Congress. As stated in Public Law 91-510 (2 USC 166 (d)(6)), one of the duties of CRS is "to prepare summaries and digests of bills and resolutions of a public general nature introduced in the Senate or House of Representatives". For more information, refer to the User Guide that accompanies this file.</dc:description>
</dublinCore>
</BillSummaries>
