<?xml version="1.0" encoding="UTF-8"?><BillSummaries>
<item congress="117" measure-type="hr" measure-number="672" measure-id="id117hr672" originChamber="HOUSE" orig-publish-date="2021-02-01" update-date="2021-02-25">
<title>REFUSE Confederate Principles Act</title>
<summary summary-id="id117hr672v00" currentChamber="HOUSE" update-date="2021-02-25">
<action-date>2021-02-01</action-date>
<action-desc>Introduced in House</action-desc>
<summary-text><![CDATA[<p><b>Rejecting and Eliminating the Foul Use of Symbols Exulting Confederate Principles Act or the REFUSE Confederate Principles Act</b></p> <p>This bill directs the Department of the Interior to establish, within the National Park Service (NPS), a program to be known as the Emancipation Historic Preservation Program to award grants to states and other eligible entities to</p> <ul> <li> remove a Confederate symbol; </li> <li> remove and replace a Confederate symbol with an alternative monument, memorial, statue, commemorative structure, symbol, or signage; </li> <li> remove and replace a Confederate symbol with an alternative monument, memorial, statue, commemorative structure, symbol, or signage to commemorate or depict the freedom of enslaved African Americans; and </li> <li> remove and transfer a Confederate symbol to a state historic preservation program. </li> </ul> <p>Interior shall also provide technical assistance to eligible entities related to these activities. </p> <p>None of the funds made available by this bill may be used by Interior, the NPS, or an eligible entity for the preservation, rehabilitation, restoration, reconstruction, or new construction of a Confederate symbol.</p>]]></summary-text>
</summary>
</item>
<dublinCore xmlns:dc="http://purl.org/dc/elements/1.1/">
<dc:format>text/xml</dc:format>
<dc:language>EN</dc:language>
<dc:rights>Pursuant to Title 17 Section 105 of the United States Code, this file is not subject to copyright protection and is in the public domain.</dc:rights>
<dc:contributor>Congressional Research Service, Library of Congress</dc:contributor>
<dc:description>This file contains bill summaries for federal legislation. A bill summary describes the most significant provisions of a piece of legislation and details the effects the legislative text may have on current law and federal programs. Bill summaries are authored by the Congressional Research Service (CRS) of the Library of Congress. As stated in Public Law 91-510 (2 USC 166 (d)(6)), one of the duties of CRS is "to prepare summaries and digests of bills and resolutions of a public general nature introduced in the Senate or House of Representatives". For more information, refer to the User Guide that accompanies this file.</dc:description>
</dublinCore>
</BillSummaries>
