<?xml version="1.0" encoding="UTF-8"?><BillSummaries>
<item congress="117" measure-type="hr" measure-number="358" measure-id="id117hr358" originChamber="HOUSE" orig-publish-date="2021-01-19" update-date="2021-02-11">
<title>FRESH Trucking Act</title>
<summary summary-id="id117hr358v00" currentChamber="HOUSE" update-date="2021-02-11">
<action-date>2021-01-19</action-date>
<action-desc>Introduced in House</action-desc>
<summary-text><![CDATA[<p><b>Freedom from Regulating Edible Supplies and Horticulture Trucking Act or the</b> <b>FRESH Trucking Act</b></p> <p>This bill modifies service hour requirements for drivers transporting perishable agricultural, horticultural, or floricultural commodities.</p> <p>The bill requires the Department of Transportation to establish that</p> <ul> <li>loading and unloading of commercial motor vehicles shall be excluded from on-duty time requirements, </li> <li>there shall be no requirement of a 30-minute rest break within the first 8 hours of&nbsp; the hours of service on-duty requirements and the carrier or driver may take breaks at any time during the&nbsp;trip, and </li> <li>such carrier or driver may complete a scheduled trip if they are over the hours of service maximum on-duty drive schedule and are within 150 miles of their scheduled delivery point. </li></ul>]]></summary-text>
</summary>
</item>
<dublinCore xmlns:dc="http://purl.org/dc/elements/1.1/">
<dc:format>text/xml</dc:format>
<dc:language>EN</dc:language>
<dc:rights>Pursuant to Title 17 Section 105 of the United States Code, this file is not subject to copyright protection and is in the public domain.</dc:rights>
<dc:contributor>Congressional Research Service, Library of Congress</dc:contributor>
<dc:description>This file contains bill summaries for federal legislation. A bill summary describes the most significant provisions of a piece of legislation and details the effects the legislative text may have on current law and federal programs. Bill summaries are authored by the Congressional Research Service (CRS) of the Library of Congress. As stated in Public Law 91-510 (2 USC 166 (d)(6)), one of the duties of CRS is "to prepare summaries and digests of bills and resolutions of a public general nature introduced in the Senate or House of Representatives". For more information, refer to the User Guide that accompanies this file.</dc:description>
</dublinCore>
</BillSummaries>
