<?xml version="1.0" encoding="UTF-8"?><BillSummaries>
<item congress="117" measure-type="hr" measure-number="35" measure-id="id117hr35" originChamber="HOUSE" orig-publish-date="2021-01-04" update-date="2021-01-14">
<title>To terminate the designation of the Islamic Republic of Pakistan as a major non-NATO ally, and for other purposes.</title>
<summary summary-id="id117hr35v00" currentChamber="HOUSE" update-date="2021-01-14">
<action-date>2021-01-04</action-date>
<action-desc>Introduced in House</action-desc>
<summary-text><![CDATA[<p>This bill removes Pakistan's designation as a major non-NATO ally, a status that allows for various benefits such as access to excess U.S. defense supplies and participation in cooperative defense research and development projects. </p> <p>The President may not redesignate Pakistan a major non-NATO ally without certifying that the country has taken various actions against the Haqqani Network, including continuing to conduct military actions against the Taliban-affiliated group and prosecuting its leaders. </p>]]></summary-text>
</summary>
</item>
<dublinCore xmlns:dc="http://purl.org/dc/elements/1.1/">
<dc:format>text/xml</dc:format>
<dc:language>EN</dc:language>
<dc:rights>Pursuant to Title 17 Section 105 of the United States Code, this file is not subject to copyright protection and is in the public domain.</dc:rights>
<dc:contributor>Congressional Research Service, Library of Congress</dc:contributor>
<dc:description>This file contains bill summaries for federal legislation. A bill summary describes the most significant provisions of a piece of legislation and details the effects the legislative text may have on current law and federal programs. Bill summaries are authored by the Congressional Research Service (CRS) of the Library of Congress. As stated in Public Law 91-510 (2 USC 166 (d)(6)), one of the duties of CRS is "to prepare summaries and digests of bills and resolutions of a public general nature introduced in the Senate or House of Representatives". For more information, refer to the User Guide that accompanies this file.</dc:description>
</dublinCore>
</BillSummaries>
