<?xml version="1.0" encoding="UTF-8"?><BillSummaries>
<item congress="117" measure-type="hr" measure-number="483" measure-id="id117hr483" originChamber="HOUSE" orig-publish-date="2021-01-25" update-date="2021-03-01">
<title>Heroes Lesley Zerebny and Gilbert Vega First Responders Survivors Support Act of 2021</title>
<summary summary-id="id117hr483v00" currentChamber="HOUSE" update-date="2021-03-01">
<action-date>2021-01-25</action-date>
<action-desc>Introduced in House</action-desc>
<summary-text><![CDATA[<p><b>Heroes Lesley Zerebny and Gilbert Vega First Responders Survivors Support Act of 2021</b></p> <p>This bill makes changes to benefits under the Public Safety Officers' Benefits (PSOB) program. The PSOB program provides death, disability, and education benefits to public safety officers and survivors of public safety officers who are killed or permanently disabled in the line of duty.</p> <p>Specifically, the bill modifies the program to (1) increase the death and disability benefit, (2) revise the date of determination for the amount of the death and disability benefit, and (3) increase the monthly education assistance benefit and otherwise revise the computation method for such benefit.</p> <p>The bill also directs the Government Accountability Office to examine and identify ways to improve access to benefits and the processing of claims under the program. </p>]]></summary-text>
</summary>
</item>
<dublinCore xmlns:dc="http://purl.org/dc/elements/1.1/">
<dc:format>text/xml</dc:format>
<dc:language>EN</dc:language>
<dc:rights>Pursuant to Title 17 Section 105 of the United States Code, this file is not subject to copyright protection and is in the public domain.</dc:rights>
<dc:contributor>Congressional Research Service, Library of Congress</dc:contributor>
<dc:description>This file contains bill summaries for federal legislation. A bill summary describes the most significant provisions of a piece of legislation and details the effects the legislative text may have on current law and federal programs. Bill summaries are authored by the Congressional Research Service (CRS) of the Library of Congress. As stated in Public Law 91-510 (2 USC 166 (d)(6)), one of the duties of CRS is "to prepare summaries and digests of bills and resolutions of a public general nature introduced in the Senate or House of Representatives". For more information, refer to the User Guide that accompanies this file.</dc:description>
</dublinCore>
</BillSummaries>
