<?xml version="1.0" encoding="UTF-8"?><BillSummaries>
<item congress="117" measure-type="hr" measure-number="261" measure-id="id117hr261" originChamber="HOUSE" orig-publish-date="2021-01-11" update-date="2021-02-19">
<title>Palestinian International Terrorism Support Prevention Act of 2021</title>
<summary summary-id="id117hr261v00" currentChamber="HOUSE" update-date="2021-02-19">
<action-date>2021-01-11</action-date>
<action-desc>Introduced in House</action-desc>
<summary-text><![CDATA[<p><b>Palestinian International Terrorism Support Prevention Act of 2021</b></p> <p>This bill imposes sanctions targeting Hamas, the Palestinian Islamic Jihad, and any affiliate or successor groups.</p> <p>The President shall periodically report to Congress a list of each foreign person or instrumentality that knowingly assists, provides significant support or services to, or is involved in a significant transaction with a senior member or supporter of any of the targeted groups. </p> <p>The President shall impose two or more sanctions on the named persons. Specifically,&nbsp;the person may be (1) denied credit and services from the Export-Import Bank, (2) barred from purchasing certain controlled defense articles, (3) denied exports of items on the U.S. Munitions List, (4) prevented from receiving exports of certain goods or technology controlled for national security reasons, (5) prohibited from receiving financing of more than $10 million from any U.S. financial institution, or (6) subject to property-blocking restrictions. </p> <p>The President shall periodically report to Congress a list of foreign governments that have repeatedly provided material support for the targeted groups' terrorist activities. The President shall bar these governments from receiving for one year (1) U.S. assistance, or&nbsp;(2) exports of controlled munitions. The Department of Treasury shall instruct U.S. leadership of&nbsp;international financial institutions to oppose the provision of&nbsp;assistance to an identified government for one year.</p> <p>The bill provides for certain exceptions and waivers, such as for transactions that would serve U.S. national interests. </p> <p>The President shall report to Congress and periodically provide briefings on other specified topics related to the targeted groups, such as where these groups secure financing and surveillance equipment. </p>]]></summary-text>
</summary>
</item>
<dublinCore xmlns:dc="http://purl.org/dc/elements/1.1/">
<dc:format>text/xml</dc:format>
<dc:language>EN</dc:language>
<dc:rights>Pursuant to Title 17 Section 105 of the United States Code, this file is not subject to copyright protection and is in the public domain.</dc:rights>
<dc:contributor>Congressional Research Service, Library of Congress</dc:contributor>
<dc:description>This file contains bill summaries for federal legislation. A bill summary describes the most significant provisions of a piece of legislation and details the effects the legislative text may have on current law and federal programs. Bill summaries are authored by the Congressional Research Service (CRS) of the Library of Congress. As stated in Public Law 91-510 (2 USC 166 (d)(6)), one of the duties of CRS is "to prepare summaries and digests of bills and resolutions of a public general nature introduced in the Senate or House of Representatives". For more information, refer to the User Guide that accompanies this file.</dc:description>
</dublinCore>
</BillSummaries>
