<?xml version="1.0" encoding="UTF-8"?><BillSummaries>
<item congress="117" measure-type="hr" measure-number="335" measure-id="id117hr335" originChamber="HOUSE" orig-publish-date="2021-01-15" update-date="2021-02-01">
<title>To provide for an exception to a limitation against appointment of persons as Secretary of Defense within seven years of relief from active duty as a regular commissioned officer of the Armed Forces.</title>
<summary summary-id="id117hr335v49" currentChamber="BOTH" update-date="2021-02-01">
<action-date>2021-01-22</action-date>
<action-desc>Public Law</action-desc>
<summary-text><![CDATA[<p>This bill allows the first person nominated and appointed as Secretary of Defense after 12 p.m. (Eastern Standard Time) on January 20, 2021, to be a person who is, on the date of appointment, at least four years after relief from active duty as a commissioned officer of a regular component of the Armed Forces. Under current law, an individual may not be appointed as Secretary of Defense within seven years after relief from such active duty.</p>]]></summary-text>
</summary>
<summary summary-id="id117hr335v55" currentChamber="SENATE" update-date="2021-01-27">
<action-date>2021-01-21</action-date>
<action-desc>Passed Senate</action-desc>
<summary-text><![CDATA[<p>This bill allows the first person nominated and appointed as Secretary of Defense after 12 p.m. (Eastern Standard Time) on January 20, 2021, to be a person who is, on the date of appointment, at least four years after relief from active duty as a commissioned officer of a regular component of the Armed Forces. Under current law, an individual may not be appointed as Secretary of Defense within seven years after relief from such active duty.</p>]]></summary-text>
</summary>
<summary summary-id="id117hr335v53" currentChamber="HOUSE" update-date="2021-01-26">
<action-date>2021-01-21</action-date>
<action-desc>Passed House</action-desc>
<summary-text><![CDATA[<p>This bill allows the first person nominated and appointed as Secretary of Defense after 12 p.m. (Eastern Standard Time) on January 20, 2021, to be a person who is, on the date of appointment, at least four years after relief from active duty as a commissioned officer of a regular component of the Armed Forces. Under current law, an individual may not be appointed as Secretary of Defense within seven years after relief from such active duty.</p>]]></summary-text>
</summary>
<summary summary-id="id117hr335v00" currentChamber="HOUSE" update-date="2021-01-25">
<action-date>2021-01-15</action-date>
<action-desc>Introduced in House</action-desc>
<summary-text><![CDATA[<p>This bill allows the first person nominated and appointed as Secretary of Defense after 12 p.m. (Eastern Standard Time) on January 20, 2021, to be a person who is, on the date of appointment, at least four years after relief from active duty as a commissioned officer of a regular component of the Armed Forces. Under current law, an individual may not be appointed as Secretary of Defense within seven years after relief from such active duty.</p>]]></summary-text>
</summary>
</item>
<dublinCore xmlns:dc="http://purl.org/dc/elements/1.1/">
<dc:format>text/xml</dc:format>
<dc:language>EN</dc:language>
<dc:rights>Pursuant to Title 17 Section 105 of the United States Code, this file is not subject to copyright protection and is in the public domain.</dc:rights>
<dc:contributor>Congressional Research Service, Library of Congress</dc:contributor>
<dc:description>This file contains bill summaries for federal legislation. A bill summary describes the most significant provisions of a piece of legislation and details the effects the legislative text may have on current law and federal programs. Bill summaries are authored by the Congressional Research Service (CRS) of the Library of Congress. As stated in Public Law 91-510 (2 USC 166 (d)(6)), one of the duties of CRS is "to prepare summaries and digests of bills and resolutions of a public general nature introduced in the Senate or House of Representatives". For more information, refer to the User Guide that accompanies this file.</dc:description>
</dublinCore>
</BillSummaries>
