<?xml version="1.0" encoding="UTF-8"?><BillSummaries>
<item congress="117" measure-type="hr" measure-number="234" measure-id="id117hr234" originChamber="HOUSE" orig-publish-date="2021-01-06" update-date="2021-02-19">
<title>Korean American VALOR Act</title>
<summary summary-id="id117hr234v00" currentChamber="HOUSE" update-date="2021-02-19">
<action-date>2021-01-06</action-date>
<action-desc>Introduced in House</action-desc>
<summary-text><![CDATA[<p><b>Korean American Vietnam Allies Long Overdue for Relief Act or the Korean American VALOR Act</b></p> <p>This bill entitles certain veterans who served in the armed forces of the Republic of Korea to hospital and domiciliary care and medical services through the Department of Veterans Affairs (VA). Specifically, the bill entitles those veterans who served in the armed forces of the Republic of Korea in Vietnam between January 9, 1962, and May 7, 1975, or during a time period determined by the VA, and became U.S. citizens after such service.</p>]]></summary-text>
</summary>
</item>
<dublinCore xmlns:dc="http://purl.org/dc/elements/1.1/">
<dc:format>text/xml</dc:format>
<dc:language>EN</dc:language>
<dc:rights>Pursuant to Title 17 Section 105 of the United States Code, this file is not subject to copyright protection and is in the public domain.</dc:rights>
<dc:contributor>Congressional Research Service, Library of Congress</dc:contributor>
<dc:description>This file contains bill summaries for federal legislation. A bill summary describes the most significant provisions of a piece of legislation and details the effects the legislative text may have on current law and federal programs. Bill summaries are authored by the Congressional Research Service (CRS) of the Library of Congress. As stated in Public Law 91-510 (2 USC 166 (d)(6)), one of the duties of CRS is "to prepare summaries and digests of bills and resolutions of a public general nature introduced in the Senate or House of Representatives". For more information, refer to the User Guide that accompanies this file.</dc:description>
</dublinCore>
</BillSummaries>
