<?xml version="1.0" encoding="UTF-8"?><BillSummaries>
<item congress="117" measure-type="hr" measure-number="878" measure-id="id117hr878" originChamber="HOUSE" orig-publish-date="2021-02-05" update-date="2021-02-22">
<title>Northwest California Wilderness, Recreation, and Working Forests Act</title>
<summary summary-id="id117hr878v00" currentChamber="HOUSE" update-date="2021-02-22">
<action-date>2021-02-05</action-date>
<action-desc>Introduced in House</action-desc>
<summary-text><![CDATA[<p><b><b>Protecting Unique and Beautiful Landscapes by Investing in California Lands Act or the PUBLIC Lands Act</b></b></p> <p>This bill sets forth provisions concerning the restoration, economic development, and conservation of, and recreational access to, certain public lands in California.</p> <p>The bill establishes </p> <ul> <li>the South Fork Trinity-Mad River Restoration Area, </li> <li>the California Public Lands Remediation Partnership, </li> <li>the Trinity Lake and Del Norte County visitor centers, </li> <li>the Horse Mountain Special Management Area, </li> <li>the Elk Camp Ridge Recreation Trail, </li> <li>the Sanhedrin Special Conservation Management Area, and </li> <li>the Condor National Scenic Trail.</li> </ul> <p>The bill designates </p> <ul> <li>specified federal lands as components of the National Wilderness Preservation System, </li> <li>the North Fork Wilderness as the North Fork Eel River Wilderness, </li> <li>specified federal lands as potential wilderness areas, and </li> <li>specified segments of certain rivers and creeks and of a specified river estuary as components of the National Wild and Scenic Rivers System. </li> </ul> <p>Also, the bill </p> <ul> <li>authorizes the utilization of certain forest residues for research and development of biobased products that result in net carbon sequestration,</li> <li>authorizes initiatives to restore degraded redwood forest ecosystems in the Redwood National Forest and state parks,</li> <li>requires specified recreational studies and partnerships, and </li> <li>expands the boundaries of the Elkhorn Ridge Wilderness.</li> </ul>]]></summary-text>
</summary>
</item>
<dublinCore xmlns:dc="http://purl.org/dc/elements/1.1/">
<dc:format>text/xml</dc:format>
<dc:language>EN</dc:language>
<dc:rights>Pursuant to Title 17 Section 105 of the United States Code, this file is not subject to copyright protection and is in the public domain.</dc:rights>
<dc:contributor>Congressional Research Service, Library of Congress</dc:contributor>
<dc:description>This file contains bill summaries for federal legislation. A bill summary describes the most significant provisions of a piece of legislation and details the effects the legislative text may have on current law and federal programs. Bill summaries are authored by the Congressional Research Service (CRS) of the Library of Congress. As stated in Public Law 91-510 (2 USC 166 (d)(6)), one of the duties of CRS is "to prepare summaries and digests of bills and resolutions of a public general nature introduced in the Senate or House of Representatives". For more information, refer to the User Guide that accompanies this file.</dc:description>
</dublinCore>
</BillSummaries>
