<?xml version="1.0" encoding="UTF-8"?><BillSummaries>
<item congress="117" measure-type="hr" measure-number="429" measure-id="id117hr429" originChamber="HOUSE" orig-publish-date="2021-01-21" update-date="2021-02-25">
<title>Mobile Workforce State Income Tax Simplification Act of 2021</title>
<summary summary-id="id117hr429v00" currentChamber="HOUSE" update-date="2021-02-25">
<action-date>2021-01-21</action-date>
<action-desc>Introduced in House</action-desc>
<summary-text><![CDATA[<p><strong>Mobile Workforce State Income Tax Simplification Act of 2021</strong></p> <p>This bill prohibits the wages or other remuneration earned by an employee who performs employment duties in more than one state from being subject to income tax in any state other than (1) the state of the employee's residence, and (2) the state within which the employee is present and performing employment duties for more than 30 days during the calendar year. </p> <p>The bill exempts employers from state income tax withholding and information reporting requirements for employees not subject to income tax in the state under this bill. For the purposes of determining penalties related to an employer's state income tax withholding or reporting requirements, an employer may rely on an employee's annual determination of the time expected to be spent working in a state in the absence of fraud or collusion by such employee.</p> <p>For the purposes of this bill, the term <i>employee</i> excludes professional athletes; professional entertainers; production employees who perform services in connection with certain film, television, or other commercial video productions; and public figures who are persons of prominence who perform services for wages or other remuneration on a per-event basis. </p>]]></summary-text>
</summary>
</item>
<dublinCore xmlns:dc="http://purl.org/dc/elements/1.1/">
<dc:format>text/xml</dc:format>
<dc:language>EN</dc:language>
<dc:rights>Pursuant to Title 17 Section 105 of the United States Code, this file is not subject to copyright protection and is in the public domain.</dc:rights>
<dc:contributor>Congressional Research Service, Library of Congress</dc:contributor>
<dc:description>This file contains bill summaries for federal legislation. A bill summary describes the most significant provisions of a piece of legislation and details the effects the legislative text may have on current law and federal programs. Bill summaries are authored by the Congressional Research Service (CRS) of the Library of Congress. As stated in Public Law 91-510 (2 USC 166 (d)(6)), one of the duties of CRS is "to prepare summaries and digests of bills and resolutions of a public general nature introduced in the Senate or House of Representatives". For more information, refer to the User Guide that accompanies this file.</dc:description>
</dublinCore>
</BillSummaries>
