<?xml version="1.0" encoding="UTF-8"?><BillSummaries>
<item congress="117" measure-type="hr" measure-number="56" measure-id="id117hr56" originChamber="HOUSE" orig-publish-date="2021-01-04" update-date="2021-01-26">
<title>Patient Access to Medical Foods Act</title>
<summary summary-id="id117hr56v00" currentChamber="HOUSE" update-date="2021-01-26">
<action-date>2021-01-04</action-date>
<action-desc>Introduced in House</action-desc>
<summary-text><![CDATA[<p><b>Patient Access to Medical Foods Act</b></p> <p>This bill provides for coverage of medical foods under Medicare, Medicaid, the Children's Health Insurance Program, and TRICARE. The bill also requires private health insurance providers to cover medical foods.</p> <p>Generally, a medical food is a food prescribed by a physician for the dietary management of a disease or condition. The bill expands this definition to include a food prescribed as a therapeutic option when a physician determines that traditional therapies are inappropriate for the patient. This definition shall apply to the insurance programs described above and to a federal grant program to encourage the development of drugs and medical foods for rare diseases.</p>]]></summary-text>
</summary>
</item>
<dublinCore xmlns:dc="http://purl.org/dc/elements/1.1/">
<dc:format>text/xml</dc:format>
<dc:language>EN</dc:language>
<dc:rights>Pursuant to Title 17 Section 105 of the United States Code, this file is not subject to copyright protection and is in the public domain.</dc:rights>
<dc:contributor>Congressional Research Service, Library of Congress</dc:contributor>
<dc:description>This file contains bill summaries for federal legislation. A bill summary describes the most significant provisions of a piece of legislation and details the effects the legislative text may have on current law and federal programs. Bill summaries are authored by the Congressional Research Service (CRS) of the Library of Congress. As stated in Public Law 91-510 (2 USC 166 (d)(6)), one of the duties of CRS is "to prepare summaries and digests of bills and resolutions of a public general nature introduced in the Senate or House of Representatives". For more information, refer to the User Guide that accompanies this file.</dc:description>
</dublinCore>
</BillSummaries>
