<?xml version="1.0" encoding="UTF-8"?><BillSummaries>
<item congress="117" measure-type="hr" measure-number="339" measure-id="id117hr339" originChamber="HOUSE" orig-publish-date="2021-01-15" update-date="2021-02-24">
<title>Secure U.S. Capitol Act</title>
<summary summary-id="id117hr339v00" currentChamber="HOUSE" update-date="2021-02-24">
<action-date>2021-01-15</action-date>
<action-desc>Introduced in House</action-desc>
<summary-text><![CDATA[<p><b>Secure U.S. Capitol Act</b></p> <p>This bill directs the Architect of the Capitol to install permanent fencing around the perimeter of the U.S. Capitol, taking into account specified factors relating to safety, security, access, and overall design. The fencing must be installed by January 1, 2023.</p> <p>On January 7, 2021, in response to the previous day's events, razor wire fencing was erected to secure the perimeter of the U.S. Capitol; the fencing is to remain in place for 30 days, with possible extensions.</p>]]></summary-text>
</summary>
</item>
<dublinCore xmlns:dc="http://purl.org/dc/elements/1.1/">
<dc:format>text/xml</dc:format>
<dc:language>EN</dc:language>
<dc:rights>Pursuant to Title 17 Section 105 of the United States Code, this file is not subject to copyright protection and is in the public domain.</dc:rights>
<dc:contributor>Congressional Research Service, Library of Congress</dc:contributor>
<dc:description>This file contains bill summaries for federal legislation. A bill summary describes the most significant provisions of a piece of legislation and details the effects the legislative text may have on current law and federal programs. Bill summaries are authored by the Congressional Research Service (CRS) of the Library of Congress. As stated in Public Law 91-510 (2 USC 166 (d)(6)), one of the duties of CRS is "to prepare summaries and digests of bills and resolutions of a public general nature introduced in the Senate or House of Representatives". For more information, refer to the User Guide that accompanies this file.</dc:description>
</dublinCore>
</BillSummaries>
