<?xml version="1.0" encoding="UTF-8"?><BillSummaries>
<item congress="117" measure-type="hr" measure-number="291" measure-id="id117hr291" originChamber="HOUSE" orig-publish-date="2021-01-13" update-date="2021-02-10">
<title>Department of Veterans Affairs Creation of On-Site Treatment Systems Affording Veterans Improvements and Numerous General Safety Enhancements Act</title>
<summary summary-id="id117hr291v00" currentChamber="HOUSE" update-date="2021-02-10">
<action-date>2021-01-13</action-date>
<action-desc>Introduced in House</action-desc>
<summary-text><![CDATA[<p><b>Department of Veterans Affairs Creation of On-Site Treatment Systems Affording Veterans Improvements and Numerous General Safety Enhancements Act or the VA COST SAVINGS Enhancements Act</b></p> <p>This bill requires the Department of Veterans Affairs (VA) to install and operate an on-site regulated medical waste treatment system at each VA facility that would benefit from such a system's cost savings. In order to identify which VA facilities would benefit, the VA must develop a uniform regulated medical waste cost analysis model to determine the cost savings associated with the use of an on-site regulated medical waste treatment system.</p>]]></summary-text>
</summary>
</item>
<dublinCore xmlns:dc="http://purl.org/dc/elements/1.1/">
<dc:format>text/xml</dc:format>
<dc:language>EN</dc:language>
<dc:rights>Pursuant to Title 17 Section 105 of the United States Code, this file is not subject to copyright protection and is in the public domain.</dc:rights>
<dc:contributor>Congressional Research Service, Library of Congress</dc:contributor>
<dc:description>This file contains bill summaries for federal legislation. A bill summary describes the most significant provisions of a piece of legislation and details the effects the legislative text may have on current law and federal programs. Bill summaries are authored by the Congressional Research Service (CRS) of the Library of Congress. As stated in Public Law 91-510 (2 USC 166 (d)(6)), one of the duties of CRS is "to prepare summaries and digests of bills and resolutions of a public general nature introduced in the Senate or House of Representatives". For more information, refer to the User Guide that accompanies this file.</dc:description>
</dublinCore>
</BillSummaries>
