<?xml version="1.0" encoding="UTF-8"?><BillSummaries>
<item congress="117" measure-type="hr" measure-number="231" measure-id="id117hr231" originChamber="HOUSE" orig-publish-date="2021-01-06" update-date="2021-02-18">
<title>Public Service Spending Integrity Act</title>
<summary summary-id="id117hr231v00" currentChamber="HOUSE" update-date="2021-02-18">
<action-date>2021-01-06</action-date>
<action-desc>Introduced in House</action-desc>
<summary-text><![CDATA[<p><strong>Public Service Spending Integrity Act</strong></p> <p>This bill restricts federal spending at businesses of the President, specified other officials, or their family members.</p> <p>Specifically, the bill prohibits federal funds from being obligated or expended for purposes of procuring goods or services at any business owned or controlled by a covered individual or family member of such individual, except for certain authorized security purposes. A<i> covered individual</i> is defined to include the President, the Vice President, the head of any executive department, and any individual occupying a position designated by the President as a cabinet-level position. No federal agency may enter into a contract with a business owned or controlled by a covered individual or family member.</p> <p>A business shall be deemed to be owned or controlled by a covered individual or family member if any such person (1) is a member of the board of directors or similar governing body of the business, (2) directly or indirectly owns or controls more than 50% of the voting shares of the business, or (3) is the beneficiary of a trust which owns or controls more than 50% of the business and can direct distributions under the terms of the trust.</p>]]></summary-text>
</summary>
</item>
<dublinCore xmlns:dc="http://purl.org/dc/elements/1.1/">
<dc:format>text/xml</dc:format>
<dc:language>EN</dc:language>
<dc:rights>Pursuant to Title 17 Section 105 of the United States Code, this file is not subject to copyright protection and is in the public domain.</dc:rights>
<dc:contributor>Congressional Research Service, Library of Congress</dc:contributor>
<dc:description>This file contains bill summaries for federal legislation. A bill summary describes the most significant provisions of a piece of legislation and details the effects the legislative text may have on current law and federal programs. Bill summaries are authored by the Congressional Research Service (CRS) of the Library of Congress. As stated in Public Law 91-510 (2 USC 166 (d)(6)), one of the duties of CRS is "to prepare summaries and digests of bills and resolutions of a public general nature introduced in the Senate or House of Representatives". For more information, refer to the User Guide that accompanies this file.</dc:description>
</dublinCore>
</BillSummaries>
