<?xml version="1.0" encoding="UTF-8"?><BillSummaries>
<item congress="117" measure-type="hr" measure-number="194" measure-id="id117hr194" originChamber="HOUSE" orig-publish-date="2021-01-05" update-date="2021-02-16">
<title>To require the Inspector General, Department of Justice, to submit a report to the Congress on the number of firearm transaction denials issued by the National Instant Criminal Background Check System that are referred to the Bureau of Alcohol, Tobacco, Firearms, and Explosives for investigation, the number of prosecutions resulting from such investigations, and the number of firearms recovered by the Bureau in cases in which such a denial was issued after the firearm was transferred.</title>
<summary summary-id="id117hr194v00" currentChamber="HOUSE" update-date="2021-02-16">
<action-date>2021-01-05</action-date>
<action-desc>Introduced in House</action-desc>
<summary-text><![CDATA[<p>This bill requires the Office of the Inspector General in the Department of Justice to report to Congress on the number of (1) firearm transfer denials issued by the National Instant Criminal Background Check System that are referred to the Bureau of Alcohol, Tobacco, Firearms and Explosives (ATF) for investigation; (2) prosecutions resulting from such investigations; and (3) firearms recovered by the ATF in cases in which a denial was issued by the system after a firearm was transferred.</p>]]></summary-text>
</summary>
</item>
<dublinCore xmlns:dc="http://purl.org/dc/elements/1.1/">
<dc:format>text/xml</dc:format>
<dc:language>EN</dc:language>
<dc:rights>Pursuant to Title 17 Section 105 of the United States Code, this file is not subject to copyright protection and is in the public domain.</dc:rights>
<dc:contributor>Congressional Research Service, Library of Congress</dc:contributor>
<dc:description>This file contains bill summaries for federal legislation. A bill summary describes the most significant provisions of a piece of legislation and details the effects the legislative text may have on current law and federal programs. Bill summaries are authored by the Congressional Research Service (CRS) of the Library of Congress. As stated in Public Law 91-510 (2 USC 166 (d)(6)), one of the duties of CRS is "to prepare summaries and digests of bills and resolutions of a public general nature introduced in the Senate or House of Representatives". For more information, refer to the User Guide that accompanies this file.</dc:description>
</dublinCore>
</BillSummaries>
