<?xml version="1.0" encoding="UTF-8"?><BillSummaries>
<item congress="117" measure-type="hr" measure-number="318" measure-id="id117hr318" originChamber="HOUSE" orig-publish-date="2021-01-13" update-date="2021-02-24">
<title>Safe Testing at Residence Telehealth Act of 2021</title>
<summary summary-id="id117hr318v00" currentChamber="HOUSE" update-date="2021-02-24">
<action-date>2021-01-13</action-date>
<action-desc>Introduced in House</action-desc>
<summary-text><![CDATA[<p><b>Safe Testing at Residence Telehealth Act of </b><b>2021</b></p> <p>This bill provides for Medicare payment of certain at-home diagnostic tests and telehealth assessments that are provided in relation to COVID-19 (i.e., coronavirus disease 2019).</p> <p>Specifically, during the public health emergency, the bill requires Medicare payment of diagnostic tests for respiratory conditions other than COVID-19 (e.g., influenza) that are used to finalize a COVID-19 diagnosis and of COVID-19 blood tests that are ordered via telehealth, as well as for related telehealth assessments, regardless of whether the practitioner who orders the test is the one who furnishes it and regardless of the location of the practitioner.</p> <p>The bill requires practitioners to report specified demographic data with respect to such tests and services in order to receive payment, and prohibits payment for in-person tests that were already ordered via telehealth.</p>]]></summary-text>
</summary>
</item>
<dublinCore xmlns:dc="http://purl.org/dc/elements/1.1/">
<dc:format>text/xml</dc:format>
<dc:language>EN</dc:language>
<dc:rights>Pursuant to Title 17 Section 105 of the United States Code, this file is not subject to copyright protection and is in the public domain.</dc:rights>
<dc:contributor>Congressional Research Service, Library of Congress</dc:contributor>
<dc:description>This file contains bill summaries for federal legislation. A bill summary describes the most significant provisions of a piece of legislation and details the effects the legislative text may have on current law and federal programs. Bill summaries are authored by the Congressional Research Service (CRS) of the Library of Congress. As stated in Public Law 91-510 (2 USC 166 (d)(6)), one of the duties of CRS is "to prepare summaries and digests of bills and resolutions of a public general nature introduced in the Senate or House of Representatives". For more information, refer to the User Guide that accompanies this file.</dc:description>
</dublinCore>
</BillSummaries>
