<?xml version="1.0" encoding="UTF-8"?><BillSummaries>
<item congress="117" measure-type="hr" measure-number="396" measure-id="id117hr396" originChamber="HOUSE" orig-publish-date="2021-01-21" update-date="2021-05-17">
<title>Transit Security Grant Program Flexibility Act</title>
<summary summary-id="id117hr396v53" currentChamber="HOUSE" update-date="2021-05-17">
<action-date>2021-04-20</action-date>
<action-desc>Passed House</action-desc>
<summary-text><![CDATA[<p><strong>Transit Security Grant Program Flexibility Act</strong></p> <p>This bill establishes periods of performance for the use of public transportation security assistance grant funds.</p> <p> Funds provided pursuant to such a grant for a specified authorized use, including for tunnel protection systems and surveillance equipment, shall remain available for use by a grant recipient for at least 36 months. However, any such funds used for security improvements for public transportation systems or security improvements for stations and other public transportation infrastructure, including those owned by state or local governments, shall remain available for at least 55 months.</p> <p>The Government Accountability Office shall conduct a review of the public transportation security assistance grant program, including an assessment of the manner in which projects under the program address threats to public transportation infrastructure.</p>]]></summary-text>
</summary>
<summary summary-id="id117hr396v00" currentChamber="HOUSE" update-date="2021-02-19">
<action-date>2021-01-21</action-date>
<action-desc>Introduced in House</action-desc>
<summary-text><![CDATA[<p><strong>Transit Security Grant Program Flexibility Act</strong></p> <p>This bill establishes periods of performance for the use of public transportation security assistance grant funds.</p> <p> Funds provided pursuant to such a grant for a specified authorized use, including for tunnel protection systems and surveillance equipment, shall remain available for use by a grant recipient for at least 36 months. However, any such funds used for security improvements for public transportation systems or security improvements for stations and other public transportation infrastructure, including those owned by state or local governments, shall remain available for at least 55 months.</p> <p>The Government Accountability Office shall conduct a review of the public transportation security assistance grant program, including an assessment of the manner in which projects under the program address threats to public transportation infrastructure.</p>]]></summary-text>
</summary>
</item>
<dublinCore xmlns:dc="http://purl.org/dc/elements/1.1/">
<dc:format>text/xml</dc:format>
<dc:language>EN</dc:language>
<dc:rights>Pursuant to Title 17 Section 105 of the United States Code, this file is not subject to copyright protection and is in the public domain.</dc:rights>
<dc:contributor>Congressional Research Service, Library of Congress</dc:contributor>
<dc:description>This file contains bill summaries for federal legislation. A bill summary describes the most significant provisions of a piece of legislation and details the effects the legislative text may have on current law and federal programs. Bill summaries are authored by the Congressional Research Service (CRS) of the Library of Congress. As stated in Public Law 91-510 (2 USC 166 (d)(6)), one of the duties of CRS is "to prepare summaries and digests of bills and resolutions of a public general nature introduced in the Senate or House of Representatives". For more information, refer to the User Guide that accompanies this file.</dc:description>
</dublinCore>
</BillSummaries>
