<?xml version="1.0" encoding="UTF-8"?><BillSummaries>
<item congress="117" measure-type="hr" measure-number="120" measure-id="id117hr120" originChamber="HOUSE" orig-publish-date="2021-01-04" update-date="2021-02-05">
<title>SIMARRA Act</title>
<summary summary-id="id117hr120v00" currentChamber="HOUSE" update-date="2021-02-05">
<action-date>2021-01-04</action-date>
<action-desc>Introduced in House</action-desc>
<summary-text><![CDATA[<p><b>Stop Infant Mortality And Recidivism Reduction Act of 2021 or the SIMARRA Act</b></p> <p>This bill directs the Bureau of Prisons to establish a pilot program for incarcerated women and their children born during incarceration to reside together in a separate prison housing unit.</p> <p> It sets forth inmate eligibility criteria and program participation requirements.</p>]]></summary-text>
</summary>
</item>
<dublinCore xmlns:dc="http://purl.org/dc/elements/1.1/">
<dc:format>text/xml</dc:format>
<dc:language>EN</dc:language>
<dc:rights>Pursuant to Title 17 Section 105 of the United States Code, this file is not subject to copyright protection and is in the public domain.</dc:rights>
<dc:contributor>Congressional Research Service, Library of Congress</dc:contributor>
<dc:description>This file contains bill summaries for federal legislation. A bill summary describes the most significant provisions of a piece of legislation and details the effects the legislative text may have on current law and federal programs. Bill summaries are authored by the Congressional Research Service (CRS) of the Library of Congress. As stated in Public Law 91-510 (2 USC 166 (d)(6)), one of the duties of CRS is "to prepare summaries and digests of bills and resolutions of a public general nature introduced in the Senate or House of Representatives". For more information, refer to the User Guide that accompanies this file.</dc:description>
</dublinCore>
</BillSummaries>
