<?xml version="1.0" encoding="UTF-8"?><BillSummaries>
<item congress="117" measure-type="hr" measure-number="139" measure-id="id117hr139" originChamber="HOUSE" orig-publish-date="2021-01-04" update-date="2021-02-05">
<title>National Jazz Preservation, Education, and Promulgation Act of 2021</title>
<summary summary-id="id117hr139v00" currentChamber="HOUSE" update-date="2021-02-05">
<action-date>2021-01-04</action-date>
<action-desc>Introduced in House</action-desc>
<summary-text><![CDATA[<p><b>National Jazz Preservation, Education, and Promulgation Act of 2021</b></p> This bill establishes a National Jazz Preservation Program and a National Jazz Appreciation Program, to be carried out by the Smithsonian Institution through the National Museum of American History, to (1) preserve knowledge and promote education about jazz, and (2) further the appreciation of jazz music throughout the nation. <p> The Smithsonian Institution shall (1) record interviews with leading jazz artists; (2) acquire, preserve, and interpret jazz artifacts; (3) continue to recognize Jazz Appreciation Month; (4) establish collaborative agreements for the sharing of such artifacts; and (5) encourage, consult with, and engage in capacity building with community-based and regional organizations with the potential to establish jazz archival collections. </p> <p>The bill amends the Elementary and Secondary Education Act of 1965 to allow the use of certain funds for programs to promote jazz education, which may include (1) a Jazz Artists in the Schools program, (2) a program for the development and distribution of educational materials about jazz and teacher training on jazz education, and (3) an Ambassadors of Jazz program. </p> <p> The Smithsonian Institution shall establish a series of jazz performances at Smithsonian affiliates that provides broad geographic access to jazz and supports public appreciation for the diversity of jazz music.</p>]]></summary-text>
</summary>
</item>
<dublinCore xmlns:dc="http://purl.org/dc/elements/1.1/">
<dc:format>text/xml</dc:format>
<dc:language>EN</dc:language>
<dc:rights>Pursuant to Title 17 Section 105 of the United States Code, this file is not subject to copyright protection and is in the public domain.</dc:rights>
<dc:contributor>Congressional Research Service, Library of Congress</dc:contributor>
<dc:description>This file contains bill summaries for federal legislation. A bill summary describes the most significant provisions of a piece of legislation and details the effects the legislative text may have on current law and federal programs. Bill summaries are authored by the Congressional Research Service (CRS) of the Library of Congress. As stated in Public Law 91-510 (2 USC 166 (d)(6)), one of the duties of CRS is "to prepare summaries and digests of bills and resolutions of a public general nature introduced in the Senate or House of Representatives". For more information, refer to the User Guide that accompanies this file.</dc:description>
</dublinCore>
</BillSummaries>
