<?xml version="1.0" encoding="UTF-8"?><BillSummaries>
<item congress="117" measure-type="hr" measure-number="122" measure-id="id117hr122" originChamber="HOUSE" orig-publish-date="2021-01-04" update-date="2021-02-03">
<title>Original Living Wage Act</title>
<summary summary-id="id117hr122v00" currentChamber="HOUSE" update-date="2021-02-03">
<action-date>2021-01-04</action-date>
<action-desc>Introduced in House</action-desc>
<summary-text><![CDATA[<p><strong>Original Living Wage Act </strong></p> <p> This bill increases the federal minimum wage to the minimum hourly wage sufficient for a person working for 40 hours per week, 52 weeks per year, to earn an annual income 25.5% higher than the federal poverty threshold for a four-person household, with two children under age 18, and living in the 48 contiguous states. (Under current poverty thresholds, the national minimum wage would be set at approximately $15.64 per hour.)</p> <p> The Department of Labor must determine the minimum wage rate by June 1, 2021, and review it every four years. Labor may not adjust the minimum wage to a lower rate.</p>]]></summary-text>
</summary>
</item>
<dublinCore xmlns:dc="http://purl.org/dc/elements/1.1/">
<dc:format>text/xml</dc:format>
<dc:language>EN</dc:language>
<dc:rights>Pursuant to Title 17 Section 105 of the United States Code, this file is not subject to copyright protection and is in the public domain.</dc:rights>
<dc:contributor>Congressional Research Service, Library of Congress</dc:contributor>
<dc:description>This file contains bill summaries for federal legislation. A bill summary describes the most significant provisions of a piece of legislation and details the effects the legislative text may have on current law and federal programs. Bill summaries are authored by the Congressional Research Service (CRS) of the Library of Congress. As stated in Public Law 91-510 (2 USC 166 (d)(6)), one of the duties of CRS is "to prepare summaries and digests of bills and resolutions of a public general nature introduced in the Senate or House of Representatives". For more information, refer to the User Guide that accompanies this file.</dc:description>
</dublinCore>
</BillSummaries>
