<?xml version="1.0" encoding="UTF-8"?><BillSummaries>
<item congress="117" measure-type="hr" measure-number="268" measure-id="id117hr268" originChamber="HOUSE" orig-publish-date="2021-01-11" update-date="2021-02-19">
<title>To provide for the boundary of the Palo Alto Battlefield National Historic Park to be adjusted, to authorize the donation of land to the United States for addition to that historic park, and for other purposes.</title>
<summary summary-id="id117hr268v00" currentChamber="HOUSE" update-date="2021-02-19">
<action-date>2021-01-11</action-date>
<action-desc>Introduced in House</action-desc>
<summary-text><![CDATA[<p>This bill adjusts the boundary of the Palo Alto Battlefield National Historical Park in Texas to include the approximately 166.44 acres of land identified on the map titled <i>PALO ALTO BATTLEFIELD NATIONAL HISTORICAL PARK Proposed Boundary Addition, Fort Brown Unit</i> (2018), when the land is donated to the United States.</p>]]></summary-text>
</summary>
</item>
<dublinCore xmlns:dc="http://purl.org/dc/elements/1.1/">
<dc:format>text/xml</dc:format>
<dc:language>EN</dc:language>
<dc:rights>Pursuant to Title 17 Section 105 of the United States Code, this file is not subject to copyright protection and is in the public domain.</dc:rights>
<dc:contributor>Congressional Research Service, Library of Congress</dc:contributor>
<dc:description>This file contains bill summaries for federal legislation. A bill summary describes the most significant provisions of a piece of legislation and details the effects the legislative text may have on current law and federal programs. Bill summaries are authored by the Congressional Research Service (CRS) of the Library of Congress. As stated in Public Law 91-510 (2 USC 166 (d)(6)), one of the duties of CRS is "to prepare summaries and digests of bills and resolutions of a public general nature introduced in the Senate or House of Representatives". For more information, refer to the User Guide that accompanies this file.</dc:description>
</dublinCore>
</BillSummaries>
