<?xml version="1.0" encoding="UTF-8"?><BillSummaries>
<item congress="117" measure-type="hr" measure-number="172" measure-id="id117hr172" originChamber="HOUSE" orig-publish-date="2021-01-04" update-date="2021-04-22">
<title>United States Anti-Doping Agency Reauthorization Act of 2021</title>
<summary summary-id="id117hr172v53" currentChamber="HOUSE" update-date="2021-04-22">
<action-date>2021-04-14</action-date>
<action-desc>Passed House</action-desc>
<summary-text><![CDATA[<p><strong>United States Anti-Doping Agency Reauthorization Act of 2021</strong></p> <p>This bill authorizes appropriations for the U.S. Anti-Doping Agency (USADA) through FY2030.</p> <p>The bill adds requirements that USADA</p> <ul> <li>be responsible for certifying in advance any testing conducted by international organizations under the World Anti-Doping Code for international amateur athletes and athletic competitions occurring within the jurisdiction of the United States; and</li> <li> promote a positive youth sport experience by using a portion of its funding to provide educational materials on sportsmanship, character building, and healthy performance for those participating in youth sports.</li> </ul> <p>The bill requires any action taken by USADA to enforce a policy, procedure, or requirement against a person with respect to a violation of federal law, including an investigation, disciplinary action, sanction, or any other administrative action, to be carried out in a manner that provides due process protection.</p> <p>The Department of Justice, the Department of Homeland Security, and the Food and Drug Administration&nbsp;must provide to USADA information relating to the prevention of the use of performance-enhancing drugs or the prohibition of performance-enhancing methods.</p>]]></summary-text>
</summary>
<summary summary-id="id117hr172v00" currentChamber="HOUSE" update-date="2021-02-17">
<action-date>2021-01-04</action-date>
<action-desc>Introduced in House</action-desc>
<summary-text><![CDATA[<p><strong>United States Anti-Doping Agency Reauthorization Act of 2021</strong></p> <p>This bill authorizes appropriations for the U.S. Anti-Doping Agency (USADA) through FY2030.</p> <p>The bill adds requirements that USADA</p> <ul> <li>be responsible for certifying in advance any testing conducted by international organizations under the World Anti-Doping Code for international amateur athletes and athletic competitions occurring within the jurisdiction of the United States; and</li> <li> promote a positive youth sport experience by using a portion of its funding to provide educational materials on sportsmanship, character building, and healthy performance for those participating in youth sports.</li> </ul> <p>The bill requires any action taken by USADA to enforce a policy, procedure, or requirement against a person with respect to a violation of federal law, including an investigation, disciplinary action, sanction, or any other administrative action, to be carried out in a manner that provides due process protection.</p> <p>The Department of Justice, the Department of Homeland Security, and the Food and Drug Administration&nbsp;must provide to USADA information relating to the prevention of the use of performance-enhancing drugs or the prohibition of performance-enhancing methods.</p>]]></summary-text>
</summary>
</item>
<dublinCore xmlns:dc="http://purl.org/dc/elements/1.1/">
<dc:format>text/xml</dc:format>
<dc:language>EN</dc:language>
<dc:rights>Pursuant to Title 17 Section 105 of the United States Code, this file is not subject to copyright protection and is in the public domain.</dc:rights>
<dc:contributor>Congressional Research Service, Library of Congress</dc:contributor>
<dc:description>This file contains bill summaries for federal legislation. A bill summary describes the most significant provisions of a piece of legislation and details the effects the legislative text may have on current law and federal programs. Bill summaries are authored by the Congressional Research Service (CRS) of the Library of Congress. As stated in Public Law 91-510 (2 USC 166 (d)(6)), one of the duties of CRS is "to prepare summaries and digests of bills and resolutions of a public general nature introduced in the Senate or House of Representatives". For more information, refer to the User Guide that accompanies this file.</dc:description>
</dublinCore>
</BillSummaries>
