<?xml version="1.0" encoding="UTF-8"?><BillSummaries>
<item congress="117" measure-type="hr" measure-number="233" measure-id="id117hr233" originChamber="HOUSE" orig-publish-date="2021-01-06" update-date="2021-02-23">
<title>Exposing the Financing of Human Trafficking Act</title>
<summary summary-id="id117hr233v00" currentChamber="HOUSE" update-date="2021-02-23">
<action-date>2021-01-06</action-date>
<action-desc>Introduced in House</action-desc>
<summary-text><![CDATA[<p><b>Exposing the Financing of Human Trafficking Act</b></p> <p>This bill modifies the minimum standard for foreign government action toward the elimination of human trafficking. Specifically, an assessment of whether a government has made serious and sustained efforts to eliminate severe forms of trafficking must include consideration as to whether the government vigorously investigates, seeks to prevent, and prosecutes financial crimes associated with this trafficking. </p>]]></summary-text>
</summary>
</item>
<dublinCore xmlns:dc="http://purl.org/dc/elements/1.1/">
<dc:format>text/xml</dc:format>
<dc:language>EN</dc:language>
<dc:rights>Pursuant to Title 17 Section 105 of the United States Code, this file is not subject to copyright protection and is in the public domain.</dc:rights>
<dc:contributor>Congressional Research Service, Library of Congress</dc:contributor>
<dc:description>This file contains bill summaries for federal legislation. A bill summary describes the most significant provisions of a piece of legislation and details the effects the legislative text may have on current law and federal programs. Bill summaries are authored by the Congressional Research Service (CRS) of the Library of Congress. As stated in Public Law 91-510 (2 USC 166 (d)(6)), one of the duties of CRS is "to prepare summaries and digests of bills and resolutions of a public general nature introduced in the Senate or House of Representatives". For more information, refer to the User Guide that accompanies this file.</dc:description>
</dublinCore>
</BillSummaries>
