<?xml version="1.0" encoding="UTF-8"?><BillSummaries>
<item congress="117" measure-type="hr" measure-number="566" measure-id="id117hr566" originChamber="HOUSE" orig-publish-date="2021-01-28" update-date="2021-03-03">
<title>To amend section 105(a) of the Child Abuse Prevention and Treatment Act to authorize the Secretary of Health and Human Services to award a grant to a nonprofit entity for a national child abuse hotline.</title>
<summary summary-id="id117hr566v00" currentChamber="HOUSE" update-date="2021-03-03">
<action-date>2021-01-28</action-date>
<action-desc>Introduced in House</action-desc>
<summary-text><![CDATA[<p> This bill provides for a grant to establish and operate a national hotline that makes available assistance and information services 24 hours a day to victims of child abuse or neglect, their families, caregivers, and individuals required by law to report suspected child abuse or neglect. The Department of Health and Human Services may award the grant to a nonprofit entity and must prioritize grant applicants with experience operating a hotline and providing such assistance and support.</p>]]></summary-text>
</summary>
</item>
<dublinCore xmlns:dc="http://purl.org/dc/elements/1.1/">
<dc:format>text/xml</dc:format>
<dc:language>EN</dc:language>
<dc:rights>Pursuant to Title 17 Section 105 of the United States Code, this file is not subject to copyright protection and is in the public domain.</dc:rights>
<dc:contributor>Congressional Research Service, Library of Congress</dc:contributor>
<dc:description>This file contains bill summaries for federal legislation. A bill summary describes the most significant provisions of a piece of legislation and details the effects the legislative text may have on current law and federal programs. Bill summaries are authored by the Congressional Research Service (CRS) of the Library of Congress. As stated in Public Law 91-510 (2 USC 166 (d)(6)), one of the duties of CRS is "to prepare summaries and digests of bills and resolutions of a public general nature introduced in the Senate or House of Representatives". For more information, refer to the User Guide that accompanies this file.</dc:description>
</dublinCore>
</BillSummaries>
