<?xml version="1.0" encoding="UTF-8"?><BillSummaries>
<item congress="117" measure-type="hr" measure-number="250" measure-id="id117hr250" originChamber="HOUSE" orig-publish-date="2021-01-11" update-date="2021-02-19">
<title>January 8th National Memorial Act</title>
<summary summary-id="id117hr250v00" currentChamber="HOUSE" update-date="2021-02-19">
<action-date>2021-01-11</action-date>
<action-desc>Introduced in House</action-desc>
<summary-text><![CDATA[<p><b>January 8th National Memorial Act</b></p> <p>This bill directs the Department of the Interior to establish the January 8th National Memorial in Tucson, Arizona, as an affiliated area of the National Park System in commemoration of the shooting of Congresswoman Gabrielle Giffords and 18 others in Tucson on January 8, 2011. </p> <p>The January 8th Memorial Foundation shall transfer to Pima County, Arizona, amounts equal to final funding pledges, in addition to the amounts that the foundation has raised and transferred to the county for the construction of the memorial.</p> <p>The memorial shall be constructed on property owned by Pima County. The bill makes the county responsible for the management of the construction contract for the memorial through the use of funds provided by the foundation. </p> <p>The foundation shall cease operations after (1) final funding pledge amounts have been paid to Pima County, and (2) construction of the memorial has been completed. </p> <p>Pima County shall (1) be the memorial's management entity, and (2) be responsible for the construction and operation of the memorial. </p> <p>Interior shall develop a general management plan for the memorial.</p>]]></summary-text>
</summary>
</item>
<dublinCore xmlns:dc="http://purl.org/dc/elements/1.1/">
<dc:format>text/xml</dc:format>
<dc:language>EN</dc:language>
<dc:rights>Pursuant to Title 17 Section 105 of the United States Code, this file is not subject to copyright protection and is in the public domain.</dc:rights>
<dc:contributor>Congressional Research Service, Library of Congress</dc:contributor>
<dc:description>This file contains bill summaries for federal legislation. A bill summary describes the most significant provisions of a piece of legislation and details the effects the legislative text may have on current law and federal programs. Bill summaries are authored by the Congressional Research Service (CRS) of the Library of Congress. As stated in Public Law 91-510 (2 USC 166 (d)(6)), one of the duties of CRS is "to prepare summaries and digests of bills and resolutions of a public general nature introduced in the Senate or House of Representatives". For more information, refer to the User Guide that accompanies this file.</dc:description>
</dublinCore>
</BillSummaries>
