<?xml version="1.0" encoding="UTF-8"?><BillSummaries>
<item congress="117" measure-type="hr" measure-number="707" measure-id="id117hr707" originChamber="HOUSE" orig-publish-date="2021-02-02" update-date="2021-06-04">
<title>Ghost Army Congressional Gold Medal Act</title>
<summary summary-id="id117hr707v53" currentChamber="HOUSE" update-date="2021-06-04">
<action-date>2021-05-18</action-date>
<action-desc>Passed House</action-desc>
<summary-text><![CDATA[<p><strong>Ghost Army Congressional Gold Medal Act</strong></p> <p>This bill directs the Speaker of the House of Representatives and the President pro tempore of the Senate to award a Congressional Gold Medal to the 23rd Headquarters Special Troops and the 3133d Signal Service Company, known as the <i>Ghost Army</i>, collectively, in recognition of its service during World War II. </p>]]></summary-text>
</summary>
<summary summary-id="id117hr707v00" currentChamber="HOUSE" update-date="2021-03-03">
<action-date>2021-02-02</action-date>
<action-desc>Introduced in House</action-desc>
<summary-text><![CDATA[<p><strong>Ghost Army Congressional Gold Medal Act</strong></p> <p>This bill directs the Speaker of the House of Representatives and the President pro tempore of the Senate to award a Congressional Gold Medal to the 23rd Headquarters Special Troops and the 3133d Signal Service Company, known as the <i>Ghost Army</i>, collectively, in recognition of its service during World War II. </p>]]></summary-text>
</summary>
</item>
<dublinCore xmlns:dc="http://purl.org/dc/elements/1.1/">
<dc:format>text/xml</dc:format>
<dc:language>EN</dc:language>
<dc:rights>Pursuant to Title 17 Section 105 of the United States Code, this file is not subject to copyright protection and is in the public domain.</dc:rights>
<dc:contributor>Congressional Research Service, Library of Congress</dc:contributor>
<dc:description>This file contains bill summaries for federal legislation. A bill summary describes the most significant provisions of a piece of legislation and details the effects the legislative text may have on current law and federal programs. Bill summaries are authored by the Congressional Research Service (CRS) of the Library of Congress. As stated in Public Law 91-510 (2 USC 166 (d)(6)), one of the duties of CRS is "to prepare summaries and digests of bills and resolutions of a public general nature introduced in the Senate or House of Representatives". For more information, refer to the User Guide that accompanies this file.</dc:description>
</dublinCore>
</BillSummaries>
