<?xml version="1.0" encoding="UTF-8"?><BillSummaries>
<item congress="117" measure-type="hr" measure-number="154" measure-id="id117hr154" originChamber="HOUSE" orig-publish-date="2021-01-04" update-date="2021-02-05">
<title>RESCUE Act for Black and Community Banks</title>
<summary summary-id="id117hr154v00" currentChamber="HOUSE" update-date="2021-02-05">
<action-date>2021-01-04</action-date>
<action-desc>Introduced in House</action-desc>
<summary-text><![CDATA[<p><b>Reenergized Economic Sustainability for Community and Urban Entities Act for Black and Community Banks or the RESCUE Act for Black and Community Banks</b></p> <p>This bill establishes programs and requirements related to minority banks, Black banks, community banks, women's banks, and low-income credit unions.</p> <p>The bill establishes the Office of Black and Community Banks in the Office of the Comptroller of the Currency (OCC) to oversee Black and community banks. The OCC and the Securities and Exchange Commission must exempt these banks from specified securities and federal banking regulations in certain circumstances.</p> <p>The bill also establishes the Minority Bank Deposit Program. The Department of the Treasury must certify a depository institution or credit union upon successful application as a minority bank, a women's bank, or a low-income credit union. Every federal department and agency is directed to implement standards and procedures to ensure the use of such institutions to serve the financial needs of the department or agency. </p> <p>The Government Accountability Office must study the use of the new markets tax credit, lower-value home mortgages, and blockchain investments.</p>]]></summary-text>
</summary>
</item>
<dublinCore xmlns:dc="http://purl.org/dc/elements/1.1/">
<dc:format>text/xml</dc:format>
<dc:language>EN</dc:language>
<dc:rights>Pursuant to Title 17 Section 105 of the United States Code, this file is not subject to copyright protection and is in the public domain.</dc:rights>
<dc:contributor>Congressional Research Service, Library of Congress</dc:contributor>
<dc:description>This file contains bill summaries for federal legislation. A bill summary describes the most significant provisions of a piece of legislation and details the effects the legislative text may have on current law and federal programs. Bill summaries are authored by the Congressional Research Service (CRS) of the Library of Congress. As stated in Public Law 91-510 (2 USC 166 (d)(6)), one of the duties of CRS is "to prepare summaries and digests of bills and resolutions of a public general nature introduced in the Senate or House of Representatives". For more information, refer to the User Guide that accompanies this file.</dc:description>
</dublinCore>
</BillSummaries>
