<?xml version="1.0" encoding="UTF-8"?><BillSummaries>
<item congress="117" measure-type="hr" measure-number="127" measure-id="id117hr127" originChamber="HOUSE" orig-publish-date="2021-01-04" update-date="2021-03-04">
<title>Sabika Sheikh Firearm Licensing and Registration Act</title>
<summary summary-id="id117hr127v00" currentChamber="HOUSE" update-date="2021-03-04">
<action-date>2021-01-04</action-date>
<action-desc>Introduced in House</action-desc>
<summary-text><![CDATA[<p><b>Sabika Sheikh Firearm Licensing and Registration Act</b></p> <p>This bill establishes a process for the licensing and registration of firearms. It also prohibits the possession of certain ammunition and large capacity ammunition feeding devices.</p> <p>First, the Bureau of Alcohol, Tobacco, Firearms and Explosives must establish (1) a licensing system for the possession of firearms or ammunition, and (2) a registration system for firearms.</p> <p>In addition, the Department of Justice (DOJ) must establish and maintain a publicly available database of all registered firearms. </p> <p>Next, the bill creates licensing requirements for the possession of a firearm and ammunition. DOJ shall issue such a license if the individual is 21 years of age or older, undergoes a criminal background check and psychological evaluation, completes a certified training course, and has an insurance policy. It also outlines the circumstances under which DOJ must deny a license (e.g., the individual was hospitalized with a mental illness).</p> <p>It also establishes additional requirements for an antique firearm display license and a military-style weapons license.</p> <p>The bill generally prohibits and penalizes the possession of a firearm or ammunition unless the individual complies with licensing and registration requirements. Further, it prohibits the transfer of a firearm or ammunition to an unlicensed person. </p> <p>Finally, it generally prohibits and penalizes (1) the possession of ammunition that is 0.50 caliber or greater, and (2) the possession of a large capacity ammunition feed device. </p>]]></summary-text>
</summary>
</item>
<dublinCore xmlns:dc="http://purl.org/dc/elements/1.1/">
<dc:format>text/xml</dc:format>
<dc:language>EN</dc:language>
<dc:rights>Pursuant to Title 17 Section 105 of the United States Code, this file is not subject to copyright protection and is in the public domain.</dc:rights>
<dc:contributor>Congressional Research Service, Library of Congress</dc:contributor>
<dc:description>This file contains bill summaries for federal legislation. A bill summary describes the most significant provisions of a piece of legislation and details the effects the legislative text may have on current law and federal programs. Bill summaries are authored by the Congressional Research Service (CRS) of the Library of Congress. As stated in Public Law 91-510 (2 USC 166 (d)(6)), one of the duties of CRS is "to prepare summaries and digests of bills and resolutions of a public general nature introduced in the Senate or House of Representatives". For more information, refer to the User Guide that accompanies this file.</dc:description>
</dublinCore>
</BillSummaries>
