<?xml version="1.0" encoding="UTF-8"?><BillSummaries>
<item congress="117" measure-type="hr" measure-number="106" measure-id="id117hr106" originChamber="HOUSE" orig-publish-date="2021-01-04" update-date="2021-01-28">
<title>Child Tax Credit Equity for Puerto Rico Act of 2019</title>
<summary summary-id="id117hr106v00" currentChamber="HOUSE" update-date="2021-01-28">
<action-date>2021-01-04</action-date>
<action-desc>Introduced in House</action-desc>
<summary-text><![CDATA[<p><b>Child Tax Credit Equity for Puerto Rico Act of 2019</b></p> <p>This bill (1) allows residents of Puerto Rico to claim the refundable portion of the child tax credit on the same basis as U.S. taxpayers, and (2) allows such residents with one or two children to claim the refundable portion of the credit on the same basis as residents with three or more children. </p>]]></summary-text>
</summary>
</item>
<dublinCore xmlns:dc="http://purl.org/dc/elements/1.1/">
<dc:format>text/xml</dc:format>
<dc:language>EN</dc:language>
<dc:rights>Pursuant to Title 17 Section 105 of the United States Code, this file is not subject to copyright protection and is in the public domain.</dc:rights>
<dc:contributor>Congressional Research Service, Library of Congress</dc:contributor>
<dc:description>This file contains bill summaries for federal legislation. A bill summary describes the most significant provisions of a piece of legislation and details the effects the legislative text may have on current law and federal programs. Bill summaries are authored by the Congressional Research Service (CRS) of the Library of Congress. As stated in Public Law 91-510 (2 USC 166 (d)(6)), one of the duties of CRS is "to prepare summaries and digests of bills and resolutions of a public general nature introduced in the Senate or House of Representatives". For more information, refer to the User Guide that accompanies this file.</dc:description>
</dublinCore>
</BillSummaries>
