<?xml version="1.0" encoding="UTF-8"?><BillSummaries>
<item congress="117" measure-type="hr" measure-number="529" measure-id="id117hr529" originChamber="HOUSE" orig-publish-date="2021-01-28" update-date="2021-03-05">
<title>Protecting Sensitive Locations Act</title>
<summary summary-id="id117hr529v00" currentChamber="HOUSE" update-date="2021-03-05">
<action-date>2021-01-28</action-date>
<action-desc>Introduced in House</action-desc>
<summary-text><![CDATA[<p><b>Protecting Sensitive Locations Act</b></p> <p>This bill prohibits immigration enforcement actions within 1,000 feet of a sensitive location unless there are exigent circumstances and written prior approval has been obtained from certain officials. </p> <p>Sensitive locations include </p> <ul> <li>health care facilities; </li> <li>schools and school bus stops; </li> <li>places that provide assistance for people such as children, pregnant women, and abuse victims; </li> <li>places that provide disaster or emergency services; </li> <li>places of worship; </li> <li>courthouses and lawyers' offices; and </li> <li>public assistance offices. </li></ul> <p>The prohibition shall apply to Department of Homeland Security officers and agents, as well as state employees pursuing immigration enforcement actions. </p> <p>If an enforcement action is carried out in violation of this prohibition (1) no information resulting from the action may be entered into the record in a resulting removal proceeding, and (2) the affected alien may move to immediately terminate such a proceeding.</p> <p>U.S. Immigration and Customs Enforcement and U.S. Customs and Border Protection shall annually report to Congress about enforcement actions taken at sensitive locations in the preceding year. </p>]]></summary-text>
</summary>
</item>
<dublinCore xmlns:dc="http://purl.org/dc/elements/1.1/">
<dc:format>text/xml</dc:format>
<dc:language>EN</dc:language>
<dc:rights>Pursuant to Title 17 Section 105 of the United States Code, this file is not subject to copyright protection and is in the public domain.</dc:rights>
<dc:contributor>Congressional Research Service, Library of Congress</dc:contributor>
<dc:description>This file contains bill summaries for federal legislation. A bill summary describes the most significant provisions of a piece of legislation and details the effects the legislative text may have on current law and federal programs. Bill summaries are authored by the Congressional Research Service (CRS) of the Library of Congress. As stated in Public Law 91-510 (2 USC 166 (d)(6)), one of the duties of CRS is "to prepare summaries and digests of bills and resolutions of a public general nature introduced in the Senate or House of Representatives". For more information, refer to the User Guide that accompanies this file.</dc:description>
</dublinCore>
</BillSummaries>
