<?xml version="1.0" encoding="UTF-8"?><BillSummaries>
<item congress="117" measure-type="hr" measure-number="456" measure-id="id117hr456" originChamber="HOUSE" orig-publish-date="2021-01-25" update-date="2021-02-21">
<title>California Land Protection Act</title>
<summary summary-id="id117hr456v00" currentChamber="HOUSE" update-date="2021-02-21">
<action-date>2021-01-25</action-date>
<action-desc>Introduced in House</action-desc>
<summary-text><![CDATA[<p><b>California Land Protection Act</b></p> <p>This bill delays hydraulic fracturing of oil or gas resources on certain federal lands in California.</p> <p>On December 12, 2019, the Bureau of Land Management (BLM) published a record of decision for the Final Supplemental Environmental Impact Statement (EIS) for the BLM Bakersfield Field Office. This bill nullifies the EIS until the BLM completes and circulates for public comment a new EIS. The new EIS must consider the environmental effects of all oil or gas development in the planning area.</p> <p>After the new EIS is published, the Environmental Protection Agency (EPA) must review and publish comments regarding the EIS. If the EPA identifies significant environmental impacts or determines that there is insufficient information to assess the environmental impacts of all oil or gas development in the planning area, then the BLM must consult with the EPA before proceeding with federal oil or gas leasing in the planning area.</p>]]></summary-text>
</summary>
</item>
<dublinCore xmlns:dc="http://purl.org/dc/elements/1.1/">
<dc:format>text/xml</dc:format>
<dc:language>EN</dc:language>
<dc:rights>Pursuant to Title 17 Section 105 of the United States Code, this file is not subject to copyright protection and is in the public domain.</dc:rights>
<dc:contributor>Congressional Research Service, Library of Congress</dc:contributor>
<dc:description>This file contains bill summaries for federal legislation. A bill summary describes the most significant provisions of a piece of legislation and details the effects the legislative text may have on current law and federal programs. Bill summaries are authored by the Congressional Research Service (CRS) of the Library of Congress. As stated in Public Law 91-510 (2 USC 166 (d)(6)), one of the duties of CRS is "to prepare summaries and digests of bills and resolutions of a public general nature introduced in the Senate or House of Representatives". For more information, refer to the User Guide that accompanies this file.</dc:description>
</dublinCore>
</BillSummaries>
