<?xml version="1.0" encoding="UTF-8"?><BillSummaries>
<item congress="117" measure-type="hr" measure-number="142" measure-id="id117hr142" originChamber="HOUSE" orig-publish-date="2021-01-04" update-date="2021-02-05">
<title>Infant Protection and Baby Switching Prevention Act of 2021</title>
<summary summary-id="id117hr142v00" currentChamber="HOUSE" update-date="2021-02-05">
<action-date>2021-01-04</action-date>
<action-desc>Introduced in House</action-desc>
<summary-text><![CDATA[<p><b>Infant Protection and Baby Switching Prevention Act of </b><b>2021</b></p> <p>This bill establishes additional requirements that certain hospitals must meet in order to participate in Medicare. Specifically, as a condition of Medicare participation, hospitals and critical access hospitals that provide neonatal or infant care must have appropriate security procedures to reduce the likelihood of infant patient abduction and baby switching. Noncompliant hospitals are subject to specified civil penalties.</p> <p>The bill also establishes criminal penalties for knowingly altering or destroying a newborn's hospital patient records for the purpose of causing the newborn to be misidentified.</p>]]></summary-text>
</summary>
</item>
<dublinCore xmlns:dc="http://purl.org/dc/elements/1.1/">
<dc:format>text/xml</dc:format>
<dc:language>EN</dc:language>
<dc:rights>Pursuant to Title 17 Section 105 of the United States Code, this file is not subject to copyright protection and is in the public domain.</dc:rights>
<dc:contributor>Congressional Research Service, Library of Congress</dc:contributor>
<dc:description>This file contains bill summaries for federal legislation. A bill summary describes the most significant provisions of a piece of legislation and details the effects the legislative text may have on current law and federal programs. Bill summaries are authored by the Congressional Research Service (CRS) of the Library of Congress. As stated in Public Law 91-510 (2 USC 166 (d)(6)), one of the duties of CRS is "to prepare summaries and digests of bills and resolutions of a public general nature introduced in the Senate or House of Representatives". For more information, refer to the User Guide that accompanies this file.</dc:description>
</dublinCore>
</BillSummaries>
