<?xml version="1.0" encoding="UTF-8"?><BillSummaries>
<item congress="117" measure-type="hr" measure-number="110" measure-id="id117hr110" originChamber="HOUSE" orig-publish-date="2021-01-04" update-date="2021-02-08">
<title>Care for the Veteran Caregiver Act</title>
<summary summary-id="id117hr110v00" currentChamber="HOUSE" update-date="2021-02-08">
<action-date>2021-01-04</action-date>
<action-desc>Introduced in House</action-desc>
<summary-text><![CDATA[<p><b>Care for the Veteran Caregiver Act</b></p> <p>This bill updates the Program of Comprehensive Assistance for Family Caregivers of the Department of Veterans Affairs (VA), including by requiring the VA to continue to provide assistance to a family caregiver for at least six months after the death of a veteran participating in the program.</p> <p>Additionally, the bill requires the VA to establish a process by which veterans who are determined to have the most significant need for caregiver assistance are permanently eligible for such assistance. </p> <p>The bill requires the VA to standardize the criteria used across all facilities in its required evaluations of the needs of the veterans and the skills of the family caregiver.</p> <p>The VA must also standardize criteria used in accepting and evaluating applications for participation in the program across all facilities.]]></summary-text>
</summary>
</item>
<dublinCore xmlns:dc="http://purl.org/dc/elements/1.1/">
<dc:format>text/xml</dc:format>
<dc:language>EN</dc:language>
<dc:rights>Pursuant to Title 17 Section 105 of the United States Code, this file is not subject to copyright protection and is in the public domain.</dc:rights>
<dc:contributor>Congressional Research Service, Library of Congress</dc:contributor>
<dc:description>This file contains bill summaries for federal legislation. A bill summary describes the most significant provisions of a piece of legislation and details the effects the legislative text may have on current law and federal programs. Bill summaries are authored by the Congressional Research Service (CRS) of the Library of Congress. As stated in Public Law 91-510 (2 USC 166 (d)(6)), one of the duties of CRS is "to prepare summaries and digests of bills and resolutions of a public general nature introduced in the Senate or House of Representatives". For more information, refer to the User Guide that accompanies this file.</dc:description>
</dublinCore>
</BillSummaries>
