<?xml version="1.0" encoding="UTF-8"?><BillSummaries>
<item congress="117" measure-type="hr" measure-number="338" measure-id="id117hr338" originChamber="HOUSE" orig-publish-date="2021-01-15" update-date="2021-02-25">
<title>To clarify the counting of electoral votes in Congress to be a National Special Security Event.</title>
<summary summary-id="id117hr338v00" currentChamber="HOUSE" update-date="2021-02-25">
<action-date>2021-01-15</action-date>
<action-desc>Introduced in House</action-desc>
<summary-text><![CDATA[<p>This bill makes the counting of electoral college votes in Congress a National Special Security Event. </p> <p>A National Special Security Event is a designated event that, by virtue of its political, economic, social, or religious significance, may be the target of terrorism or other criminal activity. This designation authorizes the use of the U.S. Secret Service and certain funds to respond to the security needs resulting from such an event.</p>]]></summary-text>
</summary>
</item>
<dublinCore xmlns:dc="http://purl.org/dc/elements/1.1/">
<dc:format>text/xml</dc:format>
<dc:language>EN</dc:language>
<dc:rights>Pursuant to Title 17 Section 105 of the United States Code, this file is not subject to copyright protection and is in the public domain.</dc:rights>
<dc:contributor>Congressional Research Service, Library of Congress</dc:contributor>
<dc:description>This file contains bill summaries for federal legislation. A bill summary describes the most significant provisions of a piece of legislation and details the effects the legislative text may have on current law and federal programs. Bill summaries are authored by the Congressional Research Service (CRS) of the Library of Congress. As stated in Public Law 91-510 (2 USC 166 (d)(6)), one of the duties of CRS is "to prepare summaries and digests of bills and resolutions of a public general nature introduced in the Senate or House of Representatives". For more information, refer to the User Guide that accompanies this file.</dc:description>
</dublinCore>
</BillSummaries>
