<?xml version="1.0" encoding="UTF-8"?><BillSummaries>
<item congress="117" measure-type="hr" measure-number="614" measure-id="id117hr614" originChamber="HOUSE" orig-publish-date="2021-01-28" update-date="2021-03-05">
<title>Put School Counselors Where They’re Needed Act</title>
<summary summary-id="id117hr614v00" currentChamber="HOUSE" update-date="2021-03-05">
<action-date>2021-01-28</action-date>
<action-desc>Introduced in House</action-desc>
<summary-text><![CDATA[<p><b>Put School Counselors Where They're Needed Act</b></p> <p>This bill directs the Department of Education to implement a demonstration project providing competitive, four-year grants to at least 10 secondary schools that have a four-year adjusted cohort graduation rate of 60% or lower, for the provision of additional school counselors and counselor resources.</p> <p>The additional school counselors must primarily serve students identified as being at risk of not graduating in four years.</p> <p>Grantees that demonstrate progress in improving their graduation rates&nbsp;shall be&nbsp;eligible for subsequent grants. </p>]]></summary-text>
</summary>
</item>
<dublinCore xmlns:dc="http://purl.org/dc/elements/1.1/">
<dc:format>text/xml</dc:format>
<dc:language>EN</dc:language>
<dc:rights>Pursuant to Title 17 Section 105 of the United States Code, this file is not subject to copyright protection and is in the public domain.</dc:rights>
<dc:contributor>Congressional Research Service, Library of Congress</dc:contributor>
<dc:description>This file contains bill summaries for federal legislation. A bill summary describes the most significant provisions of a piece of legislation and details the effects the legislative text may have on current law and federal programs. Bill summaries are authored by the Congressional Research Service (CRS) of the Library of Congress. As stated in Public Law 91-510 (2 USC 166 (d)(6)), one of the duties of CRS is "to prepare summaries and digests of bills and resolutions of a public general nature introduced in the Senate or House of Representatives". For more information, refer to the User Guide that accompanies this file.</dc:description>
</dublinCore>
</BillSummaries>
