<?xml version="1.0" encoding="UTF-8"?><BillSummaries>
<item congress="117" measure-type="hr" measure-number="760" measure-id="id117hr760" originChamber="HOUSE" orig-publish-date="2021-02-03" update-date="2021-03-04">
<title>Securing Our Borders and Wilderness Act</title>
<summary summary-id="id117hr760v00" currentChamber="HOUSE" update-date="2021-03-04">
<action-date>2021-02-03</action-date>
<action-desc>Introduced in House</action-desc>
<summary-text><![CDATA[<p><b>Securing Our Borders and Wilderness Act</b></p> <p>This bill allows U.S. Customs and Border Protection to conduct the following activities within a wilderness area for the purpose of securing the international land borders of the United States:</p> <ul> <li> access structures, installations, and roads; </li> <li>execute search and rescue operations;</li> <li>use motor vehicles, motorboats, and motorized equipment;</li> <li>conduct patrols on foot and on horseback;</li> <li>use aircraft;</li> <li>deploy tactical infrastructure and technology; or</li> <li>construct and maintain roads and physical barriers. </li> </ul> <p>Any such activity shall be carried out in a manner that protects the wilderness character of the area. </p>]]></summary-text>
</summary>
</item>
<dublinCore xmlns:dc="http://purl.org/dc/elements/1.1/">
<dc:format>text/xml</dc:format>
<dc:language>EN</dc:language>
<dc:rights>Pursuant to Title 17 Section 105 of the United States Code, this file is not subject to copyright protection and is in the public domain.</dc:rights>
<dc:contributor>Congressional Research Service, Library of Congress</dc:contributor>
<dc:description>This file contains bill summaries for federal legislation. A bill summary describes the most significant provisions of a piece of legislation and details the effects the legislative text may have on current law and federal programs. Bill summaries are authored by the Congressional Research Service (CRS) of the Library of Congress. As stated in Public Law 91-510 (2 USC 166 (d)(6)), one of the duties of CRS is "to prepare summaries and digests of bills and resolutions of a public general nature introduced in the Senate or House of Representatives". For more information, refer to the User Guide that accompanies this file.</dc:description>
</dublinCore>
</BillSummaries>
