<?xml version="1.0" encoding="UTF-8"?><BillSummaries>
<item congress="117" measure-type="hr" measure-number="96" measure-id="id117hr96" originChamber="HOUSE" orig-publish-date="2021-01-04" update-date="2021-02-05">
<title>COVID–19 National Memorial Act</title>
<summary summary-id="id117hr96v00" currentChamber="HOUSE" update-date="2021-02-05">
<action-date>2021-01-04</action-date>
<action-desc>Introduced in House</action-desc>
<summary-text><![CDATA[<p><b>COVID-19 National Memorial Act </b></p> <p>This bill provides for the establishment of a memorial at a designated location in the Bronx, New York, to honor the lives lost and the heroes who helped the nation to recover from the COVID-19 pandemic.</p> <p>The bill also establishes the COVID-19 National Memorial Commission to (1) submit to the Department of the Interior and Congress a report containing recommendations for the planning, design, construction, and long-term management of a permanent memorial; (2) advise Interior on the boundaries of the memorial site; (3) advise Interior in the development of a management plan for the memorial site; and (4) provide significant opportunities for public participation in the planning and design of the memorial.</p>]]></summary-text>
</summary>
</item>
<dublinCore xmlns:dc="http://purl.org/dc/elements/1.1/">
<dc:format>text/xml</dc:format>
<dc:language>EN</dc:language>
<dc:rights>Pursuant to Title 17 Section 105 of the United States Code, this file is not subject to copyright protection and is in the public domain.</dc:rights>
<dc:contributor>Congressional Research Service, Library of Congress</dc:contributor>
<dc:description>This file contains bill summaries for federal legislation. A bill summary describes the most significant provisions of a piece of legislation and details the effects the legislative text may have on current law and federal programs. Bill summaries are authored by the Congressional Research Service (CRS) of the Library of Congress. As stated in Public Law 91-510 (2 USC 166 (d)(6)), one of the duties of CRS is "to prepare summaries and digests of bills and resolutions of a public general nature introduced in the Senate or House of Representatives". For more information, refer to the User Guide that accompanies this file.</dc:description>
</dublinCore>
</BillSummaries>
