<?xml version="1.0" encoding="UTF-8"?><BillSummaries>
<item congress="117" measure-type="hr" measure-number="52" measure-id="id117hr52" originChamber="HOUSE" orig-publish-date="2021-01-04" update-date="2021-02-05">
<title>Space Research Innovation Act</title>
<summary summary-id="id117hr52v00" currentChamber="HOUSE" update-date="2021-02-05">
<action-date>2021-01-04</action-date>
<action-desc>Introduced in House</action-desc>
<summary-text><![CDATA[<p><b>Space Research Innovation Act</b></p> <p>This bill directs the National Aeronautics and Space Administration (NASA) to (1) establish a university-affiliated research center to facilitate NASA capabilities, and (2) use the research center to fund analyses and engineering support related to cis-lunar and deep-space missions and interplanetary research.</p> <p>The bill lists the following entities as eligible to participate in the research center: (1) an institution of higher education, (2) an operator of a federally funded research and development center, and (3) a nonprofit or not-for-profit research institution.</p>]]></summary-text>
</summary>
</item>
<dublinCore xmlns:dc="http://purl.org/dc/elements/1.1/">
<dc:format>text/xml</dc:format>
<dc:language>EN</dc:language>
<dc:rights>Pursuant to Title 17 Section 105 of the United States Code, this file is not subject to copyright protection and is in the public domain.</dc:rights>
<dc:contributor>Congressional Research Service, Library of Congress</dc:contributor>
<dc:description>This file contains bill summaries for federal legislation. A bill summary describes the most significant provisions of a piece of legislation and details the effects the legislative text may have on current law and federal programs. Bill summaries are authored by the Congressional Research Service (CRS) of the Library of Congress. As stated in Public Law 91-510 (2 USC 166 (d)(6)), one of the duties of CRS is "to prepare summaries and digests of bills and resolutions of a public general nature introduced in the Senate or House of Representatives". For more information, refer to the User Guide that accompanies this file.</dc:description>
</dublinCore>
</BillSummaries>
