<?xml version="1.0" encoding="UTF-8"?><BillSummaries>
<item congress="117" measure-type="hr" measure-number="567" measure-id="id117hr567" originChamber="HOUSE" orig-publish-date="2021-01-28" update-date="2021-08-05">
<title>Trans-Sahara Counterterrorism Partnership Program Act of 2021</title>
<summary summary-id="id117hr567v53" currentChamber="HOUSE" update-date="2021-08-05">
<action-date>2021-06-29</action-date>
<action-desc>Passed House</action-desc>
<summary-text><![CDATA[<p><b>Trans-Sahara Counterterrorism Partnership Program Act of 2021</b></p> <p>This bill provides statutory authority for the Trans-Sahara Counterterrorism Partnership Program, an interagency program launched in 2005 to partner with countries in the Sahel and Maghreb regions of Africa to counter terrorism and violent extremism.</p> <p>The Department of State, in consultation with the Department of Defense and the U.S. Agency for International Development,&nbsp;shall establish the partnership program, which must coordinate all U.S. programs in North and West Africa related to various counterterrorism activities, such as building&nbsp;foreign-military capacity, enhancing border security, promoting youth employment, and supporting independent media to counter terrorist propaganda. </p> <p>The State Department must submit comprehensive, five-year strategies that include specified activities for the Sahel and Maghreb regions and for program counterterrorism efforts. Further, program activities must, among other things (1) be carried out in countries where there is an adequate level of partner country committment, and (2) have clearly defined outcomes and specific plans with indicators to regularly monitor and evaluate outcomes and impact. Such activities must also take into account the counterterrorism and development strategies of partner countries and align with such strategies to the extent possible.</p> <p>The State Department shall notify Congress before obligating funds&nbsp;for such programs, and must submit annual reports about program activities. </p>]]></summary-text>
</summary>
<summary summary-id="id117hr567v00" currentChamber="HOUSE" update-date="2021-03-01">
<action-date>2021-01-28</action-date>
<action-desc>Introduced in House</action-desc>
<summary-text><![CDATA[<p><b>Trans-Sahara Counterterrorism Partnership Program Act of 2021</b></p> <p>This bill provides statutory authority for the Trans-Sahara Counterterrorism Partnership Program, an interagency program launched in 2005 to partner with countries in the Sahel and Maghreb regions of Africa to counter terrorism and violent extremism.</p> <p>The Department of State, in consultation with the Department of Defense and the U.S. Agency for International Development,&nbsp;shall establish the partnership program, which must coordinate all U.S. programs in North and West Africa related to various counterterrorism activities, such as building&nbsp;foreign-military capacity, enhancing border security, promoting youth employment, and supporting independent media to counter terrorist propaganda. </p> <p>The State Department must submit comprehensive, five-year strategies that include specified activities for the Sahel and Maghreb regions and for program counterterrorism efforts. Further, program activities must, among other things (1) be carried out in countries where there is an adequate level of partner country committment, and (2) have clearly defined outcomes and specific plans with indicators to regularly monitor and evaluate outcomes and impact. Such activities must also take into account the counterterrorism and development strategies of partner countries and align with such strategies to the extent possible.</p> <p>The State Department shall notify Congress before obligating funds&nbsp;for such programs, and must submit annual reports about program activities. </p>]]></summary-text>
</summary>
</item>
<dublinCore xmlns:dc="http://purl.org/dc/elements/1.1/">
<dc:format>text/xml</dc:format>
<dc:language>EN</dc:language>
<dc:rights>Pursuant to Title 17 Section 105 of the United States Code, this file is not subject to copyright protection and is in the public domain.</dc:rights>
<dc:contributor>Congressional Research Service, Library of Congress</dc:contributor>
<dc:description>This file contains bill summaries for federal legislation. A bill summary describes the most significant provisions of a piece of legislation and details the effects the legislative text may have on current law and federal programs. Bill summaries are authored by the Congressional Research Service (CRS) of the Library of Congress. As stated in Public Law 91-510 (2 USC 166 (d)(6)), one of the duties of CRS is "to prepare summaries and digests of bills and resolutions of a public general nature introduced in the Senate or House of Representatives". For more information, refer to the User Guide that accompanies this file.</dc:description>
</dublinCore>
</BillSummaries>
