<?xml version="1.0" encoding="UTF-8"?><BillSummaries>
<item congress="117" measure-type="hr" measure-number="47" measure-id="id117hr47" originChamber="HOUSE" orig-publish-date="2021-01-04" update-date="2021-02-05">
<title>To amend title 54, United States Code, to increase public access to recreational areas on Federal land.</title>
<summary summary-id="id117hr47v00" currentChamber="HOUSE" update-date="2021-02-05">
<action-date>2021-01-04</action-date>
<action-desc>Introduced in House</action-desc>
<summary-text><![CDATA[<p>This bill increases, of the amounts made available for expenditure in any fiscal year under the Land and Water Conservation Fund, the minimum amounts to be made available for certain recreational public access projects (e.g., certain projects involving access to hunting and fishing). Specifically, the amounts shall be not less than the greater of (1) 10% percent (rather than 3%) of those amounts, or (2) $50 million (rather than $15 million).</p>]]></summary-text>
</summary>
</item>
<dublinCore xmlns:dc="http://purl.org/dc/elements/1.1/">
<dc:format>text/xml</dc:format>
<dc:language>EN</dc:language>
<dc:rights>Pursuant to Title 17 Section 105 of the United States Code, this file is not subject to copyright protection and is in the public domain.</dc:rights>
<dc:contributor>Congressional Research Service, Library of Congress</dc:contributor>
<dc:description>This file contains bill summaries for federal legislation. A bill summary describes the most significant provisions of a piece of legislation and details the effects the legislative text may have on current law and federal programs. Bill summaries are authored by the Congressional Research Service (CRS) of the Library of Congress. As stated in Public Law 91-510 (2 USC 166 (d)(6)), one of the duties of CRS is "to prepare summaries and digests of bills and resolutions of a public general nature introduced in the Senate or House of Representatives". For more information, refer to the User Guide that accompanies this file.</dc:description>
</dublinCore>
</BillSummaries>
