<?xml version="1.0" encoding="UTF-8"?><BillSummaries>
<item congress="117" measure-type="hr" measure-number="111" measure-id="id117hr111" originChamber="HOUSE" orig-publish-date="2021-01-04" update-date="2021-02-05">
<title>Federal Sunset Act of 2021</title>
<summary summary-id="id117hr111v00" currentChamber="HOUSE" update-date="2021-02-05">
<action-date>2021-01-04</action-date>
<action-desc>Introduced in House</action-desc>
<summary-text><![CDATA[<p><strong>Federal Sunset Act of 2021</strong> </p> <p>This bill abolishes a federal agency one year after it is reviewed by the Federal Agency Sunset Commission, established by the bill, unless the agency is reauthorized by Congress. Each agency, including each advisory committee, must be reviewed by the commission at least once every 12 years.</p> <p>The commission must (1) review and evaluate the efficiency and public need for each agency using specified criteria, (2) recommend whether each agency should be abolished or reorganized, and (3) report to Congress on introduced legislation that would establish a new agency or a new program. The commission shall terminate at the end of 2037.</p> <p>The Government Accountability Office and the Congressional Budget Office, in cooperation with the Congressional Research Service, shall prepare an inventory of federal programs to assist Congress and the commission in carrying out this bill.</p>]]></summary-text>
</summary>
</item>
<dublinCore xmlns:dc="http://purl.org/dc/elements/1.1/">
<dc:format>text/xml</dc:format>
<dc:language>EN</dc:language>
<dc:rights>Pursuant to Title 17 Section 105 of the United States Code, this file is not subject to copyright protection and is in the public domain.</dc:rights>
<dc:contributor>Congressional Research Service, Library of Congress</dc:contributor>
<dc:description>This file contains bill summaries for federal legislation. A bill summary describes the most significant provisions of a piece of legislation and details the effects the legislative text may have on current law and federal programs. Bill summaries are authored by the Congressional Research Service (CRS) of the Library of Congress. As stated in Public Law 91-510 (2 USC 166 (d)(6)), one of the duties of CRS is "to prepare summaries and digests of bills and resolutions of a public general nature introduced in the Senate or House of Representatives". For more information, refer to the User Guide that accompanies this file.</dc:description>
</dublinCore>
</BillSummaries>
