<?xml version="1.0" encoding="UTF-8"?><BillSummaries>
<item congress="117" measure-type="hr" measure-number="244" measure-id="id117hr244" originChamber="HOUSE" orig-publish-date="2021-01-11" update-date="2021-02-19">
<title>Executive Branch Conflict of Interest Act</title>
<summary summary-id="id117hr244v00" currentChamber="HOUSE" update-date="2021-02-19">
<action-date>2021-01-11</action-date>
<action-desc>Introduced in House</action-desc>
<summary-text><![CDATA[<p><b>Executive Branch Conflict of Interest Act</b></p> <p>This bill expands and establishes new prohibitions related to conflicts of interest involving certain federal government employees.</p> <p>Specifically, the bill prohibits a federal government employee from accepting a bonus from a former private sector employer for entering government service.</p> <p>The bill prohibits certain senior officials from using their position to participate in matters wherein a former employer or client has a financial interest, and it establishes penalties for an official who violates this prohibition. The bill also increases lobbying restrictions to two years for certain senior officials.</p> <p>In addition, the bill expands prohibitions that prevent certain former officials who were responsible for specified government contracts from receiving compensation from a participating contractor, contractor's affiliate, or subcontractor. The bill also prohibits a procurement officer in the federal government from working for a company that received a contract overseen by the procurement officer during the officer's last two years in government service.</p>]]></summary-text>
</summary>
</item>
<dublinCore xmlns:dc="http://purl.org/dc/elements/1.1/">
<dc:format>text/xml</dc:format>
<dc:language>EN</dc:language>
<dc:rights>Pursuant to Title 17 Section 105 of the United States Code, this file is not subject to copyright protection and is in the public domain.</dc:rights>
<dc:contributor>Congressional Research Service, Library of Congress</dc:contributor>
<dc:description>This file contains bill summaries for federal legislation. A bill summary describes the most significant provisions of a piece of legislation and details the effects the legislative text may have on current law and federal programs. Bill summaries are authored by the Congressional Research Service (CRS) of the Library of Congress. As stated in Public Law 91-510 (2 USC 166 (d)(6)), one of the duties of CRS is "to prepare summaries and digests of bills and resolutions of a public general nature introduced in the Senate or House of Representatives". For more information, refer to the User Guide that accompanies this file.</dc:description>
</dublinCore>
</BillSummaries>
