<?xml version="1.0" encoding="UTF-8"?><BillSummaries>
<item congress="117" measure-type="hr" measure-number="565" measure-id="id117hr565" originChamber="HOUSE" orig-publish-date="2021-01-28" update-date="2021-02-25">
<title>South Florida Clean Coastal Waters Act of 2021</title>
<summary summary-id="id117hr565v00" currentChamber="HOUSE" update-date="2021-02-25">
<action-date>2021-01-28</action-date>
<action-desc>Introduced in House</action-desc>
<summary-text><![CDATA[<p><b>South Florida Clean Coastal Waters Act of 2021</b></p> <p>This bill addresses harmful algal blooms and hypoxia in the South Florida ecosystem. An algal bloom is a rapid growth of algae that may create toxic or hypoxic (severely low-oxygen) conditions that are harmful to humans, animals, aquatic ecosystems, and the economy.</p> <p>The Inter-Agency Task Force on Harmful Algal Blooms and Hypoxia must assess potential approaches to reduce harmful algal blooms and hypoxia in the ecosystem. The task force must also submit a plan, based on the assessment, for reducing, mitigating, and controlling harmful algal blooms and hypoxia in the region.</p>]]></summary-text>
</summary>
</item>
<dublinCore xmlns:dc="http://purl.org/dc/elements/1.1/">
<dc:format>text/xml</dc:format>
<dc:language>EN</dc:language>
<dc:rights>Pursuant to Title 17 Section 105 of the United States Code, this file is not subject to copyright protection and is in the public domain.</dc:rights>
<dc:contributor>Congressional Research Service, Library of Congress</dc:contributor>
<dc:description>This file contains bill summaries for federal legislation. A bill summary describes the most significant provisions of a piece of legislation and details the effects the legislative text may have on current law and federal programs. Bill summaries are authored by the Congressional Research Service (CRS) of the Library of Congress. As stated in Public Law 91-510 (2 USC 166 (d)(6)), one of the duties of CRS is "to prepare summaries and digests of bills and resolutions of a public general nature introduced in the Senate or House of Representatives". For more information, refer to the User Guide that accompanies this file.</dc:description>
</dublinCore>
</BillSummaries>
