<?xml version="1.0" encoding="UTF-8"?><BillSummaries>
<item congress="117" measure-type="hr" measure-number="617" measure-id="id117hr617" originChamber="HOUSE" orig-publish-date="2021-01-28" update-date="2021-02-24">
<title>No Coronavirus Copays for Veterans Act</title>
<summary summary-id="id117hr617v00" currentChamber="HOUSE" update-date="2021-02-24">
<action-date>2021-01-28</action-date>
<action-desc>Introduced in House</action-desc>
<summary-text><![CDATA[<p><b>No Coronavirus Copays for Veterans Act</b></p> <p>This bill prohibits the Department of Veterans Affairs from requiring a co-payment or other cost sharing for qualifying preventive services related to COVID-19 (i.e., coronavirus disease 2019). A qualifying preventive service is intended to prevent or mitigate COVID-19 and is either (1) an evidence-based item or service with an <i>A</i> or <i>B</i> rating in the current recommendations of the U.S. Preventive Services Task Force, or (2) an immunization that has in effect a recommendation from the Advisory Committee on Immunization Practices of the Centers for Disease Control and Prevention with respect to the individual involved.</p> <p>Such a prohibition shall take effect 15 business days after the date on which a recommendation is made regarding a qualifying preventive service related to COVID-19.</p>]]></summary-text>
</summary>
</item>
<dublinCore xmlns:dc="http://purl.org/dc/elements/1.1/">
<dc:format>text/xml</dc:format>
<dc:language>EN</dc:language>
<dc:rights>Pursuant to Title 17 Section 105 of the United States Code, this file is not subject to copyright protection and is in the public domain.</dc:rights>
<dc:contributor>Congressional Research Service, Library of Congress</dc:contributor>
<dc:description>This file contains bill summaries for federal legislation. A bill summary describes the most significant provisions of a piece of legislation and details the effects the legislative text may have on current law and federal programs. Bill summaries are authored by the Congressional Research Service (CRS) of the Library of Congress. As stated in Public Law 91-510 (2 USC 166 (d)(6)), one of the duties of CRS is "to prepare summaries and digests of bills and resolutions of a public general nature introduced in the Senate or House of Representatives". For more information, refer to the User Guide that accompanies this file.</dc:description>
</dublinCore>
</BillSummaries>
