<?xml version="1.0" encoding="UTF-8"?><BillSummaries>
<item congress="117" measure-type="hr" measure-number="49" measure-id="id117hr49" originChamber="HOUSE" orig-publish-date="2021-01-04" update-date="2021-06-29">
<title>To designate the National Pulse Memorial located at 1912 South Orange Avenue, Orlando, Florida, 32806, and for other purposes.</title>
<summary summary-id="id117hr49v49" currentChamber="BOTH" update-date="2021-06-29">
<action-date>2021-06-25</action-date>
<action-desc>Public Law</action-desc>
<summary-text><![CDATA[<p>This bill redesignates the Pulse Memorial located at 1912 South Orange Avenue in Orlando, Florida, as the National Pulse Memorial.</p>]]></summary-text>
</summary>
<summary summary-id="id117hr49v55" currentChamber="SENATE" update-date="2021-06-18">
<action-date>2021-06-09</action-date>
<action-desc>Passed Senate</action-desc>
<summary-text><![CDATA[<p>This bill redesignates the Pulse Memorial located at 1912 South Orange Avenue in Orlando, Florida, as the &quot;National Pulse Memorial.&quot;</p>]]></summary-text>
</summary>
<summary summary-id="id117hr49v53" currentChamber="HOUSE" update-date="2021-05-18">
<action-date>2021-05-12</action-date>
<action-desc>Passed House</action-desc>
<summary-text><![CDATA[<p>This bill redesignates the Pulse Memorial located at 1912 South Orange Avenue in Orlando, Florida, as the &quot;National Pulse Memorial.&quot;</p>]]></summary-text>
</summary>
<summary summary-id="id117hr49v00" currentChamber="HOUSE" update-date="2021-01-15">
<action-date>2021-01-04</action-date>
<action-desc>Introduced in House</action-desc>
<summary-text><![CDATA[<p>This bill redesignates the Pulse Memorial located at 1912 South Orange Avenue in Orlando, Florida, as the &quot;National Pulse Memorial.&quot;</p>]]></summary-text>
</summary>
</item>
<dublinCore xmlns:dc="http://purl.org/dc/elements/1.1/">
<dc:format>text/xml</dc:format>
<dc:language>EN</dc:language>
<dc:rights>Pursuant to Title 17 Section 105 of the United States Code, this file is not subject to copyright protection and is in the public domain.</dc:rights>
<dc:contributor>Congressional Research Service, Library of Congress</dc:contributor>
<dc:description>This file contains bill summaries for federal legislation. A bill summary describes the most significant provisions of a piece of legislation and details the effects the legislative text may have on current law and federal programs. Bill summaries are authored by the Congressional Research Service (CRS) of the Library of Congress. As stated in Public Law 91-510 (2 USC 166 (d)(6)), one of the duties of CRS is "to prepare summaries and digests of bills and resolutions of a public general nature introduced in the Senate or House of Representatives". For more information, refer to the User Guide that accompanies this file.</dc:description>
</dublinCore>
</BillSummaries>
