<?xml version="1.0" encoding="UTF-8"?><BillSummaries>
<item congress="117" measure-type="hr" measure-number="306" measure-id="id117hr306" originChamber="HOUSE" orig-publish-date="2021-01-13" update-date="2021-02-24">
<title>STARTS Act of 2021</title>
<summary summary-id="id117hr306v00" currentChamber="HOUSE" update-date="2021-02-24">
<action-date>2021-01-13</action-date>
<action-desc>Introduced in House</action-desc>
<summary-text><![CDATA[<p><b>Safe Teachers Assistance and Return To School Act of 2021 or the STARTS Act of 2021</b></p> <p>This bill allows an increase in the tax deduction for the expenses of elementary and secondary school teachers in 2020 or 2021 for the purchase of personal protective equipment during the COVID-19 (i.e., coronavirus disease 2019) national health emergency. Specifically, the amount of the deduction is increased from $250 to $1,000, and $750 of such increase may only be used to purchase personal protective equipment or cleaning supplies to combat the spread of COVID-19. Any unused deduction amount for taxable year 2020 may be carried over to taxable year 2021.</p>]]></summary-text>
</summary>
</item>
<dublinCore xmlns:dc="http://purl.org/dc/elements/1.1/">
<dc:format>text/xml</dc:format>
<dc:language>EN</dc:language>
<dc:rights>Pursuant to Title 17 Section 105 of the United States Code, this file is not subject to copyright protection and is in the public domain.</dc:rights>
<dc:contributor>Congressional Research Service, Library of Congress</dc:contributor>
<dc:description>This file contains bill summaries for federal legislation. A bill summary describes the most significant provisions of a piece of legislation and details the effects the legislative text may have on current law and federal programs. Bill summaries are authored by the Congressional Research Service (CRS) of the Library of Congress. As stated in Public Law 91-510 (2 USC 166 (d)(6)), one of the duties of CRS is "to prepare summaries and digests of bills and resolutions of a public general nature introduced in the Senate or House of Representatives". For more information, refer to the User Guide that accompanies this file.</dc:description>
</dublinCore>
</BillSummaries>
