<?xml version="1.0" encoding="UTF-8"?><BillSummaries>
<item congress="117" measure-type="hr" measure-number="192" measure-id="id117hr192" originChamber="HOUSE" orig-publish-date="2021-01-05" update-date="2021-02-22">
<title>Targeting Rogue and Opaque Letters Act of 2021</title>
<summary summary-id="id117hr192v00" currentChamber="HOUSE" update-date="2021-02-22">
<action-date>2021-01-05</action-date>
<action-desc>Introduced in House</action-desc>
<summary-text><![CDATA[<p><b>Targeting Rogue and Opaque Letters Act of 2021 </b></p> <p>This bill prohibits sending bad faith patent demand letters.</p> <p>A patent demand letter is a written communication claiming that the recipient may be liable for patent infringement. <i>Bad faith</i> means making knowingly false or misleading statements, making claims with reckless disregard for the truth, or omitting information with the intent to deceive. </p> <p>Bad faith representations include false or misleading claims about the sender's right to assert a patent and whether lawsuits have been filed. They also include making written demands for compensation for invalid patents or to demand compensation without identifying the ultimate parent entity of the letter sender.</p> <p>The sender shall have an affirmative defense that it acted in good faith, by proving that its misstatements or omissions were unintentional and that it made an error in spite of procedures to avoid such errors. </p> <p>The bill preempts state laws relating to patent assertion communications. The Federal Trade Commission and state attorneys general may bring actions to enforce these provisions.</p>]]></summary-text>
</summary>
</item>
<dublinCore xmlns:dc="http://purl.org/dc/elements/1.1/">
<dc:format>text/xml</dc:format>
<dc:language>EN</dc:language>
<dc:rights>Pursuant to Title 17 Section 105 of the United States Code, this file is not subject to copyright protection and is in the public domain.</dc:rights>
<dc:contributor>Congressional Research Service, Library of Congress</dc:contributor>
<dc:description>This file contains bill summaries for federal legislation. A bill summary describes the most significant provisions of a piece of legislation and details the effects the legislative text may have on current law and federal programs. Bill summaries are authored by the Congressional Research Service (CRS) of the Library of Congress. As stated in Public Law 91-510 (2 USC 166 (d)(6)), one of the duties of CRS is "to prepare summaries and digests of bills and resolutions of a public general nature introduced in the Senate or House of Representatives". For more information, refer to the User Guide that accompanies this file.</dc:description>
</dublinCore>
</BillSummaries>
