<?xml version="1.0" encoding="UTF-8"?><BillSummaries>
<item congress="117" measure-type="hr" measure-number="201" measure-id="id117hr201" originChamber="HOUSE" orig-publish-date="2021-01-05" update-date="2021-02-09">
<title>National Bridge Replacement and Improvement Act</title>
<summary summary-id="id117hr201v00" currentChamber="HOUSE" update-date="2021-02-09">
<action-date>2021-01-05</action-date>
<action-desc>Introduced in House</action-desc>
<summary-text><![CDATA[<p><b>National Bridge Replacement and Improvement Act</b></p> <p>This bill directs the Department of Transportation (DOT) to establish a national bridge replacement and improvement grant program. </p> <p>Under the program, DOT may provide competitive grants to governmental entities and planning organizations to assist a bridge project that is eligible for federal-aid highway funding and will (1) restore or increase the structural capacity of the bridge; (2) correct a major safety defect of the bridge; or (3) replace an existing bridge with a new bridge that meets specific requirements, including being located in the same general traffic corridor as the bridge being replaced.</p>]]></summary-text>
</summary>
</item>
<dublinCore xmlns:dc="http://purl.org/dc/elements/1.1/">
<dc:format>text/xml</dc:format>
<dc:language>EN</dc:language>
<dc:rights>Pursuant to Title 17 Section 105 of the United States Code, this file is not subject to copyright protection and is in the public domain.</dc:rights>
<dc:contributor>Congressional Research Service, Library of Congress</dc:contributor>
<dc:description>This file contains bill summaries for federal legislation. A bill summary describes the most significant provisions of a piece of legislation and details the effects the legislative text may have on current law and federal programs. Bill summaries are authored by the Congressional Research Service (CRS) of the Library of Congress. As stated in Public Law 91-510 (2 USC 166 (d)(6)), one of the duties of CRS is "to prepare summaries and digests of bills and resolutions of a public general nature introduced in the Senate or House of Representatives". For more information, refer to the User Guide that accompanies this file.</dc:description>
</dublinCore>
</BillSummaries>
