<?xml version="1.0" encoding="UTF-8"?><BillSummaries>
<item congress="117" measure-type="hr" measure-number="803" measure-id="id117hr803" originChamber="HOUSE" orig-publish-date="2021-02-04" update-date="2021-03-24">
<title>Protecting America's Wilderness and Public Lands Act</title>
<summary summary-id="id117hr803v53" currentChamber="HOUSE" update-date="2021-03-24">
<action-date>2021-02-26</action-date>
<action-desc>Passed House</action-desc>
<summary-text><![CDATA[<p><b>Protecting America's Wilderness and Public Lands Act</b></p> <p>This bill provides for the preservation, conservation, and recreational use of public lands, including in Arizona, California, Maine, North Carolina, Oregon, Virginia, Washington, and the U.S. Virgin Islands.</p> <p>In Colorado, the bill designates wilderness, potential wilderness, a recreation management area, wildlife conservation areas, a national historic landscape, and special management areas and establishes the Greater Thompson Divide Fugitive Coal Mine Methane Use Pilot Program, the Fugitive Methane Emission Leasing Program, and a recreation area.</p> <p>In California, the bill </p> <ul> <li>establishes a recreation area, partnerships, and a special management area; </li> <li>designates a trail, wilderness, potential wilderness, and wild, scenic, and recreational rivers; </li> <li>establishes a special conservation management area;</li> <li>establishes the San Gabriel National Recreation Area Public Advisory Council and the San Gabriel National Recreation Area Partnership; and </li> <li> adds specified areas to the Rosie the Riveter/World War II Home Front National Historical Park. </li> </ul> <p>In Washington, the bill designates wilderness and wild, scenic, and recreational rivers.</p> <p>In Arizona and Oregon, the bill withdraws specified federal lands.</p> <p>In North Carolina and Virginia, the bill requires a study of designating an area as the Great Dismal Swamp National Heritage Area.</p> <p>In Maine, the bill designates a recreational river.</p> <p>In the U.S. Virgin Islands, the bill establishes a heritage area.</p> <p>In Virginia, the bill adds certain lands to Rough Mountain and Rich Hole Wildernesses.</p> <p>The bill extends the Cape Cod National Seashore Advisory Commission until September 26, 2028.</p> <p>The bill establishes an outdoor recreation legacy partnership grant program.</p> <p>The bill establishes a National Heritage Area System. </p>]]></summary-text>
</summary>
<summary summary-id="id117hr803v00" currentChamber="HOUSE" update-date="2021-02-26">
<action-date>2021-02-04</action-date>
<action-desc>Introduced in House</action-desc>
<summary-text><![CDATA[<p><b>Colorado Wilderness Act of 2021</b> </p><p>This bill designates specified lands in Colorado managed by the Bureau of Land Management (BLM) or the Forest Service as wilderness and as components of the National Wilderness Preservation System. </p> <p>The bill designates specified lands in Colorado administered by the BLM, the National Park Service, and Bureau of Reclamation as wilderness and as components of the National Wilderness Preservation System. Such lands shall be incorporated into the West Elk Wilderness. </p> <p>The Department of the Interior may continue authorizing competitive running events currently permitted in the Redcloud Peak Wilderness and Handies Peak Wilderness Areas. </p> <p>The Colorado Army National Guard, through the High-Altitude Army National Guard Aviation Training Site, may conduct aerial navigation training maneuver exercises over the wilderness areas designated by this bill. </p> <p>The bill designates specified lands managed by the BLM as (1) potential wilderness areas, and (2) the Pisgah East Wilderness and the Pisgah West Wilderness upon publication by Interior of a notice in the Federal Register that all nonconforming uses of such lands authorized by this bill have ceased.</p> <p>The bill provides for the securing, adjudication, and use of U.S. water rights for certain of the wilderness areas designated by this bill.</p> <p>The Department of Defense shall conduct a study on the impacts that the expansion of wilderness designations in the Western United States would have on the readiness of the U.S. Armed Forces with respect to aviation training.</p>]]></summary-text>
</summary>
</item>
<dublinCore xmlns:dc="http://purl.org/dc/elements/1.1/">
<dc:format>text/xml</dc:format>
<dc:language>EN</dc:language>
<dc:rights>Pursuant to Title 17 Section 105 of the United States Code, this file is not subject to copyright protection and is in the public domain.</dc:rights>
<dc:contributor>Congressional Research Service, Library of Congress</dc:contributor>
<dc:description>This file contains bill summaries for federal legislation. A bill summary describes the most significant provisions of a piece of legislation and details the effects the legislative text may have on current law and federal programs. Bill summaries are authored by the Congressional Research Service (CRS) of the Library of Congress. As stated in Public Law 91-510 (2 USC 166 (d)(6)), one of the duties of CRS is "to prepare summaries and digests of bills and resolutions of a public general nature introduced in the Senate or House of Representatives". For more information, refer to the User Guide that accompanies this file.</dc:description>
</dublinCore>
</BillSummaries>
