<?xml version="1.0" encoding="UTF-8"?><BillSummaries>
<item congress="117" measure-type="hr" measure-number="583" measure-id="id117hr583" originChamber="HOUSE" orig-publish-date="2021-01-28" update-date="2021-03-03">
<title>Green Bus Tax Credit Act of 2021</title>
<summary summary-id="id117hr583v00" currentChamber="HOUSE" update-date="2021-03-03">
<action-date>2021-01-28</action-date>
<action-desc>Introduced in House</action-desc>
<summary-text><![CDATA[<p><b>Green Bus Tax Credit Act of 2021</b></p> <p>This bill allows a manufacturer a zero-emission bus tax credit through 2026.</p> <p>The credit is equal to 10% of the sales price of a zero-emission bus. The credit only applies to the first $1 million of a vehicle's sales price and to buses used primarily in the United States and its possessions.</p> <p>The bill defines <i>zero-emission bus</i> as a motor vehicle that has a gross vehicle weight rating of not less than 14,000 pounds, is not powered or charged by an internal combustion engine, is propelled solely by an electric motor that draws electricity from a battery or fuel cell, and is designed to carry 15 or more passengers.</p>]]></summary-text>
</summary>
</item>
<dublinCore xmlns:dc="http://purl.org/dc/elements/1.1/">
<dc:format>text/xml</dc:format>
<dc:language>EN</dc:language>
<dc:rights>Pursuant to Title 17 Section 105 of the United States Code, this file is not subject to copyright protection and is in the public domain.</dc:rights>
<dc:contributor>Congressional Research Service, Library of Congress</dc:contributor>
<dc:description>This file contains bill summaries for federal legislation. A bill summary describes the most significant provisions of a piece of legislation and details the effects the legislative text may have on current law and federal programs. Bill summaries are authored by the Congressional Research Service (CRS) of the Library of Congress. As stated in Public Law 91-510 (2 USC 166 (d)(6)), one of the duties of CRS is "to prepare summaries and digests of bills and resolutions of a public general nature introduced in the Senate or House of Representatives". For more information, refer to the User Guide that accompanies this file.</dc:description>
</dublinCore>
</BillSummaries>
