<?xml version="1.0" encoding="UTF-8"?><BillSummaries>
<item congress="117" measure-type="hr" measure-number="356" measure-id="id117hr356" originChamber="HOUSE" orig-publish-date="2021-01-19" update-date="2021-03-01">
<title>Federal HIRE Act</title>
<summary summary-id="id117hr356v00" currentChamber="HOUSE" update-date="2021-03-01">
<action-date>2021-01-19</action-date>
<action-desc>Introduced in House</action-desc>
<summary-text><![CDATA[<p><b>Federal Hiring Improvement Reform and Enforcement Act or the Federal HIRE Act</b></p> <p>This bill provides direct-hire authority to federal agencies for purposes of filling positions in the competitive service for which there is a severe shortage of candidates, as determined by the agency.</p> <p>Direct-hire authority is an expedited hiring authority that currently may be issued by the Office of Personnel Management (OPM) to fill positions in the competitive service for which there is a critical hiring need or severe shortage of candidates. OPM may issue such authority to agencies upon written request or upon an independent assessment that there is a critical hiring need or severe shortage of candidates for specific positions.</p>]]></summary-text>
</summary>
</item>
<dublinCore xmlns:dc="http://purl.org/dc/elements/1.1/">
<dc:format>text/xml</dc:format>
<dc:language>EN</dc:language>
<dc:rights>Pursuant to Title 17 Section 105 of the United States Code, this file is not subject to copyright protection and is in the public domain.</dc:rights>
<dc:contributor>Congressional Research Service, Library of Congress</dc:contributor>
<dc:description>This file contains bill summaries for federal legislation. A bill summary describes the most significant provisions of a piece of legislation and details the effects the legislative text may have on current law and federal programs. Bill summaries are authored by the Congressional Research Service (CRS) of the Library of Congress. As stated in Public Law 91-510 (2 USC 166 (d)(6)), one of the duties of CRS is "to prepare summaries and digests of bills and resolutions of a public general nature introduced in the Senate or House of Representatives". For more information, refer to the User Guide that accompanies this file.</dc:description>
</dublinCore>
</BillSummaries>
