<?xml version="1.0" encoding="UTF-8"?><BillSummaries>
<item congress="117" measure-type="hr" measure-number="405" measure-id="id117hr405" originChamber="HOUSE" orig-publish-date="2021-01-21" update-date="2021-02-19">
<title>LEAD Act of 2021</title>
<summary summary-id="id117hr405v00" currentChamber="HOUSE" update-date="2021-02-19">
<action-date>2021-01-21</action-date>
<action-desc>Introduced in House</action-desc>
<summary-text><![CDATA[<p><b>Lead Endangers Animals Daily Act of 2021 or the LEAD Act of 2021</b></p> <p>This bill directs the Department of the Interior to issue final regulations prohibiting the discharge of any firearm using ammunition other than nonlead ammunition on all lands and waters under the jurisdiction and control of the U.S. Fish and Wildlife Service.</p> <p>Interior shall establish and annually update a list of nonlead ammunition.</p> <p>The prohibition shall not apply to (1) a government official or agent who is carrying out a statutory duty unrelated to the management of wildlife; (2) a state, local, tribal, or federal law enforcement officer, or the agent of such an officer, who is carrying out a statutory duty; or (3) an active member of the U.S. military who is carrying out official duties. </p> <p>A person that knowingly violates the prohibition may be assessed a civil penalty by Interior of (1) no more than $500 for the first violation, and (2) no less than $1,000 or more than $5,000 for a second or subsequent violation.</p>]]></summary-text>
</summary>
</item>
<dublinCore xmlns:dc="http://purl.org/dc/elements/1.1/">
<dc:format>text/xml</dc:format>
<dc:language>EN</dc:language>
<dc:rights>Pursuant to Title 17 Section 105 of the United States Code, this file is not subject to copyright protection and is in the public domain.</dc:rights>
<dc:contributor>Congressional Research Service, Library of Congress</dc:contributor>
<dc:description>This file contains bill summaries for federal legislation. A bill summary describes the most significant provisions of a piece of legislation and details the effects the legislative text may have on current law and federal programs. Bill summaries are authored by the Congressional Research Service (CRS) of the Library of Congress. As stated in Public Law 91-510 (2 USC 166 (d)(6)), one of the duties of CRS is "to prepare summaries and digests of bills and resolutions of a public general nature introduced in the Senate or House of Representatives". For more information, refer to the User Guide that accompanies this file.</dc:description>
</dublinCore>
</BillSummaries>
