<?xml version="1.0" encoding="UTF-8"?><BillSummaries>
<item congress="117" measure-type="hr" measure-number="464" measure-id="id117hr464" originChamber="HOUSE" orig-publish-date="2021-01-25" update-date="2021-02-23">
<title>Nuclear Forensics Authority Realignment Act</title>
<summary summary-id="id117hr464v00" currentChamber="HOUSE" update-date="2021-02-23">
<action-date>2021-01-25</action-date>
<action-desc>Introduced in House</action-desc>
<summary-text><![CDATA[<p><b>Nuclear Forensics Authority Realignment Act</b></p> <p>This bill reorganizes nuclear forensics and attribution activities of the federal government. Specifically, the bill transfers nuclear forensics activities currently performed by the Department of Homeland Security to the National Nuclear Security Administration (NNSA) within the Department of Energy (DOE). <i>Nuclear forensics</i> is the examination of nuclear and other radioactive materials to determine the origin and history of the material for purposes of law enforcement investigations or assessment of nuclear security vulnerabilities.</p> <p>The bill also establishes the National Nuclear Forensics Center within the NNSA. The center must coordinate stewardship, planning, assessment, and other functions for all federal nuclear forensics and attribution activities.</p> <p>Additionally, the NNSA must develop and implement a plan to modify its university-based research collaboration program to include the development of expertise in nuclear forensics in supporting scientific and engineering advancement in DOE defense and national security program areas.</p>]]></summary-text>
</summary>
</item>
<dublinCore xmlns:dc="http://purl.org/dc/elements/1.1/">
<dc:format>text/xml</dc:format>
<dc:language>EN</dc:language>
<dc:rights>Pursuant to Title 17 Section 105 of the United States Code, this file is not subject to copyright protection and is in the public domain.</dc:rights>
<dc:contributor>Congressional Research Service, Library of Congress</dc:contributor>
<dc:description>This file contains bill summaries for federal legislation. A bill summary describes the most significant provisions of a piece of legislation and details the effects the legislative text may have on current law and federal programs. Bill summaries are authored by the Congressional Research Service (CRS) of the Library of Congress. As stated in Public Law 91-510 (2 USC 166 (d)(6)), one of the duties of CRS is "to prepare summaries and digests of bills and resolutions of a public general nature introduced in the Senate or House of Representatives". For more information, refer to the User Guide that accompanies this file.</dc:description>
</dublinCore>
</BillSummaries>
