<?xml version="1.0" encoding="UTF-8"?><BillSummaries>
<item congress="117" measure-type="hr" measure-number="198" measure-id="id117hr198" originChamber="HOUSE" orig-publish-date="2021-01-05" update-date="2021-02-19">
<title>Baseball Diplomacy Act</title>
<summary summary-id="id117hr198v00" currentChamber="HOUSE" update-date="2021-02-19">
<action-date>2021-01-05</action-date>
<action-desc>Introduced in House</action-desc>
<summary-text><![CDATA[<p><b>Baseball Diplomacy Act</b></p> <p>This bill waives various embargo and immigration restrictions in order to allow Cuban nationals to enter the United States to play organized professional baseball. </p> <p>U.S. embargo authority may not regulate or prohibit various transactions by or on behalf of a Cuban national entering to play baseball, nor may the individual be prohibited from returning to Cuba with the earnings made from playing professional baseball. The President's authority to bar an alien whose entry is deemed to be detrimental to U.S. interests may not be used to deny a visa to a Cuban national entering to play baseball.</p> <p>An individual entering to play baseball may obtain a visa to remain in the United States only for the duration of the baseball season. The visa need not be renewed for reentry into the United States during the term of a contract between the individual and the team for which the individual played in the preceding season.</p> <p>]]></summary-text>
</summary>
</item>
<dublinCore xmlns:dc="http://purl.org/dc/elements/1.1/">
<dc:format>text/xml</dc:format>
<dc:language>EN</dc:language>
<dc:rights>Pursuant to Title 17 Section 105 of the United States Code, this file is not subject to copyright protection and is in the public domain.</dc:rights>
<dc:contributor>Congressional Research Service, Library of Congress</dc:contributor>
<dc:description>This file contains bill summaries for federal legislation. A bill summary describes the most significant provisions of a piece of legislation and details the effects the legislative text may have on current law and federal programs. Bill summaries are authored by the Congressional Research Service (CRS) of the Library of Congress. As stated in Public Law 91-510 (2 USC 166 (d)(6)), one of the duties of CRS is "to prepare summaries and digests of bills and resolutions of a public general nature introduced in the Senate or House of Representatives". For more information, refer to the User Guide that accompanies this file.</dc:description>
</dublinCore>
</BillSummaries>
