<?xml version="1.0" encoding="UTF-8"?><BillSummaries>
<item congress="117" measure-type="hr" measure-number="629" measure-id="id117hr629" originChamber="HOUSE" orig-publish-date="2021-01-28" update-date="2021-02-24">
<title>MAST Act</title>
<summary summary-id="id117hr629v00" currentChamber="HOUSE" update-date="2021-02-24">
<action-date>2021-01-28</action-date>
<action-desc>Introduced in House</action-desc>
<summary-text><![CDATA[<p><b>Marine Access and State Transparency or the MAST Act</b></p> <p> This bill requires the President, before a national monument may be designated on public land, to obtain congressional approval and certify compliance with environmental review requirements. </p> <p> The bill bars the President from declaring any area of the exclusive economic zone to be a national monument unless</p> <ul> <li>such a declaration is specifically authorized by statute,</li> <li>the President has submitted a proposal to make the declaration to the governor of each state or territory located within 200 nautical miles of that area,</li> <li>each governor submits to the President a notice that the legislature of that state or territory has approved the proposal, and</li> <li>the declaration is substantially the same as the proposal.</li> </ul> <p> The bill prohibits the Department of the Interior or the Department of Commerce, with respect to any area of the exclusive economic zone that is designated as a national monument, from implementing any restrictions on the public use of such a national monument until the expiration of an appropriate review period providing for public input and congressional approval.</p> </p>]]></summary-text>
</summary>
</item>
<dublinCore xmlns:dc="http://purl.org/dc/elements/1.1/">
<dc:format>text/xml</dc:format>
<dc:language>EN</dc:language>
<dc:rights>Pursuant to Title 17 Section 105 of the United States Code, this file is not subject to copyright protection and is in the public domain.</dc:rights>
<dc:contributor>Congressional Research Service, Library of Congress</dc:contributor>
<dc:description>This file contains bill summaries for federal legislation. A bill summary describes the most significant provisions of a piece of legislation and details the effects the legislative text may have on current law and federal programs. Bill summaries are authored by the Congressional Research Service (CRS) of the Library of Congress. As stated in Public Law 91-510 (2 USC 166 (d)(6)), one of the duties of CRS is "to prepare summaries and digests of bills and resolutions of a public general nature introduced in the Senate or House of Representatives". For more information, refer to the User Guide that accompanies this file.</dc:description>
</dublinCore>
</BillSummaries>
