<?xml version="1.0" encoding="UTF-8"?><BillSummaries>
<item congress="117" measure-type="hr" measure-number="32" measure-id="id117hr32" originChamber="HOUSE" orig-publish-date="2021-01-04" update-date="2021-02-05">
<title>To amend the Public Health Service Act to provide for cooperative governing of individual health insurance coverage.</title>
<summary summary-id="id117hr32v00" currentChamber="HOUSE" update-date="2021-02-05">
<action-date>2021-01-04</action-date>
<action-desc>Introduced in House</action-desc>
<summary-text><![CDATA[<p>This bill establishes which state law governs health insurers offering coverage in multiple states. Specifically, the bill provides that the laws of a state designated by a health insurer (primary state) apply to individual health insurance coverage offered by that insurer in any other state (secondary state) if the coverage, states, and insurer comply with the conditions of this bill. Insurers are exempted from any secondary state's laws that would prohibit or regulate the operation of the insurer in that state. The primary state is given sole jurisdiction to enforce its covered laws in any secondary state.</p> <p>The Government Accountability Office must study the effect of this bill on specified health insurance issues.</p>]]></summary-text>
</summary>
</item>
<dublinCore xmlns:dc="http://purl.org/dc/elements/1.1/">
<dc:format>text/xml</dc:format>
<dc:language>EN</dc:language>
<dc:rights>Pursuant to Title 17 Section 105 of the United States Code, this file is not subject to copyright protection and is in the public domain.</dc:rights>
<dc:contributor>Congressional Research Service, Library of Congress</dc:contributor>
<dc:description>This file contains bill summaries for federal legislation. A bill summary describes the most significant provisions of a piece of legislation and details the effects the legislative text may have on current law and federal programs. Bill summaries are authored by the Congressional Research Service (CRS) of the Library of Congress. As stated in Public Law 91-510 (2 USC 166 (d)(6)), one of the duties of CRS is "to prepare summaries and digests of bills and resolutions of a public general nature introduced in the Senate or House of Representatives". For more information, refer to the User Guide that accompanies this file.</dc:description>
</dublinCore>
</BillSummaries>
