<?xml version="1.0" encoding="UTF-8"?><BillSummaries>
<item congress="117" measure-type="hr" measure-number="59" measure-id="id117hr59" originChamber="HOUSE" orig-publish-date="2021-01-04" update-date="2021-03-03">
<title>Strengthening Fishing Communities and Increasing Flexibility in Fisheries Management Act</title>
<summary summary-id="id117hr59v00" currentChamber="HOUSE" update-date="2021-03-03">
<action-date>2021-01-04</action-date>
<action-desc>Introduced in House</action-desc>
<summary-text><![CDATA[<p><b>Strengthening Fishing Communities and Increasing Flexibility in Fisheries Management Act</b></p> <p>This bill revises provisions related to fishery management activities and otherwise sets forth new requirements related to fisheries.</p> <p>The National Oceanic and Atmospheric Administration (NOAA) must publish every three years a plan to conduct stock assessments for any species subject to a fishery management plan. NOAA must also develop a plan for implementing cooperative research with fisherman and outside groups.</p> <p>The bill provides authority for fishery management councils to (1) use alternative fishery management measures in a recreational fishery (or the recreational component of a mixed-use fishery), (2) consider changes in an ecosystem and the economic needs of the fishing communities when establishing annual catch limits, and (3) base fishery stock rebuilding time frames on science given the biology and characteristics of such stock.</p> <p>The bill also prohibits feeding sharks in federal waters off the coast of Florida and sets forth requirements under which a state may encourage the elimination of lionfish.</p>]]></summary-text>
</summary>
</item>
<dublinCore xmlns:dc="http://purl.org/dc/elements/1.1/">
<dc:format>text/xml</dc:format>
<dc:language>EN</dc:language>
<dc:rights>Pursuant to Title 17 Section 105 of the United States Code, this file is not subject to copyright protection and is in the public domain.</dc:rights>
<dc:contributor>Congressional Research Service, Library of Congress</dc:contributor>
<dc:description>This file contains bill summaries for federal legislation. A bill summary describes the most significant provisions of a piece of legislation and details the effects the legislative text may have on current law and federal programs. Bill summaries are authored by the Congressional Research Service (CRS) of the Library of Congress. As stated in Public Law 91-510 (2 USC 166 (d)(6)), one of the duties of CRS is "to prepare summaries and digests of bills and resolutions of a public general nature introduced in the Senate or House of Representatives". For more information, refer to the User Guide that accompanies this file.</dc:description>
</dublinCore>
</BillSummaries>
