<?xml version="1.0" encoding="UTF-8"?><BillSummaries>
<item congress="117" measure-type="hr" measure-number="473" measure-id="id117hr473" originChamber="HOUSE" orig-publish-date="2021-01-25" update-date="2021-05-06">
<title>Trusted Traveler Reconsideration and Restoration Act of 2021</title>
<summary summary-id="id117hr473v53" currentChamber="HOUSE" update-date="2021-05-06">
<action-date>2021-04-19</action-date>
<action-desc>Passed House</action-desc>
<summary-text><![CDATA[<p><b>Trusted Traveler Reconsideration and Restoration Act of 2021</b></p> <p>This bill directs (1) the Government Accountability Office (GAO) to review Department of Homeland Security (DHS) trusted traveler programs, and (2) DHS to extend the enrollment period where an individual's participation in a trusted traveler program was revoked in error.</p> <p>The GAO review must examine</p> <ul> <li>the extent to which DHS tracks data and monitors trends related to trusted traveler programs;</li> <li>whether DHS coordinates with the heads of other relevant federal, state, local, tribal, or territorial entities regarding redress procedures for disqualifying offenses not covered by its own redress processes but that may impact an individual's enrollment in a trusted traveler program;</li> <li>how DHS may improve access to reconsideration procedures regarding a disqualifying offense for enrollment in a trusted traveler program that requires the involvement of other federal, state, local, tribal, or territorial entities; and</li> <li>the extent to which travelers are informed about reconsideration procedures regarding enrollment in a trusted traveler program.</li> </ul>]]></summary-text>
</summary>
<summary summary-id="id117hr473v00" currentChamber="HOUSE" update-date="2021-02-22">
<action-date>2021-01-25</action-date>
<action-desc>Introduced in House</action-desc>
<summary-text><![CDATA[<p><b>Trusted Traveler Reconsideration and Restoration Act of 2021</b></p> <p>This bill directs (1) the Government Accountability Office to review Department of Homeland Security (DHS) trusted traveler programs, and (2) DHS to extend the enrollment period where an individual's participation in a trusted traveler program was revoked in error.</p>]]></summary-text>
</summary>
</item>
<dublinCore xmlns:dc="http://purl.org/dc/elements/1.1/">
<dc:format>text/xml</dc:format>
<dc:language>EN</dc:language>
<dc:rights>Pursuant to Title 17 Section 105 of the United States Code, this file is not subject to copyright protection and is in the public domain.</dc:rights>
<dc:contributor>Congressional Research Service, Library of Congress</dc:contributor>
<dc:description>This file contains bill summaries for federal legislation. A bill summary describes the most significant provisions of a piece of legislation and details the effects the legislative text may have on current law and federal programs. Bill summaries are authored by the Congressional Research Service (CRS) of the Library of Congress. As stated in Public Law 91-510 (2 USC 166 (d)(6)), one of the duties of CRS is "to prepare summaries and digests of bills and resolutions of a public general nature introduced in the Senate or House of Representatives". For more information, refer to the User Guide that accompanies this file.</dc:description>
</dublinCore>
</BillSummaries>
