<?xml version="1.0" encoding="UTF-8"?><BillSummaries>
<item congress="117" measure-type="hr" measure-number="77" measure-id="id117hr77" originChamber="HOUSE" orig-publish-date="2021-01-04" update-date="2021-01-25">
<title>ACCESS Act</title>
<summary summary-id="id117hr77v00" currentChamber="HOUSE" update-date="2021-01-25">
<action-date>2021-01-04</action-date>
<action-desc>Introduced in House</action-desc>
<summary-text><![CDATA[<p><b>ADA Compliance for Customer Entry to Stores and Services Act or the ACCESS Act</b></p> <p>This bill addresses access to public accommodations for persons with a disability.</p> <p>The bill requires the Department of Justice (DOJ) to develop a program to educate state and local governments and property owners on strategies for promoting access to public accommodations for persons with a disability.</p> <p>The bill authorizes an aggrieved person, after taking specified actions, to commence a civil action based on the failure to remove an architectural barrier to access an existing public accommodation. Specifically, the aggrieved person must have provided the owners or operators a written notice specific enough to identify the barrier and specify the circumstances under which public accommodation access was denied. The owners or operators must have (1) failed to provide the person a written description outlining improvements that will be made to improve the barrier, or (2) failed to remove the barrier or make substantial progress after providing such a description.</p> <p>The Judicial Conference of the United States must develop a model program to promote alternative dispute resolution mechanisms to resolve claims involving architectural barriers to access for public accommodations.</p> <p>Finally, the bill requires DOJ to complete a study of whether certain web content standards or information services for individuals with disabilities provided telephonically provide the same accommodations as would be available on a website.</p>]]></summary-text>
</summary>
</item>
<dublinCore xmlns:dc="http://purl.org/dc/elements/1.1/">
<dc:format>text/xml</dc:format>
<dc:language>EN</dc:language>
<dc:rights>Pursuant to Title 17 Section 105 of the United States Code, this file is not subject to copyright protection and is in the public domain.</dc:rights>
<dc:contributor>Congressional Research Service, Library of Congress</dc:contributor>
<dc:description>This file contains bill summaries for federal legislation. A bill summary describes the most significant provisions of a piece of legislation and details the effects the legislative text may have on current law and federal programs. Bill summaries are authored by the Congressional Research Service (CRS) of the Library of Congress. As stated in Public Law 91-510 (2 USC 166 (d)(6)), one of the duties of CRS is "to prepare summaries and digests of bills and resolutions of a public general nature introduced in the Senate or House of Representatives". For more information, refer to the User Guide that accompanies this file.</dc:description>
</dublinCore>
</BillSummaries>
