<?xml version="1.0" encoding="UTF-8"?><BillSummaries>
<item congress="117" measure-type="hr" measure-number="205" measure-id="id117hr205" originChamber="HOUSE" orig-publish-date="2021-01-05" update-date="2021-02-18">
<title>Accelerating Broadband Connectivity Act of 2021</title>
<summary summary-id="id117hr205v00" currentChamber="HOUSE" update-date="2021-02-18">
<action-date>2021-01-05</action-date>
<action-desc>Introduced in House</action-desc>
<summary-text><![CDATA[<p><b>Accelerating Broadband Connectivity Act of 2021</b></p> <p>This bill establishes the Accelerating Broadband Connectivity Fund from which the Federal Communications Commission (FCC) shall offer additional funding to certain terrestrial telecommunications carriers for specified broadband projects.</p> <p>Specifically, the FCC shall make one-time funding offers from the Accelerating Broadband Connectivity Fund to certain terrestrial telecommunications carriers that receive support from the Rural Digital Opportunity Fund. The Rural Digital Opportunity Fund is a mechanism through which the FCC finances high-speed broadband networks in unserved rural areas.</p> <p>Recipients of amounts from the Accelerating Broadband Connectivity Fund shall use such funds to (1) begin construction of a broadband network, (2) make broadband available from the network deployed using Rural Digital Opportunity Fund support, and (3) meet all build-out obligations pursuant to receiving amounts from the Rural Digital Opportunity Fund. </p>]]></summary-text>
</summary>
</item>
<dublinCore xmlns:dc="http://purl.org/dc/elements/1.1/">
<dc:format>text/xml</dc:format>
<dc:language>EN</dc:language>
<dc:rights>Pursuant to Title 17 Section 105 of the United States Code, this file is not subject to copyright protection and is in the public domain.</dc:rights>
<dc:contributor>Congressional Research Service, Library of Congress</dc:contributor>
<dc:description>This file contains bill summaries for federal legislation. A bill summary describes the most significant provisions of a piece of legislation and details the effects the legislative text may have on current law and federal programs. Bill summaries are authored by the Congressional Research Service (CRS) of the Library of Congress. As stated in Public Law 91-510 (2 USC 166 (d)(6)), one of the duties of CRS is "to prepare summaries and digests of bills and resolutions of a public general nature introduced in the Senate or House of Representatives". For more information, refer to the User Guide that accompanies this file.</dc:description>
</dublinCore>
</BillSummaries>
