<?xml version="1.0" encoding="UTF-8"?><BillSummaries>
<item congress="117" measure-type="hr" measure-number="175" measure-id="id117hr175" originChamber="HOUSE" orig-publish-date="2021-01-04" update-date="2021-02-09">
<title>Expanding Penalty Free Withdrawal Act</title>
<summary summary-id="id117hr175v00" currentChamber="HOUSE" update-date="2021-02-09">
<action-date>2021-01-04</action-date>
<action-desc>Introduced in House</action-desc>
<summary-text><![CDATA[<p><b>Expanding Penalty Free Withdrawal Act</b></p> <p>This bill expands the exceptions in the Internal Revenue Code that permit penalty-free distributions to unemployed individuals from retirement plans. </p> <p>The 10% additional tax on early distributions from retirement plans does not apply to an individual after separation from employment if (1) the individual has received federal or state unemployment compensation for 26 consecutive weeks or, if less, the maximum period available under state law; and (2) the distributions are made during the year or the succeeding year in which the compensation is paid. </p> <p>The exception is limited to the lesser of (1) $50,000 from all plans of the individual over a one-year period, or (2) the greater of $10,000 or one-half of the fair market value of the individual's retirement plans and the nonforfeitable portion of the individual's defined contribution plans. </p> <p>The exception does not apply to distributions that are (1) included in the existing exception for distributions to unemployed individuals for health insurance premiums, or (2) are made after the individual has been employed for at least 60 days after the separation. </p>]]></summary-text>
</summary>
</item>
<dublinCore xmlns:dc="http://purl.org/dc/elements/1.1/">
<dc:format>text/xml</dc:format>
<dc:language>EN</dc:language>
<dc:rights>Pursuant to Title 17 Section 105 of the United States Code, this file is not subject to copyright protection and is in the public domain.</dc:rights>
<dc:contributor>Congressional Research Service, Library of Congress</dc:contributor>
<dc:description>This file contains bill summaries for federal legislation. A bill summary describes the most significant provisions of a piece of legislation and details the effects the legislative text may have on current law and federal programs. Bill summaries are authored by the Congressional Research Service (CRS) of the Library of Congress. As stated in Public Law 91-510 (2 USC 166 (d)(6)), one of the duties of CRS is "to prepare summaries and digests of bills and resolutions of a public general nature introduced in the Senate or House of Representatives". For more information, refer to the User Guide that accompanies this file.</dc:description>
</dublinCore>
</BillSummaries>
