<?xml version="1.0" encoding="UTF-8"?><BillSummaries>
<item congress="117" measure-type="hr" measure-number="531" measure-id="id117hr531" originChamber="HOUSE" orig-publish-date="2021-01-28" update-date="2021-02-24">
<title>ICE and CBP Body Camera Accountability Act</title>
<summary summary-id="id117hr531v00" currentChamber="HOUSE" update-date="2021-02-24">
<action-date>2021-01-28</action-date>
<action-desc>Introduced in House</action-desc>
<summary-text><![CDATA[<p><b>ICE and CBP Body Camera Accountability Act</b></p> <p>This bill requires U.S. Immigration and Customs Enforcement (ICE) and Customs and Border Protection (CBP) agents and officers to wear body cameras when engaged in official operations.</p> <p>Such agents and officers shall turn on their cameras for the duration of each shift. The footage shall be available to each party in any administrative proceeding, civil action, or criminal proceeding where such footage is pertinent. </p> <p>An agent or officer whose camera does not record footage during a shift shall be subject to furlough, reduction in pay or grade, or suspension. When a camera does not record during a shift, the Department of Homeland Security may not determine that the camera malfunctioned unless the agent or officer submits evidence to establish that a malfunction occurred.</p> <p>ICE and CBP shall establish policies and procedures regarding use of the cameras and for carrying out adverse actions related to a failure to record footage.<br> </p> <p>]]></summary-text>
</summary>
</item>
<dublinCore xmlns:dc="http://purl.org/dc/elements/1.1/">
<dc:format>text/xml</dc:format>
<dc:language>EN</dc:language>
<dc:rights>Pursuant to Title 17 Section 105 of the United States Code, this file is not subject to copyright protection and is in the public domain.</dc:rights>
<dc:contributor>Congressional Research Service, Library of Congress</dc:contributor>
<dc:description>This file contains bill summaries for federal legislation. A bill summary describes the most significant provisions of a piece of legislation and details the effects the legislative text may have on current law and federal programs. Bill summaries are authored by the Congressional Research Service (CRS) of the Library of Congress. As stated in Public Law 91-510 (2 USC 166 (d)(6)), one of the duties of CRS is "to prepare summaries and digests of bills and resolutions of a public general nature introduced in the Senate or House of Representatives". For more information, refer to the User Guide that accompanies this file.</dc:description>
</dublinCore>
</BillSummaries>
