<?xml version="1.0" encoding="UTF-8"?><BillSummaries>
<item congress="117" measure-type="hr" measure-number="82" measure-id="id117hr82" originChamber="HOUSE" orig-publish-date="2021-01-04" update-date="2021-01-21">
<title>Social Security Fairness Act of 2021</title>
<summary summary-id="id117hr82v00" currentChamber="HOUSE" update-date="2021-01-21">
<action-date>2021-01-04</action-date>
<action-desc>Introduced in House</action-desc>
<summary-text><![CDATA[<p><b>Social Security Fairness Act of 2021</b></p> <p>This bill repeals provisions that reduce Social Security benefits for individuals who&nbsp;receive other benefits, such as a pension from a state or local government. </p> <p>The bill eliminates the <em>government pension offset</em>, which in various instances reduces Social Security survivors' benefits for spouses, widows, and widowers who also receive government pensions of their own. </p> <p>The bill also eliminates the <em>windfall elimination provision</em>, which in some instances reduces Social Security benefits for individuals who&nbsp;also receive a pension or disability benefit from an employer that did not withhold Social Security taxes. </p> <p>These changes are effective for benefits payable after December 2021.</p>]]></summary-text>
</summary>
</item>
<dublinCore xmlns:dc="http://purl.org/dc/elements/1.1/">
<dc:format>text/xml</dc:format>
<dc:language>EN</dc:language>
<dc:rights>Pursuant to Title 17 Section 105 of the United States Code, this file is not subject to copyright protection and is in the public domain.</dc:rights>
<dc:contributor>Congressional Research Service, Library of Congress</dc:contributor>
<dc:description>This file contains bill summaries for federal legislation. A bill summary describes the most significant provisions of a piece of legislation and details the effects the legislative text may have on current law and federal programs. Bill summaries are authored by the Congressional Research Service (CRS) of the Library of Congress. As stated in Public Law 91-510 (2 USC 166 (d)(6)), one of the duties of CRS is "to prepare summaries and digests of bills and resolutions of a public general nature introduced in the Senate or House of Representatives". For more information, refer to the User Guide that accompanies this file.</dc:description>
</dublinCore>
</BillSummaries>
