<?xml version="1.0" encoding="UTF-8"?>
<BillSummaries>
<item congress="114" measure-type="hr" measure-number="902" measure-id="id114hr902" originChamber="HOUSE" orig-publish-date="2015-02-11" update-date="2015-03-10">
<title>Earned Income Tax Credit Improvement and Simplification Act 2015</title>
<summary summary-id="id114hr902v00" currentChamber="HOUSE" update-date="2015-03-10">
<action-date>2015-02-11</action-date>
<action-desc>Introduced in House</action-desc>
<summary-text><![CDATA[<p><strong>Earned Income Tax Credit Improvement and Simplification Act 2015</strong></p> <p> Amends the Internal Revenue Code, with respect to the earned income tax credit, to: (1) make permanent the increase in the rate of such credit for taxpayers with three or more qualifying children and the reduction in the amount of the marriage penalty for such credit; (2) allow such credit for an individual with no qualifying children who has attained the age of 21 but not 25 and is not a full-time student, and whose qualifying children do not have valid social security numbers; (3) revise eligibility rules relating to married individuals living apart and qualifying children claimed by another family member; and (4) repeal the denial of such credit for taxpayers with excess investment income. </p>]]></summary-text>
</summary>
</item>
<dublinCore xmlns:dc="http://purl.org/dc/elements/1.1/">
<dc:format>text/xml</dc:format>
<dc:language>EN</dc:language>
<dc:rights>Pursuant to Title 17 Section 105 of the United States Code, this file is not subject to copyright protection and is in the public domain.</dc:rights>
<dc:contributor>Congressional Research Service, Library of Congress</dc:contributor>
<dc:description>This file contains bill summaries for federal legislation. A bill summary describes the most significant provisions of a piece of legislation and details the effects the legislative text may have on current law and federal programs. Bill summaries are authored by the Congressional Research Service (CRS) of the Library of Congress. As stated in Public Law 91-510 (2 USC 166 (d)(6)), one of the duties of CRS is "to prepare summaries and digests of bills and resolutions of a public general nature introduced in the Senate or House of Representatives". For more information, refer to the User Guide that accompanies this file.</dc:description>
</dublinCore>
</BillSummaries>
