<?xml version="1.0" encoding="UTF-8"?>
<BillSummaries>
<item congress="114" measure-type="hr" measure-number="918" measure-id="id114hr918" originChamber="HOUSE" orig-publish-date="2015-02-12" update-date="2015-02-25">
<title>Social Security Disability Insurance and Unemployment Benefits Double Dip Elimination Act</title>
<summary summary-id="id114hr918v00" currentChamber="HOUSE" update-date="2015-02-25">
<action-date>2015-02-12</action-date>
<action-desc>Introduced in House</action-desc>
<summary-text><![CDATA[<p><b>Social Security Disability Insurance and Unemployment Benefits Double Dip Elimination Act</b></p> <p> Amends title II (Old Age, Survivors and Disability Insurance) of the Social Security Act to declare that for any week in whole or in part within a month that an individual is paid or determined to be eligible for unemployment compensation he or she shall be deemed to have engaged in substantial gainful activity and so be disqualified from receiving Social Security disability benefits after a certain period has elapsed.</p> <p>States that, for purposes of determining services rendered by an individual during a period of trial work which will not disqualify the individual for disability benefits, the individual shall be deemed to have rendered services in a month if he or she is entitled to unemployment compensation or trade adjustment assistance for that month.</p>]]></summary-text>
</summary>
</item>
<dublinCore xmlns:dc="http://purl.org/dc/elements/1.1/">
<dc:format>text/xml</dc:format>
<dc:language>EN</dc:language>
<dc:rights>Pursuant to Title 17 Section 105 of the United States Code, this file is not subject to copyright protection and is in the public domain.</dc:rights>
<dc:contributor>Congressional Research Service, Library of Congress</dc:contributor>
<dc:description>This file contains bill summaries for federal legislation. A bill summary describes the most significant provisions of a piece of legislation and details the effects the legislative text may have on current law and federal programs. Bill summaries are authored by the Congressional Research Service (CRS) of the Library of Congress. As stated in Public Law 91-510 (2 USC 166 (d)(6)), one of the duties of CRS is "to prepare summaries and digests of bills and resolutions of a public general nature introduced in the Senate or House of Representatives". For more information, refer to the User Guide that accompanies this file.</dc:description>
</dublinCore>
</BillSummaries>
