<?xml version="1.0" encoding="UTF-8"?>
<BillSummaries>
<item congress="114" measure-type="hr" measure-number="505" measure-id="id114hr505" originChamber="HOUSE" orig-publish-date="2015-01-22" update-date="2015-01-30">
<title>Developing Standards for Electronic Shipping Papers Act of 2015</title>
<summary summary-id="id114hr505v00" currentChamber="HOUSE" update-date="2015-01-30">
<action-date>2015-01-22</action-date>
<action-desc>Introduced in House</action-desc>
<summary-text><![CDATA[<p><b>Developing Standards for Electronic Shipping Papers Act of 2015</b></p> <p> Directs the Secretary of Transportation to establish a Hazardous Materials Information Advisory Committee to develop voluntary standards and best practices for first responders and enforcement officials in the use of electronic shipping papers in the event of a hazardous material transportation incident.</p> <p>Defines the term &quot;electronic shipping paper&quot; as an electronic version of the physical shipping paper conveying the most current available hazard information and capable of being accessed instantaneously by emergency responders during such an incident.</p>]]></summary-text>
</summary>
</item>
<dublinCore xmlns:dc="http://purl.org/dc/elements/1.1/">
<dc:format>text/xml</dc:format>
<dc:language>EN</dc:language>
<dc:rights>Pursuant to Title 17 Section 105 of the United States Code, this file is not subject to copyright protection and is in the public domain.</dc:rights>
<dc:contributor>Congressional Research Service, Library of Congress</dc:contributor>
<dc:description>This file contains bill summaries for federal legislation. A bill summary describes the most significant provisions of a piece of legislation and details the effects the legislative text may have on current law and federal programs. Bill summaries are authored by the Congressional Research Service (CRS) of the Library of Congress. As stated in Public Law 91-510 (2 USC 166 (d)(6)), one of the duties of CRS is "to prepare summaries and digests of bills and resolutions of a public general nature introduced in the Senate or House of Representatives". For more information, refer to the User Guide that accompanies this file.</dc:description>
</dublinCore>
</BillSummaries>
