<?xml version="1.0" encoding="UTF-8"?>
<BillSummaries>
<item congress="114" measure-type="hr" measure-number="468" measure-id="id114hr468" originChamber="HOUSE" orig-publish-date="2015-01-22" update-date="2015-02-02">
<title>Enhancing Services for Runaway and Homeless Victims of Youth Trafficking Act of 2015</title>
<summary summary-id="id114hr468v81" currentChamber="HOUSE" update-date="2015-02-02">
<action-date>2015-01-26</action-date>
<action-desc>Passed House without amendment</action-desc>
<summary-text><![CDATA[<p>(This measure has not been amended since it was introduced. The summary has been expanded because action occurred on the measure.)</p> <p><b>Enhancing Services for Runaway and Homeless Victims of Youth Trafficking Act of 2015</b></p> <p>(Sec. 2) Amends the Runaway and Homeless Youth Act with respect to grants to states, localities, and private entities to carry out research, evaluation, demonstration, and service projects regarding activities designed to increase knowledge concerning, and to improve services for, runaway youth and homeless youth.</p> <p>Requires the Secretary of Health and Human Services to give priority to proposed projects relating to staff training in:</p> <UL> <LI>the behavioral and emotional effects of severe forms of trafficking in persons and sex trafficking, <LI>responding to youth who are showing effects of severe forms of trafficking in persons and sex trafficking, and <LI>agency-wide strategies for working with runaway and homeless youth who are victims of trafficking. </LI> </UL> <p>Extends the Secretary's authority to make grants to nonprofit private agencies for the purpose of providing street-based services to runaway and homeless, and street youth, who have been subjected to, or are at risk of being subjected to, sexual abuse, prostitution, or sexual exploitation. Extends the scope of such grants also to street-based services to runaway and homeless, and street youth, who have been subjected to, or are at risk of being subjected to, severe forms of trafficking in persons and sex trafficking.</p>]]></summary-text>
</summary>
<summary summary-id="id114hr468v00" currentChamber="HOUSE" update-date="2015-01-26">
<action-date>2015-01-22</action-date>
<action-desc>Introduced in House</action-desc>
<summary-text><![CDATA[<p><b>Enhancing Services for Runaway and Homeless Victims of Youth Trafficking Act of 2015</b></p> <p>Amends the Runaway and Homeless Youth Act with respect to grants to states, localities, and private entities to carry out research, evaluation, demonstration, and service projects regarding activities designed to increase knowledge concerning, and to improve services for, runaway youth and homeless youth.</p> <p>Requires the Secretary of Health and Human Services to give priority to proposed projects relating to staff training in:</p> <ul> <li>the behavioral and emotional effects of severe forms of trafficking in persons and sex trafficking,</li> <li>responding to youth who are showing effects of severe forms of trafficking in persons and sex trafficking, and</li> <li>agency-wide strategies for working with runaway and homeless youth who are victims of trafficking.</li> </ul> <p>Extends the Secretary's authority to make grants to nonprofit private agencies for the purpose of providing street-based services to runaway and homeless, and street youth, who have been subjected to, or are at risk of being subjected to, sexual abuse, prostitution, or sexual exploitation. Extends the scope of such grants also to street-based services to runaway and homeless, and street youth, who have been subjected to, or are at risk of being subjected to, severe forms of trafficking in persons and sex trafficking.</p>]]></summary-text>
</summary>
</item>
<dublinCore xmlns:dc="http://purl.org/dc/elements/1.1/">
<dc:format>text/xml</dc:format>
<dc:language>EN</dc:language>
<dc:rights>Pursuant to Title 17 Section 105 of the United States Code, this file is not subject to copyright protection and is in the public domain.</dc:rights>
<dc:contributor>Congressional Research Service, Library of Congress</dc:contributor>
<dc:description>This file contains bill summaries for federal legislation. A bill summary describes the most significant provisions of a piece of legislation and details the effects the legislative text may have on current law and federal programs. Bill summaries are authored by the Congressional Research Service (CRS) of the Library of Congress. As stated in Public Law 91-510 (2 USC 166 (d)(6)), one of the duties of CRS is "to prepare summaries and digests of bills and resolutions of a public general nature introduced in the Senate or House of Representatives". For more information, refer to the User Guide that accompanies this file.</dc:description>
</dublinCore>
</BillSummaries>
