<?xml version="1.0" encoding="UTF-8"?>
<BillSummaries>
<item congress="114" measure-type="hr" measure-number="261" measure-id="id114hr261" originChamber="HOUSE" orig-publish-date="2015-01-09" update-date="2015-01-23">
<title>No More Ghost Money Act</title>
<summary summary-id="id114hr261v00" currentChamber="HOUSE" update-date="2015-01-23">
<action-date>2015-01-09</action-date>
<action-desc>Introduced in House</action-desc>
<summary-text><![CDATA[<p><strong>No More Ghost Money Act</strong></p> <p> Prohibits any federal department, agency, or federal government contractor from making a monetary payment to any official of a foreign country for the purposes of bribery, coercion, or any illegal activity that undermines the rule of law or corrupts a public official. Requires the Central Intelligence Agency (CIA) to report to Congress on all monetary payments made by the CIA to officials of the Government of Afghanistan on or after September 11, 2001. Authorizes the President to waive the requirements of this Act if compliance would harm U.S. national security or members of the Armed Forces.</p>]]></summary-text>
</summary>
</item>
<dublinCore xmlns:dc="http://purl.org/dc/elements/1.1/">
<dc:format>text/xml</dc:format>
<dc:language>EN</dc:language>
<dc:rights>Pursuant to Title 17 Section 105 of the United States Code, this file is not subject to copyright protection and is in the public domain.</dc:rights>
<dc:contributor>Congressional Research Service, Library of Congress</dc:contributor>
<dc:description>This file contains bill summaries for federal legislation. A bill summary describes the most significant provisions of a piece of legislation and details the effects the legislative text may have on current law and federal programs. Bill summaries are authored by the Congressional Research Service (CRS) of the Library of Congress. As stated in Public Law 91-510 (2 USC 166 (d)(6)), one of the duties of CRS is "to prepare summaries and digests of bills and resolutions of a public general nature introduced in the Senate or House of Representatives". For more information, refer to the User Guide that accompanies this file.</dc:description>
</dublinCore>
</BillSummaries>
