<?xml version="1.0" encoding="UTF-8"?>
<BillSummaries>
<item congress="114" measure-type="hr" measure-number="876" measure-id="id114hr876" originChamber="HOUSE" orig-publish-date="2015-02-11" update-date="2015-08-28">
<title>NOTICE Act</title>
<summary summary-id="id114hr876v49" currentChamber="BOTH" update-date="2015-08-28">
<action-date>2015-08-06</action-date>
<action-desc>Public Law</action-desc>
<summary-text><![CDATA[<p />(This measure has not been amended since it was passed by the House on March 16, 2015. The summary of that version is repeated here.) <p><b>Notice of Observation Treatment and Implication for Care Eligibility Act or the NOTICE Act </b></p> <p>(Sec. 2) This bill amends title XVIII (Medicare) of the Social Security Act to require a hospital or critical access hospital with an agreement with the Secretary of Health and Human Services to give each individual who receives observation services as an outpatient for more than 24 hours an adequate oral and written notification within 36 hours after beginning to receive them which:</p> <ul> <li>explains the individual's status as an outpatient and not as an inpatient and the reasons why; </li> <li>explains the implications of that status on services furnished (including those furnished as an inpatient), in particular the implications for cost-sharing requirements and subsequent coverage eligibility for services furnished by a skilled nursing facility; </li> <li>includes appropriate additional information; </li> <li>is written and formatted using plain language and made available in appropriate languages; and </li> <li>is signed by the individual or a person acting on the individual's behalf (representative) to acknowledge receipt of the notification, or if the individual or representative refuses to sign, the written notification is signed by the hospital staff who presented it.</li> </ul>]]></summary-text>
</summary>
<summary summary-id="id114hr876v82" currentChamber="SENATE" update-date="2015-07-30">
<action-date>2015-07-27</action-date>
<action-desc>Passed Senate without amendment</action-desc>
<summary-text><![CDATA[<p>(This measure has not been amended since it was passed by the House on March 16, 2015. The summary of that version is repeated here.)</p> <p><b>Notice of Observation Treatment and Implication for Care Eligibility Act or the NOTICE Act </b></p> <p>(Sec. 2) This bill amends title XVIII (Medicare) of the Social Security Act to require a hospital or critical access hospital with an agreement with the Secretary of Health and Human Services to give each individual who receives observation services as an outpatient for more than 24 hours an adequate oral and written notification within 36 hours after beginning to receive them which:</p> <UL> <LI>explains the individual's status as an outpatient and not as an inpatient and the reasons why; <LI>explains the implications of that status on services furnished (including those furnished as an inpatient), in particular the implications for cost-sharing requirements and subsequent coverage eligibility for services furnished by a skilled nursing facility; <LI>includes appropriate additional information; <LI>is written and formatted using plain language and made available in appropriate languages; and <LI>is signed by the individual or a person acting on the individual's behalf (representative) to acknowledge receipt of the notification, or if the individual or representative refuses to sign, the written notification is signed by the hospital staff who presented it. </LI> </UL>]]></summary-text>
</summary>
<summary summary-id="id114hr876v36" currentChamber="HOUSE" update-date="2015-04-16">
<action-date>2015-03-16</action-date>
<action-desc>Passed House amended</action-desc>
<summary-text><![CDATA[<p><b>Notice of Observation Treatment and Implication for Care Eligibility Act or the NOTICE Act </b></p> <p>(Sec. 2) Amends title XVIII (Medicare) of the Social Security Act to require a hospital or critical access hospital with an agreement with the Secretary of Health and Human Services to give each individual who receives observation services as an outpatient for more than 24 hours an adequate oral and written notification within 36 hours after beginning to receive them which:</p> <ul> <li>explains the individual's status as an outpatient and not as an inpatient and the reasons why;</li> <li>explains the implications of that status on services furnished (including those furnished as an inpatient), in particular the implications for cost-sharing requirements and subsequent coverage eligibility for services furnished by a skilled nursing facility;</li> <li>includes appropriate additional information;</li> <li>is written and formatted using plain language and made available in appropriate languages; and </li> <li>is signed by the individual or a person acting on the individual's behalf (representative) to acknowledge receipt of the notification, or if the individual or representative refuses to sign, the written notification is signed by the hospital staff who presented it.</li> </ul>]]></summary-text>
</summary>
<summary summary-id="id114hr876v18" currentChamber="HOUSE" update-date="2015-04-16">
<action-date>2015-03-13</action-date>
<action-desc>Reported to House amended, Part I</action-desc>
<summary-text><![CDATA[<p><b>Notice of Observation Treatment and Implication for Care Eligibility Act or the NOTICE Act </b></p> <p>(Sec. 2) Amends title XVIII (Medicare) of the Social Security Act to require a hospital or critical access hospital with an agreement with the Secretary of Health and Human Services to give each individual who receives observation services as an outpatient for more than 24 hours an adequate oral and written notification within 36 hours after beginning to receive them which:</p> <ul> <li>explains the individual's status as an outpatient and not as an inpatient and the reasons why;</li> <li>explains the implications of that status on services furnished (including those furnished as an inpatient), in particular the implications for cost-sharing requirements and subsequent coverage eligibility for services furnished by a skilled nursing facility;</li> <li>includes appropriate additional information;</li> <li>is written and formatted using plain language and made available in appropriate languages; and </li> <li>is signed by the individual or a person acting on the individual's behalf (representative) to acknowledge receipt of the notification, or if the individual or representative refuses to sign, the written notification is signed by the hospital staff who presented it.</li> </ul>]]></summary-text>
</summary>
<summary summary-id="id114hr876v00" currentChamber="HOUSE" update-date="2015-04-16">
<action-date>2015-02-11</action-date>
<action-desc>Introduced in House</action-desc>
<summary-text><![CDATA[<p><b>Notice of Observation Treatment and Implication for Care Eligibility Act or the NOTICE Act </b></p> <p> Amends title XVIII (Medicare) of the Social Security Act to require a hospital with an agreement with the Secretary of Health and Human Services to give each individual entitled to benefits under Medicare part A (Hospital Insurance), whom the hospital classifies for more than 24 hours as an outpatient under observation status or any other similar status, an adequate oral and written notification within 36 hours of that classification which:</p> <ul> <li>explains the individual's status as an outpatient under observation (or any similar status) and not as an inpatient;</li> <li>explains the reason for that classification;</li> <li>explains the implications of that outpatient status on eligibility for Medicare coverage of items and services as well as cost-sharing requirements;</li> <li>includes the name and title of the hospital staff who gave an oral notification and its date and time; and </li> <li>is signed by individual, if the notification is written, to acknowledge its receipt, or if such individual refuses to sign, the written notification is signed by the staff of the hospital who presented it.</li> </ul>]]></summary-text>
</summary>
</item>
<dublinCore xmlns:dc="http://purl.org/dc/elements/1.1/">
<dc:format>text/xml</dc:format>
<dc:language>EN</dc:language>
<dc:rights>Pursuant to Title 17 Section 105 of the United States Code, this file is not subject to copyright protection and is in the public domain.</dc:rights>
<dc:contributor>Congressional Research Service, Library of Congress</dc:contributor>
<dc:description>This file contains bill summaries for federal legislation. A bill summary describes the most significant provisions of a piece of legislation and details the effects the legislative text may have on current law and federal programs. Bill summaries are authored by the Congressional Research Service (CRS) of the Library of Congress. As stated in Public Law 91-510 (2 USC 166 (d)(6)), one of the duties of CRS is "to prepare summaries and digests of bills and resolutions of a public general nature introduced in the Senate or House of Representatives". For more information, refer to the User Guide that accompanies this file.</dc:description>
</dublinCore>
</BillSummaries>
