<?xml version="1.0" encoding="UTF-8"?>
<BillSummaries>
<item congress="114" measure-type="hr" measure-number="154" measure-id="id114hr154" originChamber="HOUSE" orig-publish-date="2015-01-06" update-date="2015-01-26">
<title>Close the Floodgates Act</title>
<summary summary-id="id114hr154v00" currentChamber="HOUSE" update-date="2015-01-26">
<action-date>2015-01-06</action-date>
<action-desc>Introduced in House</action-desc>
<summary-text><![CDATA[<p><b>Close the Floodgates Act</b></p> <p>Amends the Federal Election Campaign Act of 1971, as amended by the Consolidated and Further Continuing Appropriations Act, 2015, to repeal certain limits on separate contributions by persons or multicandidate political committees to political committees of a national political party which are not the authorized political committees of any candidate. Specifies those contributions used to defray expenses for:</p> <ul> <li>a presidential nominating convention;</li> <li>the construction, purchase, renovation, operation, and furnishing of party headquarters buildings; and</li> <li>the preparation for and the conduct of election recounts, contests, and other legal proceedings. </li> </ul>]]></summary-text>
</summary>
</item>
<dublinCore xmlns:dc="http://purl.org/dc/elements/1.1/">
<dc:format>text/xml</dc:format>
<dc:language>EN</dc:language>
<dc:rights>Pursuant to Title 17 Section 105 of the United States Code, this file is not subject to copyright protection and is in the public domain.</dc:rights>
<dc:contributor>Congressional Research Service, Library of Congress</dc:contributor>
<dc:description>This file contains bill summaries for federal legislation. A bill summary describes the most significant provisions of a piece of legislation and details the effects the legislative text may have on current law and federal programs. Bill summaries are authored by the Congressional Research Service (CRS) of the Library of Congress. As stated in Public Law 91-510 (2 USC 166 (d)(6)), one of the duties of CRS is "to prepare summaries and digests of bills and resolutions of a public general nature introduced in the Senate or House of Representatives". For more information, refer to the User Guide that accompanies this file.</dc:description>
</dublinCore>
</BillSummaries>
