<?xml version="1.0" encoding="UTF-8"?>
<BillSummaries>
<item congress="114" measure-type="hr" measure-number="1072" measure-id="id114hr1072" originChamber="HOUSE" orig-publish-date="2015-02-25" update-date="2015-03-09">
<title>REDUCE Government Act</title>
<summary summary-id="id114hr1072v00" currentChamber="HOUSE" update-date="2015-03-09">
<action-date>2015-02-25</action-date>
<action-desc>Introduced in House</action-desc>
<summary-text><![CDATA[<p><strong>Realign and Eliminate Duplicative Unnecessary Costly Excess in Government Act of 2015 or the REDUCE Government Act</strong></p> <p>Establishes the Federal&nbsp;Realignment and Closure Commission, which shall: (1) establish a systematic method for assessing the effectiveness and accountability of agency programs, excluding Department of Defense programs; (2) divide the programs into three approximately equal budgetary groupings; (3) assess the effectiveness and accountability of all programs within a grouping in each of 2017, 2019, and 2021; and (4) by June 30 of each such year, submit a plan with recommendations of the agencies and programs that should be realigned or eliminated within the grouping assessed. </p> <p>Requires the Commission to recommend: (1) the realignment of agencies or programs that are performing the same essential function that can be consolidated or streamlined into a single agency or program; and (2) the elimination of&nbsp;agencies or programs that have completed their intended purpose, have become irrelevant, or have failed to meet their objectives. Authorizes the Commission to recommend the realignment or elimination of any agency or program that has wasted federal funds by: (1) spending funds on items outside its authorized mission, (2) mismanaging resources and personnel, or (3) using such funds for personal benefit or the benefit of a special interest group. </p> <p>Requires the President: (1) by August 15 of each such year, to transmit a report containing the President's approval or disapproval of the Commission's plan and recommendations; (2) to transmit a copy of an approved plan and recommendations to Congress; and (3) to eliminate or realign&nbsp; agencies and programs pursuant to such recommendations unless Congress enacts a resolution disapproving them. </p> <p>Requires funds saved by implementation of such plan to be used for deficit reduction.</p>]]></summary-text>
</summary>
</item>
<dublinCore xmlns:dc="http://purl.org/dc/elements/1.1/">
<dc:format>text/xml</dc:format>
<dc:language>EN</dc:language>
<dc:rights>Pursuant to Title 17 Section 105 of the United States Code, this file is not subject to copyright protection and is in the public domain.</dc:rights>
<dc:contributor>Congressional Research Service, Library of Congress</dc:contributor>
<dc:description>This file contains bill summaries for federal legislation. A bill summary describes the most significant provisions of a piece of legislation and details the effects the legislative text may have on current law and federal programs. Bill summaries are authored by the Congressional Research Service (CRS) of the Library of Congress. As stated in Public Law 91-510 (2 USC 166 (d)(6)), one of the duties of CRS is "to prepare summaries and digests of bills and resolutions of a public general nature introduced in the Senate or House of Representatives". For more information, refer to the User Guide that accompanies this file.</dc:description>
</dublinCore>
</BillSummaries>
