<?xml version="1.0" encoding="UTF-8"?>
<BillSummaries>
<item congress="114" measure-type="hr" measure-number="863" measure-id="id114hr863" originChamber="HOUSE" orig-publish-date="2015-02-11" update-date="2015-02-28">
<title>STARS Act</title>
<summary summary-id="id114hr863v00" currentChamber="HOUSE" update-date="2015-02-28">
<action-date>2015-02-11</action-date>
<action-desc>Introduced in House</action-desc>
<summary-text><![CDATA[<p><strong>Simplifying Technical Aspects Regarding Seasonality Act of 2015 or the STARS Act</strong></p> <p>Amends the Internal Revenue Code to exempt seasonal employees from the definition of "full-time employee" for purposes of the employer mandate to provide employees with&nbsp;minimum essential health care coverage. Defines "seasonal employee" as an employee who is employed in a position for which the customary annual employment is not more than six months and which requires performing labor or services that are ordinarily performed at certain seasons or periods of the year.</p>]]></summary-text>
</summary>
</item>
<dublinCore xmlns:dc="http://purl.org/dc/elements/1.1/">
<dc:format>text/xml</dc:format>
<dc:language>EN</dc:language>
<dc:rights>Pursuant to Title 17 Section 105 of the United States Code, this file is not subject to copyright protection and is in the public domain.</dc:rights>
<dc:contributor>Congressional Research Service, Library of Congress</dc:contributor>
<dc:description>This file contains bill summaries for federal legislation. A bill summary describes the most significant provisions of a piece of legislation and details the effects the legislative text may have on current law and federal programs. Bill summaries are authored by the Congressional Research Service (CRS) of the Library of Congress. As stated in Public Law 91-510 (2 USC 166 (d)(6)), one of the duties of CRS is "to prepare summaries and digests of bills and resolutions of a public general nature introduced in the Senate or House of Representatives". For more information, refer to the User Guide that accompanies this file.</dc:description>
</dublinCore>
</BillSummaries>
