<?xml version="1.0" encoding="UTF-8"?>
<BillSummaries>
<item congress="114" measure-type="hr" measure-number="452" measure-id="id114hr452" originChamber="HOUSE" orig-publish-date="2015-01-21" update-date="2015-02-09">
<title>Student Testing Improvement and Accountability Act</title>
<summary summary-id="id114hr452v00" currentChamber="HOUSE" update-date="2015-02-09">
<action-date>2015-01-21</action-date>
<action-desc>Introduced in House</action-desc>
<summary-text><![CDATA[<p><strong>Student Testing Improvement and Accountability Act</strong></p> <p>Amends the Elementary and Secondary Education Act of 1965 to eliminate the requirement that students be tested against state academic content and achievement standards in mathematics and reading or language arts in each of grades three through eight. </p> <p>Requires, instead, that those tests be administered at least once during: (1) grades 3 through 5, (2) grades 6 through 9, and<BR> (3) grades 10 through 12.</p>]]></summary-text>
</summary>
</item>
<dublinCore xmlns:dc="http://purl.org/dc/elements/1.1/">
<dc:format>text/xml</dc:format>
<dc:language>EN</dc:language>
<dc:rights>Pursuant to Title 17 Section 105 of the United States Code, this file is not subject to copyright protection and is in the public domain.</dc:rights>
<dc:contributor>Congressional Research Service, Library of Congress</dc:contributor>
<dc:description>This file contains bill summaries for federal legislation. A bill summary describes the most significant provisions of a piece of legislation and details the effects the legislative text may have on current law and federal programs. Bill summaries are authored by the Congressional Research Service (CRS) of the Library of Congress. As stated in Public Law 91-510 (2 USC 166 (d)(6)), one of the duties of CRS is "to prepare summaries and digests of bills and resolutions of a public general nature introduced in the Senate or House of Representatives". For more information, refer to the User Guide that accompanies this file.</dc:description>
</dublinCore>
</BillSummaries>
