<?xml version="1.0" encoding="UTF-8"?>
<BillSummaries>
<item congress="114" measure-type="hr" measure-number="180" measure-id="id114hr180" originChamber="HOUSE" orig-publish-date="2015-01-06" update-date="2015-01-20">
<title>Termination of Lifelong Pensions for Members of Congress Act</title>
<summary summary-id="id114hr180v00" currentChamber="HOUSE" update-date="2015-01-20">
<action-date>2015-01-06</action-date>
<action-desc>Introduced in House</action-desc>
<summary-text><![CDATA[<p><b>Termination of Lifelong Pensions for Members of Congress Act</b></p> <p> Amends the Civil Service Retirement System (CSRS) and the Federal Employees' Retirement System (FERS) to exclude Members of Congress, except the Vice President, from further CSRS and FERS retirement coverage.</p> <p>Prohibits further government contributions or deductions from such Member's basic pay for deposit in the Treasury to the credit of the Civil Service Retirement and Disability Fund.</p> <p>States that nothing in this Act shall: (1) be considered to nullify, modify, or otherwise affect any right, entitlement, or benefit under CSRS or FERS for any Member covering any period before enactment of this Act; or (2) affect the eligibility of a Member to participate in the Thrift Savings Plan (TSP) in accordance with otherwise applicable law.</p> <p>Allows Members covered by such exclusion, within 90 days after enactment of this Act, to elect to remain subject to CSRS or FERS, as the case may be.</p> <p><br /> </p>]]></summary-text>
</summary>
</item>
<dublinCore xmlns:dc="http://purl.org/dc/elements/1.1/">
<dc:format>text/xml</dc:format>
<dc:language>EN</dc:language>
<dc:rights>Pursuant to Title 17 Section 105 of the United States Code, this file is not subject to copyright protection and is in the public domain.</dc:rights>
<dc:contributor>Congressional Research Service, Library of Congress</dc:contributor>
<dc:description>This file contains bill summaries for federal legislation. A bill summary describes the most significant provisions of a piece of legislation and details the effects the legislative text may have on current law and federal programs. Bill summaries are authored by the Congressional Research Service (CRS) of the Library of Congress. As stated in Public Law 91-510 (2 USC 166 (d)(6)), one of the duties of CRS is "to prepare summaries and digests of bills and resolutions of a public general nature introduced in the Senate or House of Representatives". For more information, refer to the User Guide that accompanies this file.</dc:description>
</dublinCore>
</BillSummaries>
