<?xml version="1.0" encoding="UTF-8"?>
<BillSummaries>
<item congress="114" measure-type="hr" measure-number="841" measure-id="id114hr841" originChamber="HOUSE" orig-publish-date="2015-02-10" update-date="2015-02-28">
<title>New Illegal Deduction Elimination Act</title>
<summary summary-id="id114hr841v00" currentChamber="HOUSE" update-date="2015-02-28">
<action-date>2015-02-10</action-date>
<action-desc>Introduced in House</action-desc>
<summary-text><![CDATA[<p><strong>New IDEA Act or the New Illegal Deduction Elimination Act</strong></p> <p>Amends the Internal Revenue Code to deny a tax deduction for wages and benefits paid to or on behalf of an unauthorized alien. Extends to six years&nbsp;the period for assessing and collecting underpayments of tax due to deductions claimed for wages paid to unauthorized aliens.</p> <p>Directs the Commissioner of Social Security and the Secretaries of Homeland Security (DHS)&nbsp;and the Treasury to jointly establish a program to share information that may lead to the identification of unauthorized aliens. Requires the Secretary of the Treasury to provide taxpayer identity information to the Commissioner of Social Security and the DHS Secretary on employers who paid nondeductible wages to unauthorized aliens and on the aliens to whom such wages were paid.</p> <p>Amends the Illegal Immigration Reform and Immigrant Responsibility Act of 1996 to: (1) make permanent the E-Verify Program for verifying the employment eligibility of alien workers, (2) apply such program to current employees in addition to new hires, (3) establish a rebuttable presumption that employers who participate in the E-Verify Program and obtain confirmation of identity and employment eligibility have not violated hiring requirements under such Act, and (4) allow employers participating in the E-Verify Program&nbsp;to make a conditional offer of employment pending final verification of the identity and employment eligibility of the job applicant.</p>]]></summary-text>
</summary>
</item>
<dublinCore xmlns:dc="http://purl.org/dc/elements/1.1/">
<dc:format>text/xml</dc:format>
<dc:language>EN</dc:language>
<dc:rights>Pursuant to Title 17 Section 105 of the United States Code, this file is not subject to copyright protection and is in the public domain.</dc:rights>
<dc:contributor>Congressional Research Service, Library of Congress</dc:contributor>
<dc:description>This file contains bill summaries for federal legislation. A bill summary describes the most significant provisions of a piece of legislation and details the effects the legislative text may have on current law and federal programs. Bill summaries are authored by the Congressional Research Service (CRS) of the Library of Congress. As stated in Public Law 91-510 (2 USC 166 (d)(6)), one of the duties of CRS is "to prepare summaries and digests of bills and resolutions of a public general nature introduced in the Senate or House of Representatives". For more information, refer to the User Guide that accompanies this file.</dc:description>
</dublinCore>
</BillSummaries>
