<?xml version="1.0" encoding="UTF-8"?>
<BillSummaries>
<item congress="114" measure-type="hr" measure-number="602" measure-id="id114hr602" originChamber="HOUSE" orig-publish-date="2015-01-28" update-date="2015-02-12">
<title>Pro Football Hall of Fame Commemorative Coin Act</title>
<summary summary-id="id114hr602v00" currentChamber="HOUSE" update-date="2015-02-12">
<action-date>2015-01-28</action-date>
<action-desc>Introduced in House</action-desc>
<summary-text><![CDATA[<p><b>Pro Football Hall of Fame Commemorative Coin Act</b></p> <p> Directs the Secretary of the Treasury to mint and issue not more than 50,000 $5-gold coins, 400,000 $1-silver coins, and 750,000 half-dollar coins emblematic of the game of professional football. </p> <p> Requires all sales of such coins to include specified surcharges, which shall be paid by the Secretary to the Pro Football Hall of Fame to help finance the expansion and renovation of Pro Football Hall of Fame facilities. <p> Directs the Secretary to ensure that: (1) minting and issuing such coins will not result in any net cost to the government, and (2) no proceeds are disbursed until the total cost of designing and issuing such coins is recovered by the Treasury.]]></summary-text>
</summary>
</item>
<dublinCore xmlns:dc="http://purl.org/dc/elements/1.1/">
<dc:format>text/xml</dc:format>
<dc:language>EN</dc:language>
<dc:rights>Pursuant to Title 17 Section 105 of the United States Code, this file is not subject to copyright protection and is in the public domain.</dc:rights>
<dc:contributor>Congressional Research Service, Library of Congress</dc:contributor>
<dc:description>This file contains bill summaries for federal legislation. A bill summary describes the most significant provisions of a piece of legislation and details the effects the legislative text may have on current law and federal programs. Bill summaries are authored by the Congressional Research Service (CRS) of the Library of Congress. As stated in Public Law 91-510 (2 USC 166 (d)(6)), one of the duties of CRS is "to prepare summaries and digests of bills and resolutions of a public general nature introduced in the Senate or House of Representatives". For more information, refer to the User Guide that accompanies this file.</dc:description>
</dublinCore>
</BillSummaries>
