<?xml version="1.0" encoding="UTF-8"?><BillSummaries>
<item congress="114" measure-type="hr" measure-number="598" measure-id="id114hr598" originChamber="HOUSE" orig-publish-date="2015-01-28" update-date="2016-09-01">
<title>Taxpayers Right-To-Know Act</title>
<summary summary-id="id114hr598v36" currentChamber="HOUSE" update-date="2016-09-01">
<action-date>2016-01-11</action-date>
<action-desc>Passed House amended</action-desc>
<summary-text><![CDATA[<p><strong>Taxpayers Right-To-Know Act</strong></p> <p>(Sec. 2) This bill requires that the website of the Office of Management and Budget (OMB) include a program inventory that identifies each program of the federal government for which there is more than $1 million in annual budget authority. Such inventory shall include: (1) any activity that is commonly referred to as a program by a federal agency, and (2) any activity that is referenced in law as a program after June 30, 2019. </p> <p>For programs identified in such inventory for which there is more than $1 million and not more than $10 million in annual budget authority (smaller programs), the inventory must include: </p> <ul> <li>an identification of the program activities that are aggregated, disaggregated, or consolidated as part of identifying programs; </li> <li>for each such program activity, the amount of funding for the current fiscal year and the previous two fiscal years; </li> <li>an identification of the statutes that authorize the program and any major regulations specific to the program; </li> <li>a description of the individuals served by a program and beneficiaries who received financial assistance under a program for the most recent fiscal year; and </li> <li>links to any evaluation, assessment, or program performance reviews by the agency, an Inspector General, or the Government Accountability Office released during the preceding five years.</li> </ul> <p>For programs identified in such inventory for which there is more than $10 million in annual budget authority (larger programs), the inventory must include:</p> <ul> <li>an identification of the program activities that are aggregated, disaggregated, or consolidated as part of identifying programs;</li> <li>for each program activity, the amount of funding for the current fiscal year and the previous two fiscal years; </li> <li>an estimate of the amount of funding for the program; </li> <li>an identification of the statutes that authorize the program and any major regulations specific to the program; </li> <li>a description and estimate of the number of individuals served by a program and beneficiaries who received financial assistance under a program for the most recent fiscal year; </li> <li>a description of the federal employees who administer the program and other individuals whose salary is paid in full or in part by the federal government through a grant, contract, cooperative agreement, or another form of financial award or assistance; </li> <li>links to any evaluation, assessment, or program performance reviews by the agency, an Inspector General, or the Government Accountability Office released during the preceding five years; and </li> <li>financial and other information for each program activity required to be reported under the Federal Funding Accountability and Transparency Act of 2006. </li> </ul>  <p>The OMB shall: (1) archive and preserve the information included in the program inventory; and (2) not later than February 1 of each fiscal year, publish on a public website the total amount of undisbursed grant funding remaining in grant accounts for which the period of availability to the grantee has expired. </p> <p>(Sec. 3) The bill requires the OMB, not later than June 30, 2018, to: (1) prescribe guidance to implement this Act, and (2) issue guidance to assist agencies in identifying how the program activities used in budget or appropriations accounts correspond with programs identified in the program inventory required by this Act. The OMB may: (1) issue guidance to agencies to ensure that programs are presented at a similar level of detail across agencies and are not duplicative or overlapping; (2) exempt from the requirements of this Act, based on an analysis of the costs of implementation, agencies that are not required to have a chief financial officer and that have not more than $10 million in budget authority; and (3) extend the Act's implementation deadline by not more than one year. </p> <p>Implementation of the requirements in this bill must be completed not later than June 30, 2019. </p> <p>(Sec. 4)&nbsp; No additional funds may be authorized to carry out the requirements in this bill.</p>]]></summary-text>
</summary>
<summary summary-id="id114hr598v17" currentChamber="HOUSE" update-date="2015-11-30">
<action-date>2015-10-20</action-date>
<action-desc>Reported to House amended</action-desc>
<summary-text><![CDATA[<p><strong>Taxpayers Right-To-Know Act</strong></p> <p>(Sec. 2) This Act requires that the website of the Office of Management and Budget (OMB) include a program inventory that identifies each program of the federal government for which there is more than $1 million in annual budget authority. Such inventory shall include: (1) any activity that is commonly referred to as a program, and (2) any activity that is referenced in law as a program after June 30, 2018. For each program identified in such inventory, the bill requires:</p> <ul> <li> an identification of the program activities that are aggregated, disaggregated, or consolidated as part of identifying programs; </li> <li> for each such program activity, the amount of funding for the current fiscal year and the previous two fiscal years; </li> <li>the amount of funding for each program using the pro rata share of the program activities that are aggregated, disaggregated, or consolidated as part of the identifying programs; </li> <li> an identification of the statutes that authorize the program and any major regulations specific to the program; </li> <li> a description and estimate of the number of individuals served by a program and beneficiaries who received financial assistance under a program;</li> <li>a description of the federal employees who administer the program and other individuals whose salary is paid in part or full by the federal government through a grant, contract, cooperative agreement, or another form of financial award or assistance;</li> <li> links to any evaluation, assessment, or program performance reviews by the agency, an Inspector General, or the Government Accountability Office released during the preceding five years; and </li> <li> financial and other information for each program required to be reported under the Federal Funding Accountability and Transparency Act of 2006.</li> </ul> <p>The OMB shall: (1) archive and preserve the information included in the program inventory; and (2) not later than February 1 of each fiscal year, publish on a public website the total amount of undisbursed grant funding remaining in grant accounts for which the period of availability to the grantee has expired. </p> <p>(Sec. 3) This section requires the OMB, not later than June 30, 2017, to: (1) prescribe guidance to implement this Act, and (2) issue guidance to assist agencies in identifying how the program activities used in budget or appropriations accounts correspond with programs identified in the program inventory required by this Act. The OMB may: (1) issue guidance to agencies to ensure that programs are presented at a similar level of detail across agencies and are not duplicative or overlapping; (2) exempt from the requirements of this Act, based on an analysis of the costs of implementation, agencies that are not required to have a chief financial officer and that have less than $10 million in budget authority; and (3) extend the Act's implementation deadline by not more than one year. </p> <p>This Act must be implemented not later than June 30, 2018. </p>]]></summary-text>
</summary>
<summary summary-id="id114hr598v00" currentChamber="HOUSE" update-date="2015-03-02">
<action-date>2015-01-28</action-date>
<action-desc>Introduced in House</action-desc>
<summary-text><![CDATA[<p><strong>Taxpayers Right-to-Know Act</strong> </p> <p>Requires that the website of the Office of Management and Budget (OMB) include a program inventory that identifies each program of the federal government, which shall include: (1) any activity that is commonly referred to as a program; (2) any activity specifically created by law, or referenced in law, as a program; (3) each program that has an application process; (4) each program for which financial awards are made on a competitive basis; and (5) any activity identified as a program activity in a budget request. </p> <p>Requires, for each program identified in such program inventory: (1) an identification of the specific statute that authorizes the program and any program regulations; (2) an estimate of the number of individuals served by any program that provides grants or financial assistance and the beneficiaries who received financial assistance under the program; (3) an estimate of the number of full-time employees who administer the program and the number of such employees whose salary is paid, in full or part, by the federal government; (4) links to any evaluation, assessment, or program performance reviews by the agency, an Inspector General, or the Government Accountability Office,&nbsp;released during the preceding five years; and (5) financial information for each program required to be reported under the Federal Funding Accountability and Transparency Act of 2006.</p> <p>Requires the OMB Director to issue guidance to assist agencies in identifying how the program activities used in budget or appropriations accounts correspond with programs identified in the program inventory required by this Act. Authorizes the Director to issue guidance to agencies on how to more closely align programs in the program inventory for purposes of the President's annual budget submission to Congress. </p> <p>Requires the OMB Director to: (1) publish on the OMB website the total amount of undisbursed grant funding remaining in grant accounts with expired availability, and (2)&nbsp;prescribe regulations or other guidance to implement this Act.</p>]]></summary-text>
</summary>
</item>
<dublinCore xmlns:dc="http://purl.org/dc/elements/1.1/">
<dc:format>text/xml</dc:format>
<dc:language>EN</dc:language>
<dc:rights>Pursuant to Title 17 Section 105 of the United States Code, this file is not subject to copyright protection and is in the public domain.</dc:rights>
<dc:contributor>Congressional Research Service, Library of Congress</dc:contributor>
<dc:description>This file contains bill summaries for federal legislation. A bill summary describes the most significant provisions of a piece of legislation and details the effects the legislative text may have on current law and federal programs. Bill summaries are authored by the Congressional Research Service (CRS) of the Library of Congress. As stated in Public Law 91-510 (2 USC 166 (d)(6)), one of the duties of CRS is "to prepare summaries and digests of bills and resolutions of a public general nature introduced in the Senate or House of Representatives". For more information, refer to the User Guide that accompanies this file.</dc:description>
</dublinCore>
</BillSummaries>
