<?xml version="1.0" encoding="UTF-8"?>
<BillSummaries>
<item congress="114" measure-type="hr" measure-number="719" measure-id="id114hr719" originChamber="HOUSE" orig-publish-date="2015-02-04" update-date="2015-10-07">
<title>Continuing Appropriations Act, 2016</title>
<summary summary-id="id114hr719v49" currentChamber="BOTH" update-date="2015-10-07">
<action-date>2015-09-30</action-date>
<action-desc>Public Law</action-desc>
<summary-text><![CDATA[<p>(This measure has not been amended since the Senate agreed to the House amendment with an amendment on September 30, 2015. The summary of that version is repeated here.)</p> <p><b>Highlights:</b></p> <p>This bill provides continuing FY2016 appropriations to federal agencies until December 11, 2015, or the enactment of specified appropriations legislation. It is known as a continuing resolution (CR) and prevents a government shutdown that would otherwise occur when FY2016 begins on October 1, 2015, because none of the twelve FY2016 regular appropriations bills that fund the federal government have been enacted. </p> <p>The bill funds most projects and activities at the FY2015 levels, with the inclusion of an across-the-board reduction of less than 1% to most programs. The bill also includes a number of exceptions which provide funding flexibility and additional appropriations to various programs. </p> <p>The bill extends several programs and laws that are scheduled to expire at the end of FY2015, including the E-Verify program and the moratorium imposed by the Internet Tax Freedom Act. (Unless otherwise indicated, all extensions referenced in this summary are for the duration of the CR.) </p> <p>The bill also provides $700 million in emergency appropriations for Forest Service wildland fire suppression activities. Emergency funds are exempt from limits on discretionary spending. </p> <p>The bill requires the Transportation Security Administration to take a number of actions to ensure that Office of Inspection employees that are classified and paid as criminal investigators meet all of the legal and regulatory requirements for criminal investigator positions. </p> <p><b>Full Summary: </b></p> <p><b>TSA Office of Inspection Accountability Act of 2015 or the Continuing Appropriations Act, 2016 </b></p> <p>(Sec. 4) Requires the Department of Homeland Security Office of Inspector General (OIG) to: (1) analyze the data and methods used by the Transportation Security Administration (TSA) to classify Office of Inspection (OOI) employees as criminal investigators; and (2) report relevant findings, including whether the data and methods are adequate and valid. </p> <p>Prohibits the TSA from hiring new OOI employees if the OIG finds that the data and methods are inadequate or invalid until: (1) the TSA certifies to Congress that only OOI employees who meet the minimum legal requirements are classified as criminal investigators and are receiving premium pay and other benefits associated with the classification, and (2) the OIG finds that the TSA's certification utilized adequate and valid data and methods. </p> <p>(Sec. 5) Requires the TSA to: (1) certify to Congress that only OOI employees who meet the minimum legal requirements are classified as criminal investigators and are receiving premium pay and other benefits associated with the classification, (2) reclassify OOI criminal investigator employees who do not, or are not expected to, spend an average of at least 50% of their time performing criminal investigative duties, and (3) report to Congress on the long-term cost savings from reclassified positions. </p> <p>(Sec. 6) Requires the TSA to report to Congress on the OOI's review of instances in which Federal Air Marshal Service officials obtained discounted or free firearms for personal use. </p> <p>(Sec. 7) Requires the OIG to submit to Congress a report: (1) reviewing the employee requirements, responsibilities, and benefits of criminal investigators in the OOI with criminal investigators employed at agencies adhering to the Office of Personnel Management employee classification system; and (2) identifying any inconsistencies and costs implications for differences between the varying employee requirements, responsibilities, and benefits. </p> <p>(Sec. 8) Requires the OIG to submit to Congress a study reviewing: (1) the Federal Air Marshal Service's existing personnel policies and procedures for identifying misuse of government resources; and (2) the administration of the Federal Air Marshal Service's existing code of conduct or integrity policies with respect to instances of misconduct. </p> <p>Provides continuing FY2016 appropriations to federal agencies until December 11, 2015, or enactment of specified appropriations legislation. </p> <p>(Sec. 101) Provides FY2016 appropriations to federal agencies for continuing projects or activities at the levels of, and under the terms and conditions of FY2015 appropriations Acts, reduced by 0.21% of both defense and non-defense discretionary programs. </p> <p>(Sec. 102) Prohibits funds provided by section 101 for the Department of Defense (DOD) from being used for: (1) new production of items not funded in FY2015 or prior years; (2) an increase in production rates above those sustained with FY2015 funds; or (3) the initiation, resumption, or continuation of any project, activity, operation, or organization for which funds or authority were not available during FY2015. </p> <p>Prohibits funds provided by section 101 to DOD from being used to initiate certain multi-year procurements. </p> <p>(Sec. 103) Specifies that funds provided by section 101 shall be available to the extent and in the manner that would be provided in the pertinent appropriations Act. </p> <p>(Sec. 104) Prohibits any appropriations or funds made available by section 101 from being used to initiate or resume any project or activity which was not funded in FY2015. </p> <p>(Sec. 105) Continues all authorities, requirements, and limitations from FY2015 appropriations Acts through the date in section 106 and permits valid obligations and expenditures during the period of this continuing resolution (CR). </p> <p>(Sec. 106) Continues the appropriations provided by this bill through the earlier of December 11, 2015, or the enactment of the pertinent appropriations Act. </p> <p>(Sec. 107) Requires expenditures for activities funded in this bill to be charged to the relevant account when the applicable appropriations bill becomes law. </p> <p>(Sec. 108) Waives the normal time limitations for submission and approval of apportionments of accounts funded in annual appropriations Acts. </p> <p>(Sec. 109) Limits disbursements for programs that otherwise would have high initial rates of operation or would complete distribution of funding at the beginning of the fiscal year if those actions would impinge on final congressional funding prerogatives. </p> <p>(Sec. 110) Directs that this bill be implemented so that only the most limited funding action permitted by this bill is taken in order to provide for continuation of projects and activities. </p> <p>(Sec. 111) Provides that entitlements and other mandatory payments with budget authority provided in FY2015 appropriations Acts and activities under the Food and Nutrition Act of 2008 shall continue at the rate to maintain program levels under current law and under the authority and conditions provided in the applicable FY2015 appropriations Act for up to 30 days after the expiration of the CR. </p> <p>(Sec. 112) Provides that funding made available by this bill for civilian personnel compensation and benefits in each department and agency may be apportioned up to the rate of operations necessary to avoid furloughs. Requires all necessary actions to reduce or defer non-personnel-related administrative expenses to be taken prior to using this authority.</p> <p> (Sec. 113) Permits funds appropriated by this bill to be obligated and expended notwithstanding specified statutory provisions restricting appropriations for foreign assistance, the Department of State, international broadcasting, and intelligence activities in the absence of prior authorizations. </p> <p>(Sec. 114) Extends designations for Overseas Contingency Operations/ Global War on Terrorism and disaster relief to funds provided by this bill that previously carried those designations. </p> <p>Exempts funds designated or otherwise provided as Overseas Contingency Operations/Global War on Terrorism, the Social Security Administration's continuing disability reviews and redeterminations, health care fraud and abuse control, disaster relief, and emergency requirements from the across-the-board reduction included in section 101. </p> <p>Provides that amounts designated for Overseas Contingency Operations/ Global War on Terrorism shall only be available if the President subsequently designates the amounts and transmits the designations to Congress. </p> <p>(Sec. 115) Applies the across-the-board reduction in section 101 to advance appropriations made in prior years that first become available in FY2016. </p> <p>(Sec. 116) Provides a higher rate of funding for the Department of Agriculture's (USDA's) Commodity Assistance Program, including the Commodity Supplemental Food Program, which is a domestic food assistance program that predominantly serves low-income elderly individuals. </p> <p>(Sec. 117) Provides USDA with funding flexibility to pay ongoing debt service for multi-family direct loan program rental assistance contracts under sections 514 and 515 of the Housing Act of 1949. Permits the renewal during the duration of the CR of rental assistance contracts entered into or renewed in 2015 that exhausted funds within the 12-month contract period. </p> <p>(Sec. 118) Provides the National Oceanic and Atmospheric Administration with funding flexibility to maintain launch schedules for the Joint Polar Satellite System. (Polar-orbiting satellites circle the earth in a north-south orbit and provide the primary inputs for weather prediction models.) </p> <p>(Sec. 119) Permits the transfer of certain unobligated balances from the Assets Forfeiture Fund to the U.S. Marshals Service's Federal Prisoner Detention account to fund federal prisoner detention operations for the duration of the CR. </p> <p>(Sec. 120) Extends the availability of previously appropriated funds to support closeout activities of the Space Shuttle Program. </p> <p>(Sec. 121) Permits uncompleted Broadband Technology Opportunities Program projects to continue to expend obligated funds through FY2020. </p> <p>(Sec. 122) Extends the authority for the Office of Security Cooperation in Iraq and the authority to pay cash rewards to persons assisting U.S. forces in counterterrorism operations. </p> <p>(Sec. 123) Permits funds provided by this bill to the Department of Energy for the Uranium Enrichment Decontamination and Decommissioning Fund to be apportioned up to the rate for operations necessary to avoid disruption of continuing projects and activities. (This account primarily funds the decommissioning and environmental remediation of three federal uranium enrichment facilities in Kentucky, Ohio, and Tennessee.) </p> <p>(Sec. 124) Permits the District of Columbia to spend funds collected through local taxes and other non-federal sources at the rate set forth in the DC FY2016 Budget Request Act of 2015. </p> <p>(Sec. 125) States that no funds are provided by this bill for the Recovery Accountability and Transparency Board, which was established to provide oversight and transparency in the expenditure of funds provided by the American Recovery and Reinvestment Act of 2009. </p> <p>(Sec. 126) Provides the Small Business Administration with funding flexibility to accommodate increased demand for general business loans authorized under section 7(a) of the Small Business Act. </p> <p>(Sec. 127) Extends the Internet Tax Freedom Act, which includes a moratorium preventing state and local governments from taxing Internet access or imposing multiple or discriminatory taxes on electronic commerce. </p> <p>(Sec. 128) Permits the Office of Management and Budget to make specified adjustments to discretionary spending limits to account for estimating differences with the Congressional Budget Office. </p> <p>(Sec. 129) Extends the authority of the Department of Homeland Security to use certain procurement agreements for research and development projects with non-traditional government contractors. </p> <p>(Sec. 130) Extends the E-Verify employment authorization program. </p> <p>(Sec. 131) Extends the EB-5 Immigrant Investor Visa Program. </p> <p>(Sec. 132) Extends the special immigrant status granted to religious workers other than ministers. </p> <p>(Sec. 133) Extends the authority for the visa waiver program for rural doctors. </p> <p>(Sec. 134) Amends the Federal Lands Recreation Enhancement Act to extend through September 30, 2017, the authority of federal agencies to establish, collect, and retain fees on federal recreational lands and waters. </p> <p>(Sec. 135) Appropriates $700 million in emergency funding, to remain available until expended, for urgent Forest Service wildland fire suppression activities if: (1) funds previously provided for fire suppression will be exhausted imminently, and (2) the appropriations committees are notified. </p> <p>Permits the funds to be transferred to other appropriations accounts to repay amounts previously transferred for wildfire suppression. Designates the funds as an emergency requirement, which will only become available if the President also designates the amounts. (Emergency funds are exempt from discretionary spending limits and other budget enforcement rules.) </p> <p>(Sec. 136) Extends the authority of the Department of the Interior to establish higher rates of pay for certain employees in the petroleum engineering and geoscience fields working on both offshore and onshore oil and gas development. </p> <p>(Sec. 137) Extends the authority for the Eisenhower Memorial Commission and continues the construction limitation for the Memorial imposed in 2015 and prior years. </p> <p>(Sec. 138) Amends the Carl Levin and Howard P. ''Buck'' McKeon National Defense Authorization Act for Fiscal Year 2015 to provide that certain funding for the Department of the Interior's Payments In Lieu of Taxes (PILT) program is available for FY2015. (PILT compensates local governments for the presence of federally owned land.) </p> <p>(Sec. 139) Permits funds made available in prior appropriations bills for construction and renovation of facilities for the Centers for Disease Control and Prevention to be used for construction of a replacement freezer building on leased land. </p> <p>(Sec. 140) Extends through the 2016-2017 school year the authority of the Department of Education to include teachers pursuing alternative routes to certification in the definition of a highly qualified teacher under the No Child Left Behind Act of 2001. </p> <p>(Sec. 141) Incorporates and continues a rescission of Children's Health Insurance Program funds. </p> <p>(Sec. 142) Extends the authority for the Department of Education's National Advisory Committee on Institutional Quality and Integrity. (The committee is responsible for assessing the process of accreditation in higher education and the institutional eligibility and certification of institutions of higher education to participate in federal student aid programs authorized under Title IV of the Higher Education Act.) </p> <p>(Sec. 143) Appropriates a $174,000 death gratuity to the widow of Representative Alan Nunnelee. (A gratuity equal to one year's salary has long been given to the heirs of Members of Congress who die in office.) </p> <p>(Sec. 144) Permits specified unobligated Department of Veterans Affairs (VA) funds to be transferred to the Construction--Major Projects account to cover costs for completion of the Denver Replacement Medical Center, subject to the approval of Congress. </p> <p>(Sec. 145) Provides additional funding for Veterans Benefits Administration general operating expenses to continue progress on the disability claims backlog. </p> <p>(Sec. 146) Continues a rescission of VA Medical Services, Medical Support and Compliance, and Medical Facilities funds that routinely accompanies a reappropriation of the funds to extend the availability of the funds from one to two years. </p> <p>(Sec. 147) Extends the authority for the U.S. Commission on International Religious Freedom. </p> <p>(Sec. 148) Provides funding flexibility for specified international activities to sustain assistance for Ukraine to counter external, regional aggression and influence, including for the costs of authorized loan guarantees. </p> <p>(Sec. 149) Extends the authority for the U.S. Advisory Commission on Public Diplomacy. </p> <p>(Sec. 150) Provides the Department of Housing and Urban Development (HUD) with funding flexibility to maintain the schedule for the New Core Shared Services Project. (The project is a transition of HUD's financial management systems to a federal shared services provider.) </p>]]></summary-text>
</summary>
<summary summary-id="id114hr719v39" currentChamber="HOUSE" update-date="2015-10-07">
<action-date>2015-09-30</action-date>
<action-desc>Senate agreed to House amendment with amendment</action-desc>
<summary-text><![CDATA[<p><b>Highlights:</b></p> <p>This bill provides continuing FY2016 appropriations to federal agencies until December 11, 2015, or the enactment of specified appropriations legislation. It is known as a continuing resolution (CR) and prevents a government shutdown that would otherwise occur when FY2016 begins on October 1, 2015, because none of the twelve FY2016 regular appropriations bills that fund the federal government have been enacted. </p> <p>The bill funds most projects and activities at the FY2015 levels, with the inclusion of an across-the-board reduction of less than 1% to most programs. The bill also includes a number of exceptions which provide funding flexibility and additional appropriations to various programs. </p> <p>The bill extends several programs and laws that are scheduled to expire at the end of FY2015, including the E-Verify program and the moratorium imposed by the Internet Tax Freedom Act. (Unless otherwise indicated, all extensions referenced in this summary are for the duration of the CR.) </p> <p>The bill also provides $700 million in emergency appropriations for Forest Service wildland fire suppression activities. Emergency funds are exempt from limits on discretionary spending. </p> <p>The bill requires the Transportation Security Administration to take a number of actions to ensure that Office of Inspection employees that are classified and paid as criminal investigators meet all of the legal and regulatory requirements for criminal investigator positions. </p> <p><b>Full Summary: </b></p> <p><b>TSA Office of Inspection Accountability Act of 2015 or the Continuing Appropriations Act, 2016 </b></p> <p>(Sec. 4) Requires the Department of Homeland Security Office of Inspector General (OIG) to: (1) analyze the data and methods used by the Transportation Security Administration (TSA) to classify Office of Inspection (OOI) employees as criminal investigators; and (2) report relevant findings, including whether the data and methods are adequate and valid. </p> <p>Prohibits the TSA from hiring new OOI employees if the OIG finds that the data and methods are inadequate or invalid until: (1) the TSA certifies to Congress that only OOI employees who meet the minimum legal requirements are classified as criminal investigators and are receiving premium pay and other benefits associated with the classification, and (2) the OIG finds that the TSA's certification utilized adequate and valid data and methods. </p> <p>(Sec. 5) Requires the TSA to: (1) certify to Congress that only OOI employees who meet the minimum legal requirements are classified as criminal investigators and are receiving premium pay and other benefits associated with the classification, (2) reclassify OOI criminal investigator employees who do not, or are not expected to, spend an average of at least 50% of their time performing criminal investigative duties, and (3) report to Congress on the long-term cost savings from reclassified positions. </p> <p>(Sec. 6) Requires the TSA to report to Congress on the OOI's review of instances in which Federal Air Marshal Service officials obtained discounted or free firearms for personal use. </p> <p>(Sec. 7) Requires the OIG to submit to Congress a report: (1) reviewing the employee requirements, responsibilities, and benefits of criminal investigators in the OOI with criminal investigators employed at agencies adhering to the Office of Personnel Management employee classification system; and (2) identifying any inconsistencies and costs implications for differences between the varying employee requirements, responsibilities, and benefits. </p> <p>(Sec. 8) Requires the OIG to submit to Congress a study reviewing: (1) the Federal Air Marshal Service's existing personnel policies and procedures for identifying misuse of government resources; and (2) the administration of the Federal Air Marshal Service's existing code of conduct or integrity policies with respect to instances of misconduct. </p> <p>Provides continuing FY2016 appropriations to federal agencies until December 11, 2015, or enactment of specified appropriations legislation. </p> <p>(Sec. 101) Provides FY2016 appropriations to federal agencies for continuing projects or activities at the levels of, and under the terms and conditions of FY2015 appropriations Acts, reduced by 0.21% of both defense and non-defense discretionary programs. </p> <p>(Sec. 102) Prohibits funds provided by section 101 for the Department of Defense (DOD) from being used for: (1) new production of items not funded in FY2015 or prior years; (2) an increase in production rates above those sustained with FY2015 funds; or (3) the initiation, resumption, or continuation of any project, activity, operation, or organization for which funds or authority were not available during FY2015. </p> <p>Prohibits funds provided by section 101 to DOD from being used to initiate certain multi-year procurements. </p> <p>(Sec. 103) Specifies that funds provided by section 101 shall be available to the extent and in the manner that would be provided in the pertinent appropriations Act. </p> <p>(Sec. 104) Prohibits any appropriations or funds made available by section 101 from being used to initiate or resume any project or activity which was not funded in FY2015. </p> <p>(Sec. 105) Continues all authorities, requirements, and limitations from FY2015 appropriations Acts through the date in section 106 and permits valid obligations and expenditures during the period of this continuing resolution (CR). </p> <p>(Sec. 106) Continues the appropriations provided by this bill through the earlier of December 11, 2015, or the enactment of the pertinent appropriations Act. </p> <p>(Sec. 107) Requires expenditures for activities funded in this bill to be charged to the relevant account when the applicable appropriations bill becomes law. </p> <p>(Sec. 108) Waives the normal time limitations for submission and approval of apportionments of accounts funded in annual appropriations Acts. </p> <p>(Sec. 109) Limits disbursements for programs that otherwise would have high initial rates of operation or would complete distribution of funding at the beginning of the fiscal year if those actions would impinge on final congressional funding prerogatives. </p> <p>(Sec. 110) Directs that this bill be implemented so that only the most limited funding action permitted by this bill is taken in order to provide for continuation of projects and activities. </p> <p>(Sec. 111) Provides that entitlements and other mandatory payments with budget authority provided in FY2015 appropriations Acts and activities under the Food and Nutrition Act of 2008 shall continue at the rate to maintain program levels under current law and under the authority and conditions provided in the applicable FY2015 appropriations Act for up to 30 days after the expiration of the CR. </p> <p>(Sec. 112) Provides that funding made available by this bill for civilian personnel compensation and benefits in each department and agency may be apportioned up to the rate of operations necessary to avoid furloughs. Requires all necessary actions to reduce or defer non-personnel-related administrative expenses to be taken prior to using this authority.</p> <p> (Sec. 113) Permits funds appropriated by this bill to be obligated and expended notwithstanding specified statutory provisions restricting appropriations for foreign assistance, the Department of State, international broadcasting, and intelligence activities in the absence of prior authorizations. </p> <p>(Sec. 114) Extends designations for Overseas Contingency Operations/ Global War on Terrorism and disaster relief to funds provided by this bill that previously carried those designations. </p> <p>Exempts funds designated or otherwise provided as Overseas Contingency Operations/Global War on Terrorism, the Social Security Administration's continuing disability reviews and redeterminations, health care fraud and abuse control, disaster relief, and emergency requirements from the across-the-board reduction included in section 101. </p> <p>Provides that amounts designated for Overseas Contingency Operations/ Global War on Terrorism shall only be available if the President subsequently designates the amounts and transmits the designations to Congress. </p> <p>(Sec. 115) Applies the across-the-board reduction in section 101 to advance appropriations made in prior years that first become available in FY2016. </p> <p>(Sec. 116) Provides a higher rate of funding for the Department of Agriculture's (USDA's) Commodity Assistance Program, including the Commodity Supplemental Food Program, which is a domestic food assistance program that predominantly serves low-income elderly individuals. </p> <p>(Sec. 117) Provides USDA with funding flexibility to pay ongoing debt service for multi-family direct loan program rental assistance contracts under sections 514 and 515 of the Housing Act of 1949. Permits the renewal during the duration of the CR of rental assistance contracts entered into or renewed in 2015 that exhausted funds within the 12-month contract period. </p> <p>(Sec. 118) Provides the National Oceanic and Atmospheric Administration with funding flexibility to maintain launch schedules for the Joint Polar Satellite System. (Polar-orbiting satellites circle the earth in a north-south orbit and provide the primary inputs for weather prediction models.) </p> <p>(Sec. 119) Permits the transfer of certain unobligated balances from the Assets Forfeiture Fund to the U.S. Marshals Service's Federal Prisoner Detention account to fund federal prisoner detention operations for the duration of the CR. </p> <p>(Sec. 120) Extends the availability of previously appropriated funds to support closeout activities of the Space Shuttle Program. </p> <p>(Sec. 121) Permits uncompleted Broadband Technology Opportunities Program projects to continue to expend obligated funds through FY2020. </p> <p>(Sec. 122) Extends the authority for the Office of Security Cooperation in Iraq and the authority to pay cash rewards to persons assisting U.S. forces in counterterrorism operations. </p> <p>(Sec. 123) Permits funds provided by this bill to the Department of Energy for the Uranium Enrichment Decontamination and Decommissioning Fund to be apportioned up to the rate for operations necessary to avoid disruption of continuing projects and activities. (This account primarily funds the decommissioning and environmental remediation of three federal uranium enrichment facilities in Kentucky, Ohio, and Tennessee.) </p> <p>(Sec. 124) Permits the District of Columbia to spend funds collected through local taxes and other non-federal sources at the rate set forth in the DC FY2016 Budget Request Act of 2015. </p> <p>(Sec. 125) States that no funds are provided by this bill for the Recovery Accountability and Transparency Board, which was established to provide oversight and transparency in the expenditure of funds provided by the American Recovery and Reinvestment Act of 2009. </p> <p>(Sec. 126) Provides the Small Business Administration with funding flexibility to accommodate increased demand for general business loans authorized under section 7(a) of the Small Business Act. </p> <p>(Sec. 127) Extends the Internet Tax Freedom Act, which includes a moratorium preventing state and local governments from taxing Internet access or imposing multiple or discriminatory taxes on electronic commerce. </p> <p>(Sec. 128) Permits the Office of Management and Budget to make specified adjustments to discretionary spending limits to account for estimating differences with the Congressional Budget Office. </p> <p>(Sec. 129) Extends the authority of the Department of Homeland Security to use certain procurement agreements for research and development projects with non-traditional government contractors. </p> <p>(Sec. 130) Extends the E-Verify employment authorization program. </p> <p>(Sec. 131) Extends the EB-5 Immigrant Investor Visa Program. </p> <p>(Sec. 132) Extends the special immigrant status granted to religious workers other than ministers. </p> <p>(Sec. 133) Extends the authority for the visa waiver program for rural doctors. </p> <p>(Sec. 134) Amends the Federal Lands Recreation Enhancement Act to extend through September 30, 2017, the authority of federal agencies to establish, collect, and retain fees on federal recreational lands and waters. </p> <p>(Sec. 135) Appropriates $700 million in emergency funding, to remain available until expended, for urgent Forest Service wildland fire suppression activities if: (1) funds previously provided for fire suppression will be exhausted imminently, and (2) the appropriations committees are notified. </p> <p>Permits the funds to be transferred to other appropriations accounts to repay amounts previously transferred for wildfire suppression. Designates the funds as an emergency requirement, which will only become available if the President also designates the amounts. (Emergency funds are exempt from discretionary spending limits and other budget enforcement rules.) </p> <p>(Sec. 136) Extends the authority of the Department of the Interior to establish higher rates of pay for certain employees in the petroleum engineering and geoscience fields working on both offshore and onshore oil and gas development. </p> <p>(Sec. 137) Extends the authority for the Eisenhower Memorial Commission and continues the construction limitation for the Memorial imposed in 2015 and prior years. </p> <p>(Sec. 138) Amends the Carl Levin and Howard P. ''Buck'' McKeon National Defense Authorization Act for Fiscal Year 2015 to provide that certain funding for the Department of the Interior's Payments In Lieu of Taxes (PILT) program is available for FY2015. (PILT compensates local governments for the presence of federally owned land.) </p> <p>(Sec. 139) Permits funds made available in prior appropriations bills for construction and renovation of facilities for the Centers for Disease Control and Prevention to be used for construction of a replacement freezer building on leased land. </p> <p>(Sec. 140) Extends through the 2016-2017 school year the authority of the Department of Education to include teachers pursuing alternative routes to certification in the definition of a highly qualified teacher under the No Child Left Behind Act of 2001. </p> <p>(Sec. 141) Incorporates and continues a rescission of Children's Health Insurance Program funds. </p> <p>(Sec. 142) Extends the authority for the Department of Education's National Advisory Committee on Institutional Quality and Integrity. (The committee is responsible for assessing the process of accreditation in higher education and the institutional eligibility and certification of institutions of higher education to participate in federal student aid programs authorized under Title IV of the Higher Education Act.) </p> <p>(Sec. 143) Appropriates a $174,000 death gratuity to the widow of Representative Alan Nunnelee. (A gratuity equal to one year's salary has long been given to the heirs of Members of Congress who die in office.) </p> <p>(Sec. 144) Permits specified unobligated Department of Veterans Affairs (VA) funds to be transferred to the Construction--Major Projects account to cover costs for completion of the Denver Replacement Medical Center, subject to the approval of Congress. </p> <p>(Sec. 145) Provides additional funding for Veterans Benefits Administration general operating expenses to continue progress on the disability claims backlog. </p> <p>(Sec. 146) Continues a rescission of VA Medical Services, Medical Support and Compliance, and Medical Facilities funds that routinely accompanies a reappropriation of the funds to extend the availability of the funds from one to two years. </p> <p>(Sec. 147) Extends the authority for the U.S. Commission on International Religious Freedom. </p> <p>(Sec. 148) Provides funding flexibility for specified international activities to sustain assistance for Ukraine to counter external, regional aggression and influence, including for the costs of authorized loan guarantees. </p> <p>(Sec. 149) Extends the authority for the U.S. Advisory Commission on Public Diplomacy. </p> <p>(Sec. 150) Provides the Department of Housing and Urban Development (HUD) with funding flexibility to maintain the schedule for the New Core Shared Services Project. (The project is a transition of HUD's financial management systems to a federal shared services provider.) </p>]]></summary-text>
</summary>
<summary summary-id="id114hr719v35" currentChamber="SENATE" update-date="2015-09-30">
<action-date>2015-09-17</action-date>
<action-desc>Passed Senate amended</action-desc>
<summary-text><![CDATA[<p><b>TSA Office of Inspection Accountability Act of 2015</b></p> <p>(Sec. 4) This bill directs the Department of Homeland Security (DHS) Office of Inspector General (OIG) to: (1) analyze the data and methods used by the Transportation Security Administration (TSA) to classify Office of Inspection (OOI) employees as criminal investigators; and (2) report relevant findings, including whether the data and methods are adequate and valid.</p> <p>If the DHS OIG finds that such data and methods are inadequate or invalid, the TSA is prohibited from hiring any new OOI employee until: (1) the TSA certifies to Congress that only OOI employees who meet the minimum legal requirements are classified as criminal investigators and are receiving premium pay and other benefits associated with such classification, and (2) the DHS OIG finds that the TSA's certification utilized adequate and valid data and methods. </p> <p>(Sec. 5) The bill requires the TSA to reclassify OOI criminal investigator employees who do not, or are not expected to, spend an average of at least 50% of their time performing criminal investigative duties. The TSA must estimate and report to Congress the total long-term cost savings to the federal government resulting from reclassified positions, including savings from law enforcement training, early retirement benefits, law enforcement availability pay, weapons, vehicles, and communications devices.</p> <p>(Sec. 6) It also requires the TSA to submit to Congress materials and information associated with the OOI's review of instances in which Federal Air Marshal Service officials obtained discounted or free firearms for personal use. </p> <p>(Sec. 7) The DHS OIG must submit to Congress a study that compares the requirements, responsibilities, and benefits of criminal investigator employees in the TSA OOI with criminal investigator employees in other federal agencies and identifies inconsistencies and cost implications for differences between the varying requirements, responsibilities, and benefits. </p>]]></summary-text>
</summary>
<summary summary-id="id114hr719v01" currentChamber="SENATE" update-date="2015-09-23">
<action-date>2015-08-04</action-date>
<action-desc>Reported to Senate amended</action-desc>
<summary-text><![CDATA[<p><b>TSA Office of Inspection Accountability Act of 2015</b></p> <p>(Sec. 4) This bill directs the Department of Homeland Security (DHS) Office of Inspector General (OIG) to: (1) analyze the data and methods used by the Transportation Security Administration (TSA) to classify Office of Inspection (OOI) employees as criminal investigators; and (2) report relevant findings, including whether the data and methods are adequate and valid.</p> <p>If the DHS OIG finds that such data and methods are inadequate or invalid, the TSA is prohibited from hiring any new OOI employee until: (1) the TSA certifies to Congress that only OOI employees who meet the minimum legal requirements are classified as criminal investigators and are receiving premium pay and other benefits associated with such classification, and (2) the DHS OIG finds that the TSA's certification utilized adequate and valid data and methods. </p> <p>(Sec. 5) The legislation requires the TSA to reclassify OOI criminal investigator employees who do not, or are not expected to, spend an average of at least 50% of their time performing criminal investigative duties; and 2) estimate and report to Congress the total long-term cost savings to the federal government resulting from reclassified positions, including savings from law enforcement training, early retirement benefits, law enforcement availability pay, weapons, vehicles, and communications devices.</p> <p>(Sec. 6) It also requires the TSA to submit to Congress materials and information associated with the OOI's review of instances in which Federal Air Marshal Service officials obtained discounted or free firearms for personal use. </p> <p>(Sec. 7) The DHS OIG must submit to Congress a study that compares the requirements, responsibilities, and benefits of criminal investigator employees in the TSA OOI with criminal investigator employees in other federal agencies and identifies inconsistencies and cost implications for differences between the varying requirements, responsibilities, and benefits. </p>]]></summary-text>
</summary>
<summary summary-id="id114hr719v81" currentChamber="HOUSE" update-date="2015-02-13">
<action-date>2015-02-10</action-date>
<action-desc>Passed House without amendment</action-desc>
<summary-text><![CDATA[<p>(This measure has not been amended since it was introduced. The summary has been expanded because action occurred on the measure.)</p> <p><b>TSA Office of Inspection Accountability Act of 2015</b></p> <p> (Sec. 4) Directs the Inspector General of the Department of Homeland Security (DHS) to: (1) analyze the data and methods that the Assistant Secretary of Homeland Security (Transportation Security) uses to identify Transportation Security Administration (TSA) law enforcement officer and criminal investigators; and (2) provide relevant findings to the Assistant Secretary, including regarding whether the data and methods are adequate and valid.</p> <p>Prohibits TSA from hiring any new employee to work in its Office of Inspection if the Inspector General finds that such data and methods are inadequate or invalid, until: (1) the Assistant Secretary makes a certification to the House Committee on Homeland Security and the Senate Committee on Commerce, Science, and Transportation that only TSA employees who meet such requirements are classified as criminal investigators and are receiving premium pay and other benefits associated with such classification; and (2) the Inspector General submits a finding that the Assistant Secretary utilized adequate and valid data and methods to make such certification.</p> <p>(Sec. 5) Directs the Assistant Secretary to: (1) reclassify criminal investigator positions in the Office of Inspection as noncriminal investigator positions or non-law enforcement positions if the individuals in those positions do not, or are not expected to, spend an average of at least 50% of their time performing criminal investigative duties; and (2) estimate the total long-term cost savings to the federal government resulting from such reclassification and provide such estimate to such committees. Requires such estimate to identify savings associated with the positions reclassified, including savings from: law enforcement training, early retirement benefits, law enforcement availability pay, weapons, vehicles, and communications devices.</p> <p>(Sec. 6) Directs the Assistant Secretary to submit to such committees: (1) any materials in the possession or control of DHS associated with the Office of Inspection's review of instances in which Federal Air Marshal Service officials obtained discounted or free firearms for personal use; and (2) information on specific actions that will be taken to prevent Service officials from using their official positions, or exploiting the Service's relationships with private vendors, to obtain discounted or free firearms for personal use.</p>]]></summary-text>
</summary>
<summary summary-id="id114hr719v00" currentChamber="HOUSE" update-date="2015-02-09">
<action-date>2015-02-04</action-date>
<action-desc>Introduced in House</action-desc>
<summary-text><![CDATA[<p><b>TSA Office of Inspection Accountability Act of 2015</b></p> <p> Directs the Inspector General of the Department of Homeland Security (DHS) to: (1) analyze the data and methods that the Assistant Secretary of Homeland Security (Transportation Security) uses to identify Transportation Security Administration (TSA) law enforcement officer and criminal investigators; and (2) provide relevant findings to the Assistant Secretary, including regarding whether the data and methods are adequate and valid.</p> <p>Prohibits TSA from hiring any new employee to work in its Office of Inspection if the Inspector General finds that such data and methods are inadequate or invalid, until: (1) the Assistant Secretary makes a certification to the House Committee on Homeland Security and the Senate Committee on Commerce, Science, and Transportation that only TSA employees who meet such requirements are classified as criminal investigators and are receiving premium pay and other benefits associated with such classification; and (2) the Inspector General submits a finding that the Assistant Secretary utilized adequate and valid data and methods to make such certification.</p> <p>Directs the Assistant Secretary to: (1) reclassify criminal investigator positions in the Office of Inspection as noncriminal investigator positions or non-law enforcement positions if the individuals in those positions do not, or are not expected to, spend an average of at least 50% of their time performing criminal investigative duties; and (2) estimate the total long-term cost savings to the federal government resulting from such reclassification and provide such estimate to such committees. Requires such estimate to identify savings associated with the positions reclassified, including savings from: law enforcement training, early retirement benefits, law enforcement availability pay, weapons, vehicles, and communications devices.</p> <p>Directs the Assistant Secretary to submit to such committees: (1) any materials in the possession or control of DHS associated with the Office of Inspection's review of instances in which Federal Air Marshal Service officials obtained discounted or free firearms for personal use; and (2) information on specific actions that will be taken to prevent Service officials from using their official positions, or exploiting the Service's relationships with private vendors, to obtain discounted or free firearms for personal use.</p>]]></summary-text>
</summary>
</item>
<dublinCore xmlns:dc="http://purl.org/dc/elements/1.1/">
<dc:format>text/xml</dc:format>
<dc:language>EN</dc:language>
<dc:rights>Pursuant to Title 17 Section 105 of the United States Code, this file is not subject to copyright protection and is in the public domain.</dc:rights>
<dc:contributor>Congressional Research Service, Library of Congress</dc:contributor>
<dc:description>This file contains bill summaries for federal legislation. A bill summary describes the most significant provisions of a piece of legislation and details the effects the legislative text may have on current law and federal programs. Bill summaries are authored by the Congressional Research Service (CRS) of the Library of Congress. As stated in Public Law 91-510 (2 USC 166 (d)(6)), one of the duties of CRS is "to prepare summaries and digests of bills and resolutions of a public general nature introduced in the Senate or House of Representatives". For more information, refer to the User Guide that accompanies this file.</dc:description>
</dublinCore>
</BillSummaries>
