<?xml version="1.0" encoding="UTF-8"?>
<BillSummaries>
<item congress="114" measure-type="hr" measure-number="546" measure-id="id114hr546" originChamber="HOUSE" orig-publish-date="2015-01-27" update-date="2015-02-03">
<title>ACE Kids Act of 2015</title>
<summary summary-id="id114hr546v00" currentChamber="HOUSE" update-date="2015-02-03">
<action-date>2015-01-27</action-date>
<action-desc>Introduced in House</action-desc>
<summary-text><![CDATA[<p><b>Advancing Care for Exceptional Kids Act of 2015 </b>or the<b> ACE Kids Act of 2015 </b></p> <p>Amends titles XIX (Medicaid) and XXI (Children's Health Insurance) (CHIP) of the Social Security Act to allow a state, at its option, to elect to provide medical assistance for items and services furnished to eligible children with medically complex conditions enrolled in a Medicaid Children's Care Coordination (MCCC) program.</p> <p>Requires an MCCC program, among other things, to coordinate, integrate, and provide for the furnishing of the full range of MCCC program services to enrolled children, as well as designate pediatric care management services and pediatric focused care coordination and health promotion.</p> <p>Requires a state to enroll eligible children prospectively in an MCCC program through an initial 90-day assignment to a nationally designated children's hospital network, unless the child opts not to participate in any MCCC program.</p>]]></summary-text>
</summary>
</item>
<dublinCore xmlns:dc="http://purl.org/dc/elements/1.1/">
<dc:format>text/xml</dc:format>
<dc:language>EN</dc:language>
<dc:rights>Pursuant to Title 17 Section 105 of the United States Code, this file is not subject to copyright protection and is in the public domain.</dc:rights>
<dc:contributor>Congressional Research Service, Library of Congress</dc:contributor>
<dc:description>This file contains bill summaries for federal legislation. A bill summary describes the most significant provisions of a piece of legislation and details the effects the legislative text may have on current law and federal programs. Bill summaries are authored by the Congressional Research Service (CRS) of the Library of Congress. As stated in Public Law 91-510 (2 USC 166 (d)(6)), one of the duties of CRS is "to prepare summaries and digests of bills and resolutions of a public general nature introduced in the Senate or House of Representatives". For more information, refer to the User Guide that accompanies this file.</dc:description>
</dublinCore>
</BillSummaries>
