<?xml version="1.0" encoding="UTF-8"?>
<BillSummaries>
<item congress="114" measure-type="hr" measure-number="827" measure-id="id114hr827" originChamber="HOUSE" orig-publish-date="2015-02-10" update-date="2015-02-28">
<title>Robo COP Act</title>
<summary summary-id="id114hr827v00" currentChamber="HOUSE" update-date="2015-02-28">
<action-date>2015-02-10</action-date>
<action-desc>Introduced in House</action-desc>
<summary-text><![CDATA[<p><strong>Robo Calls Off Phones Act or the Robo COP Act</strong></p> <p>Directs the Federal Trade Commission to revise the do-not-call registry provisions of the Telemarketing Sales Rule to prohibit politically-oriented recorded message telephone calls to telephone numbers listed on that registry. </p> <p>Defines a "politically-oriented recorded message telephone call" as an outbound telephone call that plays a recorded message that: (1) promotes, advertises, campaigns, or solicits donations for or against a political candidate or regarding a political issue; or (2) uses a political candidate's name.</p>]]></summary-text>
</summary>
</item>
<dublinCore xmlns:dc="http://purl.org/dc/elements/1.1/">
<dc:format>text/xml</dc:format>
<dc:language>EN</dc:language>
<dc:rights>Pursuant to Title 17 Section 105 of the United States Code, this file is not subject to copyright protection and is in the public domain.</dc:rights>
<dc:contributor>Congressional Research Service, Library of Congress</dc:contributor>
<dc:description>This file contains bill summaries for federal legislation. A bill summary describes the most significant provisions of a piece of legislation and details the effects the legislative text may have on current law and federal programs. Bill summaries are authored by the Congressional Research Service (CRS) of the Library of Congress. As stated in Public Law 91-510 (2 USC 166 (d)(6)), one of the duties of CRS is "to prepare summaries and digests of bills and resolutions of a public general nature introduced in the Senate or House of Representatives". For more information, refer to the User Guide that accompanies this file.</dc:description>
</dublinCore>
</BillSummaries>
