<?xml version="1.0" encoding="UTF-8"?>
<BillSummaries>
<item congress="114" measure-type="hr" measure-number="318" measure-id="id114hr318" originChamber="HOUSE" orig-publish-date="2015-01-13" update-date="2015-01-23">
<title>Stop the Revolving Door in Washington Act</title>
<summary summary-id="id114hr318v00" currentChamber="HOUSE" update-date="2015-01-23">
<action-date>2015-01-13</action-date>
<action-desc>Introduced in House</action-desc>
<summary-text><![CDATA[<p><b>Stop the Revolving Door in Washington Act</b></p> <p> Amends the federal criminal code regarding the two-year ban on lobbying contacts by former Senators with any Member, officer, or employee of either chamber, or employee of any other legislative office.</p> <p>Imposes: (1) a five-year lobbying ban on all former Members of Congress; and (2) a two-year (currently, one-year) ban on lobbying contacts by former elected officers of either chamber, former congressional employees, or former employees of any other legislative office with any Member, officer, or employee.</p>]]></summary-text>
</summary>
</item>
<dublinCore xmlns:dc="http://purl.org/dc/elements/1.1/">
<dc:format>text/xml</dc:format>
<dc:language>EN</dc:language>
<dc:rights>Pursuant to Title 17 Section 105 of the United States Code, this file is not subject to copyright protection and is in the public domain.</dc:rights>
<dc:contributor>Congressional Research Service, Library of Congress</dc:contributor>
<dc:description>This file contains bill summaries for federal legislation. A bill summary describes the most significant provisions of a piece of legislation and details the effects the legislative text may have on current law and federal programs. Bill summaries are authored by the Congressional Research Service (CRS) of the Library of Congress. As stated in Public Law 91-510 (2 USC 166 (d)(6)), one of the duties of CRS is "to prepare summaries and digests of bills and resolutions of a public general nature introduced in the Senate or House of Representatives". For more information, refer to the User Guide that accompanies this file.</dc:description>
</dublinCore>
</BillSummaries>
