<?xml version="1.0" encoding="UTF-8"?>
<BillSummaries>
<item congress="114" measure-type="hr" measure-number="426" measure-id="id114hr426" originChamber="HOUSE" orig-publish-date="2015-01-21" update-date="2015-01-30">
<title>Sanctity of Human Life Act</title>
<summary summary-id="id114hr426v00" currentChamber="HOUSE" update-date="2015-01-30">
<action-date>2015-01-21</action-date>
<action-desc>Introduced in House</action-desc>
<summary-text><![CDATA[<p><b>Sanctity of Human Life Act</b></p> <p>This bill declares that: (1) the right to life guaranteed by the Constitution is vested in each human and is the person's paramount and most fundamental right; (2) each human life begins with fertilization, cloning, or its functional equivalent, at which time every human has all legal and constitutional attributes and privileges of personhood; and (3) Congress, each state, the District of Columbia, and all U.S. territories have the authority to protect all human lives.</p>]]></summary-text>
</summary>
</item>
<dublinCore xmlns:dc="http://purl.org/dc/elements/1.1/">
<dc:format>text/xml</dc:format>
<dc:language>EN</dc:language>
<dc:rights>Pursuant to Title 17 Section 105 of the United States Code, this file is not subject to copyright protection and is in the public domain.</dc:rights>
<dc:contributor>Congressional Research Service, Library of Congress</dc:contributor>
<dc:description>This file contains bill summaries for federal legislation. A bill summary describes the most significant provisions of a piece of legislation and details the effects the legislative text may have on current law and federal programs. Bill summaries are authored by the Congressional Research Service (CRS) of the Library of Congress. As stated in Public Law 91-510 (2 USC 166 (d)(6)), one of the duties of CRS is "to prepare summaries and digests of bills and resolutions of a public general nature introduced in the Senate or House of Representatives". For more information, refer to the User Guide that accompanies this file.</dc:description>
</dublinCore>
</BillSummaries>
