<?xml version="1.0" encoding="UTF-8"?>
<BillSummaries>
<item congress="114" measure-type="hr" measure-number="441" measure-id="id114hr441" originChamber="HOUSE" orig-publish-date="2015-01-21" update-date="2015-02-02">
<title>To provide for a technical change to the Medicare long-term care hospital moratorium exception.</title>
<summary summary-id="id114hr441v00" currentChamber="HOUSE" update-date="2015-02-02">
<action-date>2015-01-21</action-date>
<action-desc>Introduced in House</action-desc>
<summary-text><![CDATA[<p>This bill amends the Medicare, Medicaid, and SCHIP Extension Act of 2007, as amended by other specified federal law, with respect to the five-year moratorium begining April 1, 2014, on the establishment of long-term care (LTC) hospitals and LTC satellite facilities and on the increase of LTC hospital beds in existing LTC hospitals or satellite facilities for purposes of title XVIII (Medicare) of the Social Security Act.</p> <p>A technical correction is made to an exception to this moratorium for certain LTC hospitals that:</p> <ul> <li>began their qualifying period for Medicare payment on or before April 1, 2014;</li> <li>have a binding written agreement as of that date with an outside, unrelated party for the actual construction, renovation, lease, or demolition for an LTC hospital, and have expended, before that date, at least 10% of the project's estimated cost (or, if less, $ 2.5 million); or</li> <li>have obtained on or before that date an approved certificate of need in a state where one is required.</li> </ul> <p>This bill applies the exception to any similar moratorium.</p>]]></summary-text>
</summary>
</item>
<dublinCore xmlns:dc="http://purl.org/dc/elements/1.1/">
<dc:format>text/xml</dc:format>
<dc:language>EN</dc:language>
<dc:rights>Pursuant to Title 17 Section 105 of the United States Code, this file is not subject to copyright protection and is in the public domain.</dc:rights>
<dc:contributor>Congressional Research Service, Library of Congress</dc:contributor>
<dc:description>This file contains bill summaries for federal legislation. A bill summary describes the most significant provisions of a piece of legislation and details the effects the legislative text may have on current law and federal programs. Bill summaries are authored by the Congressional Research Service (CRS) of the Library of Congress. As stated in Public Law 91-510 (2 USC 166 (d)(6)), one of the duties of CRS is "to prepare summaries and digests of bills and resolutions of a public general nature introduced in the Senate or House of Representatives". For more information, refer to the User Guide that accompanies this file.</dc:description>
</dublinCore>
</BillSummaries>
