<?xml version="1.0" encoding="UTF-8"?>
<BillSummaries>
<item congress="114" measure-type="hr" measure-number="522" measure-id="id114hr522" originChamber="HOUSE" orig-publish-date="2015-01-26" update-date="2015-02-02">
<title>Commission on the Accountability and Review of Federal Agencies Act</title>
<summary summary-id="id114hr522v00" currentChamber="HOUSE" update-date="2015-02-02">
<action-date>2015-01-26</action-date>
<action-desc>Introduced in House</action-desc>
<summary-text><![CDATA[<p><strong>Commission on the Accountability and Review of Federal Agencies Act</strong></p> <p> Establishes the Commission on the Accountability and Review of Federal Agencies. Requires such Commission to evaluate federal agencies and their programs each year for a six-year period&nbsp;to determine whether: (1) two or more agencies or programs are performing the same essential function and such function can be consolidated or streamlined; (2) any agency or program has wasted federal funds by egregious spending, mismanagement of resources and personnel, or&nbsp;use of funds for personal benefit or the benefit of a special interest group; and (3)&nbsp;any agency or program has completed its intended purpose, has become irrelevant, or has failed to meet its objectives. Requires the realignment or elimination of such agencies or programs.</p> <p>Requires the Comptroller General to report to Congress on the effectiveness of the Commission. Sets forth procedures for consideration and implementation by Congress of Commission recommendations.</p>]]></summary-text>
</summary>
</item>
<dublinCore xmlns:dc="http://purl.org/dc/elements/1.1/">
<dc:format>text/xml</dc:format>
<dc:language>EN</dc:language>
<dc:rights>Pursuant to Title 17 Section 105 of the United States Code, this file is not subject to copyright protection and is in the public domain.</dc:rights>
<dc:contributor>Congressional Research Service, Library of Congress</dc:contributor>
<dc:description>This file contains bill summaries for federal legislation. A bill summary describes the most significant provisions of a piece of legislation and details the effects the legislative text may have on current law and federal programs. Bill summaries are authored by the Congressional Research Service (CRS) of the Library of Congress. As stated in Public Law 91-510 (2 USC 166 (d)(6)), one of the duties of CRS is "to prepare summaries and digests of bills and resolutions of a public general nature introduced in the Senate or House of Representatives". For more information, refer to the User Guide that accompanies this file.</dc:description>
</dublinCore>
</BillSummaries>
