<?xml version="1.0" encoding="UTF-8"?>
<BillSummaries>
<item congress="114" measure-type="hr" measure-number="862" measure-id="id114hr862" originChamber="HOUSE" orig-publish-date="2015-02-11" update-date="2015-02-28">
<title>You Own Devices Act</title>
<summary summary-id="id114hr862v00" currentChamber="HOUSE" update-date="2015-02-28">
<action-date>2015-02-11</action-date>
<action-desc>Introduced in House</action-desc>
<summary-text><![CDATA[<p><b>You Own Devices Act</b></p> <p>Amends federal copyright law to allow the owner of a machine or other product operated in any part by a computer program to transfer an authorized copy of the computer program, or the right to obtain such copy, when the owner sells, leases, or otherwise transfers the machine or product to another person. Prohibits such right to transfer the computer program from being waived by any agreement.</p> <p>Requires any right to receive modifications to such a computer program relating to security or error correction that applied to the owner of the machine or product to apply to the person to whom the machine or product and the copy of the computer program are transferred.</p> <p>Prohibits this Act from being construed to permit the owner to retain an unauthorized copy of the computer program after such a transfer.</p>]]></summary-text>
</summary>
</item>
<dublinCore xmlns:dc="http://purl.org/dc/elements/1.1/">
<dc:format>text/xml</dc:format>
<dc:language>EN</dc:language>
<dc:rights>Pursuant to Title 17 Section 105 of the United States Code, this file is not subject to copyright protection and is in the public domain.</dc:rights>
<dc:contributor>Congressional Research Service, Library of Congress</dc:contributor>
<dc:description>This file contains bill summaries for federal legislation. A bill summary describes the most significant provisions of a piece of legislation and details the effects the legislative text may have on current law and federal programs. Bill summaries are authored by the Congressional Research Service (CRS) of the Library of Congress. As stated in Public Law 91-510 (2 USC 166 (d)(6)), one of the duties of CRS is "to prepare summaries and digests of bills and resolutions of a public general nature introduced in the Senate or House of Representatives". For more information, refer to the User Guide that accompanies this file.</dc:description>
</dublinCore>
</BillSummaries>
