<?xml version="1.0" encoding="UTF-8"?>
<BillSummaries>
<item congress="114" measure-type="hr" measure-number="752" measure-id="id114hr752" originChamber="HOUSE" orig-publish-date="2015-02-05" update-date="2015-03-02">
<title>Large Capacity Ammunition Feeding Device Act</title>
<summary summary-id="id114hr752v00" currentChamber="HOUSE" update-date="2015-03-02">
<action-date>2015-02-05</action-date>
<action-desc>Introduced in House</action-desc>
<summary-text><![CDATA[<p><b>Large Capacity Ammunition Feeding Device Act</b></p> <p> Amends the Brady Handgun Violence Prevention Act to prohibit: (1) the transfer or possession of a large capacity ammunition feeding device, except for such a device lawfully possessed within the United States on or before the date of this Act's enactment; and (2) the importation or bringing into the United States of such a device.</p> <p>Exempts: (1) the transfer or possession of such a device by a federal, state, or local agency or law enforcement officer; (2) certain transfers to licensees under the Atomic Energy Act of 1954; (3) possession of such a device transferred to an individual upon retirement from a law enforcement agency if such individual is not otherwise prohibited from receiving ammunition; and (4) the manufacture, transfer, or possession of such a device by a licensed manufacturer or importer for authorized testing or experimentation purposes.</p> <p>Sets penalties for violations.</p> <p>Requires a large capacity ammunition feeding device manufactured after this Act's enactment to be identified by a serial number that clearly shows that the device was manufactured after such enactment.</p>]]></summary-text>
</summary>
</item>
<dublinCore xmlns:dc="http://purl.org/dc/elements/1.1/">
<dc:format>text/xml</dc:format>
<dc:language>EN</dc:language>
<dc:rights>Pursuant to Title 17 Section 105 of the United States Code, this file is not subject to copyright protection and is in the public domain.</dc:rights>
<dc:contributor>Congressional Research Service, Library of Congress</dc:contributor>
<dc:description>This file contains bill summaries for federal legislation. A bill summary describes the most significant provisions of a piece of legislation and details the effects the legislative text may have on current law and federal programs. Bill summaries are authored by the Congressional Research Service (CRS) of the Library of Congress. As stated in Public Law 91-510 (2 USC 166 (d)(6)), one of the duties of CRS is "to prepare summaries and digests of bills and resolutions of a public general nature introduced in the Senate or House of Representatives". For more information, refer to the User Guide that accompanies this file.</dc:description>
</dublinCore>
</BillSummaries>
