<?xml version="1.0" encoding="UTF-8"?>
<BillSummaries>
<item congress="114" measure-type="hr" measure-number="548" measure-id="id114hr548" originChamber="HOUSE" orig-publish-date="2015-01-27" update-date="2015-03-03">
<title>Certainty in Enforcement Act of 2015</title>
<summary summary-id="id114hr548v00" currentChamber="HOUSE" update-date="2015-03-03">
<action-date>2015-01-27</action-date>
<action-desc>Introduced in House</action-desc>
<summary-text><![CDATA[<p><b>Certainty in Enforcement Act of 2015</b></p> <p>Amends equal employment opportunity requirements under the Civil Rights Act of 1964 to deem an employer's, labor organization's, employment agency's, or joint labor management committee's consideration or use of credit or criminal records or information, as mandated by federal, state, or local law, to be job related and consistent with business necessity. </p> <p>Declares that such use of credit or criminal records shall not be the basis of liability under any theory of disparate impact. (Currently, an unlawful employment practice based on disparate impact is established if a complaining party demonstrates that a respondent uses a particular employment practice that causes a disparate impact on the basis of race, color, religion, sex, or national origin and the respondent fails to demonstrate that the challenged practice is job related for the position in question and consistent with business necessity.)</p>]]></summary-text>
</summary>
</item>
<dublinCore xmlns:dc="http://purl.org/dc/elements/1.1/">
<dc:format>text/xml</dc:format>
<dc:language>EN</dc:language>
<dc:rights>Pursuant to Title 17 Section 105 of the United States Code, this file is not subject to copyright protection and is in the public domain.</dc:rights>
<dc:contributor>Congressional Research Service, Library of Congress</dc:contributor>
<dc:description>This file contains bill summaries for federal legislation. A bill summary describes the most significant provisions of a piece of legislation and details the effects the legislative text may have on current law and federal programs. Bill summaries are authored by the Congressional Research Service (CRS) of the Library of Congress. As stated in Public Law 91-510 (2 USC 166 (d)(6)), one of the duties of CRS is "to prepare summaries and digests of bills and resolutions of a public general nature introduced in the Senate or House of Representatives". For more information, refer to the User Guide that accompanies this file.</dc:description>
</dublinCore>
</BillSummaries>
