<?xml version="1.0" encoding="UTF-8"?>
<BillSummaries>
<item congress="114" measure-type="hr" measure-number="1003" measure-id="id114hr1003" originChamber="HOUSE" orig-publish-date="2015-02-13" update-date="2015-02-27">
<title>RAISE Act</title>
<summary summary-id="id114hr1003v00" currentChamber="HOUSE" update-date="2015-02-27">
<action-date>2015-02-13</action-date>
<action-desc>Introduced in House</action-desc>
<summary-text><![CDATA[<p><b>Rewarding Achievement and Incentivizing Successful Employees Act or the RAISE Act</b></p> <p> Amends the National Labor Relations Act to declare that neither its prohibition against interference by an employer with employees' right to bargain collectively, nor the terms of a collective bargaining agreement entered into between employees and an employer after enactment of this Act, shall prohibit an employer from paying an employee higher wages, pay, or other compensation than the agreement provides for.</p>]]></summary-text>
</summary>
</item>
<dublinCore xmlns:dc="http://purl.org/dc/elements/1.1/">
<dc:format>text/xml</dc:format>
<dc:language>EN</dc:language>
<dc:rights>Pursuant to Title 17 Section 105 of the United States Code, this file is not subject to copyright protection and is in the public domain.</dc:rights>
<dc:contributor>Congressional Research Service, Library of Congress</dc:contributor>
<dc:description>This file contains bill summaries for federal legislation. A bill summary describes the most significant provisions of a piece of legislation and details the effects the legislative text may have on current law and federal programs. Bill summaries are authored by the Congressional Research Service (CRS) of the Library of Congress. As stated in Public Law 91-510 (2 USC 166 (d)(6)), one of the duties of CRS is "to prepare summaries and digests of bills and resolutions of a public general nature introduced in the Senate or House of Representatives". For more information, refer to the User Guide that accompanies this file.</dc:description>
</dublinCore>
</BillSummaries>
