<?xml version="1.0" encoding="UTF-8"?>
<BillSummaries>
<item congress="114" measure-type="hr" measure-number="356" measure-id="id114hr356" originChamber="HOUSE" orig-publish-date="2015-01-14" update-date="2015-10-07">
<title>Wounded Warrior Employment Improvement Act</title>
<summary summary-id="id114hr356v00" currentChamber="HOUSE" update-date="2015-10-07">
<action-date>2015-01-14</action-date>
<action-desc>Introduced in House</action-desc>
<summary-text><![CDATA[<p><strong>Wounded Warrior Employment Improvement Act</strong></p> <p>Directs the Department of Veterans Affairs (VA) to develop and publish an action plan for improving the training and rehabilitation services and assistance provided by the VA for veterans with service-connected disabilities.</p> <p>Requires such plan to include: </p> <ul> <li>a comprehensive analysis of, and recommendations and a proposed implementation plan for remedying, workload management challenges at VA regional offices, including steps to reduce counselor case loads of veterans participating in a rehabilitation program;</li> <li>a comprehensive analysis of the reasons for the disproportionately low percentage of veterans with service-connected disabilities who served in the Armed Forces after September 11, 2001, who opt to participate in a VA rehabilitation program relative to the percentage of such veterans who use their entitlement to VA educational assistance;</li> <li>recommendations and a proposed implementation plan for encouraging more veterans with service-connected disabilities who served in the Armed Forces after September 11, 2001, to participate in VA rehabilitation programs; and</li> <li>a national staff training program for vocational rehabilitation counselors, that includes the provision of training to assist counselors in understanding the very profound disorientation experienced by warriors because of their injury, training to assist counselors in working in partnership with veterans on individual rehabilitation plans, and training on post-traumatic stress disorder and other mental health conditions and on moderate to severe traumatic brain injury that is designed to improve the ability of such counselors to assist veterans with such conditions.</li></ul>]]></summary-text>
</summary>
</item>
<dublinCore xmlns:dc="http://purl.org/dc/elements/1.1/">
<dc:format>text/xml</dc:format>
<dc:language>EN</dc:language>
<dc:rights>Pursuant to Title 17 Section 105 of the United States Code, this file is not subject to copyright protection and is in the public domain.</dc:rights>
<dc:contributor>Congressional Research Service, Library of Congress</dc:contributor>
<dc:description>This file contains bill summaries for federal legislation. A bill summary describes the most significant provisions of a piece of legislation and details the effects the legislative text may have on current law and federal programs. Bill summaries are authored by the Congressional Research Service (CRS) of the Library of Congress. As stated in Public Law 91-510 (2 USC 166 (d)(6)), one of the duties of CRS is "to prepare summaries and digests of bills and resolutions of a public general nature introduced in the Senate or House of Representatives". For more information, refer to the User Guide that accompanies this file.</dc:description>
</dublinCore>
</BillSummaries>
