<?xml version="1.0" encoding="UTF-8"?>
<BillSummaries>
<item congress="114" measure-type="hr" measure-number="244" measure-id="id114hr244" originChamber="HOUSE" orig-publish-date="2015-01-09" update-date="2015-01-21">
<title>MAC Transparency Act</title>
<summary summary-id="id114hr244v00" currentChamber="HOUSE" update-date="2015-01-21">
<action-date>2015-01-09</action-date>
<action-desc>Introduced in House</action-desc>
<summary-text><![CDATA[<p><b>MAC Transparency Act </b></p> <p>Amends part D (Voluntary Prescription Drug Benefit Program) of title XVIII (Medicare) of the Social Security Act to require each contract entered into with a prescription drug plan (PDP) sponsor with respect to a PDP the sponsor offers to prohibit the PDP from entering into a contract with any pharmacy benefits manager (PBM) to manage the prescription drug coverage provided under such plan, or to control the costs of the prescription drug coverage under it, unless the PBM adheres to specified criteria when handling personally identifiable utilization and claims data or other sensitive patient data.</p> <p>Revises requirements for contracts with PDP sponsors to require that the PDP sponsor disclose to applicable pharmacies the sources used for making any update of the prescription drug pricing standard, and if the source for such a standard is not publicly available, disclose to such pharmacies all individual drug prices to be so updated in advance of their use for the reimbursement of claims. <p>Requires the PDP sponsor, as well, to establish a process to appeal, investigate, and resolve disputes regarding individual drug prices that are less than the pharmacy acquisition price for a drug. </p> <p>Directs the Secretary of Defense (DOD), with respect to the TRICARE retail pharmacy program, to ensure that a contract entered into with a TRICARE managed care support contractor includes requirements to ensure the provision of information regarding the pricing standard for prescription drugs.</p> <p>Establishes criteria to which a carrier and a PBM must adhere under a contract or an approved plan under which the carrier has an agreement with the PBM to manage prescription drug coverage or to control the costs of such coverage.</p> <p>Prohibits a PBM under such criteria from: (1) transmitting to a pharmacy owned by the PBM any personally identifiable utilization or claims data relating to an enrolled individual who has not voluntarily elected in writing or via secure electronic means to fill that particular prescription at such a pharmacy; or (2) requiring any enrolled individual to use a retail pharmacy, mail order pharmacy, specialty pharmacy, or other pharmacy entity in which the PBM has an ownership interest, or that has an ownership interest in the PBM, or give an incentive to encourage an enrollee to use the pharmacy if the incentive applies only to those pharmacies.</p> <p>Requires any contract or approved plan providing for a reimbursement standard with respect to a PDP to require the carrier to: (1) update the standard at least once every seven days to reflect the market price of a drug accurately; (2) disclose to pharmacies the sources used for making any such update; (3) make advance disclosure to those pharmacies of all individual drug prices to be updated if the source for a standard is not publicly available; and (4) establish a process to appeal, investigate, and resolve disputes regarding individual drug prices less than the pharmacy acquisition price.</p>]]></summary-text>
</summary>
</item>
<dublinCore xmlns:dc="http://purl.org/dc/elements/1.1/">
<dc:format>text/xml</dc:format>
<dc:language>EN</dc:language>
<dc:rights>Pursuant to Title 17 Section 105 of the United States Code, this file is not subject to copyright protection and is in the public domain.</dc:rights>
<dc:contributor>Congressional Research Service, Library of Congress</dc:contributor>
<dc:description>This file contains bill summaries for federal legislation. A bill summary describes the most significant provisions of a piece of legislation and details the effects the legislative text may have on current law and federal programs. Bill summaries are authored by the Congressional Research Service (CRS) of the Library of Congress. As stated in Public Law 91-510 (2 USC 166 (d)(6)), one of the duties of CRS is "to prepare summaries and digests of bills and resolutions of a public general nature introduced in the Senate or House of Representatives". For more information, refer to the User Guide that accompanies this file.</dc:description>
</dublinCore>
</BillSummaries>
