<?xml version="1.0" encoding="UTF-8"?><BillSummaries>
<item congress="114" measure-type="hr" measure-number="699" measure-id="id114hr699" originChamber="HOUSE" orig-publish-date="2015-02-04" update-date="2018-02-24">
<title>Email Privacy Act</title>
<summary summary-id="id114hr699v36" currentChamber="HOUSE" update-date="2018-02-24">
<action-date>2016-04-27</action-date>
<action-desc>Passed House amended</action-desc>
<summary-text><![CDATA[<p><b>Email Privacy Act</b></p> <p>(Sec. 2)This bill amends the Electronic Communications Privacy Act of 1986 tomake a series of technical changes to clarify that the voluntary disclosure prohibitions and exceptions to such prohibitions apply to the content of communications regardless of whether the communications are held in storage or have been read.</p> <p>(Sec. 3)Additionally, the bill amends the Electronic Communications Privacy Act of 1986 to revise the standards for when a governmental entity may compel disclosure of communications content from a third party service provider.The bill removes the authority of a government entity to acquire the contents of a communication with a court order.Thegovernment must have a warrant to acquire the contents of a communication from a third party provider.A governmental entity that receives a subscriber'srecords or information from a provider is not required to provide notice to such person; however, a provider may notify a subscriberof a request to disclose information to the government.</p> <p>(Sec. 4)A governmental entity may apply for a court order directing a provider, for up to 180 days, to refrain from notifying any person that the provider has been required to disclose communications or records. Additionally, a governmental entity is allowed to seek one or more extensions of the delayed-notice order for periods of up to 180 days each.The government does not have to demonstrate with certainty that an adverse result will occur from notification; it only has to demonstrate that an adverse result is likely to occur.</p>]]></summary-text>
</summary>
<summary summary-id="id114hr699v00" currentChamber="HOUSE" update-date="2015-02-18">
<action-date>2015-02-04</action-date>
<action-desc>Introduced in House</action-desc>
<summary-text><![CDATA[<p><b>Email Privacy Act</b></p> <p>Amends the Electronic Communications Privacy Act of 1986 to prohibit a provider of remote computing service or electronic communication service to the public from knowingly divulging to a governmental entity the contents of any communication that is in electronic storage or otherwise maintained by the provider, subject to exceptions.</p> <p>Revises provisions under which the government may require a provider to disclose the contents of such communications. Eliminates the different requirements applicable under current law depending on whether such communications were: (1) stored for fewer than, or more than, 180 days by an electronic communication service; or (2) held by an electronic communication service as opposed to a remote computing service. </p> <p>Requires the government to obtain a warrant from a court before requiring providers to disclose the content of such communications regardless of how long the communication has been held in electronic storage by an electronic communication service or whether the information is sought from an electronic communication service or a remote computing service</p> <p>Requires a law enforcement agency, within 10 days after receiving the contents of a customer's communication, or a governmental entity, within 3 days, to provide a customer whose communications were disclosed by the provider a copy of the warrant and a notice that such information was requested by, and supplied to, the government entity. Allows the government to request delays of such notifications. </p> <p>Prohibits disclosure requirements that apply to providers from being construed to limit the government's authority to use an administrative or civil discovery subpoena to require: (1) an originator or recipient of an electronic communication to disclose the contents of such communication, or (2) an entity that provides electronic communication services to its employees or agents to disclose the contents of an electronic communication to or from such employee or agent if the communication is on an electronic communications system owned or operated by the entity. </p> <p>Allows the government to apply for an order directing a provider, for a specified period, to refrain from notifying any other person that the provider has been required to disclose communications or records.</p> <p>Directs the Comptroller General to report to Congress regarding disclosures of customer communications and records under provisions: (1) as in effect before the enactment of this Act, and (2) as amended by this Act.</p>]]></summary-text>
</summary>
</item>
<dublinCore xmlns:dc="http://purl.org/dc/elements/1.1/">
<dc:format>text/xml</dc:format>
<dc:language>EN</dc:language>
<dc:rights>Pursuant to Title 17 Section 105 of the United States Code, this file is not subject to copyright protection and is in the public domain.</dc:rights>
<dc:contributor>Congressional Research Service, Library of Congress</dc:contributor>
<dc:description>This file contains bill summaries for federal legislation. A bill summary describes the most significant provisions of a piece of legislation and details the effects the legislative text may have on current law and federal programs. Bill summaries are authored by the Congressional Research Service (CRS) of the Library of Congress. As stated in Public Law 91-510 (2 USC 166 (d)(6)), one of the duties of CRS is "to prepare summaries and digests of bills and resolutions of a public general nature introduced in the Senate or House of Representatives". For more information, refer to the User Guide that accompanies this file.</dc:description>
</dublinCore>
</BillSummaries>
