<?xml version="1.0" encoding="UTF-8"?>
<BillSummaries>
<item congress="114" measure-type="hr" measure-number="182" measure-id="id114hr182" originChamber="HOUSE" orig-publish-date="2015-01-07" update-date="2015-01-16">
<title>To direct the Secretary of Veterans Affairs to permit the centralized reporting of veteran enrollment by certain groups, districts, and consortiums of educational institutions.</title>
<summary summary-id="id114hr182v00" currentChamber="HOUSE" update-date="2015-01-16">
<action-date>2015-01-07</action-date>
<action-desc>Introduced in House</action-desc>
<summary-text><![CDATA[<p>Amends veterans' educational assistance program reporting requirements under which enrolled veterans (or eligible persons) and educational institutions must report enrollment information to the Secretary of Veterans Affairs. Requires individuals and educational institutions participating in the post-Vietnam era and post-9/11 veterans' educational assistance programs to report to the Secretary such enrollment and any updates on interruption or termination of the education (thereby making the enrollment reporting requirements for the post-Vietnam and post-9/11 programs consistent with other veterans' educational programs).</p> <p>Defines &quot;educational institution&quot; to permit the inclusion of groups, districts, or consortiums of separately accredited educational institutions located in the same state that are organized in a manner facilitating the centralized reporting of enrollments.</p>]]></summary-text>
</summary>
</item>
<dublinCore xmlns:dc="http://purl.org/dc/elements/1.1/">
<dc:format>text/xml</dc:format>
<dc:language>EN</dc:language>
<dc:rights>Pursuant to Title 17 Section 105 of the United States Code, this file is not subject to copyright protection and is in the public domain.</dc:rights>
<dc:contributor>Congressional Research Service, Library of Congress</dc:contributor>
<dc:description>This file contains bill summaries for federal legislation. A bill summary describes the most significant provisions of a piece of legislation and details the effects the legislative text may have on current law and federal programs. Bill summaries are authored by the Congressional Research Service (CRS) of the Library of Congress. As stated in Public Law 91-510 (2 USC 166 (d)(6)), one of the duties of CRS is "to prepare summaries and digests of bills and resolutions of a public general nature introduced in the Senate or House of Representatives". For more information, refer to the User Guide that accompanies this file.</dc:description>
</dublinCore>
</BillSummaries>
