<?xml version="1.0" encoding="UTF-8"?>
<BillSummaries>
<item congress="114" measure-type="hr" measure-number="530" measure-id="id114hr530" originChamber="HOUSE" orig-publish-date="2015-01-26" update-date="2015-02-02">
<title>Unaccompanied Alien Children Assistance Control Act</title>
<summary summary-id="id114hr530v00" currentChamber="HOUSE" update-date="2015-02-02">
<action-date>2015-01-26</action-date>
<action-desc>Introduced in House</action-desc>
<summary-text><![CDATA[<p><strong>Unaccompanied Alien Children Assistance Control Act </strong></p> <p>Directs the President to reduce foreign assistance allocations for Mexico, Guatemala, Honduras, or El Salvador: (1) by the number of unaccompanied alien children who are nationals or citizens of any of those countries placed in federal custody in the preceding fiscal year because of their immigration status, and (2) multiplied by $15,000.</p>]]></summary-text>
</summary>
</item>
<dublinCore xmlns:dc="http://purl.org/dc/elements/1.1/">
<dc:format>text/xml</dc:format>
<dc:language>EN</dc:language>
<dc:rights>Pursuant to Title 17 Section 105 of the United States Code, this file is not subject to copyright protection and is in the public domain.</dc:rights>
<dc:contributor>Congressional Research Service, Library of Congress</dc:contributor>
<dc:description>This file contains bill summaries for federal legislation. A bill summary describes the most significant provisions of a piece of legislation and details the effects the legislative text may have on current law and federal programs. Bill summaries are authored by the Congressional Research Service (CRS) of the Library of Congress. As stated in Public Law 91-510 (2 USC 166 (d)(6)), one of the duties of CRS is "to prepare summaries and digests of bills and resolutions of a public general nature introduced in the Senate or House of Representatives". For more information, refer to the User Guide that accompanies this file.</dc:description>
</dublinCore>
</BillSummaries>
