<?xml version="1.0" encoding="UTF-8"?>
<BillSummaries>
<item congress="114" measure-type="hr" measure-number="458" measure-id="id114hr458" originChamber="HOUSE" orig-publish-date="2015-01-21" update-date="2015-01-29">
<title>To amend the Employee Retirement Income Security Act of 1974 to permit multiemployer plans in critical status to modify plan rules relating to withdrawal liability, and for other purposes.</title>
<summary summary-id="id114hr458v00" currentChamber="HOUSE" update-date="2015-01-29">
<action-date>2015-01-21</action-date>
<action-desc>Introduced in House</action-desc>
<summary-text><![CDATA[<p>Amends the Employee Retirement Income Security Act (ERISA) to revise requirements permitting multiemployer plans to adopt alternative rules for computing the payment of an employer's withdrawal liability to include a plan in critical status whose plan sponsor determines it cannot be expected to emerge from that status by the end of the rehabilitation period.</p> <p>Requires any such rule to become effective 90 days after adoption unless the corporation disapproves it before the end of the 90-day period (subject to tolling while a request by the corporation for additional information is pending).</p> <p>Authorizes a corporation to disapprove a rule only if it creates an unreasonable risk of loss to plan participants and beneficiaries or to the corporation.</p>]]></summary-text>
</summary>
</item>
<dublinCore xmlns:dc="http://purl.org/dc/elements/1.1/">
<dc:format>text/xml</dc:format>
<dc:language>EN</dc:language>
<dc:rights>Pursuant to Title 17 Section 105 of the United States Code, this file is not subject to copyright protection and is in the public domain.</dc:rights>
<dc:contributor>Congressional Research Service, Library of Congress</dc:contributor>
<dc:description>This file contains bill summaries for federal legislation. A bill summary describes the most significant provisions of a piece of legislation and details the effects the legislative text may have on current law and federal programs. Bill summaries are authored by the Congressional Research Service (CRS) of the Library of Congress. As stated in Public Law 91-510 (2 USC 166 (d)(6)), one of the duties of CRS is "to prepare summaries and digests of bills and resolutions of a public general nature introduced in the Senate or House of Representatives". For more information, refer to the User Guide that accompanies this file.</dc:description>
</dublinCore>
</BillSummaries>
