<?xml version="1.0" encoding="UTF-8"?>
<BillSummaries>
<item congress="114" measure-type="hr" measure-number="835" measure-id="id114hr835" originChamber="HOUSE" orig-publish-date="2015-02-10" update-date="2015-02-24">
<title>Family-Based Foster Care Services Act of 2015</title>
<summary summary-id="id114hr835v00" currentChamber="HOUSE" update-date="2015-02-24">
<action-date>2015-02-10</action-date>
<action-desc>Introduced in House</action-desc>
<summary-text><![CDATA[<p><b>Family-Based Foster Care Services Act of 2015</b></p> <p> Amends title XIX (Medicaid) of the Social Security Act to extend medical assistance coverage to therapeutic foster care services.</p> <p>Requires a qualified therapeutic foster care program to be state-licensed and provide:</p> <ul> <li>foster care children under 21 with structured daily activities, including the development of age-appropriate social, communication and behavioral skills, trauma-informed and gender-responsive services, crisis intervention and crisis support services, medication monitoring, counseling, and case management; and</li> <li>biological parents, kinship caregivers, and foster care parents with specialized training and consultation in the management of children with mental illness, trauma, other emotional or behavioral disorders, medically fragile conditions, or developmental disabilities, the impact of trauma on child and caregiver, and specific additional training on the needs of each child provided such services.</li> </ul>]]></summary-text>
</summary>
</item>
<dublinCore xmlns:dc="http://purl.org/dc/elements/1.1/">
<dc:format>text/xml</dc:format>
<dc:language>EN</dc:language>
<dc:rights>Pursuant to Title 17 Section 105 of the United States Code, this file is not subject to copyright protection and is in the public domain.</dc:rights>
<dc:contributor>Congressional Research Service, Library of Congress</dc:contributor>
<dc:description>This file contains bill summaries for federal legislation. A bill summary describes the most significant provisions of a piece of legislation and details the effects the legislative text may have on current law and federal programs. Bill summaries are authored by the Congressional Research Service (CRS) of the Library of Congress. As stated in Public Law 91-510 (2 USC 166 (d)(6)), one of the duties of CRS is "to prepare summaries and digests of bills and resolutions of a public general nature introduced in the Senate or House of Representatives". For more information, refer to the User Guide that accompanies this file.</dc:description>
</dublinCore>
</BillSummaries>
