<?xml version="1.0" encoding="UTF-8"?>
<BillSummaries>
<item congress="114" measure-type="hr" measure-number="1165" measure-id="id114hr1165" originChamber="HOUSE" orig-publish-date="2015-02-27" update-date="2015-03-10">
<title>Keep Repos to Maturity on Balance Sheet Act of 2015</title>
<summary summary-id="id114hr1165v00" currentChamber="HOUSE" update-date="2015-03-10">
<action-date>2015-02-27</action-date>
<action-desc>Introduced in House</action-desc>
<summary-text><![CDATA[<p><b>Keep Repos to Maturity on Balance Sheet Act of 2015</b></p> <p> Directs the Securities and Exchange Commission, in establishing accounting principles or standards for purposes of the securities laws, to require that a repurchase-to-maturity transaction be treated as a secured borrowing in which the transferred asset serves as collateral.</p> <p> Defines &quot;repurchase-to-maturity transaction&quot; as one in which: (1) a financial asset is transferred in exchange for cash, other financial assets, or letters of credit; and (2) the transferor and the transferee agree, concurrently that, at the asset's maturity, the transferee may either return the transferred asset (or a substantially similar asset) to the transferor, or redeem the transferred asset from the issuer of the transferred asset.</p>]]></summary-text>
</summary>
</item>
<dublinCore xmlns:dc="http://purl.org/dc/elements/1.1/">
<dc:format>text/xml</dc:format>
<dc:language>EN</dc:language>
<dc:rights>Pursuant to Title 17 Section 105 of the United States Code, this file is not subject to copyright protection and is in the public domain.</dc:rights>
<dc:contributor>Congressional Research Service, Library of Congress</dc:contributor>
<dc:description>This file contains bill summaries for federal legislation. A bill summary describes the most significant provisions of a piece of legislation and details the effects the legislative text may have on current law and federal programs. Bill summaries are authored by the Congressional Research Service (CRS) of the Library of Congress. As stated in Public Law 91-510 (2 USC 166 (d)(6)), one of the duties of CRS is "to prepare summaries and digests of bills and resolutions of a public general nature introduced in the Senate or House of Representatives". For more information, refer to the User Guide that accompanies this file.</dc:description>
</dublinCore>
</BillSummaries>
