<?xml version="1.0" encoding="UTF-8"?>
<BillSummaries>
<item congress="114" measure-type="hr" measure-number="384" measure-id="id114hr384" originChamber="HOUSE" orig-publish-date="2015-01-14" update-date="2015-01-29">
<title>Open Book on Equal Access to Justice Act</title>
<summary summary-id="id114hr384v00" currentChamber="HOUSE" update-date="2015-01-29">
<action-date>2015-01-14</action-date>
<action-desc>Introduced in House</action-desc>
<summary-text><![CDATA[<p><b>Open Book on Equal Access to Justice Act</b></p> <p>Amends the Equal Access to Justice Act and the federal judicial code to require the Chairman of the Administrative Conference of the United States to report to Congress annually on the amount of fees and other expenses awarded to prevailing parties other than the United States in certain administrative proceedings and civil action court cases (excluding tort cases) to which the United States is a party, including settlement agreements. Requires that such reports: (1) describe the number, nature, and amount of the awards, the claims involved in the controversy, and any other relevant information that may aid Congress in evaluating the scope and impact of such awards; and (2) be made available to the public online.</p> <p>Directs the Chairman to create and maintain online a searchable database containing specified information with respect to each award, including the name of the agency involved, the name of each party to whom the award was made, the amount of the award, and the basis for finding that the position of the agency concerned was not substantially justified.</p> <p>Directs the head of each agency, including the Attorney General, to provide the Chairman all information requested to comply with such requirements.</p>]]></summary-text>
</summary>
</item>
<dublinCore xmlns:dc="http://purl.org/dc/elements/1.1/">
<dc:format>text/xml</dc:format>
<dc:language>EN</dc:language>
<dc:rights>Pursuant to Title 17 Section 105 of the United States Code, this file is not subject to copyright protection and is in the public domain.</dc:rights>
<dc:contributor>Congressional Research Service, Library of Congress</dc:contributor>
<dc:description>This file contains bill summaries for federal legislation. A bill summary describes the most significant provisions of a piece of legislation and details the effects the legislative text may have on current law and federal programs. Bill summaries are authored by the Congressional Research Service (CRS) of the Library of Congress. As stated in Public Law 91-510 (2 USC 166 (d)(6)), one of the duties of CRS is "to prepare summaries and digests of bills and resolutions of a public general nature introduced in the Senate or House of Representatives". For more information, refer to the User Guide that accompanies this file.</dc:description>
</dublinCore>
</BillSummaries>
