<?xml version="1.0" encoding="UTF-8"?>
<BillSummaries>
<item congress="114" measure-type="hr" measure-number="1112" measure-id="id114hr1112" originChamber="HOUSE" orig-publish-date="2015-02-26" update-date="2015-03-10">
<title>Reciprocal Access to Tibet Act of 2015</title>
<summary summary-id="id114hr1112v00" currentChamber="HOUSE" update-date="2015-03-10">
<action-date>2015-02-26</action-date>
<action-desc>Introduced in House</action-desc>
<summary-text><![CDATA[<p><strong>Reciprocal Access to Tibet Act of 2015 </strong></p> <p> Directs the Secretary of State to submit an annual, publicly-available report to Congress containing: (1) an assessment of the level of access Chinese authorities granted U.S. diplomats, journalists, and tourists to Tibetan areas in China; (2) a list of the persons in senior leadership positions in Tibet Autonomous Region and other specified provinces, prefectures, and autonomous entities; and (3) a list of the persons in senior leadership positions at the national and regional levels as defined by this Act.</p> <p>Makes certain listed persons ineligible for U.S entry under specified circumstances.</p> <p>Expresses the sense of Congress that: (1) reciprocity forms the basis of diplomatic law and the practice of mutual exchanges between countries; (2) consular access should be given on a reciprocal basis; and (3) the Secretary, when granting Chinese diplomats access to parts of the United States, should take into account the extent to which China grants U.S. diplomats access to parts of China, including the level of access to Tibetan areas.</p>]]></summary-text>
</summary>
</item>
<dublinCore xmlns:dc="http://purl.org/dc/elements/1.1/">
<dc:format>text/xml</dc:format>
<dc:language>EN</dc:language>
<dc:rights>Pursuant to Title 17 Section 105 of the United States Code, this file is not subject to copyright protection and is in the public domain.</dc:rights>
<dc:contributor>Congressional Research Service, Library of Congress</dc:contributor>
<dc:description>This file contains bill summaries for federal legislation. A bill summary describes the most significant provisions of a piece of legislation and details the effects the legislative text may have on current law and federal programs. Bill summaries are authored by the Congressional Research Service (CRS) of the Library of Congress. As stated in Public Law 91-510 (2 USC 166 (d)(6)), one of the duties of CRS is "to prepare summaries and digests of bills and resolutions of a public general nature introduced in the Senate or House of Representatives". For more information, refer to the User Guide that accompanies this file.</dc:description>
</dublinCore>
</BillSummaries>
