<?xml version="1.0" encoding="UTF-8"?>
<BillSummaries>
<item congress="114" measure-type="hr" measure-number="1045" measure-id="id114hr1045" originChamber="HOUSE" orig-publish-date="2015-02-24" update-date="2015-03-11">
<title>District of Columbia Local Prosecutor Establishment Act of 2015</title>
<summary summary-id="id114hr1045v00" currentChamber="HOUSE" update-date="2015-03-11">
<action-date>2015-02-24</action-date>
<action-desc>Introduced in House</action-desc>
<summary-text><![CDATA[<p><b>District of Columbia Local Prosecutor Establishment Act of 2015</b></p> <p>This bill amends the District of Columbia Code to shift the responsibility for conducting prosecutions for violations of District of Columbia laws from the Corporation Counsel for the District of Columbia [Attorney General for the District] or the Attorney General's assistants to the head of the office designated under District local law as the one responsible for conducting such prosecutions (local prosecutor's office) or the local prosecutor's assistants.</p> <p>An indictment or information brought in the name of:</p> <ul> <li> the United States in the U.S. District Court for the District may include charges of offenses prosecutable by the District if the head of the local prosecutor's office consents to such inclusion in writing, and </li> <li>the District in the Superior Court of the District may be joined for trial in the U.S. District Court for the District with an indictment or information brought in that court if the offenses charged could have been joined in the same indictment or information and if the head of the local prosecutor's office consents to such joinder.</li> </ul> <p>Nothing in this Act shall affect the authority of the Attorney General or the U.S. Attorney for the District to exercise jurisdiction concerning violations of federal laws.</p>]]></summary-text>
</summary>
</item>
<dublinCore xmlns:dc="http://purl.org/dc/elements/1.1/">
<dc:format>text/xml</dc:format>
<dc:language>EN</dc:language>
<dc:rights>Pursuant to Title 17 Section 105 of the United States Code, this file is not subject to copyright protection and is in the public domain.</dc:rights>
<dc:contributor>Congressional Research Service, Library of Congress</dc:contributor>
<dc:description>This file contains bill summaries for federal legislation. A bill summary describes the most significant provisions of a piece of legislation and details the effects the legislative text may have on current law and federal programs. Bill summaries are authored by the Congressional Research Service (CRS) of the Library of Congress. As stated in Public Law 91-510 (2 USC 166 (d)(6)), one of the duties of CRS is "to prepare summaries and digests of bills and resolutions of a public general nature introduced in the Senate or House of Representatives". For more information, refer to the User Guide that accompanies this file.</dc:description>
</dublinCore>
</BillSummaries>
