<?xml version="1.0" encoding="UTF-8"?>
<BillSummaries>
<item congress="114" measure-type="hr" measure-number="511" measure-id="id114hr511" originChamber="HOUSE" orig-publish-date="2015-01-22" update-date="2015-11-30">
<title>Tribal Labor Sovereignty Act of 2015</title>
<summary summary-id="id114hr511v36" currentChamber="HOUSE" update-date="2015-11-30">
<action-date>2015-11-17</action-date>
<action-desc>Passed House amended</action-desc>
<summary-text><![CDATA[<p>(This measure has not been amended since it was reported to the House on September 10, 2015. The summary of that version is repeated here.)</p> <p><b>Tribal Labor Sovereignty Act of 2015</b></p> <p>(Sec. 2) Amends the National Labor Relations Act to provide that any Indian tribe or any enterprise or institution owned and operated by an Indian tribe and located on its lands is not considered an employer (thus excluding Indian tribes and such enterprises or institutions from coverage by the Act).<BR> </p>]]></summary-text>
</summary>
<summary summary-id="id114hr511v17" currentChamber="HOUSE" update-date="2015-11-30">
<action-date>2015-09-10</action-date>
<action-desc>Reported to House amended</action-desc>
<summary-text><![CDATA[<p><b>Tribal Labor Sovereignty Act of 2015</b></p> <p>(Sec. 2) Amends the National Labor Relations Act to provide that any enterprise or institution owned and operated by an Indian tribe and located on its lands is not considered an employer (thus excluding such enterprises or institutions from coverage by the Act).<br /> </p>]]></summary-text>
</summary>
<summary summary-id="id114hr511v00" currentChamber="HOUSE" update-date="2015-01-30">
<action-date>2015-01-22</action-date>
<action-desc>Introduced in House</action-desc>
<summary-text><![CDATA[<p><b>Tribal Labor Sovereignty Act of 2015</b></p> <p> Amends the National Labor Relations Act to provide that any enterprise or institution owned and operated by an Indian tribe and located on its lands is not considered an employer (thus excluding such enterprises or institutions from coverage by such Act).<br> </p>]]></summary-text>
</summary>
</item>
<dublinCore xmlns:dc="http://purl.org/dc/elements/1.1/">
<dc:format>text/xml</dc:format>
<dc:language>EN</dc:language>
<dc:rights>Pursuant to Title 17 Section 105 of the United States Code, this file is not subject to copyright protection and is in the public domain.</dc:rights>
<dc:contributor>Congressional Research Service, Library of Congress</dc:contributor>
<dc:description>This file contains bill summaries for federal legislation. A bill summary describes the most significant provisions of a piece of legislation and details the effects the legislative text may have on current law and federal programs. Bill summaries are authored by the Congressional Research Service (CRS) of the Library of Congress. As stated in Public Law 91-510 (2 USC 166 (d)(6)), one of the duties of CRS is "to prepare summaries and digests of bills and resolutions of a public general nature introduced in the Senate or House of Representatives". For more information, refer to the User Guide that accompanies this file.</dc:description>
</dublinCore>
</BillSummaries>
