<?xml version="1.0" encoding="UTF-8"?>
<BillSummaries>
<item congress="114" measure-type="hr" measure-number="121" measure-id="id114hr121" originChamber="HOUSE" orig-publish-date="2015-01-06" update-date="2015-01-26">
<title>Local Education Authority Returns Now Act</title>
<summary summary-id="id114hr121v00" currentChamber="HOUSE" update-date="2015-01-26">
<action-date>2015-01-06</action-date>
<action-desc>Introduced in House</action-desc>
<summary-text><![CDATA[<p><strong>Local Education Authority Returns Now Act</strong></p> <p>This bill requires the Secretary of the Treasury to make an annual determination of states that have chosen to opt-out of K-12 education grant programs and the Secretary of Education to determine credits due to states as opt-out state education amounts.</p> <p>The bill also amends the Internal Revenue Code to allow individual taxpayers in states that opt-out a refundable tax credit for a share of the opt-out amount creditable to such states.</p>]]></summary-text>
</summary>
</item>
<dublinCore xmlns:dc="http://purl.org/dc/elements/1.1/">
<dc:format>text/xml</dc:format>
<dc:language>EN</dc:language>
<dc:rights>Pursuant to Title 17 Section 105 of the United States Code, this file is not subject to copyright protection and is in the public domain.</dc:rights>
<dc:contributor>Congressional Research Service, Library of Congress</dc:contributor>
<dc:description>This file contains bill summaries for federal legislation. A bill summary describes the most significant provisions of a piece of legislation and details the effects the legislative text may have on current law and federal programs. Bill summaries are authored by the Congressional Research Service (CRS) of the Library of Congress. As stated in Public Law 91-510 (2 USC 166 (d)(6)), one of the duties of CRS is "to prepare summaries and digests of bills and resolutions of a public general nature introduced in the Senate or House of Representatives". For more information, refer to the User Guide that accompanies this file.</dc:description>
</dublinCore>
</BillSummaries>
