<?xml version="1.0" encoding="UTF-8"?>
<BillSummaries>
<item congress="114" measure-type="hr" measure-number="618" measure-id="id114hr618" originChamber="HOUSE" orig-publish-date="2015-01-28" update-date="2015-02-18">
<title>CHOICE Act</title>
<summary summary-id="id114hr618v00" currentChamber="HOUSE" update-date="2015-02-18">
<action-date>2015-01-28</action-date>
<action-desc>Introduced in House</action-desc>
<summary-text><![CDATA[<p><strong>Creating Hope and Opportunity for Individuals and Communities through Education Act or the CHOICE Act </strong></p> <p>Amends the Scholarships for Opportunity and Results Act to: (1) require the Secretary of Education to use funds appropriated under the Act that are carried over from one fiscal year to the next to provide opportunity scholarships to eligible students who have not yet received them; and (2) include among the eligibility criteria for such a scholarship a requirement that a student in the District of Columbia is enrolled, or will be enrolled for the next school year, in a public or private elementary or secondary school. (Opportunity scholarships are provided to low-income students in the District of Columbia to enable them to attend the District of Columbia private elementary or secondary school of their choice.)</p> <p>Amends the Individuals with Disabilities Education Act to allow states that have established a program allowing the parents of disabled children to use public or private funds to send their children to a private school to use their allocation of special education funds to supplement those funds.</p> <p>Authorizes grants for the improvement of special education services to be used for the planning, design, and initial implementation, during a period of up to three years, of state programs that allow the parents of a disabled child to make a genuine independent choice of the appropriate public or private school for their child.</p> <p>Sets forth requirements for those programs, including that they: (1) permit parents to receive state funds to pay some or all of the costs of their disabled child's attendance at the selected school, or (2) permit persons to receive a state tax credit for donations to an entity that provides funds to enable parents to pay some or all of the costs of their disabled child's attendance at that school.</p> <p>Directs the Secretary of Defense to carry out a five-year pilot program to award scholarships to enable military dependent students who live on military installations to attend the public or private elementary or secondary schools their parents choose rather than those assigned to them.</p> <p>Requires the Secretary of Defense to select at least five military installations to participate in the program and choose those where military students would most benefit from expanded education options.</p> <p>Directs the Secretary of Defense to use a random process to select scholarship recipients if more students apply for the scholarships than can be accommodated.</p> <p>Requires the Secretary of Education to return to the Treasury specified amounts made available for Department of Education salaries and expenses.</p>]]></summary-text>
</summary>
</item>
<dublinCore xmlns:dc="http://purl.org/dc/elements/1.1/">
<dc:format>text/xml</dc:format>
<dc:language>EN</dc:language>
<dc:rights>Pursuant to Title 17 Section 105 of the United States Code, this file is not subject to copyright protection and is in the public domain.</dc:rights>
<dc:contributor>Congressional Research Service, Library of Congress</dc:contributor>
<dc:description>This file contains bill summaries for federal legislation. A bill summary describes the most significant provisions of a piece of legislation and details the effects the legislative text may have on current law and federal programs. Bill summaries are authored by the Congressional Research Service (CRS) of the Library of Congress. As stated in Public Law 91-510 (2 USC 166 (d)(6)), one of the duties of CRS is "to prepare summaries and digests of bills and resolutions of a public general nature introduced in the Senate or House of Representatives". For more information, refer to the User Guide that accompanies this file.</dc:description>
</dublinCore>
</BillSummaries>
