<?xml version="1.0" encoding="UTF-8"?>
<BillSummaries>
<item congress="114" measure-type="hr" measure-number="233" measure-id="id114hr233" originChamber="HOUSE" orig-publish-date="2015-01-08" update-date="2015-03-24">
<title>Tenant Income Verification Relief Act of 2015</title>
<summary summary-id="id114hr233v81" currentChamber="HOUSE" update-date="2015-03-24">
<action-date>2015-03-23</action-date>
<action-desc>Passed House without amendment</action-desc>
<summary-text><![CDATA[<p>(This measure has not been amended since it was introduced. The summary of that version is repeated here.)</p> <p><b>Tenant Income Verification Relief Act of 2015</b></p> <p> Amends the United States Housing Act of 1937 with respect to annual review of low-income families' income for eligibility requirements for certain federal assisted housing programs.</p> <p>Prohibits, after the initial review of any family's fix income, the public housing agency (PHA) or owner from being required to review its income for any year for which the family certifies, in accordance with specified requirements as the Secretary of Housing and Urban Development shall establish.</p> <p> Requires the PHA or owner to review each such family's income at least once every three years.</p> <p>Requires PHAs to also review a family's income receiving Section 8 (rental assistance voucher program) at least once every three years (currently, at least annually).</p>]]></summary-text>
</summary>
<summary summary-id="id114hr233v00" currentChamber="HOUSE" update-date="2015-03-24">
<action-date>2015-01-08</action-date>
<action-desc>Introduced in House</action-desc>
<summary-text><![CDATA[<p><b>Tenant Income Verification Relief Act of 2015</b></p> <p> Amends the United States Housing Act of 1937 with respect to annual review of low-income families' income for eligibility requirements for certain federal assisted housing programs.</p> <p>Prohibits, after the initial review of any family's fix income, the public housing agency (PHA) or owner from being required to review its income for any year for which the family certifies, in accordance with specified requirements as the Secretary of Housing and Urban Development shall establish.</p> <p> Requires the PHA or owner to review each such family's income at least once every three years.</p> <p>Requires PHAs to also review a family's income receiving Section 8 (rental assistance voucher program) at least once every three years (currently, at least annually).</p>]]></summary-text>
</summary>
</item>
<dublinCore xmlns:dc="http://purl.org/dc/elements/1.1/">
<dc:format>text/xml</dc:format>
<dc:language>EN</dc:language>
<dc:rights>Pursuant to Title 17 Section 105 of the United States Code, this file is not subject to copyright protection and is in the public domain.</dc:rights>
<dc:contributor>Congressional Research Service, Library of Congress</dc:contributor>
<dc:description>This file contains bill summaries for federal legislation. A bill summary describes the most significant provisions of a piece of legislation and details the effects the legislative text may have on current law and federal programs. Bill summaries are authored by the Congressional Research Service (CRS) of the Library of Congress. As stated in Public Law 91-510 (2 USC 166 (d)(6)), one of the duties of CRS is "to prepare summaries and digests of bills and resolutions of a public general nature introduced in the Senate or House of Representatives". For more information, refer to the User Guide that accompanies this file.</dc:description>
</dublinCore>
</BillSummaries>
