<?xml version="1.0" encoding="UTF-8"?>
<BillSummaries>
<item congress="114" measure-type="hr" measure-number="577" measure-id="id114hr577" originChamber="HOUSE" orig-publish-date="2015-01-27" update-date="2015-02-10">
<title>To require the Secretary of Veterans Affairs to use existing authorities to furnish health care at non-Department of Veterans Affairs facilities to veterans who live more than 40 miles driving distance from the closest medical facility of the Department that furnishes the care sought by the veteran.</title>
<summary summary-id="id114hr577v00" currentChamber="HOUSE" update-date="2015-02-10">
<action-date>2015-01-27</action-date>
<action-desc>Introduced in House</action-desc>
<summary-text><![CDATA[<p>Directs the Secretary of Veterans Affairs (VA) to use the Secretary's existing authority to furnish health care to veterans at non-VA facilities to provide health care at non-VA facilities to veterans who reside more than 40 miles driving distance from the closest VA medical facility providing the care they seek.</p>]]></summary-text>
</summary>
</item>
<dublinCore xmlns:dc="http://purl.org/dc/elements/1.1/">
<dc:format>text/xml</dc:format>
<dc:language>EN</dc:language>
<dc:rights>Pursuant to Title 17 Section 105 of the United States Code, this file is not subject to copyright protection and is in the public domain.</dc:rights>
<dc:contributor>Congressional Research Service, Library of Congress</dc:contributor>
<dc:description>This file contains bill summaries for federal legislation. A bill summary describes the most significant provisions of a piece of legislation and details the effects the legislative text may have on current law and federal programs. Bill summaries are authored by the Congressional Research Service (CRS) of the Library of Congress. As stated in Public Law 91-510 (2 USC 166 (d)(6)), one of the duties of CRS is "to prepare summaries and digests of bills and resolutions of a public general nature introduced in the Senate or House of Representatives". For more information, refer to the User Guide that accompanies this file.</dc:description>
</dublinCore>
</BillSummaries>
