<?xml version="1.0" encoding="UTF-8"?><BillSummaries>
<item congress="114" measure-type="hr" measure-number="957" measure-id="id114hr957" originChamber="HOUSE" orig-publish-date="2015-02-12" update-date="2016-12-27">
<title>CFPB-IG Act of 2015</title>
<summary summary-id="id114hr957v28" currentChamber="HOUSE" update-date="2016-12-27">
<action-date>2016-12-12</action-date>
<action-desc>Reported to House without amendment, Part I</action-desc>
<summary-text><![CDATA[<p>(This measure has not been amended since it was introduced. The summary has been expanded because action occurred on the measure.)</p> <p><b>Bureau of Consumer Financial Protection-Inspector General Reform Act of 2015 or the CFPB-IG Act of 2015</b></p> <p> (Sec. 2) This bill amends the Inspector General Act of 1978 to repeal the authority of the Chairman of the Board of Governors of the Federal Reserve System to appoint the Inspector General of the Consumer Financial Protection Bureau (CFPB). </p> <p>(Sec. 3) The Dodd-Frank Wall Street Reform and Consumer Protection Act is amended to create an Inspector General for the CFPB.</p> <p>Within 60 days after enactment of this bill, the President must appoint a CFPB Inspector General. </p>]]></summary-text>
</summary>
<summary summary-id="id114hr957v00" currentChamber="HOUSE" update-date="2015-03-04">
<action-date>2015-02-12</action-date>
<action-desc>Introduced in House</action-desc>
<summary-text><![CDATA[<p><b>Bureau of Consumer Financial Protection-Inspector General Reform Act of 2015 or the CFPB-IG Act of 2015</b></p> <p> Amends the Inspector General Act of 1978 to repeal the authority of the Chairman of the Board of Governors of the Federal Reserve System to appoint the Inspector General of the Consumer Financial Protection Bureau (CFPB). </p><p>Amends the Dodd-Frank Wall Street Reform and Consumer Protection Act to create an Inspector General for the CFPB.</p> <p>Requires the President, within 60 days after enactment of this Act, to appoint a CFPB Inspector General. </p>]]></summary-text>
</summary>
</item>
<dublinCore xmlns:dc="http://purl.org/dc/elements/1.1/">
<dc:format>text/xml</dc:format>
<dc:language>EN</dc:language>
<dc:rights>Pursuant to Title 17 Section 105 of the United States Code, this file is not subject to copyright protection and is in the public domain.</dc:rights>
<dc:contributor>Congressional Research Service, Library of Congress</dc:contributor>
<dc:description>This file contains bill summaries for federal legislation. A bill summary describes the most significant provisions of a piece of legislation and details the effects the legislative text may have on current law and federal programs. Bill summaries are authored by the Congressional Research Service (CRS) of the Library of Congress. As stated in Public Law 91-510 (2 USC 166 (d)(6)), one of the duties of CRS is "to prepare summaries and digests of bills and resolutions of a public general nature introduced in the Senate or House of Representatives". For more information, refer to the User Guide that accompanies this file.</dc:description>
</dublinCore>
</BillSummaries>
