<?xml version="1.0" encoding="UTF-8"?>
<BillSummaries>
<item congress="114" measure-type="hr" measure-number="621" measure-id="id114hr621" originChamber="HOUSE" orig-publish-date="2015-01-28" update-date="2015-02-27">
<title>Veteran Excellence Through Education Act of 2015</title>
<summary summary-id="id114hr621v00" currentChamber="HOUSE" update-date="2015-02-27">
<action-date>2015-01-28</action-date>
<action-desc>Introduced in House</action-desc>
<summary-text><![CDATA[<p><strong>Veteran Excellence Through Education Act of 2015</strong></p> <p>Authorizes the Secretary of Veterans Affairs to make grants, during FY2016-FY2021, to minority-serving institutions to establish verified delivery systems that address the social and academic problems facing enrolled veterans.</p> <p>Includes among authorized grant activities: (1) educational services, including courses in English as a second language, financial literacy workshops and courses, and health and wellness programs; (2) increased access to workforce services; (3) support services such as housing, transportation, and child care; and (4) establishing a veteran support team.</p> <p>Requires an institution, in order to receive such a grant, to submit to the Secretary a program plan and strategy to meet the needs of enrolled veterans.</p>]]></summary-text>
</summary>
</item>
<dublinCore xmlns:dc="http://purl.org/dc/elements/1.1/">
<dc:format>text/xml</dc:format>
<dc:language>EN</dc:language>
<dc:rights>Pursuant to Title 17 Section 105 of the United States Code, this file is not subject to copyright protection and is in the public domain.</dc:rights>
<dc:contributor>Congressional Research Service, Library of Congress</dc:contributor>
<dc:description>This file contains bill summaries for federal legislation. A bill summary describes the most significant provisions of a piece of legislation and details the effects the legislative text may have on current law and federal programs. Bill summaries are authored by the Congressional Research Service (CRS) of the Library of Congress. As stated in Public Law 91-510 (2 USC 166 (d)(6)), one of the duties of CRS is "to prepare summaries and digests of bills and resolutions of a public general nature introduced in the Senate or House of Representatives". For more information, refer to the User Guide that accompanies this file.</dc:description>
</dublinCore>
</BillSummaries>
