<?xml version="1.0" encoding="UTF-8"?>
<BillSummaries>
<item congress="114" measure-type="hr" measure-number="659" measure-id="id114hr659" originChamber="HOUSE" orig-publish-date="2015-02-02" update-date="2015-02-11">
<title>Lesser Prairie Chicken Voluntary Recovery Act of 2015</title>
<summary summary-id="id114hr659v00" currentChamber="HOUSE" update-date="2015-02-11">
<action-date>2015-02-02</action-date>
<action-desc>Introduced in House</action-desc>
<summary-text><![CDATA[<p><b>Lesser Prairie Chicken Voluntary Recovery Act of 2015</b></p> <p>This bill removes the Department of the Interior's listing of the lesser prairie chicken as threatened under the Endangered Species Act of 1973 and prohibits further treatment of the species as threatened or endangered before January 31, 2020.</p> <p>Interior must monitor and submit an annual report on progress in the conservation of the lesser prairie chicken under:</p> <ul> <li>the Lesser Prairie-Chicken Range-Wide Conservation Plan of the Western Association of Fish and Wildlife Agencies,</li> <li>all related Candidate Conservation Agreements (agreements to voluntarily undertake measures to conserve a covered species),</li> <li> Candidate Conservation Agreements With Assurances (agreements to voluntarily undertake measures to conserve a covered species with assurances that additional measures will not be imposed if the species becomes listed in the future), </li> <li> conservation programs administered by the U.S. Fish and Wildlife Service (USFWS), the Bureau of Land Management (BLM), and the Department of Agriculture (USDA),</li> <li>state conservation programs, and </li> <li>private conservation efforts. </li> </ul> <p>The lesser prairie chicken may not be treated as threatened or endangered beginning on January 31, 2020, unless Interior publishes a determination that conservation efforts under the Range-Wide Plan, agreements, programs, and efforts have not achieved the Plan's conservation goals.</p>]]></summary-text>
</summary>
</item>
<dublinCore xmlns:dc="http://purl.org/dc/elements/1.1/">
<dc:format>text/xml</dc:format>
<dc:language>EN</dc:language>
<dc:rights>Pursuant to Title 17 Section 105 of the United States Code, this file is not subject to copyright protection and is in the public domain.</dc:rights>
<dc:contributor>Congressional Research Service, Library of Congress</dc:contributor>
<dc:description>This file contains bill summaries for federal legislation. A bill summary describes the most significant provisions of a piece of legislation and details the effects the legislative text may have on current law and federal programs. Bill summaries are authored by the Congressional Research Service (CRS) of the Library of Congress. As stated in Public Law 91-510 (2 USC 166 (d)(6)), one of the duties of CRS is "to prepare summaries and digests of bills and resolutions of a public general nature introduced in the Senate or House of Representatives". For more information, refer to the User Guide that accompanies this file.</dc:description>
</dublinCore>
</BillSummaries>
