<?xml version="1.0" encoding="UTF-8"?>
<BillSummaries>
<item congress="114" measure-type="hr" measure-number="235" measure-id="id114hr235" originChamber="HOUSE" orig-publish-date="2015-01-09" update-date="2015-06-11">
<title>Permanent Internet Tax Freedom Act</title>
<summary summary-id="id114hr235v81" currentChamber="HOUSE" update-date="2015-06-11">
<action-date>2015-06-09</action-date>
<action-desc>Passed House without amendment</action-desc>
<summary-text><![CDATA[<p>(This measure has not been amended since it was introduced. The summary of that version is repeated here.)</p> <p><strong>Permanent Internet Tax Freedom Act</strong></p> <p>Amends the Internet Tax Freedom Act to make permanent the ban on state and local taxation of Internet access and on multiple or discriminatory taxes on electronic commerce. </p>]]></summary-text>
</summary>
<summary summary-id="id114hr235v00" currentChamber="HOUSE" update-date="2015-02-03">
<action-date>2015-01-09</action-date>
<action-desc>Introduced in House</action-desc>
<summary-text><![CDATA[<p><strong>Permanent Internet Tax Freedom Act</strong></p> <p>Amends the Internet Tax Freedom Act to make permanent the ban on state and local taxation of Internet access and on multiple or discriminatory taxes on electronic commerce. </p>]]></summary-text>
</summary>
</item>
<dublinCore xmlns:dc="http://purl.org/dc/elements/1.1/">
<dc:format>text/xml</dc:format>
<dc:language>EN</dc:language>
<dc:rights>Pursuant to Title 17 Section 105 of the United States Code, this file is not subject to copyright protection and is in the public domain.</dc:rights>
<dc:contributor>Congressional Research Service, Library of Congress</dc:contributor>
<dc:description>This file contains bill summaries for federal legislation. A bill summary describes the most significant provisions of a piece of legislation and details the effects the legislative text may have on current law and federal programs. Bill summaries are authored by the Congressional Research Service (CRS) of the Library of Congress. As stated in Public Law 91-510 (2 USC 166 (d)(6)), one of the duties of CRS is "to prepare summaries and digests of bills and resolutions of a public general nature introduced in the Senate or House of Representatives". For more information, refer to the User Guide that accompanies this file.</dc:description>
</dublinCore>
</BillSummaries>
