<?xml version="1.0" encoding="UTF-8"?>
<BillSummaries>
<item congress="114" measure-type="hr" measure-number="736" measure-id="id114hr736" originChamber="HOUSE" orig-publish-date="2015-02-04" update-date="2015-03-03">
<title>To authorize the appropriation of funds to be used to recruit, hire, and train 100,000 new classroom paraprofessionals in order to improve educational achievement for children.</title>
<summary summary-id="id114hr736v00" currentChamber="HOUSE" update-date="2015-03-03">
<action-date>2015-02-04</action-date>
<action-desc>Introduced in House</action-desc>
<summary-text><![CDATA[<p>Directs the Secretary of Education to allot funds to states for distribution to local educational agencies (LEAs) to recruit, hire, and train 100,000 new classroom paraprofessionals in order to improve educational achievement for children. </p> <p>Requires that 80% of a state's allotment be allocated to LEAs on the basis of each LEA's proportion of low-income schoolchildren in the state, and that the remainder be allocated on the basis of each LEA's proportion of the overall population of schoolchildren in the state.</p>]]></summary-text>
</summary>
</item>
<dublinCore xmlns:dc="http://purl.org/dc/elements/1.1/">
<dc:format>text/xml</dc:format>
<dc:language>EN</dc:language>
<dc:rights>Pursuant to Title 17 Section 105 of the United States Code, this file is not subject to copyright protection and is in the public domain.</dc:rights>
<dc:contributor>Congressional Research Service, Library of Congress</dc:contributor>
<dc:description>This file contains bill summaries for federal legislation. A bill summary describes the most significant provisions of a piece of legislation and details the effects the legislative text may have on current law and federal programs. Bill summaries are authored by the Congressional Research Service (CRS) of the Library of Congress. As stated in Public Law 91-510 (2 USC 166 (d)(6)), one of the duties of CRS is "to prepare summaries and digests of bills and resolutions of a public general nature introduced in the Senate or House of Representatives". For more information, refer to the User Guide that accompanies this file.</dc:description>
</dublinCore>
</BillSummaries>
