<?xml version="1.0" encoding="UTF-8"?>
<BillSummaries>
<item congress="114" measure-type="hr" measure-number="381" measure-id="id114hr381" originChamber="HOUSE" orig-publish-date="2015-01-14" update-date="2015-01-30">
<title>Return to Prudent Banking Act of 2015</title>
<summary summary-id="id114hr381v00" currentChamber="HOUSE" update-date="2015-01-30">
<action-date>2015-01-14</action-date>
<action-desc>Introduced in House</action-desc>
<summary-text><![CDATA[<p><b>Return to Prudent Banking Act of 2015 </b></p> <p> Amends the Federal Deposit Insurance Act (FDIA) to prohibit an insured depository institution from being an affiliate of any broker or dealer, investment adviser, investment company, or any other person or entity engaged principally in the issue, flotation, underwriting, public sale, or distribution of stocks, bonds, debentures, notes, or other securities.</p> <p>Prohibits officers, directors and employees of securities firms from simultaneous service on the boards of depository institutions, except in specified circumstances.</p> <p>Requires any such individual serving as an officer, director, employee, or other institution-affiliated party of any insured depository institution to terminate such service as soon as practicable after enactment of this Act. Requires an insured depository institution to wind-down in an orderly manner and terminate any affiliation prohibited by this Act. </p> <p>Amends the Banking Act of 1933 (Glass-Steagall Act) to expand its prohibition against the transaction of banking activities by securities firms.</p> <p>Declares that Congress ratifies the interpretation by the Supreme Court of specified statutory language in the case of <i>Investment Company Institute v. Camp</i> (<i>ICI</i>) regarding permissible activities of banks and securities firms. </p> <p>Declares that the reasoning of the Court in that case shall continue to apply to the limitations placed upon security affiliations under the FDIA as enacted by this Act. Prohibits a federal banking agency or federal court from issuing an interpretation regarding such security affiliations that is narrower than that of the Court in <i>ICI</i>.</p> <p>Makes technical and conforming changes to the Gramm-Leach-Bliley Act, the Revised Statutes of the United States, and specified federal law.</p> <p>Requires the Board of Governors of the Federal Reserve System, the Comptroller of the Currency, or another appropriate federal banking agency to report to Congress a detailed description of the basis for its decision each time it makes a determination or grants an extension concerning an affiliation between insured depository institutions and investment banks or securities firms.</p>]]></summary-text>
</summary>
</item>
<dublinCore xmlns:dc="http://purl.org/dc/elements/1.1/">
<dc:format>text/xml</dc:format>
<dc:language>EN</dc:language>
<dc:rights>Pursuant to Title 17 Section 105 of the United States Code, this file is not subject to copyright protection and is in the public domain.</dc:rights>
<dc:contributor>Congressional Research Service, Library of Congress</dc:contributor>
<dc:description>This file contains bill summaries for federal legislation. A bill summary describes the most significant provisions of a piece of legislation and details the effects the legislative text may have on current law and federal programs. Bill summaries are authored by the Congressional Research Service (CRS) of the Library of Congress. As stated in Public Law 91-510 (2 USC 166 (d)(6)), one of the duties of CRS is "to prepare summaries and digests of bills and resolutions of a public general nature introduced in the Senate or House of Representatives". For more information, refer to the User Guide that accompanies this file.</dc:description>
</dublinCore>
</BillSummaries>
