<?xml version="1.0" encoding="UTF-8"?>
<BillSummaries>
<item congress="114" measure-type="hr" measure-number="824" measure-id="id114hr824" originChamber="HOUSE" orig-publish-date="2015-02-10" update-date="2015-03-03">
<title>State Marriage Defense Act of 2015</title>
<summary summary-id="id114hr824v00" currentChamber="HOUSE" update-date="2015-03-03">
<action-date>2015-02-10</action-date>
<action-desc>Introduced in House</action-desc>
<summary-text><![CDATA[<p><strong>State Marriage Defense Act of 2015</strong></p> <p>Prohibits, in determining the meaning of any Act of Congress or of any ruling, regulation, or interpretation of U.S. administrative bureaus and agencies as applied with respect to individuals domiciled in a state or in any other territory or possession of the United States: (1) the term "marriage" from including any relationship that the state, territory, or possession does not recognize as a marriage; and (2) the term "spouse" from including an individual who is a party to a relationship that is not recognized as a marriage by that state, territory, or possession.</p>]]></summary-text>
</summary>
</item>
<dublinCore xmlns:dc="http://purl.org/dc/elements/1.1/">
<dc:format>text/xml</dc:format>
<dc:language>EN</dc:language>
<dc:rights>Pursuant to Title 17 Section 105 of the United States Code, this file is not subject to copyright protection and is in the public domain.</dc:rights>
<dc:contributor>Congressional Research Service, Library of Congress</dc:contributor>
<dc:description>This file contains bill summaries for federal legislation. A bill summary describes the most significant provisions of a piece of legislation and details the effects the legislative text may have on current law and federal programs. Bill summaries are authored by the Congressional Research Service (CRS) of the Library of Congress. As stated in Public Law 91-510 (2 USC 166 (d)(6)), one of the duties of CRS is "to prepare summaries and digests of bills and resolutions of a public general nature introduced in the Senate or House of Representatives". For more information, refer to the User Guide that accompanies this file.</dc:description>
</dublinCore>
</BillSummaries>
