<?xml version="1.0" encoding="UTF-8"?>
<BillSummaries>
<item congress="114" measure-type="hr" measure-number="624" measure-id="id114hr624" originChamber="HOUSE" orig-publish-date="2015-01-30" update-date="2015-02-10">
<title>Global Magnitsky Human Rights Accountability Act</title>
<summary summary-id="id114hr624v00" currentChamber="HOUSE" update-date="2015-02-10">
<action-date>2015-01-30</action-date>
<action-desc>Introduced in House</action-desc>
<summary-text><![CDATA[<p><strong>Global Magnitsky Human Rights Accountability Act </strong></p> <p> Directs the President to impose U.S. entry and property sanctions against any foreign person (or entity) who: </p> <ul> <li>is responsible for extrajudicial killings, torture, or other gross violations of internationally recognized human rights committed against individuals in any foreign country, especially those persons seeking to expose illegal activity carried out by government officials, or to obtain, exercise, or promote human rights and freedoms; </li> <li>acted as an agent of or on behalf of a foreign person in such activities; </li> <li>is a government official (or senior associate of such official) responsible for, or complicit in, ordering or otherwise directing acts of significant corruption or the facilitation or transfer of the proceeds of corruption to foreign jurisdictions; or</li> <li> has materially assisted or provided financial, material, or technological support for, or goods or services in support of, such activities.</li> </ul> <p>Prescribes related penalties. </p> <p>Authorizes the President, with regard to such sanctions, to: </p> <ul> <li>waive their application, with prior congressional notification, if in U.S. national security interests; and </li> <li>terminate them under specified conditions. </li> </ul> <p>States that sanctions shall not apply if necessary to comply with the Agreement between the United Nations (U.N.) and the United States regarding the U.N. Headquarters, or other applicable international obligations of the United States. </p> <p>Directs the President to report to Congress annually regarding each foreign person sanctioned, the type of sanctions imposed, and the reason for their imposition.</p> <p> Directs the Comptroller General to assess for Congress: (1) the process to determine whether a foreign person has engaged in a sanctionable activity, whether sanctions should be imposed, and whether the identity of a sanctioned foreign person should be classified; and (2) implementation of this Act.</p>]]></summary-text>
</summary>
</item>
<dublinCore xmlns:dc="http://purl.org/dc/elements/1.1/">
<dc:format>text/xml</dc:format>
<dc:language>EN</dc:language>
<dc:rights>Pursuant to Title 17 Section 105 of the United States Code, this file is not subject to copyright protection and is in the public domain.</dc:rights>
<dc:contributor>Congressional Research Service, Library of Congress</dc:contributor>
<dc:description>This file contains bill summaries for federal legislation. A bill summary describes the most significant provisions of a piece of legislation and details the effects the legislative text may have on current law and federal programs. Bill summaries are authored by the Congressional Research Service (CRS) of the Library of Congress. As stated in Public Law 91-510 (2 USC 166 (d)(6)), one of the duties of CRS is "to prepare summaries and digests of bills and resolutions of a public general nature introduced in the Senate or House of Representatives". For more information, refer to the User Guide that accompanies this file.</dc:description>
</dublinCore>
</BillSummaries>
