<?xml version="1.0" encoding="UTF-8"?><BillSummaries>
<item congress="114" measure-type="hr" measure-number="901" measure-id="id114hr901" originChamber="HOUSE" orig-publish-date="2015-02-11" update-date="2016-03-07">
<title>Eliminating Pornography from Agencies Act</title>
<summary summary-id="id114hr901v79" currentChamber="HOUSE" update-date="2016-03-07">
<action-date>2016-02-04</action-date>
<action-desc>Reported to House without amendment</action-desc>
<summary-text><![CDATA[<p>(This measure has not been amended since it was introduced. The summary has been expanded because action occurred on the measure.)</p> <p><strong>Eliminating Pornography from Agencies Act</strong></p> <p>(Sec. 2) This bill directs the Office of Management and Budget to issue guidelines that prohibit the access of a pornographic or other explicit website from a federal computer. </p> <p>The bill allows an exception to this prohibition if the computer is used for an investigative purpose that requires accessing a pornographic website.</p>]]></summary-text>
</summary>
<summary summary-id="id114hr901v00" currentChamber="HOUSE" update-date="2015-03-10">
<action-date>2015-02-11</action-date>
<action-desc>Introduced in House</action-desc>
<summary-text><![CDATA[<p><strong>Eliminating Pornography from Agencies Act</strong> </p> <p>Directs the Director of the Office of Management and Budget to issue guidelines that prohibit the access of a pornographic or other explicit website from a federal computer, except any federal computer that is used for an investigative purpose that requires accessing such a website. </p>]]></summary-text>
</summary>
</item>
<dublinCore xmlns:dc="http://purl.org/dc/elements/1.1/">
<dc:format>text/xml</dc:format>
<dc:language>EN</dc:language>
<dc:rights>Pursuant to Title 17 Section 105 of the United States Code, this file is not subject to copyright protection and is in the public domain.</dc:rights>
<dc:contributor>Congressional Research Service, Library of Congress</dc:contributor>
<dc:description>This file contains bill summaries for federal legislation. A bill summary describes the most significant provisions of a piece of legislation and details the effects the legislative text may have on current law and federal programs. Bill summaries are authored by the Congressional Research Service (CRS) of the Library of Congress. As stated in Public Law 91-510 (2 USC 166 (d)(6)), one of the duties of CRS is "to prepare summaries and digests of bills and resolutions of a public general nature introduced in the Senate or House of Representatives". For more information, refer to the User Guide that accompanies this file.</dc:description>
</dublinCore>
</BillSummaries>
