<?xml version="1.0" encoding="UTF-8"?>
<BillSummaries>
<item congress="114" measure-type="hr" measure-number="469" measure-id="id114hr469" originChamber="HOUSE" orig-publish-date="2015-01-22" update-date="2015-04-07">
<title>Strengthening Child Welfare Response to Trafficking Act of 2015</title>
<summary summary-id="id114hr469v81" currentChamber="HOUSE" update-date="2015-04-07">
<action-date>2015-01-22</action-date>
<action-desc>Passed House without amendment</action-desc>
<summary-text><![CDATA[<p>(This measure has not been amended since it was introduced. The summary has been expanded because action occurred on the measure.)</p> <p><b>Strengthening Child Welfare Response to Trafficking Act of 2015</b></p> <p>(Sec. 2) Amends the Child Abuse Prevention and Treatment Act to condition eligibility to receive a state grant for child abuse or neglect prevention and treatment programs on inclusion in the state plan of a certification by the governor that the state has in effect and is enforcing a state law, or is operating a statewide program, that includes provisions and procedures to:</p> <ul> <li>identify and assess reports involving children who are sex trafficking victims (and which may also involve children who are victims of severe forms of trafficking in persons),</li> <li>train representatives of the state child protective services about identifying and assessing such children, and</li> <li>identify services and procedures for appropriate referral to address the needs of such children.</li> </ul> <p>(Sec. 3) Directs the Secretary of Health and Human Services to report to Congress on:</p> <ul> <li>the specific type and prevalence of severe forms of trafficking in persons to which children have been subjected who are identified for services or intervention under the placement, care, or supervision of state, Indian tribe, or tribal organization child welfare agencies;</li> <li>the practices and protocols utilized by states to identify and serve children who are, or are at-risk of becoming, victims of trafficking; and</li> <li>any barriers in federal laws or regulations that may prevent identification and assessment of children who are such victims. </li> </ul>]]></summary-text>
</summary>
<summary summary-id="id114hr469v00" currentChamber="HOUSE" update-date="2015-04-07">
<action-date>2015-01-22</action-date>
<action-desc>Introduced in House</action-desc>
<summary-text><![CDATA[<p><b>Strengthening Child Welfare Response to Trafficking Act of 2015</b></p> <p>Amends the Child Abuse Prevention and Treatment Act to condition eligibility to receive a state grant for child abuse or neglect prevention and treatment programs on inclusion in the state plan of a certification by the governor that the state has in effect and is enforcing a state law, or is operating a statewide program, that includes provisions and procedures to:</p> <ul> <li>identify and assess reports involving children who are sex trafficking victims (and which may also involve children who are victims of severe forms of trafficking in persons),</li> <li>train representatives of the state child protective services about identifying and assessing such children, and</li> <li>identify services and procedures for appropriate referral to address the needs of such children.</li> </ul> <p>Directs the Secretary of Health and Human Services to report to Congress on:</p> <ul> <li>the specific type and prevalence of severe forms of trafficking in persons to which children have been subjected who are identified for services or intervention under the placement, care, or supervision of state, Indian tribe, or tribal organization child welfare agencies;</li> <li>the practices and protocols utilized by states to identify and serve children who are, or are at-risk of becoming, victims of trafficking; and</li> <li>any barriers in federal laws or regulations that may prevent identification and assessment of children who are such victims.</li> </ul>]]></summary-text>
</summary>
</item>
<dublinCore xmlns:dc="http://purl.org/dc/elements/1.1/">
<dc:format>text/xml</dc:format>
<dc:language>EN</dc:language>
<dc:rights>Pursuant to Title 17 Section 105 of the United States Code, this file is not subject to copyright protection and is in the public domain.</dc:rights>
<dc:contributor>Congressional Research Service, Library of Congress</dc:contributor>
<dc:description>This file contains bill summaries for federal legislation. A bill summary describes the most significant provisions of a piece of legislation and details the effects the legislative text may have on current law and federal programs. Bill summaries are authored by the Congressional Research Service (CRS) of the Library of Congress. As stated in Public Law 91-510 (2 USC 166 (d)(6)), one of the duties of CRS is "to prepare summaries and digests of bills and resolutions of a public general nature introduced in the Senate or House of Representatives". For more information, refer to the User Guide that accompanies this file.</dc:description>
</dublinCore>
</BillSummaries>
