<?xml version="1.0" encoding="UTF-8"?>
<BillSummaries>
<item congress="114" measure-type="hr" measure-number="963" measure-id="id114hr963" originChamber="HOUSE" orig-publish-date="2015-02-13" update-date="2015-03-03">
<title>Hardrock Mining Reform and Reclamation Act of 2015</title>
<summary summary-id="id114hr963v00" currentChamber="HOUSE" update-date="2015-03-03">
<action-date>2015-02-13</action-date>
<action-desc>Introduced in House</action-desc>
<summary-text><![CDATA[<p> <b>Hardrock Mining Reform and Reclamation Act of 2015</b></p> <p> Applies this Act to any mining claim, millsite claim, or tunnel site claim located under the general mining laws.</p> <p>Subjects to the requirements of this Act, except in specified circumstances, any unpatented mining claim or millsite claim located under the general mining laws before the enactment of this Act for which a plan of operation has not been approved or a notice filed before the date of enactment.</p> <p>Prohibits the issuance of a patent for any mining or millsite claims whose application was filed after September 30, 1994.</p> <p>Subjects production of locatable minerals to a royalty of 8% of the gross income from mining.</p> <p>Reduces that royalty to 4% in the case of federal land subject to an operations permit on the date of the enactment of this Act and produces valuable locatable minerals in commercial quantities on that date.</p> <p>Declares any royalty inapplicable to a person whose annual gross income from mineral production, including the income of all related parties, is less than $100,000.</p> <p>Prescribes a hardrock mining claim maintenance fee for each unpatented mining claim, mill, or tunnel site on federally owned lands, except for a claimant who, together with all related parties, held not more than 10 mining claims, mill sites, or tunnel sites (or any combination) on public lands, and performed required assessment work. </p> <p>Designates certain wilderness study areas, areas of critical environmental concern, and related areas as not open to location of mining claims.</p> <p>Permits a state or local government or Indian tribe to petition the Secretary of the Interior for withdrawal of specific federal land from operation of the general mining laws in order to protect specific values.</p> <p>Directs the Secretary to ensure that mineral activities on federal land subject to a claim are carefully controlled to prevent undue degradation of public lands and resources.</p> <p>Prescribes requirements for the exploration permit process and for operations permits, including financial assurances.</p> <p>Requires restoration of lands to a condition capable of supporting prior uses or other beneficial uses. </p> <p>Establishes the Hardrock Minerals Fund, composed of the Hardrock Reclamation Account and the Hardrock Community Impact Assistance Account.</p> <p>Requires each operator of a hardrock mining operation to pay the Secretary, for deposit in the Fund, a displaced material reclamation fee of 7 cents per ton of displaced material.</p> <p>Authorizes use of amounts in the Hardrock Reclamation Account for the reclamation and restoration of land and water resources adversely affected by past hardrock mineral activities and related activities.</p> <p>Amends the National Materials and Minerals Policy, Research and Development Act of 1980 to direct the Secretary of Agriculture to initiate prompt actions to improve the availability and analysis of mineral data in public land use decision-making with respect to National Forest System lands.</p> <p>Restricts to the United States Court of Appeals for the District of Columbia judicial review of any final action constituting rulemaking to implement this Act. </p> <p>Amends the Energy Policy Act of 1992 to reflect the provisions of this Act regarding oil shale claims.</p> <p>Repeals the Building Stone Act and the Saline Placer Act.</p> <p><i>Good Samaritan Cleanup of Abandoned Hardrock Mines Act of 2015</i></p> <p> Encourages remediation of inactive and abandoned mine sites by Good Samaritans (defined as individuals or entities who had no role in the creation of the historic mine residue or any resulting environmental pollution and are not legally responsible for the remediation of the historic mine residue). </p> <p>Amends the Federal Water Pollution Control Act (commonly known as the Clean Water Act) to authorize a permitting authority with an approved Good Samaritan program to issue Good Samaritan discharge permits. Prescribes permit requirements. </p> <p>Shields from liability under such Act Good Samaritans who comply with a discharge permit approved under this Act.</p> <p><BR> </p>]]></summary-text>
</summary>
</item>
<dublinCore xmlns:dc="http://purl.org/dc/elements/1.1/">
<dc:format>text/xml</dc:format>
<dc:language>EN</dc:language>
<dc:rights>Pursuant to Title 17 Section 105 of the United States Code, this file is not subject to copyright protection and is in the public domain.</dc:rights>
<dc:contributor>Congressional Research Service, Library of Congress</dc:contributor>
<dc:description>This file contains bill summaries for federal legislation. A bill summary describes the most significant provisions of a piece of legislation and details the effects the legislative text may have on current law and federal programs. Bill summaries are authored by the Congressional Research Service (CRS) of the Library of Congress. As stated in Public Law 91-510 (2 USC 166 (d)(6)), one of the duties of CRS is "to prepare summaries and digests of bills and resolutions of a public general nature introduced in the Senate or House of Representatives". For more information, refer to the User Guide that accompanies this file.</dc:description>
</dublinCore>
</BillSummaries>
