<?xml version="1.0" encoding="UTF-8"?><BillSummaries>
<item congress="114" measure-type="hr" measure-number="1153" measure-id="id114hr1153" originChamber="HOUSE" orig-publish-date="2015-02-27" update-date="2017-02-04">
<title>Asylum Reform and Border Protection Act of 2015</title>
<summary summary-id="id114hr1153v00" currentChamber="HOUSE" update-date="2017-02-04">
<action-date>2015-02-27</action-date>
<action-desc>Introduced in House</action-desc>
<summary-text><![CDATA[<p><strong>Asylum Reform and Border Protection Act of 2015</strong></p> <p>Amends the Immigration and Nationality Act to prohibit the government from bearing any expense of counsel for any person in a removal or related appeal proceedings.</p> <p>Adds an additional requirement in order to establish a credible fear of persecution claim in an asylum interview.</p> <p>Limits humanitarian and public interest parole authority. </p> <p>Prohibits the Secretary of Homeland Security (DHS) from using parole authority for an alien who is ineligible for refugee status. </p> <p>Amends the Homeland Security Act of 2002 to revise the definition of &quot;unaccompanied alien child&quot; (UAC).</p> <p>Amends the William Wilberforce Trafficking Victims Protection Reauthorization Act of 2008 to extend the period of time for a federal department or agency to: (1) notify the Department of Health and Human Services (HHS) that it has apprehended or discovered a UAC or an alien who is under 18 years old, and (2) transfer a UAC to HHS custody.</p> <p>Provides for HHS-DHS information sharing concerning UACs.</p> <p>Prohibits aUAC from applying for asylum if such child may be removed to a safe third country.</p> <p>Provides for additional immigration judges and U.S. Immigration and Customs Enforcement attorneys.</p> <p>Directs the Secretary of State to suspend all foreign assistance to certain countries that refuse to: (1) negotiate a child repatriation agreement, or (2) accept from the United States repatriated UACs who are nationals or residents of the sending country.</p> <p>Directs the Secretary of State to provide certain foreign assistance for repatriation and reintegration purposes.</p> <p> Places the burden of proof on an an alien to establish that: (1) the alien's life or freedom would be threatened in a country to which he or she is scheduled to be removed to from the United States; and (2) that race, religion, nationality, membership in a particular social group, or political opinion would be at least one central reason for such threat. </p> <p>Makes inadmissible an alien who has committed acts of torture, extrajudicial killings, war crimes, systematic attacks on civilians, persecution, or enforced disappearance of persons. Authorizes the President to make such alien's visa records public.</p> <p>Terminates the refugee or asylee status of an alien who: </p> <ul> <li>without a compelling reason returns to the country of such alien's nationality or, in the case of an alien having no nationality, returns to the country in which such alien last habitually resided; and </li> <li>applied for such status because of persecution or a well-founded fear of persecution on account of race, religion, nationality, membership in a particular social group, or political opinion. </li> </ul> <p>Makes such provision inapplicable to an alien who is eligible for adjustment to lawful permanent resident status pursuant to the Cuban Adjustment Act of 1966. </p> <p> Allows up to 500 grants of asylum per fiscal year to families fleeing home school persecution.</p> <p> Requires that a written warning be included in an asylum application advising the alien of the consequences of filing a frivolous application. </p> <p> States that if an alien's asylum status is subject to termination the immigration judge shall first determine whether the termination conditions have been met, and if so, terminate the alien's asylum status before considering whether the alien is eligible for adjustment of status.</p>]]></summary-text>
</summary>
</item>
<dublinCore xmlns:dc="http://purl.org/dc/elements/1.1/">
<dc:format>text/xml</dc:format>
<dc:language>EN</dc:language>
<dc:rights>Pursuant to Title 17 Section 105 of the United States Code, this file is not subject to copyright protection and is in the public domain.</dc:rights>
<dc:contributor>Congressional Research Service, Library of Congress</dc:contributor>
<dc:description>This file contains bill summaries for federal legislation. A bill summary describes the most significant provisions of a piece of legislation and details the effects the legislative text may have on current law and federal programs. Bill summaries are authored by the Congressional Research Service (CRS) of the Library of Congress. As stated in Public Law 91-510 (2 USC 166 (d)(6)), one of the duties of CRS is "to prepare summaries and digests of bills and resolutions of a public general nature introduced in the Senate or House of Representatives". For more information, refer to the User Guide that accompanies this file.</dc:description>
</dublinCore>
</BillSummaries>
