<?xml version="1.0" encoding="UTF-8"?>
<BillSummaries>
<item congress="114" measure-type="hr" measure-number="409" measure-id="id114hr409" originChamber="HOUSE" orig-publish-date="2015-01-20" update-date="2015-02-02">
<title>Stop Punishing Innocent Americans Act</title>
<summary summary-id="id114hr409v00" currentChamber="HOUSE" update-date="2015-02-02">
<action-date>2015-01-20</action-date>
<action-desc>Introduced in House</action-desc>
<summary-text><![CDATA[<p><b>Stop Punishing Innocent Americans Act </b></p> <p> Reinstates the 10-year statute of limitations period applicable to the collection of amounts paid to Social Security beneficiaries by administrative offset. (This former statute of limitations was repealed effective May 22, 2008.)</p> <p>Amends title II (Old Age, Survivors and Disability Insurance) (OASDI) of the Social Security Act (SSAct), with respect to overpayments under OASDI or SSAct title XVI (Supplementary Security Income) (SSI), to prevent the recovery of any such overpayments made to or on behalf of individuals under age 18 by shielding such individuals from liability for the repayment of such amounts.</p> <p>Amends the Internal Revenue Code to prohibit any tax refund offset of Social Security overpayments made to or on behalf of a minor (under age 18).</p>]]></summary-text>
</summary>
</item>
<dublinCore xmlns:dc="http://purl.org/dc/elements/1.1/">
<dc:format>text/xml</dc:format>
<dc:language>EN</dc:language>
<dc:rights>Pursuant to Title 17 Section 105 of the United States Code, this file is not subject to copyright protection and is in the public domain.</dc:rights>
<dc:contributor>Congressional Research Service, Library of Congress</dc:contributor>
<dc:description>This file contains bill summaries for federal legislation. A bill summary describes the most significant provisions of a piece of legislation and details the effects the legislative text may have on current law and federal programs. Bill summaries are authored by the Congressional Research Service (CRS) of the Library of Congress. As stated in Public Law 91-510 (2 USC 166 (d)(6)), one of the duties of CRS is "to prepare summaries and digests of bills and resolutions of a public general nature introduced in the Senate or House of Representatives". For more information, refer to the User Guide that accompanies this file.</dc:description>
</dublinCore>
</BillSummaries>
