<?xml version="1.0" encoding="UTF-8"?>
<BillSummaries>
<item congress="114" measure-type="hr" measure-number="541" measure-id="id114hr541" originChamber="HOUSE" orig-publish-date="2015-01-27" update-date="2015-02-13">
<title>Transition-to-Success Mentoring Act</title>
<summary summary-id="id114hr541v00" currentChamber="HOUSE" update-date="2015-02-13">
<action-date>2015-01-27</action-date>
<action-desc>Introduced in House</action-desc>
<summary-text><![CDATA[<p><strong>Transition-to-Success Mentoring Act</strong></p> <p>Amends title I of the Elementary and Secondary Education Act of 1965 (ESEA) to reauthorize appropriations under part H (School Dropout Prevention).</p> <p>Establishes a transition-to-success mentoring program under part H of the ESEA requiring the Secretary of Education to award grants to local educational agencies (LEAs) or partnerships between LEAs and community-based nonprofit organizations to establish, expand, or provide technical support to school-based mentoring programs to assist at-risk students in transitioning from middle to high school.</p> <p>Requires grantees to assign to each at-risk student in his or her middle school a success coach who: </p> <ul> <li> creates a plan of success for the student; </li> <li> enters into an agreement with the student's parents regarding their role in implementing such plan; </li> <li> meets with the student at least once a month to assess and assist the student's progress; </li> <li> meets at least once a month with the student and the student's parents, teachers, or counselors to evaluate the student's progress and revise or establish new goals for the next academic year; and </li> <li> serves as the student's advocate between the student's parents and teachers.</li> </ul> <p>Authorizes the use of grant funds to: (1) train success coaches, (2) cover the cost of any materials they use under the mentoring program, and (3) hire staff to perform or support program objectives.</p>]]></summary-text>
</summary>
</item>
<dublinCore xmlns:dc="http://purl.org/dc/elements/1.1/">
<dc:format>text/xml</dc:format>
<dc:language>EN</dc:language>
<dc:rights>Pursuant to Title 17 Section 105 of the United States Code, this file is not subject to copyright protection and is in the public domain.</dc:rights>
<dc:contributor>Congressional Research Service, Library of Congress</dc:contributor>
<dc:description>This file contains bill summaries for federal legislation. A bill summary describes the most significant provisions of a piece of legislation and details the effects the legislative text may have on current law and federal programs. Bill summaries are authored by the Congressional Research Service (CRS) of the Library of Congress. As stated in Public Law 91-510 (2 USC 166 (d)(6)), one of the duties of CRS is "to prepare summaries and digests of bills and resolutions of a public general nature introduced in the Senate or House of Representatives". For more information, refer to the User Guide that accompanies this file.</dc:description>
</dublinCore>
</BillSummaries>
