<?xml version="1.0" encoding="UTF-8"?>
<BillSummaries>
<item congress="114" measure-type="hr" measure-number="277" measure-id="id114hr277" originChamber="HOUSE" orig-publish-date="2015-01-12" update-date="2015-01-21">
<title>Defend Israel by Defunding Palestinian Foreign Aid Act of 2015</title>
<summary summary-id="id114hr277v00" currentChamber="HOUSE" update-date="2015-01-21">
<action-date>2015-01-12</action-date>
<action-desc>Introduced in House</action-desc>
<summary-text><![CDATA[<p><strong>Defend Israel by Defunding Palestinian Foreign Aid Act of 2015</strong></p> <p>This bill prohibits any amounts from being obligated or expended to provide assistance, loan guarantees, or debt relief to the Palestinian Authority (PA), or any affiliated governing entity, until the PA withdraws its request to join the International Criminal Court.</p>]]></summary-text>
</summary>
</item>
<dublinCore xmlns:dc="http://purl.org/dc/elements/1.1/">
<dc:format>text/xml</dc:format>
<dc:language>EN</dc:language>
<dc:rights>Pursuant to Title 17 Section 105 of the United States Code, this file is not subject to copyright protection and is in the public domain.</dc:rights>
<dc:contributor>Congressional Research Service, Library of Congress</dc:contributor>
<dc:description>This file contains bill summaries for federal legislation. A bill summary describes the most significant provisions of a piece of legislation and details the effects the legislative text may have on current law and federal programs. Bill summaries are authored by the Congressional Research Service (CRS) of the Library of Congress. As stated in Public Law 91-510 (2 USC 166 (d)(6)), one of the duties of CRS is "to prepare summaries and digests of bills and resolutions of a public general nature introduced in the Senate or House of Representatives". For more information, refer to the User Guide that accompanies this file.</dc:description>
</dublinCore>
</BillSummaries>
