<?xml version="1.0" encoding="UTF-8"?>
<BillSummaries>
<item congress="114" measure-type="hr" measure-number="629" measure-id="id114hr629" originChamber="HOUSE" orig-publish-date="2015-01-30" update-date="2015-03-11">
<title>Permanent S Corporation Built-in Gain Recognition Period Act of 2015</title>
<summary summary-id="id114hr629v17" currentChamber="HOUSE" update-date="2015-03-11">
<action-date>2015-02-09</action-date>
<action-desc>Reported to House amended</action-desc>
<summary-text><![CDATA[<p><strong>Permanent S Corporation Built-in Gain Recognition Period Act of 2015</strong></p> <p>(Sec. 2) Amends the Internal Revenue Code to reduce from 10 years to 5 years the period during which the built-in gains of an S corporation are subject to tax and to make such reduction permanent. </p>]]></summary-text>
</summary>
<summary summary-id="id114hr629v00" currentChamber="HOUSE" update-date="2015-02-18">
<action-date>2015-01-30</action-date>
<action-desc>Introduced in House</action-desc>
<summary-text><![CDATA[<p>Amends the Internal Revenue Code to reduce from 10 to 5 years the period during which the built-in gains of an S corporation are subject to tax and to make such reduction permanent. </p>]]></summary-text>
</summary>
</item>
<dublinCore xmlns:dc="http://purl.org/dc/elements/1.1/">
<dc:format>text/xml</dc:format>
<dc:language>EN</dc:language>
<dc:rights>Pursuant to Title 17 Section 105 of the United States Code, this file is not subject to copyright protection and is in the public domain.</dc:rights>
<dc:contributor>Congressional Research Service, Library of Congress</dc:contributor>
<dc:description>This file contains bill summaries for federal legislation. A bill summary describes the most significant provisions of a piece of legislation and details the effects the legislative text may have on current law and federal programs. Bill summaries are authored by the Congressional Research Service (CRS) of the Library of Congress. As stated in Public Law 91-510 (2 USC 166 (d)(6)), one of the duties of CRS is "to prepare summaries and digests of bills and resolutions of a public general nature introduced in the Senate or House of Representatives". For more information, refer to the User Guide that accompanies this file.</dc:description>
</dublinCore>
</BillSummaries>
