<?xml version="1.0" encoding="UTF-8"?>
<BillSummaries>
<item congress="114" measure-type="hr" measure-number="991" measure-id="id114hr991" originChamber="HOUSE" orig-publish-date="2015-02-13" update-date="2015-03-03">
<title>Children of Military Service Members Commemorative Lapel Pin Act</title>
<summary summary-id="id114hr991v00" currentChamber="HOUSE" update-date="2015-03-03">
<action-date>2015-02-13</action-date>
<action-desc>Introduced in House</action-desc>
<summary-text><![CDATA[<p><strong>Children of Military Service Members Commemorative Lapel Pin Act</strong></p> <p>Requires a lapel button, to be known as the children of military service members commemorative lapel button, to be designed, as approved by the Department of Defense (DOD), to identify and recognize child dependents of members of the Armed Forces who serve on active duty for more than 30 days. Expresses the sense of Congress that DOD should expedite the design and manufacture of the button, as well as mechanisms to facilitate its issuance.</p> <p>Makes such button available retroactively to the child of any member satisfying such eligibility conditions before the enactment of this Act.</p> <p>Requires DOD to notify members with qualifying service since September 11, 2001, of the availability of the button.</p>]]></summary-text>
</summary>
</item>
<dublinCore xmlns:dc="http://purl.org/dc/elements/1.1/">
<dc:format>text/xml</dc:format>
<dc:language>EN</dc:language>
<dc:rights>Pursuant to Title 17 Section 105 of the United States Code, this file is not subject to copyright protection and is in the public domain.</dc:rights>
<dc:contributor>Congressional Research Service, Library of Congress</dc:contributor>
<dc:description>This file contains bill summaries for federal legislation. A bill summary describes the most significant provisions of a piece of legislation and details the effects the legislative text may have on current law and federal programs. Bill summaries are authored by the Congressional Research Service (CRS) of the Library of Congress. As stated in Public Law 91-510 (2 USC 166 (d)(6)), one of the duties of CRS is "to prepare summaries and digests of bills and resolutions of a public general nature introduced in the Senate or House of Representatives". For more information, refer to the User Guide that accompanies this file.</dc:description>
</dublinCore>
</BillSummaries>
