<?xml version="1.0" encoding="UTF-8"?>
<BillSummaries>
<item congress="114" measure-type="hr" measure-number="763" measure-id="id114hr763" originChamber="HOUSE" orig-publish-date="2015-02-05" update-date="2015-02-28">
<title>To direct the Secretary of Veterans Affairs to carry out a pilot program under which eligible veterans may elect to receive hospital care and medical services at non-Department of Veterans Affairs facilities, and for other purposes.</title>
<summary summary-id="id114hr763v00" currentChamber="HOUSE" update-date="2015-02-28">
<action-date>2015-02-05</action-date>
<action-desc>Introduced in House</action-desc>
<summary-text><![CDATA[<p>Directs the Secretary of Veterans Affairs to carry out a two-year pilot program under which: (1) eligible veterans may elect to receive hospital care and services at non-Department of Veterans Affairs (VA) facilities, and (2) the Secretary shall reimburse such facilities for the cost of such care and services.</p> <p>Defines an "eligible veteran" as a veteran who: (1) is enrolled in the VA's patient enrollment system, and (2) resides in a geographic area selected by the Secretary. Directs the Secretary to select: (1) one geographic area within each Veterans Integrated Service Network, and (2) NJ-2 as the geographic area for participation in the pilot program for Veterans Integrated Service Network 4.</p> <p>Requires the Secretary to: (1) issue a unique identification card to each eligible veteran who elects to receive hospital care and medical services at non-VA facilities under the pilot program, and (2) take steps to ensure that such veterans receive such care and services at such non-VA facilities.</p>]]></summary-text>
</summary>
</item>
<dublinCore xmlns:dc="http://purl.org/dc/elements/1.1/">
<dc:format>text/xml</dc:format>
<dc:language>EN</dc:language>
<dc:rights>Pursuant to Title 17 Section 105 of the United States Code, this file is not subject to copyright protection and is in the public domain.</dc:rights>
<dc:contributor>Congressional Research Service, Library of Congress</dc:contributor>
<dc:description>This file contains bill summaries for federal legislation. A bill summary describes the most significant provisions of a piece of legislation and details the effects the legislative text may have on current law and federal programs. Bill summaries are authored by the Congressional Research Service (CRS) of the Library of Congress. As stated in Public Law 91-510 (2 USC 166 (d)(6)), one of the duties of CRS is "to prepare summaries and digests of bills and resolutions of a public general nature introduced in the Senate or House of Representatives". For more information, refer to the User Guide that accompanies this file.</dc:description>
</dublinCore>
</BillSummaries>
