<?xml version="1.0" encoding="UTF-8"?>
<BillSummaries>
<item congress="114" measure-type="hr" measure-number="822" measure-id="id114hr822" originChamber="HOUSE" orig-publish-date="2015-02-10" update-date="2015-02-27">
<title>To amend title XVIII of the Social Security Act to require reporting of certain data by providers and suppliers of air ambulance services for purposes of reforming reimbursements for such services under the Medicare program, and for other purposes.</title>
<summary summary-id="id114hr822v00" currentChamber="HOUSE" update-date="2015-02-27">
<action-date>2015-02-10</action-date>
<action-desc>Introduced in House</action-desc>
<summary-text><![CDATA[<p>This bill amends title XVIII (Medicare) of the Social Security Act to direct the Secretary of Health and Human Services, with respect to air ambulance services furnished during 2017 or any subsequent year, to reduce the mandatory percentage increase (inflation adjustment) for payments under the fee schedule by 2.0% for any supplier or provider that fails to submit to the Secretary specified data.</p>  <p>The Secretary is required to select at least two quality measures with respect to which such providers and suppliers may voluntarily submit such data.</p>  <p>The Government Accountability Office is required to report to Congress on all such data, together with a recommendation on the adequate amount of Medicare reimbursement to providers and suppliers that would reflect their operational costs and preserve access to critical air medical services.</p> <p>The Secretary is required, in the case of air ambulance services furnished during calendar 2016 through 2019 to make a percentage increase in the base rate of the fee schedule: (1) by 20% during 2016, and (2) by 5% during 2017-2019.</p>]]></summary-text>
</summary>
</item>
<dublinCore xmlns:dc="http://purl.org/dc/elements/1.1/">
<dc:format>text/xml</dc:format>
<dc:language>EN</dc:language>
<dc:rights>Pursuant to Title 17 Section 105 of the United States Code, this file is not subject to copyright protection and is in the public domain.</dc:rights>
<dc:contributor>Congressional Research Service, Library of Congress</dc:contributor>
<dc:description>This file contains bill summaries for federal legislation. A bill summary describes the most significant provisions of a piece of legislation and details the effects the legislative text may have on current law and federal programs. Bill summaries are authored by the Congressional Research Service (CRS) of the Library of Congress. As stated in Public Law 91-510 (2 USC 166 (d)(6)), one of the duties of CRS is "to prepare summaries and digests of bills and resolutions of a public general nature introduced in the Senate or House of Representatives". For more information, refer to the User Guide that accompanies this file.</dc:description>
</dublinCore>
</BillSummaries>
