<?xml version="1.0" encoding="UTF-8"?>
<BillSummaries>
<item congress="114" measure-type="hr" measure-number="580" measure-id="id114hr580" originChamber="HOUSE" orig-publish-date="2015-01-28" update-date="2015-02-11">
<title>Data Accountability and Trust Act</title>
<summary summary-id="id114hr580v00" currentChamber="HOUSE" update-date="2015-02-11">
<action-date>2015-01-28</action-date>
<action-desc>Introduced in House</action-desc>
<summary-text><![CDATA[<p><b>Data Accountability and Trust Act</b></p> <p>Requires the Federal Trade Commission (FTC) to promulgate regulations requiring each person engaged in interstate commerce that owns or possesses data containing personal information to establish specified security policies and procedures to treat and protect such information.</p> <p>Requires the regulations to include methods for disposing of both electronic and nonelectronic data.</p> <p>Requires information brokers to submit their security policies to the FTC in conjunction with a notification of a security breach notification or upon the FTC's request. Authorizes the FTC to conduct information security practices audits of brokers who have had a security breach or require such brokers to conduct independent audits. </p> <p>Requires information brokers to: (1) establish procedures to verify the accuracy of information that identifies individuals, (2) provide to individuals whose personal information it maintains a means to review it, (3) place a conspicuous notice on the Internet instructing individuals how to request access to such information, and (4) correct inaccurate information.</p> <p>Directs the FTC to require information brokers to establish measures which facilitate the auditing or retracing of access to, or transmissions of, any data containing personal information. </p> <p>Makes it unlawful for information brokers to obtain or disclose personal information by false pretenses (pretexting).</p> <p>Requires such person to notify the FTC and affected individuals of information security breaches. Sets forth requirements concerning such notification, including method of notification requirements and timeliness requirements. Allows an exemption from notification requirements if such person determines that there is no reasonable risk of identity theft, fraud, or other unlawful conduct.</p> <p>Preempts state information security laws.</p>]]></summary-text>
</summary>
</item>
<dublinCore xmlns:dc="http://purl.org/dc/elements/1.1/">
<dc:format>text/xml</dc:format>
<dc:language>EN</dc:language>
<dc:rights>Pursuant to Title 17 Section 105 of the United States Code, this file is not subject to copyright protection and is in the public domain.</dc:rights>
<dc:contributor>Congressional Research Service, Library of Congress</dc:contributor>
<dc:description>This file contains bill summaries for federal legislation. A bill summary describes the most significant provisions of a piece of legislation and details the effects the legislative text may have on current law and federal programs. Bill summaries are authored by the Congressional Research Service (CRS) of the Library of Congress. As stated in Public Law 91-510 (2 USC 166 (d)(6)), one of the duties of CRS is "to prepare summaries and digests of bills and resolutions of a public general nature introduced in the Senate or House of Representatives". For more information, refer to the User Guide that accompanies this file.</dc:description>
</dublinCore>
</BillSummaries>
