<?xml version="1.0" encoding="UTF-8"?>
<BillSummaries>
<item congress="114" measure-type="hr" measure-number="726" measure-id="id114hr726" originChamber="HOUSE" orig-publish-date="2015-02-04" update-date="2015-03-11">
<title>Secure Data Act of 2015</title>
<summary summary-id="id114hr726v00" currentChamber="HOUSE" update-date="2015-03-11">
<action-date>2015-02-04</action-date>
<action-desc>Introduced in House</action-desc>
<summary-text><![CDATA[<p><strong>Secure Data Act of 2015</strong></p> <p>Prohibits a federal agency from requiring or requesting a manufacturer, developer, or seller of any computer hardware, software, or electronic device made available to the general public to design or alter the security functions in such products&nbsp;to allow the surveillance of any user or the physical search of such product by any agency. Exempts from such prohibition products used by law enforcement agencies for electronic surveillance as authorized under the Communications Assistance for Law Enforcement Act. </p>]]></summary-text>
</summary>
</item>
<dublinCore xmlns:dc="http://purl.org/dc/elements/1.1/">
<dc:format>text/xml</dc:format>
<dc:language>EN</dc:language>
<dc:rights>Pursuant to Title 17 Section 105 of the United States Code, this file is not subject to copyright protection and is in the public domain.</dc:rights>
<dc:contributor>Congressional Research Service, Library of Congress</dc:contributor>
<dc:description>This file contains bill summaries for federal legislation. A bill summary describes the most significant provisions of a piece of legislation and details the effects the legislative text may have on current law and federal programs. Bill summaries are authored by the Congressional Research Service (CRS) of the Library of Congress. As stated in Public Law 91-510 (2 USC 166 (d)(6)), one of the duties of CRS is "to prepare summaries and digests of bills and resolutions of a public general nature introduced in the Senate or House of Representatives". For more information, refer to the User Guide that accompanies this file.</dc:description>
</dublinCore>
</BillSummaries>
