<?xml version="1.0" encoding="UTF-8"?><BillSummaries>
<item congress="114" measure-type="hr" measure-number="639" measure-id="id114hr639" originChamber="HOUSE" orig-publish-date="2015-02-02" update-date="2016-01-21">
<title>Improving Regulatory Transparency for New Medical Therapies Act</title>
<summary summary-id="id114hr639v49" currentChamber="BOTH" update-date="2016-01-21">
<action-date>2015-11-25</action-date>
<action-desc>Public Law</action-desc>
<summary-text><![CDATA[<p>(This measure has not been amended since it was passed by the Senate on October 26, 2015. The summary of that version is repeated here.)</p> <p><b>Improving Regulatory Transparency for New Medical Therapies Act</b></p> <p>(Sec. 2) This bill amends the Federal Food, Drug, and Cosmetic Act and the Public Health Service Act to delay the effective date of approval of a drug, biological product, or animal drug for which the Food and Drug Administration (FDA) recommends controls under the Controlled Substances Act until the Department of Justice (DOJ) issues a final interim rule for the drug. This delay also applies to conditional approval and indexing of animal drugs.</p> <p>This bill amends the Controlled Substances Act to require the DOJ to issue a final interim rule for a drug product recommended for controls by the FDA not later than 90 days after DOJ receives a recommendation for controls or the FDA approves the drug. The final interim rule is effective immediately.</p> <p>For purposes of submitting an application to extend a patent, a drug product recommended for controls is considered to be approved and have permission for commercial marketing and use on the date of FDA approval or the date an interim final rule is issued, whichever is later.</p> <p>(Sec. 3) Timelines are established for DOJ to either register an applicant to manufacture a controlled substance for a clinical trial or serve an order to show cause upon the applicant.</p> <p>(Sec. 4) This bill amends the Controlled Substances Import and Export Act to allow exported controlled substances to be re-exported within the European Economic Area.</p>]]></summary-text>
</summary>
<summary summary-id="id114hr639v35" currentChamber="SENATE" update-date="2016-01-15">
<action-date>2015-10-26</action-date>
<action-desc>Passed Senate amended</action-desc>
<summary-text><![CDATA[<p><b>Improving Regulatory Transparency for New Medical Therapies Act</b></p> <p>(Sec. 2) This bill amends the Federal Food, Drug, and Cosmetic Act and the Public Health Service Act to delay the effective date of approval of a drug, biological product, or animal drug for which the Food and Drug Administration (FDA) recommends controls under the Controlled Substances Act until the Department of Justice (DOJ) issues a final interim rule for the drug. This delay also applies to conditional approval and indexing of animal drugs.</p> <p>This bill amends the Controlled Substances Act to require the DOJ to issue a final interim rule for a drug product recommended for controls by the FDA not later than 90 days after DOJ receives a recommendation for controls or the FDA approves the drug. The final interim rule is effective immediately.</p> <p>For purposes of submitting an application to extend a patent, a drug product recommended for controls is considered to be approved and have permission for commercial marketing and use on the date of FDA approval or the date an interim final rule is issued, whichever is later.</p> <p>(Sec. 3) Timelines are established for DOJ to either register an applicant to manufacture a controlled substance for a clinical trial or serve an order to show cause upon the applicant.</p> <p>(Sec. 4) This bill amends the Controlled Substances Import and Export Act to allow exported controlled substances to be re-exported within the European Economic Area.</p>]]></summary-text>
</summary>
<summary summary-id="id114hr639v36" currentChamber="HOUSE" update-date="2015-03-23">
<action-date>2015-03-16</action-date>
<action-desc>Passed House amended</action-desc>
<summary-text><![CDATA[<p><b>Improving Regulatory Transparency for New Medical Therapies Act</b></p> <p>(Sec. 2) This bill amends the Federal Food, Drug, and Cosmetic Act and the Public Health Service Act to delay the effective date of approval of a drug, biological product, or animal drug for which the Food and Drug Administration (FDA) recommends controls under the Controlled Substances Act until the Department of Justice (DOJ) issues a final interim rule for the drug. This delay also applies to conditional approval and indexing of animal drugs.</p> <p>This bill amends the Controlled Substances Act to require the DOJ to issue a final interim rule for a drug product recommended for controls by the FDA not later than 90 days after DOJ receives a recommendation for controls or the FDA approves the drug. The final interim rule is effective immediately.</p> <p>For purposes of submitting an application to extend a patent, a drug product recommended for controls is considered to be approved and have permission for commercial marketing and use on the date of FDA approval or the date an interim final rule is issued, whichever is later.</p> (Sec. 3) Timelines are established for DOJ to either register an applicant to manufacture a controlled substance for a clinical trial or serve an order to show cause upon the applicant.]]></summary-text>
</summary>
<summary summary-id="id114hr639v00" currentChamber="HOUSE" update-date="2015-02-14">
<action-date>2015-02-02</action-date>
<action-desc>Introduced in House</action-desc>
<summary-text><![CDATA[<p><b>Improving Regulatory Transparency for New Medical Therapies Act</b></p>   <p>Amends the Controlled Substances Act to require any proceedings for the issuance, amendment, or repeal of a rule of the Attorney General for the classification of a controlled substance that are initiated at the request of the Secretary of Health and Human Services to control a drug or other substance not previously scheduled, where the Secretary has recommended the drug or other substance be placed in schedule II, III, IV, or V, to be commenced not later than 120 days after receipt of written recommendations from the Secretary. Requires the final rule to be issued not later than 60 days after the date on which both the public comment period has closed and the new drug is the subject of an approved new drug application, unless a hearing on the proposed rule is granted by the Attorney General.</p> <p>Directs the Attorney General, for the purposes of registration to manufacture a controlled substance in schedule III, IV, or V for use only in a clinical trial, to register an applicant, or serve upon the applicant an order to show cause why registration should not be denied, revoked, or suspended, not later than 180 days after receiving an application and all information necessary to make a determination about whether the issuance of such registration is inconsistent with the public interest.</p> <p>Directs the Attorney General, for the purposes of registration to manufacture a controlled substance in schedule I or II for use only in a clinical trial, to: (1) issue a notice of application not later than 90 days after receipt of an application and all necessary information to issue such notice; and (2) register an applicant, or serve upon the applicant an order to show cause why registration should not be denied, revoked, or suspended, within 180 days following the close of the comment period and receipt of all information necessary to make a determination about whether the issuance of such registration is consistent with the public interest and with U.S. obligations under international treaties in effect on May 1, 1971, unless a hearing on the application has been granted pursuant to a provision of the Controlled Substances Import and Export Act regarding emergency situations.</p>]]></summary-text>
</summary>
</item>
<dublinCore xmlns:dc="http://purl.org/dc/elements/1.1/">
<dc:format>text/xml</dc:format>
<dc:language>EN</dc:language>
<dc:rights>Pursuant to Title 17 Section 105 of the United States Code, this file is not subject to copyright protection and is in the public domain.</dc:rights>
<dc:contributor>Congressional Research Service, Library of Congress</dc:contributor>
<dc:description>This file contains bill summaries for federal legislation. A bill summary describes the most significant provisions of a piece of legislation and details the effects the legislative text may have on current law and federal programs. Bill summaries are authored by the Congressional Research Service (CRS) of the Library of Congress. As stated in Public Law 91-510 (2 USC 166 (d)(6)), one of the duties of CRS is "to prepare summaries and digests of bills and resolutions of a public general nature introduced in the Senate or House of Representatives". For more information, refer to the User Guide that accompanies this file.</dc:description>
</dublinCore>
</BillSummaries>
