<?xml version="1.0" encoding="UTF-8"?>
<BillSummaries>
<item congress="114" measure-type="hr" measure-number="607" measure-id="id114hr607" originChamber="HOUSE" orig-publish-date="2015-01-28" update-date="2015-02-18">
<title>Help Hire Our Heroes Act</title>
<summary summary-id="id114hr607v00" currentChamber="HOUSE" update-date="2015-02-18">
<action-date>2015-01-28</action-date>
<action-desc>Introduced in House</action-desc>
<summary-text><![CDATA[<p><strong>Help Hire our Heroes Act</strong></p> <p>Amends the VOW to Hire Heroes Act of 2011 to extend, from March 31, 2014, to 180 days after this Act's enactment, the veterans retraining assistance program.</p> <p>Amends the Internal Revenue Code to transfer funds for such program from the Leaking Underground Storage Tank Trust Fund.</p>]]></summary-text>
</summary>
</item>
<dublinCore xmlns:dc="http://purl.org/dc/elements/1.1/">
<dc:format>text/xml</dc:format>
<dc:language>EN</dc:language>
<dc:rights>Pursuant to Title 17 Section 105 of the United States Code, this file is not subject to copyright protection and is in the public domain.</dc:rights>
<dc:contributor>Congressional Research Service, Library of Congress</dc:contributor>
<dc:description>This file contains bill summaries for federal legislation. A bill summary describes the most significant provisions of a piece of legislation and details the effects the legislative text may have on current law and federal programs. Bill summaries are authored by the Congressional Research Service (CRS) of the Library of Congress. As stated in Public Law 91-510 (2 USC 166 (d)(6)), one of the duties of CRS is "to prepare summaries and digests of bills and resolutions of a public general nature introduced in the Senate or House of Representatives". For more information, refer to the User Guide that accompanies this file.</dc:description>
</dublinCore>
</BillSummaries>
