<?xml version="1.0" encoding="UTF-8"?><BillSummaries>
<item congress="114" measure-type="hr" measure-number="686" measure-id="id114hr686" originChamber="HOUSE" orig-publish-date="2015-02-03" update-date="2016-04-05">
<title>Small Business Mergers, Acquisitions, Sales, and Brokerage Simplification Act of 2015</title>
<summary summary-id="id114hr686v79" currentChamber="HOUSE" update-date="2016-04-05">
<action-date>2016-01-28</action-date>
<action-desc>Reported to House without amendment</action-desc>
<summary-text><![CDATA[<p>(This measure has not been amended since it was introduced. The summary has been expanded because action occurred on the measure.)</p> <p><b>Small Business Mergers, Acquisitions, Sales, and Brokerage Simplification Act of 2015</b></p> <p> (Sec. 2) This bill amends the Securities Exchange Act of 1934 to exempt from its registration requirements certain merger and acquisition brokers and associated persons.</p> <p>A merger and acquisition broker shall not be exempt from registration, however, if the broker: (1) receives, holds, transmits, or has custody of any funds or securities to be exchanged by parties to a transfer of ownership of an eligible privately held company; or (2) engages on behalf of an issuer in a public offering of securities that are either subject to mandatory registration, or with respect to which the issuer must file periodic information, documents, and reports. </p> <p>Nothing in this Act shall be construed to limit any other authority of the Securities and Exchange Commission to exempt any person, or any class of persons, from any provision of this Act, including any related rule or regulation.</p>]]></summary-text>
</summary>
<summary summary-id="id114hr686v00" currentChamber="HOUSE" update-date="2015-02-10">
<action-date>2015-02-03</action-date>
<action-desc>Introduced in House</action-desc>
<summary-text><![CDATA[<p><b>Small Business Mergers, Acquisitions, Sales, and Brokerage Simplification Act of 2015</b></p> <p> Amends the Securities Exchange Act of 1934 to exempt from its registration requirements certain merger and acquisition brokers and associated persons.</p> <p>Denies such registration exemption, however, to brokers who: (1) receive, hold, transmit, or have custody of any funds or securities to be exchanged by parties to a transfer of ownership of an eligible privately held company; or (2) engage on behalf of an issuer in a public offering of securities that are either subject to mandatory registration, or with respect to which the issuer must file periodic information, documents, and reports. </p> <p>Prohibits this Act from being construed as limiting any other authority of the Securities and Exchange Commission to exempt any person, or any class of persons, from any provision of this Act, including any related rule or regulation.</p>]]></summary-text>
</summary>
</item>
<dublinCore xmlns:dc="http://purl.org/dc/elements/1.1/">
<dc:format>text/xml</dc:format>
<dc:language>EN</dc:language>
<dc:rights>Pursuant to Title 17 Section 105 of the United States Code, this file is not subject to copyright protection and is in the public domain.</dc:rights>
<dc:contributor>Congressional Research Service, Library of Congress</dc:contributor>
<dc:description>This file contains bill summaries for federal legislation. A bill summary describes the most significant provisions of a piece of legislation and details the effects the legislative text may have on current law and federal programs. Bill summaries are authored by the Congressional Research Service (CRS) of the Library of Congress. As stated in Public Law 91-510 (2 USC 166 (d)(6)), one of the duties of CRS is "to prepare summaries and digests of bills and resolutions of a public general nature introduced in the Senate or House of Representatives". For more information, refer to the User Guide that accompanies this file.</dc:description>
</dublinCore>
</BillSummaries>
