<?xml version="1.0" encoding="UTF-8"?><BillSummaries>
<item congress="114" measure-type="hr" measure-number="526" measure-id="id114hr526" originChamber="HOUSE" orig-publish-date="2015-01-26" update-date="2015-12-17">
<title>Furthering Asbestos Claim Transparency (FACT) Act of 2015</title>
<summary summary-id="id114hr526v79" currentChamber="HOUSE" update-date="2015-12-17">
<action-date>2015-11-30</action-date>
<action-desc>Reported to House without amendment</action-desc>
<summary-text><![CDATA[<p>(This measure has not been amended since it was introduced. The summary has been expanded because action occurred on the measure.)</p> <p> <b>Furthering Asbestos Claim Transparency (FACT) Act of 2015</b></p> <p> (Sec. 2) This bill amends federal bankruptcy law concerning a trust formed under a reorganization plan following the discharge in bankruptcy of a debtor corporation in order to assume the debtor's liability with respect to claims seeking recovery for personal injury, wrongful death, or property damage allegedly caused by the presence of, or exposure to, asbestos or asbestos-containing products. </p> <p>Such a trust shall file with the bankruptcy court quarterly reports, available on the public docket, which describe each demand the trust has received from a claimant and the basis for any payment made to that claimant (excluding any confidential medical record or the claimant's full Social Security number).</p> <p>Such reports, upon written request, and subject to payment (demanded at the option of the trust) for any reasonable cost incurred by it, shall provide any information related to payment from, and demands for payment from, the trust to any party to any action in law or equity concerning liability for asbestos exposure.</p>]]></summary-text>
</summary>
<summary summary-id="id114hr526v00" currentChamber="HOUSE" update-date="2015-02-03">
<action-date>2015-01-26</action-date>
<action-desc>Introduced in House</action-desc>
<summary-text><![CDATA[<p> <b>Furthering Asbestos Claim Transparency (FACT) Act of 2015</b></p> <p> Amends federal bankruptcy law concerning a trust formed under a reorganization plan following the discharge in bankruptcy of a debtor corporation in order to assume the debtor's liability with respect to claims seeking recovery for personal injury, wrongful death, or property damage allegedly caused by the presence of, or exposure to, asbestos or asbestos-containing products. </p> <p>Requires such a trust to file with the bankruptcy court quarterly reports, available on the public docket, which describe each demand the trust has received from a claimant and the basis for any payment made to that claimant (excluding any confidential medical record or the claimant's full Social Security number).</p> <p>Requires such reports, upon written request, and subject to payment (demanded at the option of the trust) for any reasonable cost incurred by it, to provide any information related to payment from, and demands for payment from, the trust to any party to any action in law or equity concerning liability for asbestos exposure.</p>]]></summary-text>
</summary>
</item>
<dublinCore xmlns:dc="http://purl.org/dc/elements/1.1/">
<dc:format>text/xml</dc:format>
<dc:language>EN</dc:language>
<dc:rights>Pursuant to Title 17 Section 105 of the United States Code, this file is not subject to copyright protection and is in the public domain.</dc:rights>
<dc:contributor>Congressional Research Service, Library of Congress</dc:contributor>
<dc:description>This file contains bill summaries for federal legislation. A bill summary describes the most significant provisions of a piece of legislation and details the effects the legislative text may have on current law and federal programs. Bill summaries are authored by the Congressional Research Service (CRS) of the Library of Congress. As stated in Public Law 91-510 (2 USC 166 (d)(6)), one of the duties of CRS is "to prepare summaries and digests of bills and resolutions of a public general nature introduced in the Senate or House of Representatives". For more information, refer to the User Guide that accompanies this file.</dc:description>
</dublinCore>
</BillSummaries>
