<?xml version="1.0" encoding="UTF-8"?>
<BillSummaries>
<item congress="114" measure-type="hr" measure-number="615" measure-id="id114hr615" originChamber="HOUSE" orig-publish-date="2015-01-28" update-date="2015-07-08">
<title>DHS Interoperable Communications Act</title>
<summary summary-id="id114hr615v49" currentChamber="BOTH" update-date="2015-07-08">
<action-date>2015-07-06</action-date>
<action-desc>Public Law</action-desc>
<summary-text><![CDATA[<p>(This measure has not been amended since it was reported to the Senate on May 21, 2015. The summary of that version is repeated here.)</p> <p><b>Department of Homeland Security Interoperable Communications Act or the DHS Interoperable Communications Act</b></p> <p>(Sec. 3) Amends the Homeland Security Act of 2002 to make the Under Secretary for Management of the Department of Homeland Security (DHS) responsible for policies and directives to achieve and maintain interoperable communications among DHS components.</p> <p>(Sec. 4) Requires the Under Secretary to submit to the House and Senate homeland security committees a strategy for achieving and maintaining such communications, including for daily operations, planned events, and emergencies, that includes:</p> <ul> <li>an assessment of interoperability gaps in radio communications among the DHS components; </li> <li>information on DHS efforts and activities, since November 1, 2012, and planned, to achieve and maintain interoperable communications; </li> <li>an assessment of obstacles and challenges to achieving and maintaining interoperable communications; </li> <li>information on, and an assessment of, the adequacy of mechanisms available to the Under Secretary to enforce and compel compliance with interoperable communications policies and directives of DHS; </li> <li>guidance provided to DHS components to implement such policies and directives; </li> <li>the total amount of DHS expenditures since November 1, 2012, and projected future expenditures to achieve interoperable communications; and </li> <li>dates upon which DHS-wide interoperability is projected to be achieved for voice, data, and video communications, respectively, and interim milestones. </li></ul> <p>Directs the Under Secretary to submit with such strategy information on: (1) any intra-agency effort or task force that has been delegated responsibilities relating to achieving and maintaining interoperable communications by such dates; and (2) who, within each component, is responsible for implementing policies and directives issued by the Under Secretary to achieve and maintain interoperable communications.</p> <p>(Sec. 5) Directs the Under Secretary, within 100 days after the strategy is submitted and every 2 years thereafter for 6 years, to submit reports on the status of efforts to implement such strategy, including: (1) progress on interim milestones; (2) information on establishment by the Under Secretary of, and compliance of DHS components with, policies, directives, guidance, and training to achieve and maintain interoperable communications; and (3) information on any additional resources or authorities needed by the Under Secretary.</p>]]></summary-text>
</summary>
<summary summary-id="id114hr615v35" currentChamber="SENATE" update-date="2015-06-18">
<action-date>2015-06-11</action-date>
<action-desc>Passed Senate amended</action-desc>
<summary-text><![CDATA[<p>(This measure has not been amended since it was reported to the Senate on May 21, 2015. The summary of that version is repeated here.)</p> <p><b>Department of Homeland Security Interoperable Communications Act or the DHS Interoperable Communications Act</b></p> <p>(Sec. 3) Amends the Homeland Security Act of 2002 to make the Under Secretary for Management of the Department of Homeland Security (DHS) responsible for policies and directives to achieve and maintain interoperable communications among DHS components.</p> <p>(Sec. 4) Requires the Under Secretary to submit to the House and Senate homeland security committees a strategy for achieving and maintaining such communications, including for daily operations, planned events, and emergencies, that includes:</p> <ul> <li>an assessment of interoperability gaps in radio communications among the DHS components; </li> <li>information on DHS efforts and activities, since November 1, 2012, and planned, to achieve and maintain interoperable communications; </li> <li>an assessment of obstacles and challenges to achieving and maintaining interoperable communications; </li> <li>information on, and an assessment of, the adequacy of mechanisms available to the Under Secretary to enforce and compel compliance with interoperable communications policies and directives of DHS; </li> <li>guidance provided to DHS components to implement such policies and directives; </li> <li>the total amount of DHS expenditures since November 1, 2012, and projected future expenditures to achieve interoperable communications; and </li> <li>dates upon which DHS-wide interoperability is projected to be achieved for voice, data, and video communications, respectively, and interim milestones. </li></ul> <p>Directs the Under Secretary to submit with such strategy information on: (1) any intra-agency effort or task force that has been delegated responsibilities relating to achieving and maintaining interoperable communications by such dates; and (2) who, within each component, is responsible for implementing policies and directives issued by the Under Secretary to achieve and maintain interoperable communications.</p> <p>(Sec. 5) Directs the Under Secretary, within 100 days after the strategy is submitted and every 2 years thereafter for 6 years, to submit reports on the status of efforts to implement such strategy, including: (1) progress on interim milestones; (2) information on establishment by the Under Secretary of, and compliance of DHS components with, policies, directives, guidance, and training to achieve and maintain interoperable communications; and (3) information on any additional resources or authorities needed by the Under Secretary.</p>]]></summary-text>
</summary>
<summary summary-id="id114hr615v01" currentChamber="SENATE" update-date="2015-06-03">
<action-date>2015-05-21</action-date>
<action-desc>Reported to Senate amended</action-desc>
<summary-text><![CDATA[<p><b>Department of Homeland Security Interoperable Communications Act or the DHS Interoperable Communications Act</b></p> <p>(Sec. 3) Amends the Homeland Security Act of 2002 to make the Under Secretary for Management of the Department of Homeland Security (DHS) responsible for policies and directives to achieve and maintain interoperable communications among DHS components.</p> <p>(Sec. 4) Requires the Under Secretary to submit to the House and Senate homeland security committees a strategy for achieving and maintaining such communications, including for daily operations, planned events, and emergencies, that includes:</p> <ul> <li>an assessment of interoperability gaps in radio communications among the DHS components; </li> <li>information on DHS efforts and activities, since November 1, 2012, and planned, to achieve and maintain interoperable communications; </li> <li>an assessment of obstacles and challenges to achieving and maintaining interoperable communications; </li> <li>information on, and an assessment of, the adequacy of mechanisms available to the Under Secretary to enforce and compel compliance with interoperable communications policies and directives of DHS; </li> <li>guidance provided to DHS components to implement such policies and directives; </li> <li>the total amount of DHS expenditures since November 1, 2012, and projected future expenditures to achieve interoperable communications; and </li> <li>dates upon which DHS-wide interoperability is projected to be achieved for voice, data, and video communications, respectively, and interim milestones. </li></ul> <p>Directs the Under Secretary to submit with such strategy information on: (1) any intra-agency effort or task force that has been delegated responsibilities relating to achieving and maintaining interoperable communications by such dates; and (2) who, within each component, is responsible for implementing policies and directives issued by the Under Secretary to achieve and maintain interoperable communications.</p> <p>(Sec. 5) Directs the Under Secretary, within 100 days after the strategy is submitted and every 2 years thereafter for 6 years, to submit reports on the status of efforts to implement such strategy, including: (1) progress on interim milestones; (2) information on establishment by the Under Secretary of, and compliance of DHS components with, policies, directives, guidance, and training to achieve and maintain interoperable communications; and (3) information on any additional resources or authorities needed by the Under Secretary.</p>]]></summary-text>
</summary>
<summary summary-id="id114hr615v81" currentChamber="HOUSE" update-date="2015-02-05">
<action-date>2015-02-02</action-date>
<action-desc>Passed House without amendment</action-desc>
<summary-text><![CDATA[<p>(This measure has not been amended since it was introduced. The summary has been expanded because action occurred on the measure.)</p> <p><b>Department of Homeland Security Interoperable Communications Act or the DHS Interoperable Communications Act</b></p> <p> (Sec. 2) Amends the Homeland Security Act of 2002 to make the Under Secretary for Management of the Department of Homeland Security (DHS) responsible for policies and directives to achieve and maintain interoperable communications among DHS components.</p> <p>(Sec. 3) Requires the Under Secretary to submit to the House and Senate homeland security committees a strategy for achieving and maintaining such communications, including for daily operations, planned events, and emergencies, that includes:</p> <ul> <li>an assessment of interoperability gaps in radio communications among the DHS components;</li> <li>information on DHS efforts and activities, since November 1, 2012, and planned, to achieve and maintain interoperable communications;</li> <li>an assessment of obstacles and challenges to achieving and maintaining interoperable communications;</li> <li>information on, and an assessment of, the adequacy of mechanisms available to the Under Secretary to enforce and compel compliance with interoperable communications policies and directives of DHS;</li> <li>guidance provided to DHS components to implement such policies and directives;</li> <li>the total amount of DHS expenditures, since November 1, 2012, and projected, to achieve interoperable communications; and</li> <li>dates upon which DHS-wide interoperability is projected to be achieved for voice, data, and video communications, respectively, and interim milestones.</li> </ul> <p>Directs the Under Secretary to submit with such strategy information on any intra-agency effort or task force that has been delegated responsibilities relating to achieving and maintaining interoperable communications by such dates and on who, within each component, is responsible for implementing policies and directives to achieve and maintain interoperable communications.</p> <p>(Sec. 4) Directs the Under Secretary to submit biannual reports on the status of efforts to implement such strategy, including information on any additional resources or authorities needed.</p>]]></summary-text>
</summary>
<summary summary-id="id114hr615v00" currentChamber="HOUSE" update-date="2015-02-02">
<action-date>2015-01-28</action-date>
<action-desc>Introduced in House</action-desc>
<summary-text><![CDATA[<p><b>Department of Homeland Security Interoperable Communications Act or the DHS Interoperable Communications Act</b></p> <p> Amends the Homeland Security Act of 2002 to make the Under Secretary for Management of the Department of Homeland Security (DHS) responsible for policies and directives to achieve and maintain interoperable communications among DHS components.</p> <p>Requires the Under Secretary to submit to the House and Senate homeland security committees a strategy for achieving and maintaining such communications, including for daily operations, planned events, and emergencies, that includes:</p> <ul> <li>an assessment of interoperability gaps in radio communications among the DHS components;</li> <li>information on DHS efforts and activities, since November 1, 2012, and planned, to achieve and maintain interoperable communications;</li> <li>an assessment of obstacles and challenges to achieving and maintaining interoperable communications;</li> <li>information on, and an assessment of, the adequacy of mechanisms available to the Under Secretary to enforce and compel compliance with interoperable communications policies and directives of DHS;</li> <li>guidance provided to DHS components to implement such policies and directives;</li> <li>the total amount of DHS expenditures, since November 1, 2012, and projected, to achieve interoperable communications; and</li> <li>dates upon which DHS-wide interoperability is projected to be achieved for voice, data, and video communications, respectively, and interim milestones.</li> </ul> <p>Directs the Under Secretary to submit with such strategy information on any intra-agency effort or task force that has been delegated responsibilities relating to achieving and maintaining interoperable communications by such dates and on who, within each component, is responsible for implementing policies and directives to achieve and maintain interoperable communications.</p> <p>Directs the Under Secretary to submit biannual reports on the status of efforts to implement such strategy, including information on any additional resources or authorities needed.</p>]]></summary-text>
</summary>
</item>
<dublinCore xmlns:dc="http://purl.org/dc/elements/1.1/">
<dc:format>text/xml</dc:format>
<dc:language>EN</dc:language>
<dc:rights>Pursuant to Title 17 Section 105 of the United States Code, this file is not subject to copyright protection and is in the public domain.</dc:rights>
<dc:contributor>Congressional Research Service, Library of Congress</dc:contributor>
<dc:description>This file contains bill summaries for federal legislation. A bill summary describes the most significant provisions of a piece of legislation and details the effects the legislative text may have on current law and federal programs. Bill summaries are authored by the Congressional Research Service (CRS) of the Library of Congress. As stated in Public Law 91-510 (2 USC 166 (d)(6)), one of the duties of CRS is "to prepare summaries and digests of bills and resolutions of a public general nature introduced in the Senate or House of Representatives". For more information, refer to the User Guide that accompanies this file.</dc:description>
</dublinCore>
</BillSummaries>
