<?xml version="1.0" encoding="UTF-8"?>
<BillSummaries>
<item congress="114" measure-type="hr" measure-number="596" measure-id="id114hr596" originChamber="HOUSE" orig-publish-date="2015-01-28" update-date="2015-05-22">
<title>To repeal the Patient Protection and Affordable Care Act and health care-related provisions in the Health Care and Education Reconciliation Act of 2010, and for other purposes.</title>
<summary summary-id="id114hr596v36" currentChamber="HOUSE" update-date="2015-05-22">
<action-date>2015-02-03</action-date>
<action-desc>Passed House amended</action-desc>
<summary-text><![CDATA[<p>(Sec. 1) This bill repeals the Patient Protection and Affordable Care Act and the health care provisions of the Health Care and Education Reconciliation Act of 2010. The repeal is effective 180 days after enactment of this Act. Provisions of law amended by the repealed provisions are restored.</p> <p>(Sec. 2) The budgetary effects of this bill must not be entered on the PAYGO scorecards maintained by the Office of Management and Budget.</p> <p>(Sec. 3) The Committees on Education and the Workforce, Energy and Commerce, the Judiciary, and Ways and Means of the House of Representatives must report legislation within each committee's jurisdiction with provisions that:</p> <ul> <li>foster economic growth and private sector job creation;</li> <li>lower health care premiums;</li> <li>preserve a patient's ability to keep their health plan;</li> <li>provide people with preexisting conditions access to affordable health coverage;</li> <li>reform the medical liability system to reduce unnecessary health care spending;</li> <li>increase the number of insured Americans;</li> <li>protect the doctor-patient relationship;</li> <li>provide states greater flexibility to administer Medicaid programs while reducing costs;</li> <li>expand incentives to encourage personal responsibility for health care coverage and costs;</li> <li>prohibit taxpayer funding of abortions and provide conscience protections for health care providers;</li> <li>eliminate duplicative government programs and wasteful spending; or</li> <li> do not accelerate the growth of entitlement programs or increase the tax burden on Americans.</li> </ul>]]></summary-text>
</summary>
<summary summary-id="id114hr596v00" currentChamber="HOUSE" update-date="2015-06-10">
<action-date>2015-01-28</action-date>
<action-desc>Introduced in House</action-desc>
<summary-text><![CDATA[<p>This bill repeals the Patient Protection and Affordable Care Act, effective as of its enactment. Provisions of law amended by that Act are restored.</p> <p>This bill repeals the health care provisions of the Health Care and Education Reconciliation Act of 2010, effective as of the Act's enactment. Provisions of law amended by that Act's health care provisions are restored.</p> <p>Specified committees of the House of Representatives must report legislation within each committee's jurisdiction with provisions that:</p> <ul> <li>foster economic growth and private sector job creation;</li> <li>lower health care premiums;</li> <li>preserve a patient's ability to keep their health plan;</li> <li>provide people with preexisting conditions access to affordable health coverage;</li> <li>reform the medical liability system to reduce unnecessary health care spending;</li> <li>increase the number of insured Americans;</li> <li>protect the doctor-patient relationship;</li> <li>provide states greater flexibility to administer Medicaid programs;</li> <li>expand incentives to encourage personal responsibility for health care coverage and costs;</li> <li>prohibit taxpayer funding of abortions and provide conscience protections for health care providers;</li> <li>eliminate duplicative government programs and wasteful spending; or</li> <li> do not accelerate the insolvency of entitlement programs or increase the tax burden on Americans.</li> </ul>]]></summary-text>
</summary>
</item>
<dublinCore xmlns:dc="http://purl.org/dc/elements/1.1/">
<dc:format>text/xml</dc:format>
<dc:language>EN</dc:language>
<dc:rights>Pursuant to Title 17 Section 105 of the United States Code, this file is not subject to copyright protection and is in the public domain.</dc:rights>
<dc:contributor>Congressional Research Service, Library of Congress</dc:contributor>
<dc:description>This file contains bill summaries for federal legislation. A bill summary describes the most significant provisions of a piece of legislation and details the effects the legislative text may have on current law and federal programs. Bill summaries are authored by the Congressional Research Service (CRS) of the Library of Congress. As stated in Public Law 91-510 (2 USC 166 (d)(6)), one of the duties of CRS is "to prepare summaries and digests of bills and resolutions of a public general nature introduced in the Senate or House of Representatives". For more information, refer to the User Guide that accompanies this file.</dc:description>
</dublinCore>
</BillSummaries>
