<?xml version="1.0" encoding="UTF-8"?>
<BillSummaries>
<item congress="114" measure-type="hr" measure-number="490" measure-id="id114hr490" originChamber="HOUSE" orig-publish-date="2015-01-22" update-date="2015-02-02">
<title>Security Clearance Reform Act of 2015</title>
<summary summary-id="id114hr490v00" currentChamber="HOUSE" update-date="2015-02-02">
<action-date>2015-01-22</action-date>
<action-desc>Introduced in House</action-desc>
<summary-text><![CDATA[<p><strong>Security Clearance Reform Act of 2015</strong></p> <p> Directs the President to submit a strategic plan to the House Committee on Oversight and Government Reform and the Senate Committee on Homeland Security and Governmental Affairs and the intelligence committees of Congress (appropriate congressional committees)&nbsp;to improve security clearance and background investigation activities. Sets forth the required contents of such plan, including the development of a continuous evaluation or monitoring system of information used for security clearances, improvement of information sharing procedures between agencies, and the reduction or elimination of databases and information sources that cannot be accessed and processed electronically.</p> <p>Prohibits the Director of the Office of Personnel Management (OPM) from awarding a contract to any entity&nbsp;for investigative support services or background investigation fieldwork services if such entity has another contract in effect with the federal government to provide such services.</p> <p>Requires the OPM Director to report to the appropriate congressional committees listing any&nbsp;state or local entity covered by the definition of "criminal justice agency" that has failed to cooperate with three or more criminal history record information requests of the Director. Reduces criminal justice&nbsp;grant funding&nbsp;to state and local entities that fail to substantially comply with such requests.</p>]]></summary-text>
</summary>
</item>
<dublinCore xmlns:dc="http://purl.org/dc/elements/1.1/">
<dc:format>text/xml</dc:format>
<dc:language>EN</dc:language>
<dc:rights>Pursuant to Title 17 Section 105 of the United States Code, this file is not subject to copyright protection and is in the public domain.</dc:rights>
<dc:contributor>Congressional Research Service, Library of Congress</dc:contributor>
<dc:description>This file contains bill summaries for federal legislation. A bill summary describes the most significant provisions of a piece of legislation and details the effects the legislative text may have on current law and federal programs. Bill summaries are authored by the Congressional Research Service (CRS) of the Library of Congress. As stated in Public Law 91-510 (2 USC 166 (d)(6)), one of the duties of CRS is "to prepare summaries and digests of bills and resolutions of a public general nature introduced in the Senate or House of Representatives". For more information, refer to the User Guide that accompanies this file.</dc:description>
</dublinCore>
</BillSummaries>
