<?xml version="1.0" encoding="UTF-8"?>
<BillSummaries>
<item congress="114" measure-type="hr" measure-number="258" measure-id="id114hr258" originChamber="HOUSE" orig-publish-date="2015-01-09" update-date="2015-01-26">
<title>Half in Ten Act of 2015</title>
<summary summary-id="id114hr258v00" currentChamber="HOUSE" update-date="2015-01-26">
<action-date>2015-01-09</action-date>
<action-desc>Introduced in House</action-desc>
<summary-text><![CDATA[<p><b>Half in Ten Act of 2015</b></p> <p> Establishes within the Department of Health and Human Services a Federal Interagency Working Group on Reducing Poverty, which shall develop a National Strategy to reduce the number of persons living in poverty in America in half within 10 years after release of the 2014 Census Report on Income and Poverty in the United States: 2013. </p>]]></summary-text>
</summary>
</item>
<dublinCore xmlns:dc="http://purl.org/dc/elements/1.1/">
<dc:format>text/xml</dc:format>
<dc:language>EN</dc:language>
<dc:rights>Pursuant to Title 17 Section 105 of the United States Code, this file is not subject to copyright protection and is in the public domain.</dc:rights>
<dc:contributor>Congressional Research Service, Library of Congress</dc:contributor>
<dc:description>This file contains bill summaries for federal legislation. A bill summary describes the most significant provisions of a piece of legislation and details the effects the legislative text may have on current law and federal programs. Bill summaries are authored by the Congressional Research Service (CRS) of the Library of Congress. As stated in Public Law 91-510 (2 USC 166 (d)(6)), one of the duties of CRS is "to prepare summaries and digests of bills and resolutions of a public general nature introduced in the Senate or House of Representatives". For more information, refer to the User Guide that accompanies this file.</dc:description>
</dublinCore>
</BillSummaries>
