<?xml version="1.0" encoding="UTF-8"?>
<BillSummaries>
<item congress="114" measure-type="hr" measure-number="1121" measure-id="id114hr1121" originChamber="HOUSE" orig-publish-date="2015-02-26" update-date="2015-03-10">
<title>Online Job Training Act of 2015</title>
<summary summary-id="id114hr1121v00" currentChamber="HOUSE" update-date="2015-03-10">
<action-date>2015-02-26</action-date>
<action-desc>Introduced in House</action-desc>
<summary-text><![CDATA[<p><b>Online Job Training Act of 2015</b></p> <p> Amends the Workforce Investment and Opportunity Act to require the Secretary of Labor to award National Online Workforce Training Grants for workforce training programs using distance-learning technologies, such as the Internet. Requires such grants to be awarded on a competitive basis to educational institutions, community-based organizations, nonprofit organizations, state or local boards, or units of general local government which provide online workforce training. </p> <p>Directs the Secretary to award one grant to an eligible institution of higher education to: (1) provide technical assistance to entities that receive grants, (2) collect and nationally disseminate the data gathered by entities that receive grants, and (3) disseminate best practices.</p>]]></summary-text>
</summary>
</item>
<dublinCore xmlns:dc="http://purl.org/dc/elements/1.1/">
<dc:format>text/xml</dc:format>
<dc:language>EN</dc:language>
<dc:rights>Pursuant to Title 17 Section 105 of the United States Code, this file is not subject to copyright protection and is in the public domain.</dc:rights>
<dc:contributor>Congressional Research Service, Library of Congress</dc:contributor>
<dc:description>This file contains bill summaries for federal legislation. A bill summary describes the most significant provisions of a piece of legislation and details the effects the legislative text may have on current law and federal programs. Bill summaries are authored by the Congressional Research Service (CRS) of the Library of Congress. As stated in Public Law 91-510 (2 USC 166 (d)(6)), one of the duties of CRS is "to prepare summaries and digests of bills and resolutions of a public general nature introduced in the Senate or House of Representatives". For more information, refer to the User Guide that accompanies this file.</dc:description>
</dublinCore>
</BillSummaries>
