<?xml version="1.0" encoding="UTF-8"?>
<BillSummaries>
<item congress="114" measure-type="hr" measure-number="300" measure-id="id114hr300" originChamber="HOUSE" orig-publish-date="2015-01-13" update-date="2015-01-23">
<title>SMART Border Act of 2015</title>
<summary summary-id="id114hr300v00" currentChamber="HOUSE" update-date="2015-01-23">
<action-date>2015-01-13</action-date>
<action-desc>Introduced in House</action-desc>
<summary-text><![CDATA[<p><strong>Support More Assets, Resources, and Technology on the Border Act of 2015 or the SMART Act of 2015</strong></p> <p> Directs the Secretary of Homeland Security (DHS) to: (1) take actions to achieve and maintain operational control of the U.S.-Mexico border (defined as a condition in which all illegal border crossers are apprehended and narcotics and other contraband are seized); and (2) report to the Comptroller General on such actions, achievement, and maintenance.</p> <p>Directs the Comptroller General, within 90 days after such report is submitted, to: (1) consult with state and local officials along such border regarding such operational control; and (2) report on such operational control to specified congressional committees. Requires the House of Representatives and the Senate to vote on a joint resolution on the question of whether such report should be disapproved within 90 days of receiving it or such joint resolution shall be deemed passed. Requires the Comptroller General to submit an annual report on such operational control.</p> <p>Directs the Secretary of Defense (DOD) to: (1) deploy up to an additional 10,000 members of the National Guard along the U.S.-Mexico border as requested by border states; and (2) provide funds to the governor of a state who submits a state border control activities plan that is approved by the Secretary and that specifies how personnel of the National Guard of such state are to be used in border control activities. Authorizes National Guard personnel to be ordered to carry out border control activities.</p> <p>Authorizes: (1) the DHS Secretary to deploy smart border technologies if necessary to achieve and maintain such operational control; and (2) the Defense Secretary to transfer specified eligible equipment returned from DOD operations to federal, state, and local agencies, with preference to agencies that will use such equipment primarily to strengthen border security.</p> <p>Requires the DHS Secretary: (1) if such a joint resolution of disapproval on operational control passes, to appoint an additional 1,500 Border Patrol agents; (2) make grants to sheriffs' departments along the border in Texas, Arizona, New Mexico, and California to hire additional deputies; and (3) establish the biometric entry and exit data system required under the Intelligence Reform and Terrorism Prevention Act of 2004.</p> <p>Authorizes the DHS Secretary to make competitive grants for public-private partnerships that finance equipment and infrastructure to improve the public safety of residents of U.S. rural areas near the border by enhancing access to mobile communications for such persons.</p> <p>Directs the the Commissioner of U.S. Customs and Border Protection to ensure that an individual who is apprehended unlawfully crossing, or attempting to unlawfully cross, the border into the United States is counted only once for purposes of counting border apprehensions. </p>]]></summary-text>
</summary>
</item>
<dublinCore xmlns:dc="http://purl.org/dc/elements/1.1/">
<dc:format>text/xml</dc:format>
<dc:language>EN</dc:language>
<dc:rights>Pursuant to Title 17 Section 105 of the United States Code, this file is not subject to copyright protection and is in the public domain.</dc:rights>
<dc:contributor>Congressional Research Service, Library of Congress</dc:contributor>
<dc:description>This file contains bill summaries for federal legislation. A bill summary describes the most significant provisions of a piece of legislation and details the effects the legislative text may have on current law and federal programs. Bill summaries are authored by the Congressional Research Service (CRS) of the Library of Congress. As stated in Public Law 91-510 (2 USC 166 (d)(6)), one of the duties of CRS is "to prepare summaries and digests of bills and resolutions of a public general nature introduced in the Senate or House of Representatives". For more information, refer to the User Guide that accompanies this file.</dc:description>
</dublinCore>
</BillSummaries>
