<?xml version="1.0" encoding="UTF-8"?>
<BillSummaries>
<item congress="114" measure-type="hr" measure-number="534" measure-id="id114hr534" originChamber="HOUSE" orig-publish-date="2015-01-26" update-date="2015-02-02">
<title>HAND UP Act</title>
<summary summary-id="id114hr534v00" currentChamber="HOUSE" update-date="2015-02-02">
<action-date>2015-01-26</action-date>
<action-desc>Introduced in House</action-desc>
<summary-text><![CDATA[<p><b>Help Americans in Need Develop Their Ultimate Potential Act </b>or the <b> HAND UP Act </b></p> <p> Establishes a framework for the head of a state entity or of a sub-state entity administering two or more qualified federal programs to participate in a demonstration project, approved by the administering Secretary, that supports individuals and families with the goal of moving them towards self-sufficiency, reducing welfare dependence, and increasing work and earnings. Authorizes the administering Secretary to waive program requirements for purposes of the demonstration.</p> <p>Specifies as qualified federal programs: (1) the TANF program under part A (Temporary Assistance for Needy Families) (TANF) of title IV of the Social Security Act (SSAct), (2) the Block Grants to States for Social Services under SSAct title XX, (3) activities funded under the Workforce Investment Act of 1998 or under the Workforce Innovation and Opportunity Act; (4) activities funded under the United States Housing Act of 1937, and (5) the supplemental nutrition assistance program under the Food and Nutrition Act of 2008. </p> <p>Amends the United States Housing Act of 1937 to require an annual public housing agency plan for a public housing agency to contain certain demonstration project application information.</p>]]></summary-text>
</summary>
</item>
<dublinCore xmlns:dc="http://purl.org/dc/elements/1.1/">
<dc:format>text/xml</dc:format>
<dc:language>EN</dc:language>
<dc:rights>Pursuant to Title 17 Section 105 of the United States Code, this file is not subject to copyright protection and is in the public domain.</dc:rights>
<dc:contributor>Congressional Research Service, Library of Congress</dc:contributor>
<dc:description>This file contains bill summaries for federal legislation. A bill summary describes the most significant provisions of a piece of legislation and details the effects the legislative text may have on current law and federal programs. Bill summaries are authored by the Congressional Research Service (CRS) of the Library of Congress. As stated in Public Law 91-510 (2 USC 166 (d)(6)), one of the duties of CRS is "to prepare summaries and digests of bills and resolutions of a public general nature introduced in the Senate or House of Representatives". For more information, refer to the User Guide that accompanies this file.</dc:description>
</dublinCore>
</BillSummaries>
