<?xml version="1.0" encoding="UTF-8"?>
<BillSummaries>
<item congress="114" measure-type="hr" measure-number="304" measure-id="id114hr304" originChamber="HOUSE" orig-publish-date="2015-01-13" update-date="2015-03-02">
<title>FAIR Act</title>
<summary summary-id="id114hr304v00" currentChamber="HOUSE" update-date="2015-03-02">
<action-date>2015-01-13</action-date>
<action-desc>Introduced in House</action-desc>
<summary-text><![CDATA[<p><b>Federal Adjustment of Income Rates Act or the FAIR Act</b></p> <p> Increases the rates of basic pay for federal employees under the statutory pay systems (relating to the General Schedule, the U.S. Foreign Service, and the Veterans Health Administration) for calendar year 2016, and for prevailing rate employees for FY2016, by 3.8%.</p>]]></summary-text>
</summary>
</item>
<dublinCore xmlns:dc="http://purl.org/dc/elements/1.1/">
<dc:format>text/xml</dc:format>
<dc:language>EN</dc:language>
<dc:rights>Pursuant to Title 17 Section 105 of the United States Code, this file is not subject to copyright protection and is in the public domain.</dc:rights>
<dc:contributor>Congressional Research Service, Library of Congress</dc:contributor>
<dc:description>This file contains bill summaries for federal legislation. A bill summary describes the most significant provisions of a piece of legislation and details the effects the legislative text may have on current law and federal programs. Bill summaries are authored by the Congressional Research Service (CRS) of the Library of Congress. As stated in Public Law 91-510 (2 USC 166 (d)(6)), one of the duties of CRS is "to prepare summaries and digests of bills and resolutions of a public general nature introduced in the Senate or House of Representatives". For more information, refer to the User Guide that accompanies this file.</dc:description>
</dublinCore>
</BillSummaries>
