<?xml version="1.0" encoding="UTF-8"?>
<BillSummaries>
<item congress="114" measure-type="hr" measure-number="817" measure-id="id114hr817" originChamber="HOUSE" orig-publish-date="2015-02-09" update-date="2015-02-27">
<title>Fairness in Ambulance Reimbursement Act of 2015</title>
<summary summary-id="id114hr817v00" currentChamber="HOUSE" update-date="2015-02-27">
<action-date>2015-02-09</action-date>
<action-desc>Introduced in House</action-desc>
<summary-text><![CDATA[<p><b>Fairness in Ambulance Reimbursement Act of 2015</b></p> <p>This bill directs the Secretary of Health and Human Services to suspend through December 31, 2015, implementation of the reclassification of rural to urban zip codes for payments under the fee schedule for ambulance services, as contained in the final rule published in the Federal Register by the Centers for Medicare &amp; Medicaid Services on November 13, 2014.</p> <p>The Secretary is required to ensure that claims for ambulance services furnished on or after July 1, 2015, are paid according to the classification of zip codes applied the day before the effective date of that final rule.</p> <p>The Secretary must reclassify rural to urban zip codes for payment for ambulance services furnished on or after January 1, 2016, taking into account specified revised geographic delineations of the Office of Management and Budget.</p> <p>Payments for ambulance services (other than air ambulance services) furnished during 2016 must be adjusted according to a certain formula to achieve budget-neutral results. </p>]]></summary-text>
</summary>
</item>
<dublinCore xmlns:dc="http://purl.org/dc/elements/1.1/">
<dc:format>text/xml</dc:format>
<dc:language>EN</dc:language>
<dc:rights>Pursuant to Title 17 Section 105 of the United States Code, this file is not subject to copyright protection and is in the public domain.</dc:rights>
<dc:contributor>Congressional Research Service, Library of Congress</dc:contributor>
<dc:description>This file contains bill summaries for federal legislation. A bill summary describes the most significant provisions of a piece of legislation and details the effects the legislative text may have on current law and federal programs. Bill summaries are authored by the Congressional Research Service (CRS) of the Library of Congress. As stated in Public Law 91-510 (2 USC 166 (d)(6)), one of the duties of CRS is "to prepare summaries and digests of bills and resolutions of a public general nature introduced in the Senate or House of Representatives". For more information, refer to the User Guide that accompanies this file.</dc:description>
</dublinCore>
</BillSummaries>
