<?xml version="1.0" encoding="UTF-8"?>
<BillSummaries>
<item congress="114" measure-type="hr" measure-number="297" measure-id="id114hr297" originChamber="HOUSE" orig-publish-date="2015-01-13" update-date="2015-03-12">
<title>Stop Tax Haven Abuse Act</title>
<summary summary-id="id114hr297v00" currentChamber="HOUSE" update-date="2015-03-12">
<action-date>2015-01-13</action-date>
<action-desc>Introduced in House</action-desc>
<summary-text><![CDATA[<p><strong>Stop Tax Haven Abuse Act</strong> </p> <p>Authorizes the Secretary of the Treasury to impose restrictions on foreign jurisdictions or financial institutions operating in the United States that are of primary money laundering concern or that significantly impede U.S. tax enforcement. </p> <p>Amends the Internal Revenue Code to: </p> <ul> <li>expand reporting requirements for U.S. persons who hold an interest in a passive foreign investment company; </li> <li>establish a rebuttable presumption against the validity of transactions by institutions that do not comply with reporting requirements under the Foreign Account Tax Compliance Act; </li> <li>treat certain foreign corporations managed and controlled primarily in the United States as domestic corporations for tax purposes; </li> <li>require tax withholding agents and financial institutions to report certain information about beneficial owners of foreign-owned financial accounts; </li> <li>treat swap payments sent offshore as taxable U.S. source income; and </li> <li>impose additional requirements for third party summonses used to obtain information in tax investigations that do not identify the person with respect to whose liability the summons is issued (i.e., John Doe summons).</li></ul> <p>Amends the Securities Exchange Act of 1934 to: (1) require corporations registered with the Securities and Exchange Commission to report annually, on a country-by country basis, on employees, gross revenues, payments made to governments, and other financial information; and (2) impose a fine for failure to disclose any holdings or transactions involving equity or debt instruments known to involve a foreign entity that would otherwise be subject to disclosure requirements. </p> <p>Makes investment advisers and persons engaged in forming new business entities subject to anti-money laundering requirements. </p> <p>Imposes new restrictions on U.S. corporations and other entities with foreign income with respect to: (1) tax deductions allocable to deferred foreign income, (2) the recalculation of foreign income taxes, (3) intangible property transferred overseas, (4) tax evasion activities by U.S. corporations reincorporating in a foreign country, and (5) the interest expense tax deduction of certain subsidiaries of foreign corporations with excess domestic indebtedness.</p> <p>Modifies rules for the taxation of inverted corporations (i.e., U.S. corporations that acquire foreign companies to reincorporate in a foreign jurisdiction with income tax rates lower than the United States) to provide that a foreign corporation that acquires the properties of a U.S. corporation or partnership after May 8, 2014, shall be treated as an inverted corporation and thus subject to U.S. taxation if, after such acquisition: (1) it holds more than 50% of the stock of the new entity (expanded affiliated group), or (2) the management or control of the new entity occurs primarily within the United States and the new entity has significant domestic business activities.</p>]]></summary-text>
</summary>
</item>
<dublinCore xmlns:dc="http://purl.org/dc/elements/1.1/">
<dc:format>text/xml</dc:format>
<dc:language>EN</dc:language>
<dc:rights>Pursuant to Title 17 Section 105 of the United States Code, this file is not subject to copyright protection and is in the public domain.</dc:rights>
<dc:contributor>Congressional Research Service, Library of Congress</dc:contributor>
<dc:description>This file contains bill summaries for federal legislation. A bill summary describes the most significant provisions of a piece of legislation and details the effects the legislative text may have on current law and federal programs. Bill summaries are authored by the Congressional Research Service (CRS) of the Library of Congress. As stated in Public Law 91-510 (2 USC 166 (d)(6)), one of the duties of CRS is "to prepare summaries and digests of bills and resolutions of a public general nature introduced in the Senate or House of Representatives". For more information, refer to the User Guide that accompanies this file.</dc:description>
</dublinCore>
</BillSummaries>
