<?xml version="1.0" encoding="UTF-8"?>
<BillSummaries>
<item congress="114" measure-type="hr" measure-number="116" measure-id="id114hr116" originChamber="HOUSE" orig-publish-date="2015-01-06" update-date="2015-01-20">
<title>Small Business Freedom of Commerce Act of 2015</title>
<summary summary-id="id114hr116v00" currentChamber="HOUSE" update-date="2015-01-20">
<action-date>2015-01-06</action-date>
<action-desc>Introduced in House</action-desc>
<summary-text><![CDATA[<p><b>Small Business Freedom of Commerce Act of 2015</b></p> <p>Allows a small business operating in the United States to elect to be exempt from any federal rule or regulation issued on or after January 20, 2009. Requires the small business to notify the federal agency that issued the rule or regulation that it has elected such exemption, and makes the exemption effective 30 days after such notification.</p> <p>Requires an exempt small business to: (1) label any product affected by the exemption as no longer subject to such rule or regulation, and (2) include in any communication relating to the affected product or activity a notice that it is no longer so subject.</p> <p>Prescribes penalties for small business noncompliance with such requirements.</p> <p>Prohibits a small business from electing to be exempt from a rule or regulation issued by the Department of Defense (DOD) or Homeland Security (DHS) if the Secretary of Defense or Homeland Security has determined that the rule or regulation is necessary for U.S. security.</p>]]></summary-text>
</summary>
</item>
<dublinCore xmlns:dc="http://purl.org/dc/elements/1.1/">
<dc:format>text/xml</dc:format>
<dc:language>EN</dc:language>
<dc:rights>Pursuant to Title 17 Section 105 of the United States Code, this file is not subject to copyright protection and is in the public domain.</dc:rights>
<dc:contributor>Congressional Research Service, Library of Congress</dc:contributor>
<dc:description>This file contains bill summaries for federal legislation. A bill summary describes the most significant provisions of a piece of legislation and details the effects the legislative text may have on current law and federal programs. Bill summaries are authored by the Congressional Research Service (CRS) of the Library of Congress. As stated in Public Law 91-510 (2 USC 166 (d)(6)), one of the duties of CRS is "to prepare summaries and digests of bills and resolutions of a public general nature introduced in the Senate or House of Representatives". For more information, refer to the User Guide that accompanies this file.</dc:description>
</dublinCore>
</BillSummaries>
