<?xml version="1.0" encoding="UTF-8"?>
<BillSummaries>
<item congress="114" measure-type="hr" measure-number="673" measure-id="id114hr673" originChamber="HOUSE" orig-publish-date="2015-02-03" update-date="2015-02-11">
<title>Congressional Pay for Performance Act of 2015</title>
<summary summary-id="id114hr673v00" currentChamber="HOUSE" update-date="2015-02-11">
<action-date>2015-02-03</action-date>
<action-desc>Introduced in House</action-desc>
<summary-text><![CDATA[<p><b>Congressional Pay for Performance Act of 2015</b> <p> Requires the appropriate payroll administrator of each house of Congress to deposit in an escrow account all mandatory payments for compensation of Members of Congress serving in that house if by April 15 of any calendar year, beginning with 2015, that house has not agreed to a concurrent budget resolution for the fiscal year that begins on October 1 of the calendar year. Requires release to those Members of such payments after April 16 of the calendar year, only upon the earlier of: (1) the day on which that house agrees to a concurrent budget resolution for the fiscal year which begins on October 1 of that calendar year, or (2) the last day of Congress during which that calendar year occurs. <p>Sets forth similar requirements if by July 31 of a calendar year, beginning with 2015, a house of Congress has not passed each of the regular appropriation bills for the fiscal year which begins on October 1 of that calendar year. Requires release to the appropriate Members of salary payments after August 1 of the calendar year, only upon the earlier of: (1) the day on which that house has passed each of the regular appropriation bills for the fiscal year which begins on October 1 of that calendar year, or (2) the last day of Congress during which that calendar year occurs.</p> <p>Requires the payroll administrator of a house of Congress, in order to ensure that this Act is carried out in a manner consistent with the Constitution, to release for payments to Members of that house any amounts remaining in any escrow account under this Act on the last day of Congress during which the amounts were deposited in such account.</p>]]></summary-text>
</summary>
</item>
<dublinCore xmlns:dc="http://purl.org/dc/elements/1.1/">
<dc:format>text/xml</dc:format>
<dc:language>EN</dc:language>
<dc:rights>Pursuant to Title 17 Section 105 of the United States Code, this file is not subject to copyright protection and is in the public domain.</dc:rights>
<dc:contributor>Congressional Research Service, Library of Congress</dc:contributor>
<dc:description>This file contains bill summaries for federal legislation. A bill summary describes the most significant provisions of a piece of legislation and details the effects the legislative text may have on current law and federal programs. Bill summaries are authored by the Congressional Research Service (CRS) of the Library of Congress. As stated in Public Law 91-510 (2 USC 166 (d)(6)), one of the duties of CRS is "to prepare summaries and digests of bills and resolutions of a public general nature introduced in the Senate or House of Representatives". For more information, refer to the User Guide that accompanies this file.</dc:description>
</dublinCore>
</BillSummaries>
