<?xml version="1.0" encoding="UTF-8"?>
<BillSummaries>
<item congress="114" measure-type="hr" measure-number="606" measure-id="id114hr606" originChamber="HOUSE" orig-publish-date="2015-01-28" update-date="2015-06-29">
<title>Don't Tax Our Fallen Public Safety Heroes Act</title>
<summary summary-id="id114hr606v49" currentChamber="BOTH" update-date="2015-06-29">
<action-date>2015-05-22</action-date>
<action-desc>Public Law</action-desc>
<summary-text><![CDATA[<p>(This measure has not been amended since it was introduced. The expanded summary of the House passed version is repeated here.)</p> <p><strong>Don't Tax Our Fallen Public Safety Heroes Act </strong></p> <p>(Sec. 2) This bill amends the Internal Revenue Code to exclude from gross income, for income tax purposes, amounts paid: (1) by the Bureau of Justice Assistance of the Department of Justice as a public safety officer survivor's benefit or a public safety officer disability benefit, or (2) under a state program that provides compensation for surviving dependents of a public safety officer who has died as the direct and proximate result of a personal injury sustained in the line of duty. The tax exclusion does not apply to any amounts that would have been payable if the death of the public safety officer had occurred other than as the direct and proximate result of a personal injury sustained in the line of duty. </p>]]></summary-text>
</summary>
<summary summary-id="id114hr606v82" currentChamber="SENATE" update-date="2015-05-20">
<action-date>2015-05-14</action-date>
<action-desc>Passed Senate without amendment</action-desc>
<summary-text><![CDATA[<p>(This measure has not been amended since it was introduced. The expanded summary of the House passed version is repeated here.)</p> <p><strong>Don't Tax Our Fallen Public Safety Heroes Act </strong></p> <p>(Sec. 2) This bill amends the Internal Revenue Code to exclude from gross income, for income tax purposes, amounts paid: (1) by the Bureau of Justice Assistance of the Department of Justice as a public safety officer survivor's benefit or a public safety officer disability benefit, or (2) under a state program that provides compensation for surviving dependents of a public safety officer who has died as the direct and proximate result of a personal injury sustained in the line of duty. The tax exclusion does not apply to any amounts that would have been payable if the death of the public safety officer had occurred other than as the direct and proximate result of a personal injury sustained in the line of duty. </p>]]></summary-text>
</summary>
<summary summary-id="id114hr606v81" currentChamber="HOUSE" update-date="2015-05-20">
<action-date>2015-05-12</action-date>
<action-desc>Passed House without amendment</action-desc>
<summary-text><![CDATA[<p>(This measure has not been amended since it was introduced. The summary has been expanded because action occurred on the measure.)</p> <p><strong>Don't Tax Our Fallen Public Safety Heroes Act </strong></p> <p>(Sec. 2) This bill amends the Internal Revenue Code to exclude from gross income, for income tax purposes, amounts paid: (1) by the Bureau of Justice Assistance of the Department of Justice as a public safety officer survivor's benefit or a public safety officer disability benefit, or (2) under a state program that provides compensation for surviving dependents of a public safety officer who has died as the direct and proximate result of a personal injury sustained in the line of duty. The tax exclusion does not apply to any amounts that would have been payable if the death of the public safety officer had occurred other than as the direct and proximate result of a personal injury sustained in the line of duty. </p>]]></summary-text>
</summary>
<summary summary-id="id114hr606v00" currentChamber="HOUSE" update-date="2015-02-18">
<action-date>2015-01-28</action-date>
<action-desc>Introduced in House</action-desc>
<summary-text><![CDATA[<p><strong>Don't Tax Our Fallen Public Safety Heroes Act </strong></p> <p>Amends the Internal Revenue Code to exclude from gross income, for income tax purposes, federal public safety officer death benefits or amounts&nbsp;paid under a state program to surviving dependents of a public safety officer who died as the direct and proximate result of a personal injury sustained in the line of duty.</p>]]></summary-text>
</summary>
</item>
<dublinCore xmlns:dc="http://purl.org/dc/elements/1.1/">
<dc:format>text/xml</dc:format>
<dc:language>EN</dc:language>
<dc:rights>Pursuant to Title 17 Section 105 of the United States Code, this file is not subject to copyright protection and is in the public domain.</dc:rights>
<dc:contributor>Congressional Research Service, Library of Congress</dc:contributor>
<dc:description>This file contains bill summaries for federal legislation. A bill summary describes the most significant provisions of a piece of legislation and details the effects the legislative text may have on current law and federal programs. Bill summaries are authored by the Congressional Research Service (CRS) of the Library of Congress. As stated in Public Law 91-510 (2 USC 166 (d)(6)), one of the duties of CRS is "to prepare summaries and digests of bills and resolutions of a public general nature introduced in the Senate or House of Representatives". For more information, refer to the User Guide that accompanies this file.</dc:description>
</dublinCore>
</BillSummaries>
