<?xml version="1.0" encoding="UTF-8"?>
<BillSummaries>
<item congress="114" measure-type="hr" measure-number="645" measure-id="id114hr645" originChamber="HOUSE" orig-publish-date="2015-02-02" update-date="2015-02-27">
<title>American Manufacturing Jobs for Students Act</title>
<summary summary-id="id114hr645v00" currentChamber="HOUSE" update-date="2015-02-27">
<action-date>2015-02-02</action-date>
<action-desc>Introduced in House</action-desc>
<summary-text><![CDATA[<p><strong>American Manufacturing Jobs for Students Act</strong></p> <p>Amends the Elementary and Secondary Education Act of 1965 to direct the Secretary of Education, when awarding grants to local educational agencies (LEAs) for school counseling programs, to give special consideration to coordinated efforts to significantly engage students in manufacturing careers.</p> <p> Requires such programs to provide students in grades 7-12 with: (1) information on career and educational pathways leading to jobs and career opportunities in the LEA's geographic area, particularly in the manufacturing field; and (2) opportunities to interact with employers in the LEA's geographic area, with preference given to employers in the manufacturing field.</p> <UL> <UL> <UL> </UL> </UL> </UL>]]></summary-text>
</summary>
</item>
<dublinCore xmlns:dc="http://purl.org/dc/elements/1.1/">
<dc:format>text/xml</dc:format>
<dc:language>EN</dc:language>
<dc:rights>Pursuant to Title 17 Section 105 of the United States Code, this file is not subject to copyright protection and is in the public domain.</dc:rights>
<dc:contributor>Congressional Research Service, Library of Congress</dc:contributor>
<dc:description>This file contains bill summaries for federal legislation. A bill summary describes the most significant provisions of a piece of legislation and details the effects the legislative text may have on current law and federal programs. Bill summaries are authored by the Congressional Research Service (CRS) of the Library of Congress. As stated in Public Law 91-510 (2 USC 166 (d)(6)), one of the duties of CRS is "to prepare summaries and digests of bills and resolutions of a public general nature introduced in the Senate or House of Representatives". For more information, refer to the User Guide that accompanies this file.</dc:description>
</dublinCore>
</BillSummaries>
