<?xml version="1.0" encoding="UTF-8"?>
<BillSummaries>
<item congress="114" measure-type="hr" measure-number="844" measure-id="id114hr844" originChamber="HOUSE" orig-publish-date="2015-02-10" update-date="2015-02-18">
<title>To require a plan approved by the Surface Transportation Board for the long-term storage of rail cars on certain railroad tracks.</title>
<summary summary-id="id114hr844v00" currentChamber="HOUSE" update-date="2015-02-18">
<action-date>2015-02-10</action-date>
<action-desc>Introduced in House</action-desc>
<summary-text><![CDATA[<p>Requires a rail carrier to have a storage plan, meeting specified requirements and approved by the Surface Transportation Board, for any of its rail cars that it stores for three or more years, and continues to store, on tracks (except rail yard or storage yard tracks) that pass through a commercial- or residential-zoned area that were designed or previously used for through transportation of trains.</p>]]></summary-text>
</summary>
</item>
<dublinCore xmlns:dc="http://purl.org/dc/elements/1.1/">
<dc:format>text/xml</dc:format>
<dc:language>EN</dc:language>
<dc:rights>Pursuant to Title 17 Section 105 of the United States Code, this file is not subject to copyright protection and is in the public domain.</dc:rights>
<dc:contributor>Congressional Research Service, Library of Congress</dc:contributor>
<dc:description>This file contains bill summaries for federal legislation. A bill summary describes the most significant provisions of a piece of legislation and details the effects the legislative text may have on current law and federal programs. Bill summaries are authored by the Congressional Research Service (CRS) of the Library of Congress. As stated in Public Law 91-510 (2 USC 166 (d)(6)), one of the duties of CRS is "to prepare summaries and digests of bills and resolutions of a public general nature introduced in the Senate or House of Representatives". For more information, refer to the User Guide that accompanies this file.</dc:description>
</dublinCore>
</BillSummaries>
