<?xml version="1.0" encoding="UTF-8"?>
<BillSummaries>
<item congress="114" measure-type="hr" measure-number="188" measure-id="id114hr188" originChamber="HOUSE" orig-publish-date="2015-01-07" update-date="2015-01-20">
<title>TIME Act</title>
<summary summary-id="id114hr188v00" currentChamber="HOUSE" update-date="2015-01-20">
<action-date>2015-01-07</action-date>
<action-desc>Introduced in House</action-desc>
<summary-text><![CDATA[<p><b>Transitioning to Integrated and Meaningful Employment Act </b>or the<b> TIME Act</b></p> <p>Directs the Secretary of Labor to discontinue issuing to any new profit or non-profit or governmental entity special wage certificates (which permit individuals with disabilities, including individuals employed in agriculture, to be paid at lower than minimum wages).</p> <p>Prescribes requirements for a three-year phase-out of all certificates.</p> <p>Amends the Fair Labor Standards Act of 1938 to repeal authority and requirements for the issuance of such certificates three years after enactment of this Act. Requires revocation of any certificates remaining at that time.</p>]]></summary-text>
</summary>
</item>
<dublinCore xmlns:dc="http://purl.org/dc/elements/1.1/">
<dc:format>text/xml</dc:format>
<dc:language>EN</dc:language>
<dc:rights>Pursuant to Title 17 Section 105 of the United States Code, this file is not subject to copyright protection and is in the public domain.</dc:rights>
<dc:contributor>Congressional Research Service, Library of Congress</dc:contributor>
<dc:description>This file contains bill summaries for federal legislation. A bill summary describes the most significant provisions of a piece of legislation and details the effects the legislative text may have on current law and federal programs. Bill summaries are authored by the Congressional Research Service (CRS) of the Library of Congress. As stated in Public Law 91-510 (2 USC 166 (d)(6)), one of the duties of CRS is "to prepare summaries and digests of bills and resolutions of a public general nature introduced in the Senate or House of Representatives". For more information, refer to the User Guide that accompanies this file.</dc:description>
</dublinCore>
</BillSummaries>
