<?xml version="1.0" encoding="UTF-8"?>
<BillSummaries>
<item congress="114" measure-type="hr" measure-number="689" measure-id="id114hr689" originChamber="HOUSE" orig-publish-date="2015-02-03" update-date="2015-02-18">
<title>Surveillance Order Reporting Act of 2015</title>
<summary summary-id="id114hr689v00" currentChamber="HOUSE" update-date="2015-02-18">
<action-date>2015-02-03</action-date>
<action-desc>Introduced in House</action-desc>
<summary-text><![CDATA[<p><b>Surveillance Order Reporting Act of 2015</b></p> <p>Permits electronic communications or remote computing service providers to report information to the public about requests and demands for information made by any government entity under a surveillance law and exempts such providers from liability with respect to that report even if the provider would otherwise be prohibited by a surveillance law from reporting that information.</p> <p>Allows a provider to report such information not more often than quarterly and only to the extent that the report reveals estimates of the number of such demands and requests made, the number the service provider complied with, and the numbers of users or accounts for which information was demanded, requested, or provided.</p> <p>Permits any estimate disclosed to be: (1) an overall estimate or broken down by categories of, or provisions of, authorizing surveillance laws; and (2) expressed in no greater detail than in a range of 100, rounded to the nearest 100s. </p> <p> Defines "surveillance law" to include the Foreign Intelligence Surveillance Act of 1978 and specified sections of the National Security Act of 1947, the Right to Financial Privacy Act of 1978, the Fair Credit Reporting Act, and the federal criminal code (dealing with counterintelligence access to telephone toll and transactional records).</p>]]></summary-text>
</summary>
</item>
<dublinCore xmlns:dc="http://purl.org/dc/elements/1.1/">
<dc:format>text/xml</dc:format>
<dc:language>EN</dc:language>
<dc:rights>Pursuant to Title 17 Section 105 of the United States Code, this file is not subject to copyright protection and is in the public domain.</dc:rights>
<dc:contributor>Congressional Research Service, Library of Congress</dc:contributor>
<dc:description>This file contains bill summaries for federal legislation. A bill summary describes the most significant provisions of a piece of legislation and details the effects the legislative text may have on current law and federal programs. Bill summaries are authored by the Congressional Research Service (CRS) of the Library of Congress. As stated in Public Law 91-510 (2 USC 166 (d)(6)), one of the duties of CRS is "to prepare summaries and digests of bills and resolutions of a public general nature introduced in the Senate or House of Representatives". For more information, refer to the User Guide that accompanies this file.</dc:description>
</dublinCore>
</BillSummaries>
