<?xml version="1.0" encoding="UTF-8"?>
<BillSummaries>
<item congress="114" measure-type="hr" measure-number="595" measure-id="id114hr595" originChamber="HOUSE" orig-publish-date="2015-01-28" update-date="2015-02-11">
<title>Amy and Vicky Child Pornography Victim Restitution Improvement Act of 2015</title>
<summary summary-id="id114hr595v00" currentChamber="HOUSE" update-date="2015-02-11">
<action-date>2015-01-28</action-date>
<action-desc>Introduced in House</action-desc>
<summary-text><![CDATA[<p><b>Amy and Vicky Child Pornography Victim Restitution Improvement Act of 2015</b></p> <p> Amends the federal criminal code to expand the definition of &quot;full amount of the victim's losses&quot; for purposes of provisions governing mandatory restitution of victims of offenses involving sexual exploitation and other abuse of children to include medical services, physical and occupational therapy or rehabilitation, and lost income for the victim's lifetime, as well as any losses suffered by the victim from any sexual act or conduct in preparation for or during the production of child pornography depicting the victim involved in the offense.</p> <p>Sets forth guidelines for determining restitution where the victim of of a specified child pornography offense was harmed by one defendant (requiring restitution for not less than the full amount of the victim's losses) or by more than one defendant (requiring restitution for not more than the full amount of the victim's losses and not less than specified minimum amounts for certain offenses). </p> <p>Requires joint and several liability where there are multiple defendants and allows each defendant who is ordered to pay restitution and who has made full payment to the victim equal to or exceeding the specified minimum amount to recover contribution from any other defendant ordered to pay. Sets forth contribution claim procedures. </p> <p>Requires the Attorney General to report to Congress within one year after enactment of this Act on any progress of the Department of Justice in obtaining restitution for victims of such offenses.</p>]]></summary-text>
</summary>
</item>
<dublinCore xmlns:dc="http://purl.org/dc/elements/1.1/">
<dc:format>text/xml</dc:format>
<dc:language>EN</dc:language>
<dc:rights>Pursuant to Title 17 Section 105 of the United States Code, this file is not subject to copyright protection and is in the public domain.</dc:rights>
<dc:contributor>Congressional Research Service, Library of Congress</dc:contributor>
<dc:description>This file contains bill summaries for federal legislation. A bill summary describes the most significant provisions of a piece of legislation and details the effects the legislative text may have on current law and federal programs. Bill summaries are authored by the Congressional Research Service (CRS) of the Library of Congress. As stated in Public Law 91-510 (2 USC 166 (d)(6)), one of the duties of CRS is "to prepare summaries and digests of bills and resolutions of a public general nature introduced in the Senate or House of Representatives". For more information, refer to the User Guide that accompanies this file.</dc:description>
</dublinCore>
</BillSummaries>
