<?xml version="1.0" encoding="UTF-8"?>
<BillSummaries>
<item congress="114" measure-type="hr" measure-number="361" measure-id="id114hr361" originChamber="HOUSE" orig-publish-date="2015-01-14" update-date="2015-02-06">
<title>Medical Preparedness Allowable Use Act</title>
<summary summary-id="id114hr361v81" currentChamber="HOUSE" update-date="2015-02-06">
<action-date>2015-02-02</action-date>
<action-desc>Passed House without amendment</action-desc>
<summary-text><![CDATA[<p>(This measure has not been amended since it was introduced. The summary of that version is repeated here.)</p> <p><b>Medical Preparedness Allowable Use Act</b></p> <p> Amends the Homeland Security Act of 2002 to authorize the use of Urban Area Security Initiative and State Homeland Security Grant Program funding for enhancing medical preparedness, medical surge capacity, and mass prophylaxis capabilities, including the development and maintenance of an initial pharmaceutical stockpile, including medical kits, and diagnostics sufficient to protect first responders, their families, immediate victims, and vulnerable populations from a chemical or biological event.</p>]]></summary-text>
</summary>
<summary summary-id="id114hr361v00" currentChamber="HOUSE" update-date="2015-02-02">
<action-date>2015-01-14</action-date>
<action-desc>Introduced in House</action-desc>
<summary-text><![CDATA[<p><b>Medical Preparedness Allowable Use Act</b></p> <p> Amends the Homeland Security Act of 2002 to authorize the use of Urban Area Security Initiative and State Homeland Security Grant Program funding for enhancing medical preparedness, medical surge capacity, and mass prophylaxis capabilities, including the development and maintenance of an initial pharmaceutical stockpile, including medical kits, and diagnostics sufficient to protect first responders, their families, immediate victims, and vulnerable populations from a chemical or biological event.</p>]]></summary-text>
</summary>
</item>
<dublinCore xmlns:dc="http://purl.org/dc/elements/1.1/">
<dc:format>text/xml</dc:format>
<dc:language>EN</dc:language>
<dc:rights>Pursuant to Title 17 Section 105 of the United States Code, this file is not subject to copyright protection and is in the public domain.</dc:rights>
<dc:contributor>Congressional Research Service, Library of Congress</dc:contributor>
<dc:description>This file contains bill summaries for federal legislation. A bill summary describes the most significant provisions of a piece of legislation and details the effects the legislative text may have on current law and federal programs. Bill summaries are authored by the Congressional Research Service (CRS) of the Library of Congress. As stated in Public Law 91-510 (2 USC 166 (d)(6)), one of the duties of CRS is "to prepare summaries and digests of bills and resolutions of a public general nature introduced in the Senate or House of Representatives". For more information, refer to the User Guide that accompanies this file.</dc:description>
</dublinCore>
</BillSummaries>
