<?xml version="1.0" encoding="UTF-8"?>
<BillSummaries>
<item congress="114" measure-type="hr" measure-number="674" measure-id="id114hr674" originChamber="HOUSE" orig-publish-date="2015-02-03" update-date="2015-02-10">
<title>Pets on Trains Act of 2015</title>
<summary summary-id="id114hr674v00" currentChamber="HOUSE" update-date="2015-02-10">
<action-date>2015-02-03</action-date>
<action-desc>Introduced in House</action-desc>
<summary-text><![CDATA[<p><b>Pets on Trains Act of 2015</b></p> <p> Directs the National Railroad Passenger Corporation (Amtrak) to propose a pet policy that allows passengers to transport domesticated cats or dogs on certain Amtrak trains.</p> <p>Requires Amtrak to collect a fee for each cat or dog transported by a ticketed passenger to cover administrative costs.</p> <p>Declares that the proposed policy shall be separate from and in addition to the policy governing Amtrak passengers traveling with service animals.</p>]]></summary-text>
</summary>
</item>
<dublinCore xmlns:dc="http://purl.org/dc/elements/1.1/">
<dc:format>text/xml</dc:format>
<dc:language>EN</dc:language>
<dc:rights>Pursuant to Title 17 Section 105 of the United States Code, this file is not subject to copyright protection and is in the public domain.</dc:rights>
<dc:contributor>Congressional Research Service, Library of Congress</dc:contributor>
<dc:description>This file contains bill summaries for federal legislation. A bill summary describes the most significant provisions of a piece of legislation and details the effects the legislative text may have on current law and federal programs. Bill summaries are authored by the Congressional Research Service (CRS) of the Library of Congress. As stated in Public Law 91-510 (2 USC 166 (d)(6)), one of the duties of CRS is "to prepare summaries and digests of bills and resolutions of a public general nature introduced in the Senate or House of Representatives". For more information, refer to the User Guide that accompanies this file.</dc:description>
</dublinCore>
</BillSummaries>
