<?xml version="1.0" encoding="UTF-8"?>
<BillSummaries>
<item congress="114" measure-type="hr" measure-number="184" measure-id="id114hr184" originChamber="HOUSE" orig-publish-date="2015-01-07" update-date="2015-02-05">
<title>Lumbee Recognition Act</title>
<summary summary-id="id114hr184v00" currentChamber="HOUSE" update-date="2015-02-05">
<action-date>2015-01-07</action-date>
<action-desc>Introduced in House</action-desc>
<summary-text><![CDATA[<p><b>Lumbee Recognition Act</b></p> <p> Extends federal recognition to the Lumbee Tribe of North Carolina, which makes its members eligible for the services and benefits provided to Indians because of their status as members of a federally recognized tribe. </p> <p>Deems members of the Tribe residing in Robeson, Cumberland, Hoke, and Scotland Counties in North Carolina to be within the delivery area for such services.</p> <p>Authorizes the Secretary of the Interior to take land into trust for the Tribe.</p> <p>Prohibits the Tribe from conducting gaming activities.</p> <p>Requires North Carolina to exercise jurisdiction over all criminal offenses committed, and all civil actions that arise, on North Carolina lands owned by, or held in trust for, the Lumbee Tribe or any dependent Indian community of the Tribe.</p>]]></summary-text>
</summary>
</item>
<dublinCore xmlns:dc="http://purl.org/dc/elements/1.1/">
<dc:format>text/xml</dc:format>
<dc:language>EN</dc:language>
<dc:rights>Pursuant to Title 17 Section 105 of the United States Code, this file is not subject to copyright protection and is in the public domain.</dc:rights>
<dc:contributor>Congressional Research Service, Library of Congress</dc:contributor>
<dc:description>This file contains bill summaries for federal legislation. A bill summary describes the most significant provisions of a piece of legislation and details the effects the legislative text may have on current law and federal programs. Bill summaries are authored by the Congressional Research Service (CRS) of the Library of Congress. As stated in Public Law 91-510 (2 USC 166 (d)(6)), one of the duties of CRS is "to prepare summaries and digests of bills and resolutions of a public general nature introduced in the Senate or House of Representatives". For more information, refer to the User Guide that accompanies this file.</dc:description>
</dublinCore>
</BillSummaries>
