<?xml version="1.0" encoding="UTF-8"?>
<BillSummaries>
<item congress="114" measure-type="hr" measure-number="413" measure-id="id114hr413" originChamber="HOUSE" orig-publish-date="2015-01-20" update-date="2015-01-26">
<title>Partnership to Build America Act of 2015</title>
<summary summary-id="id114hr413v00" currentChamber="HOUSE" update-date="2015-01-26">
<action-date>2015-01-20</action-date>
<action-desc>Introduced in House</action-desc>
<summary-text><![CDATA[<p><b>Partnership to Build America Act of 2015</b></p> <p> Establishes the American Infrastructure Fund (AIF) as a wholly-owned government corporation to provide bond guarantees and make loans to state and local governments, non-profit infrastructure providers, private parties, and public-private partnerships for state or local government sponsored transportation, energy, water, communications, or educational facility infrastructure projects (Qualified Infrastructure Projects [QIPs]). Authorizes AIF also to make equity investments in QIPs.</p> <p>Directs the Secretary of the Treasury, acting through the AIF, to issue American Infrastructure Bonds with an aggregate face value of $50 billion. Requires proceeds from the sale of the bonds to be deposited into the AIF.</p> <p>Amends the Internal Revenue Code to allow U.S. corporations to exclude from gross income qualified cash dividend amounts received during a taxable year from a foreign-controlled corporation equal to the face value of qualified infrastructure bonds the corporation has purchased.</p> <p>Prohibits allowance of a foreign tax credit to the excluded portion of any dividend received by a U.S. corporation. Prohibits also the allowance of a deduction for expenses related to that excludable portion.</p>]]></summary-text>
</summary>
</item>
<dublinCore xmlns:dc="http://purl.org/dc/elements/1.1/">
<dc:format>text/xml</dc:format>
<dc:language>EN</dc:language>
<dc:rights>Pursuant to Title 17 Section 105 of the United States Code, this file is not subject to copyright protection and is in the public domain.</dc:rights>
<dc:contributor>Congressional Research Service, Library of Congress</dc:contributor>
<dc:description>This file contains bill summaries for federal legislation. A bill summary describes the most significant provisions of a piece of legislation and details the effects the legislative text may have on current law and federal programs. Bill summaries are authored by the Congressional Research Service (CRS) of the Library of Congress. As stated in Public Law 91-510 (2 USC 166 (d)(6)), one of the duties of CRS is "to prepare summaries and digests of bills and resolutions of a public general nature introduced in the Senate or House of Representatives". For more information, refer to the User Guide that accompanies this file.</dc:description>
</dublinCore>
</BillSummaries>
