<?xml version="1.0" encoding="UTF-8"?><BillSummaries>
<item congress="114" measure-type="hr" measure-number="670" measure-id="id114hr670" originChamber="HOUSE" orig-publish-date="2015-02-03" update-date="2016-09-27">
<title>Special Needs Trust Fairness and Medicaid Improvement Act</title>
<summary summary-id="id114hr670v36" currentChamber="HOUSE" update-date="2016-09-27">
<action-date>2016-09-20</action-date>
<action-desc>Passed House amended</action-desc>
<summary-text><![CDATA[<p>(This measure has not been amended since it was reported to the House on September 9, 2016. The summary of that version is repeated here.)</p> <p><b>Special Needs Trust Fairness and Medicaid Improvement Act</b></p> <p> (Sec. 2) This bill amends title XIX (Medicaid) of the Social Security Act with respect to the treatment of revocable trusts for the benefit of an individual for purposes of meeting income requirements for Medicaid coverage.</p> <p> The bill extends the supplemental needs trust exemption from treatment of a trust as resources available to the individual to supplemental needs trusts for Medicaid beneficiaries established by those beneficiaries.</p> <p> (Sec. 3) Medicaid coverage of tobacco cessation services shall continue to be provided for mothers of newborns through the first year after the child's birth.</p> <p>The Inspector General of the Department of Health and Human Services must report to the Congress on the use of the tobacco cessation service benefit under the Medicaid program.</p> <p>(Sec. 4) The bill eliminates federal financial participation regarding expenditures under Medicaid for drugs used for cosmetic purposes or hair growth, except where such drugs are medically necessary.</p> <p> (Sec. 5) The bill makes additional funding available to the Medicaid Improvement Fund for FY2021 and FY2022. </p>]]></summary-text>
</summary>
<summary summary-id="id114hr670v17" currentChamber="HOUSE" update-date="2016-09-27">
<action-date>2016-09-09</action-date>
<action-desc>Reported to House amended</action-desc>
<summary-text><![CDATA[<p><b>Special Needs Trust Fairness and Medicaid Improvement Act</b></p> <p> (Sec. 2) This bill amends title XIX (Medicaid) of the Social Security Act with respect to the treatment of revocable trusts for the benefit of an individual for purposes of meeting income requirements for Medicaid coverage.</p> <p> The bill extends the supplemental needs trust exemption from treatment of a trust as resources available to the individual to supplemental needs trusts for Medicaid beneficiaries established by those beneficiaries.</p> <p> (Sec. 3) Medicaid coverage of tobacco cessation services shall continue to be provided for mothers of newborns through the first year after the child's birth.</p> <p>The Inspector General of the Department of Health and Human Services must report to the Congress on the use of the tobacco cessation service benefit under the Medicaid program.</p> <p>(Sec. 4) The bill eliminates federal financial participation regarding expenditures under Medicaid for drugs used for cosmetic purposes or hair growth, except where such drugs are medically necessary.</p> <p> (Sec. 5) The bill makes additional funding available to the Medicaid Improvement Fund for FY2021 and FY2022.</p> <p>]]></summary-text>
</summary>
<summary summary-id="id114hr670v00" currentChamber="HOUSE" update-date="2015-02-18">
<action-date>2015-02-03</action-date>
<action-desc>Introduced in House</action-desc>
<summary-text><![CDATA[<p><b>Special Needs Trust Fairness Act of 2015</b></p> <p> Amends title XIX (Medicaid) of the Social Security Act with respect to the treatment of revocable trusts for the benefit of an individual for purposes of meeting income requirements for Medicaid coverage.</p> <p>Extends the supplemental needs trust exemption from treatment of a trust as resources available to the individual to supplemental needs trusts for Medicaid beneficiaries established by those beneficiaries.</p>]]></summary-text>
</summary>
</item>
<dublinCore xmlns:dc="http://purl.org/dc/elements/1.1/">
<dc:format>text/xml</dc:format>
<dc:language>EN</dc:language>
<dc:rights>Pursuant to Title 17 Section 105 of the United States Code, this file is not subject to copyright protection and is in the public domain.</dc:rights>
<dc:contributor>Congressional Research Service, Library of Congress</dc:contributor>
<dc:description>This file contains bill summaries for federal legislation. A bill summary describes the most significant provisions of a piece of legislation and details the effects the legislative text may have on current law and federal programs. Bill summaries are authored by the Congressional Research Service (CRS) of the Library of Congress. As stated in Public Law 91-510 (2 USC 166 (d)(6)), one of the duties of CRS is "to prepare summaries and digests of bills and resolutions of a public general nature introduced in the Senate or House of Representatives". For more information, refer to the User Guide that accompanies this file.</dc:description>
</dublinCore>
</BillSummaries>
