<?xml version="1.0" encoding="UTF-8"?>
<BillSummaries>
<item congress="114" measure-type="hr" measure-number="990" measure-id="id114hr990" originChamber="HOUSE" orig-publish-date="2015-02-13" update-date="2015-03-13">
<title>Commuter Parity Act of 2015</title>
<summary summary-id="id114hr990v00" currentChamber="HOUSE" update-date="2015-03-13">
<action-date>2015-02-13</action-date>
<action-desc>Introduced in House</action-desc>
<summary-text><![CDATA[<p><strong>Commuter Parity Act of 2015</strong> </p> <p>Amends the Internal Revenue Code to modify the exclusion from gross income, for income tax purposes, of certain transportation benefits provided by an employer to an employee, including cash reimbursements for such benefits,&nbsp;to allow a monthly exclusion amount of: (1) $235 for transportation in a commuter highway vehicle from home to work and any transit pass, (2) $235 for qualified parking, and (3) $35 for qualified bicycle commuting reimbursement. Allows an annual cost-of-living adjustment to such exclusion amounts after 2016.</p>]]></summary-text>
</summary>
</item>
<dublinCore xmlns:dc="http://purl.org/dc/elements/1.1/">
<dc:format>text/xml</dc:format>
<dc:language>EN</dc:language>
<dc:rights>Pursuant to Title 17 Section 105 of the United States Code, this file is not subject to copyright protection and is in the public domain.</dc:rights>
<dc:contributor>Congressional Research Service, Library of Congress</dc:contributor>
<dc:description>This file contains bill summaries for federal legislation. A bill summary describes the most significant provisions of a piece of legislation and details the effects the legislative text may have on current law and federal programs. Bill summaries are authored by the Congressional Research Service (CRS) of the Library of Congress. As stated in Public Law 91-510 (2 USC 166 (d)(6)), one of the duties of CRS is "to prepare summaries and digests of bills and resolutions of a public general nature introduced in the Senate or House of Representatives". For more information, refer to the User Guide that accompanies this file.</dc:description>
</dublinCore>
</BillSummaries>
