<?xml version="1.0" encoding="UTF-8"?>
<BillSummaries>
<item congress="114" measure-type="hr" measure-number="289" measure-id="id114hr289" originChamber="HOUSE" orig-publish-date="2015-01-13" update-date="2015-01-26">
<title>Better Efficiency and Administrative Simplification Act of 2015</title>
<summary summary-id="id114hr289v00" currentChamber="HOUSE" update-date="2015-01-26">
<action-date>2015-01-13</action-date>
<action-desc>Introduced in House</action-desc>
<summary-text><![CDATA[<p><b>Better Efficiency and Administrative Simplification Act of 2015 </b></p> <p> Amends title XVIII (Medicare) of the Social Security Act to allow individuals the option to receive the Medicare Summary Notice (explanation of benefits) electronically.</p> <p>Requires the Secretary of Health and Human Services to: (1) apply a similar option to other Medicare statements and notifications, and (2) provide such Medicare Summary Notice and any other such statements and notifications on a more frequent basis than is otherwise required under Medicare.</p> <p>Extends from at least once every 5 years to at least once every 10 years the application of competitive procedures when the contract of a Medicare administrative contractor comes up for renewal. </p> <p>Directs the Secretary, to the extent possible without compromising the process for entering into and renewing contracts with Medicare administrative contractors (MACs), to make available to the public the performance of each MAC with respect to requirements and measurement standards.</p>]]></summary-text>
</summary>
</item>
<dublinCore xmlns:dc="http://purl.org/dc/elements/1.1/">
<dc:format>text/xml</dc:format>
<dc:language>EN</dc:language>
<dc:rights>Pursuant to Title 17 Section 105 of the United States Code, this file is not subject to copyright protection and is in the public domain.</dc:rights>
<dc:contributor>Congressional Research Service, Library of Congress</dc:contributor>
<dc:description>This file contains bill summaries for federal legislation. A bill summary describes the most significant provisions of a piece of legislation and details the effects the legislative text may have on current law and federal programs. Bill summaries are authored by the Congressional Research Service (CRS) of the Library of Congress. As stated in Public Law 91-510 (2 USC 166 (d)(6)), one of the duties of CRS is "to prepare summaries and digests of bills and resolutions of a public general nature introduced in the Senate or House of Representatives". For more information, refer to the User Guide that accompanies this file.</dc:description>
</dublinCore>
</BillSummaries>
