<?xml version="1.0" encoding="UTF-8"?>
<BillSummaries>
<item congress="114" measure-type="hr" measure-number="357" measure-id="id114hr357" originChamber="HOUSE" orig-publish-date="2015-01-14" update-date="2015-01-28">
<title>Human Trafficking Prevention Act</title>
<summary summary-id="id114hr357v81" currentChamber="HOUSE" update-date="2015-01-28">
<action-date>2015-01-26</action-date>
<action-desc>Passed House without amendment</action-desc>
<summary-text><![CDATA[<p>(This measure has not been amended since it was introduced. The summary of that version is repeated here.)</p> <p><b>Human Trafficking Prevention Act</b></p> <p>Amends the Trafficking Victims Protection Act of 2000 to require training for federal government personnel related to trafficking in persons to include at a minimum:</p> <ul> <li>a distance learning course on trafficking-in-persons issues and the Department of State's obligations under the Act, targeted for embassy reporting officers, regional bureaus' trafficking-in-persons coordinators, and their superiors;</li> <li>specific trafficking-in-persons briefings for all ambassadors and deputy chiefs of mission before they depart for their posts; and</li> <li>at least annual reminders to all such personnel and other federal personnel at each diplomatic or consular post of the Department of State located outside the United States of key problems, threats, methods, and warning signs of trafficking in persons specific to the country or jurisdiction in which each such post is located, and appropriate procedures to report information acquired about possible trafficking cases.</li></ul>]]></summary-text>
</summary>
<summary summary-id="id114hr357v00" currentChamber="HOUSE" update-date="2015-01-26">
<action-date>2015-01-14</action-date>
<action-desc>Introduced in House</action-desc>
<summary-text><![CDATA[<p><b>Human Trafficking Prevention Act</b></p> <p>Amends the Trafficking Victims Protection Act of 2000 to require training for federal government personnel related to trafficking in persons to include at a minimum:</p> <ul> <li>a distance learning course on trafficking-in-persons issues and the Department of State's obligations under the Act, targeted for embassy reporting officers, regional bureaus' trafficking-in-persons coordinators, and their superiors;</li> <li>specific trafficking-in-persons briefings for all ambassadors and deputy chiefs of mission before they depart for their posts; and</li> <li>at least annual reminders to all such personnel and other federal personnel at each diplomatic or consular post of the Department of State located outside the United States of key problems, threats, methods, and warning signs of trafficking in persons specific to the country or jurisdiction in which each such post is located, and appropriate procedures to report information acquired about possible trafficking cases.</li> </ul>]]></summary-text>
</summary>
</item>
<dublinCore xmlns:dc="http://purl.org/dc/elements/1.1/">
<dc:format>text/xml</dc:format>
<dc:language>EN</dc:language>
<dc:rights>Pursuant to Title 17 Section 105 of the United States Code, this file is not subject to copyright protection and is in the public domain.</dc:rights>
<dc:contributor>Congressional Research Service, Library of Congress</dc:contributor>
<dc:description>This file contains bill summaries for federal legislation. A bill summary describes the most significant provisions of a piece of legislation and details the effects the legislative text may have on current law and federal programs. Bill summaries are authored by the Congressional Research Service (CRS) of the Library of Congress. As stated in Public Law 91-510 (2 USC 166 (d)(6)), one of the duties of CRS is "to prepare summaries and digests of bills and resolutions of a public general nature introduced in the Senate or House of Representatives". For more information, refer to the User Guide that accompanies this file.</dc:description>
</dublinCore>
</BillSummaries>
