<?xml version="1.0" encoding="UTF-8"?>
<BillSummaries>
<item congress="114" measure-type="hr" measure-number="365" measure-id="id114hr365" originChamber="HOUSE" orig-publish-date="2015-01-14" update-date="2015-01-26">
<title>To direct the Secretary of Transportation to conduct a notice and comment rulemaking before implementing certain policies relating to obstruction evaluation aeronautical studies, and for other purposes.</title>
<summary summary-id="id114hr365v00" currentChamber="HOUSE" update-date="2015-01-26">
<action-date>2015-01-14</action-date>
<action-desc>Introduced in House</action-desc>
<summary-text><![CDATA[<p>Authorizes the Secretary of Transportation (DOT) to implement the policy set forth in the notice of proposed policy entitled &quot;Proposal To Consider the Impact of One Engine Inoperative Procedures in Obstruction Evaluation Aeronautical Studies&quot; published by the Department of Transportation (DOT) on April 28, 2014, only if the policy is adopted pursuant to notice and comment rulemaking.</p>]]></summary-text>
</summary>
</item>
<dublinCore xmlns:dc="http://purl.org/dc/elements/1.1/">
<dc:format>text/xml</dc:format>
<dc:language>EN</dc:language>
<dc:rights>Pursuant to Title 17 Section 105 of the United States Code, this file is not subject to copyright protection and is in the public domain.</dc:rights>
<dc:contributor>Congressional Research Service, Library of Congress</dc:contributor>
<dc:description>This file contains bill summaries for federal legislation. A bill summary describes the most significant provisions of a piece of legislation and details the effects the legislative text may have on current law and federal programs. Bill summaries are authored by the Congressional Research Service (CRS) of the Library of Congress. As stated in Public Law 91-510 (2 USC 166 (d)(6)), one of the duties of CRS is "to prepare summaries and digests of bills and resolutions of a public general nature introduced in the Senate or House of Representatives". For more information, refer to the User Guide that accompanies this file.</dc:description>
</dublinCore>
</BillSummaries>
