<?xml version="1.0" encoding="UTF-8"?>
<BillSummaries>
<item congress="114" measure-type="hr" measure-number="255" measure-id="id114hr255" originChamber="HOUSE" orig-publish-date="2015-01-09" update-date="2015-03-11">
<title>Next Generation American Manufacturing Act of 2015</title>
<summary summary-id="id114hr255v00" currentChamber="HOUSE" update-date="2015-03-11">
<action-date>2015-01-09</action-date>
<action-desc>Introduced in House</action-desc>
<summary-text><![CDATA[<p><strong>Next Generation American Manufacturing Act of 2015</strong></p> <p>Amends the Internal Revenue Code to allow a tax credit for the purchase (during a specified period of between 5 and 10 years based on the incentive needed with respect to each product) of new products certified as assembled in the United States and consisting of at least 60% of components assembled or otherwise arising in the United States.</p> <p>Establishes the 21st Century American Manufacturing Commission to conduct research to designate products eligible for such tax credit. </p> <p>Allows certain start-up companies that are headquartered in the United States a tax credit for up to 25% of their costs for the construction of a manufacturing facility and for the purchase of specialized equipment for use at such facility. Defines a "start-up company" as any corporation or partnership that: (1) first has both gross receipts and qualified research expenses in a taxable year beginning after December 31, 2012; or (2) has both gross receipts and qualified research expenses in fewer than three taxable years beginning after December 31, 2012, and before January 1, 2018. </p>]]></summary-text>
</summary>
</item>
<dublinCore xmlns:dc="http://purl.org/dc/elements/1.1/">
<dc:format>text/xml</dc:format>
<dc:language>EN</dc:language>
<dc:rights>Pursuant to Title 17 Section 105 of the United States Code, this file is not subject to copyright protection and is in the public domain.</dc:rights>
<dc:contributor>Congressional Research Service, Library of Congress</dc:contributor>
<dc:description>This file contains bill summaries for federal legislation. A bill summary describes the most significant provisions of a piece of legislation and details the effects the legislative text may have on current law and federal programs. Bill summaries are authored by the Congressional Research Service (CRS) of the Library of Congress. As stated in Public Law 91-510 (2 USC 166 (d)(6)), one of the duties of CRS is "to prepare summaries and digests of bills and resolutions of a public general nature introduced in the Senate or House of Representatives". For more information, refer to the User Guide that accompanies this file.</dc:description>
</dublinCore>
</BillSummaries>
