<?xml version="1.0" encoding="UTF-8"?>
<BillSummaries>
<item congress="114" measure-type="hr" measure-number="306" measure-id="id114hr306" originChamber="HOUSE" orig-publish-date="2015-01-13" update-date="2015-01-23">
<title>National Statistics on Deadly Force Transparency Act of 2015</title>
<summary summary-id="id114hr306v00" currentChamber="HOUSE" update-date="2015-01-23">
<action-date>2015-01-13</action-date>
<action-desc>Introduced in House</action-desc>
<summary-text><![CDATA[<p><strong>National Statistics on Deadly Force Transparency Act of 2015</strong></p> <p> Requires the Attorney General to issue regulations for the collection and compilation of data pertaining to the use of deadly force by law enforcement officers, which shall require:</p> <ul> <li> the collection of data on all instances wherein deadly force was used;</li> <li> the data to include information on the characteristics of the officer and the person who was the target of deadly force (excluding personally identifiable information), the alleged criminal activity of such person, when and where the deadly force occurred, the nature of the deadly force used, the law enforcement agency's explanation of why deadly force was used, any deadly force guidelines of the law enforcement agency in effect at the time, and any non-lethal efforts employed to apprehend or subdue the person before deadly force was used;</li> <li> a standardized form be made available to law enforcement agencies for the submission of data collected to the Department of Justice Bureau of Justice Statistics; and</li> <li> law enforcement agencies to maintain all data collected for not less than four years.</li> </ul> <p>Requires the Bureau to provide the data to Congress and make it available to the public. Restricts the disclosure of the name or identifying information of a law enforcement officer, a person who was the target of deadly force, or any other individual involved in any activity for which such data is collected.</p> <p>Directs the Attorney General to reduce by 10% the amount that would otherwise be awarded under the Edward Byrne Memorial Justice Assistance Grant Program to a state or local government that fails to comply with the requirements of this Act.</p>]]></summary-text>
</summary>
</item>
<dublinCore xmlns:dc="http://purl.org/dc/elements/1.1/">
<dc:format>text/xml</dc:format>
<dc:language>EN</dc:language>
<dc:rights>Pursuant to Title 17 Section 105 of the United States Code, this file is not subject to copyright protection and is in the public domain.</dc:rights>
<dc:contributor>Congressional Research Service, Library of Congress</dc:contributor>
<dc:description>This file contains bill summaries for federal legislation. A bill summary describes the most significant provisions of a piece of legislation and details the effects the legislative text may have on current law and federal programs. Bill summaries are authored by the Congressional Research Service (CRS) of the Library of Congress. As stated in Public Law 91-510 (2 USC 166 (d)(6)), one of the duties of CRS is "to prepare summaries and digests of bills and resolutions of a public general nature introduced in the Senate or House of Representatives". For more information, refer to the User Guide that accompanies this file.</dc:description>
</dublinCore>
</BillSummaries>
