<?xml version="1.0" encoding="UTF-8"?>
<BillSummaries>
<item congress="114" measure-type="hr" measure-number="447" measure-id="id114hr447" originChamber="HOUSE" orig-publish-date="2015-01-21" update-date="2015-02-03">
<title>To amend the Federal Election Campaign Act of 1971 to reduce the limit on the amount of certain contributions which may be made to a candidate with respect to an election for Federal office.</title>
<summary summary-id="id114hr447v00" currentChamber="HOUSE" update-date="2015-02-03">
<action-date>2015-01-21</action-date>
<action-desc>Introduced in House</action-desc>
<summary-text><![CDATA[<p>Amends the Federal Election Campaign Act of 1971 to reduce from $2,000 to $1,000 the maximum amount of contributions that any person may make to any candidate with respect to election for federal office. </p> <p>Requires adjustment to such amount (indexing) for inflation after 2018.</p>]]></summary-text>
</summary>
</item>
<dublinCore xmlns:dc="http://purl.org/dc/elements/1.1/">
<dc:format>text/xml</dc:format>
<dc:language>EN</dc:language>
<dc:rights>Pursuant to Title 17 Section 105 of the United States Code, this file is not subject to copyright protection and is in the public domain.</dc:rights>
<dc:contributor>Congressional Research Service, Library of Congress</dc:contributor>
<dc:description>This file contains bill summaries for federal legislation. A bill summary describes the most significant provisions of a piece of legislation and details the effects the legislative text may have on current law and federal programs. Bill summaries are authored by the Congressional Research Service (CRS) of the Library of Congress. As stated in Public Law 91-510 (2 USC 166 (d)(6)), one of the duties of CRS is "to prepare summaries and digests of bills and resolutions of a public general nature introduced in the Senate or House of Representatives". For more information, refer to the User Guide that accompanies this file.</dc:description>
</dublinCore>
</BillSummaries>
