<?xml version="1.0" encoding="UTF-8"?>
<BillSummaries>
<item congress="114" measure-type="hr" measure-number="275" measure-id="id114hr275" originChamber="HOUSE" orig-publish-date="2015-01-12" update-date="2015-02-03">
<title>To establish a commission to identify and examine issues of national concern related to the conduct of intercollegiate athletics, to make recommendations for the resolution of the issues, and for other purposes.</title>
<summary summary-id="id114hr275v00" currentChamber="HOUSE" update-date="2015-02-03">
<action-date>2015-01-12</action-date>
<action-desc>Introduced in House</action-desc>
<summary-text><![CDATA[<p>Establishes the Presidential Commission on Intercollegiate Athletics to review, analyze, and report to the President and Congress on the following issues related to intercollegiate athletics:</p> <ul> <li>the interaction of athletics and academics,</li> <li>the financing of intercollegiate athletics,</li> <li>the recruitment and retention of student athletes,</li> <li>oversight and governance practices,</li> <li>health and safety protections for student athletes,</li> <li>due process and other protections related to the enforcement of student athlete rules and regulations, and</li> <li>any other issues the Commission considers relevant to understanding the state of intercollegiate athletics.</li> </ul>]]></summary-text>
</summary>
</item>
<dublinCore xmlns:dc="http://purl.org/dc/elements/1.1/">
<dc:format>text/xml</dc:format>
<dc:language>EN</dc:language>
<dc:rights>Pursuant to Title 17 Section 105 of the United States Code, this file is not subject to copyright protection and is in the public domain.</dc:rights>
<dc:contributor>Congressional Research Service, Library of Congress</dc:contributor>
<dc:description>This file contains bill summaries for federal legislation. A bill summary describes the most significant provisions of a piece of legislation and details the effects the legislative text may have on current law and federal programs. Bill summaries are authored by the Congressional Research Service (CRS) of the Library of Congress. As stated in Public Law 91-510 (2 USC 166 (d)(6)), one of the duties of CRS is "to prepare summaries and digests of bills and resolutions of a public general nature introduced in the Senate or House of Representatives". For more information, refer to the User Guide that accompanies this file.</dc:description>
</dublinCore>
</BillSummaries>
