<?xml version="1.0" encoding="UTF-8"?>
<BillSummaries>
<item congress="114" measure-type="hr" measure-number="536" measure-id="id114hr536" originChamber="HOUSE" orig-publish-date="2015-01-26" update-date="2015-02-03">
<title>Provider Tax Administrative Simplification Act of 2015</title>
<summary summary-id="id114hr536v00" currentChamber="HOUSE" update-date="2015-02-03">
<action-date>2015-01-26</action-date>
<action-desc>Introduced in House</action-desc>
<summary-text><![CDATA[<p><b>Provider Tax Administrative Simplification Act of 2015</b></p> <p> Requires the Secretary of Health and Human Services to approve a waiver of the uniform tax requirement (whether or not the tax is broad based), regardless of whether the state concerned satisfies certain requirements, for any state with a provider tax that does not apply to continuing care retirement communities or life care communities that: (1) have no beds certified to provide medical assistance under title XIX (Medicaid) of the Social Security Act, or (2) do not provide services for which Medicaid payment may be made.</p>]]></summary-text>
</summary>
</item>
<dublinCore xmlns:dc="http://purl.org/dc/elements/1.1/">
<dc:format>text/xml</dc:format>
<dc:language>EN</dc:language>
<dc:rights>Pursuant to Title 17 Section 105 of the United States Code, this file is not subject to copyright protection and is in the public domain.</dc:rights>
<dc:contributor>Congressional Research Service, Library of Congress</dc:contributor>
<dc:description>This file contains bill summaries for federal legislation. A bill summary describes the most significant provisions of a piece of legislation and details the effects the legislative text may have on current law and federal programs. Bill summaries are authored by the Congressional Research Service (CRS) of the Library of Congress. As stated in Public Law 91-510 (2 USC 166 (d)(6)), one of the duties of CRS is "to prepare summaries and digests of bills and resolutions of a public general nature introduced in the Senate or House of Representatives". For more information, refer to the User Guide that accompanies this file.</dc:description>
</dublinCore>
</BillSummaries>
