<?xml version="1.0" encoding="UTF-8"?>
<BillSummaries>
<item congress="114" measure-type="hr" measure-number="919" measure-id="id114hr919" originChamber="HOUSE" orig-publish-date="2015-02-12" update-date="2015-02-25">
<title>CHIP Extension and Improvement Act of 2015</title>
<summary summary-id="id114hr919v00" currentChamber="HOUSE" update-date="2015-02-25">
<action-date>2015-02-12</action-date>
<action-desc>Introduced in House</action-desc>
<summary-text><![CDATA[<p><b>CHIP Extension and Improvement Act of 2015</b></p> <p> Revises and extends through FY2019 at generally increased levels the program under title XXI (State Children's Health Insurance) (CHIP) of the Social Security Act (SSAct), and adjusts CHIP allotment requirements accordingly, including the rebasing and growth factor update rules for computing state allotments. Makes appropriations for certain allotments.</p> <p>Directs the Secretary of Health and Human Services to make payments to shortfall states from the Child Enrollment Contingency Fund in each of FY2016-FY2019.</p> <p>Amends the Internal Revenue Code, with respect to minimum essential coverage for a targeted pregnant low-income woman under CHIP, to exclude from such coverage, at a woman's option, pregnancy-related assistance.</p> <p>Directs the Secretary to issue regulations to ensure continuity of care for children who: (1) are undergoing an active course of treatment; and (2) involuntarily change coverage under health insurance, the state plan under Medicaid (SSAct title XIX), or the state child health plan under CHIP during such course of treatment for any reason.</p> <p>Amends SSAct title XIX to allow a state Medicaid plan to provide that an adult determined eligible for Medicaid benefits shall remain eligible for those benefits until the end of a period (not to exceed 12 months) following the determination.</p> <p>Makes permanent the express lane option and the CHIP outreach and enrollment grant program. Gives states the option to extend express lane Medicaid eligibility to adults.</p> <p>Makes permanent the program of grants to conduct outreach and enrollment efforts designed to increase the enrollment and participation of eligible children under CHIP.</p> <p>Requires each contract with a managed care entity under Medicaid to require the provision of and payment for language services for enrolled individuals who are limited English proficient. </p> <p>Prescribes additional cost-sharing requirements under CHIP.</p> <p>Amends SSAct titles XIX and XXI to cover preventive services for children or pregnant women without cost-sharing.</p> <p>Amends SSAct title XIX to cover newly approved vaccines within 30 days after the Advisory Committee on Immunization Practices approves them. Treats CHIP-eligible children as federally vaccine-eligible children.</p> <p>Extends Medicaid coverage of primary care services through calendar 2019, and expands the types of physicians and health care practitioners eligible for reimbursement for providing such services.</p> <p>Extends increased federal medical assistance percentage (FMAP, or federal matching rate) for additional expenditures for primary care services through calendar year 2019.</p> <p>Amends SSAct title XI to extend the pediatric quality measures program through FY2019. </p> <p>Revises the FMAP for activities related to pediatric quality measures.</p> <p>Extends the technical assistance provided to states in adopting and utilizing certain core sets of child health measures to assistance in building their data collection infrastructures as well.</p> <p>Revises requirements for initial core measures.</p> <p>Directs the Secretary to report to Congress on the core set of child health quality measures.</p> <p>Modifies and extends through FY2019: (1) the demonstration projects for improving the quality of children's health care and the use of health information technology, and (2) funding for childhood obesity demonstration projects.</p> <p>Amends SSAct title V (Maternal and Child Health Services) to extend funding through FY2019 for maternal, infant, and early childhood home visiting programs.</p> <p>Amends the Patient Protection and Affordable Care Act to extend through calendar 2019 the Pediatric Accountable Care Organization Demonstration Project.</p> <p>Amends SSAct title XIX to cover therapeutic foster care services.</p>]]></summary-text>
</summary>
</item>
<dublinCore xmlns:dc="http://purl.org/dc/elements/1.1/">
<dc:format>text/xml</dc:format>
<dc:language>EN</dc:language>
<dc:rights>Pursuant to Title 17 Section 105 of the United States Code, this file is not subject to copyright protection and is in the public domain.</dc:rights>
<dc:contributor>Congressional Research Service, Library of Congress</dc:contributor>
<dc:description>This file contains bill summaries for federal legislation. A bill summary describes the most significant provisions of a piece of legislation and details the effects the legislative text may have on current law and federal programs. Bill summaries are authored by the Congressional Research Service (CRS) of the Library of Congress. As stated in Public Law 91-510 (2 USC 166 (d)(6)), one of the duties of CRS is "to prepare summaries and digests of bills and resolutions of a public general nature introduced in the Senate or House of Representatives". For more information, refer to the User Guide that accompanies this file.</dc:description>
</dublinCore>
</BillSummaries>
