<?xml version="1.0" encoding="UTF-8"?>
<BillSummaries>
<item congress="114" measure-type="hr" measure-number="626" measure-id="id114hr626" originChamber="HOUSE" orig-publish-date="2015-01-30" update-date="2015-02-18">
<title>Seniors' Rights to Know Act</title>
<summary summary-id="id114hr626v00" currentChamber="HOUSE" update-date="2015-02-18">
<action-date>2015-01-30</action-date>
<action-desc>Introduced in House</action-desc>
<summary-text><![CDATA[<p><b>Seniors' Rights to Know Act</b></p> <p> Amends title XVIII (Medicare) part C (Medicare+Choice) of the Social Security Act to require the information the Secretary of Health and Human Services provides to promote informed choice on available part C coverage options to describe the changes for the plan year made by a Medicare Advantage (MA) organization, with respect to the MA plan it offers, pursuant to the Patient Protection and Affordable Care Act and the Health Care and Education Reconciliation Act of 2010. Allows such information to assess the effect of such provisions and amendments on MA-eligible individuals who enroll under the plan.</p> <p>Prohibits the Secretary from disapproving the inclusion of any such information in marketing materials or application forms unless it is factually inaccurate for the plan year for which the information is provided or any preceding plan year beginning after March 23, 2010.</p>]]></summary-text>
</summary>
</item>
<dublinCore xmlns:dc="http://purl.org/dc/elements/1.1/">
<dc:format>text/xml</dc:format>
<dc:language>EN</dc:language>
<dc:rights>Pursuant to Title 17 Section 105 of the United States Code, this file is not subject to copyright protection and is in the public domain.</dc:rights>
<dc:contributor>Congressional Research Service, Library of Congress</dc:contributor>
<dc:description>This file contains bill summaries for federal legislation. A bill summary describes the most significant provisions of a piece of legislation and details the effects the legislative text may have on current law and federal programs. Bill summaries are authored by the Congressional Research Service (CRS) of the Library of Congress. As stated in Public Law 91-510 (2 USC 166 (d)(6)), one of the duties of CRS is "to prepare summaries and digests of bills and resolutions of a public general nature introduced in the Senate or House of Representatives". For more information, refer to the User Guide that accompanies this file.</dc:description>
</dublinCore>
</BillSummaries>
