<?xml version="1.0" encoding="UTF-8"?>
<BillSummaries>
<item congress="114" measure-type="hr" measure-number="204" measure-id="id114hr204" originChamber="HOUSE" orig-publish-date="2015-01-08" update-date="2015-01-21">
<title>North Korea Sanctions and Diplomatic Nonrecognition Act of 2015</title>
<summary summary-id="id114hr204v00" currentChamber="HOUSE" update-date="2015-01-21">
<action-date>2015-01-08</action-date>
<action-desc>Introduced in House</action-desc>
<summary-text><![CDATA[<p><strong>North Korea Sanctions and Diplomatic Nonrecognition Act of 2015</strong></p> <p>Continues diplomatic, economic, and military sanctions against the government of North Korea as a supporter of international terrorism until the President certifies to Congress that North Korea: </p> <ul> <li>is no longer engaged in the illegal transfer of missile or nuclear technology, particularly to Iran, Syria, or Burma; </li> <li>is not assisting foreign terrorist organizations, engaged in counterfeiting U.S. currency, or engaged in illicit narcotics traffic; </li> <li>has returned the last remains of Reverend Kim Dong-shik to the United States; </li> <li>has released abducted Japanese nationals and surviving Korean War prisoners of war; </li> <li>has undertaken specified actions regarding family reunification, penal reforms, refugee access, and religious organization communications; and </li> <li> is no longer engaged in cyber-attacks against the United States, its government, infrastructure, entities, or citizens, or those of its allies. </li> </ul> <p>Expresses the sense of Congress that the Secretary of State should redesignate North Korea as a state sponsor of terrorism.</p> <p>Finds that the United States did not grant diplomatic recognition to North Korea upon its establishment as a client regime of the former Soviet Union in 1948.</p> <p>Continues diplomatic nonrecognition of North Korea until such benchmarks have been met.</p> <p>Directs the President, given North Korea's third nuclear weapons test on February 12, 2013, in violation of U.N. Security Council Resolutions 1695, 1718, 1874, and 2087 to instruct the U.S. Permanent Representative to the United Nations to use U.S. influence to secure adoption of a Security Council resolution condemning North Korea's action as a violation of such Resolutions and requiring implementation of comprehensive sanctions and an inspection regime against North Korea.</p>]]></summary-text>
</summary>
</item>
<dublinCore xmlns:dc="http://purl.org/dc/elements/1.1/">
<dc:format>text/xml</dc:format>
<dc:language>EN</dc:language>
<dc:rights>Pursuant to Title 17 Section 105 of the United States Code, this file is not subject to copyright protection and is in the public domain.</dc:rights>
<dc:contributor>Congressional Research Service, Library of Congress</dc:contributor>
<dc:description>This file contains bill summaries for federal legislation. A bill summary describes the most significant provisions of a piece of legislation and details the effects the legislative text may have on current law and federal programs. Bill summaries are authored by the Congressional Research Service (CRS) of the Library of Congress. As stated in Public Law 91-510 (2 USC 166 (d)(6)), one of the duties of CRS is "to prepare summaries and digests of bills and resolutions of a public general nature introduced in the Senate or House of Representatives". For more information, refer to the User Guide that accompanies this file.</dc:description>
</dublinCore>
</BillSummaries>
