<?xml version="1.0" encoding="UTF-8"?><BillSummaries>
<item congress="114" measure-type="hr" measure-number="210" measure-id="id114hr210" originChamber="HOUSE" orig-publish-date="2015-01-08" update-date="2016-07-21">
<title>Student Worker Exemption Act of 2016</title>
<summary summary-id="id114hr210v17" currentChamber="HOUSE" update-date="2016-07-21">
<action-date>2016-07-05</action-date>
<action-desc>Reported to House amended</action-desc>
<summary-text><![CDATA[<p><strong>Student Worker Exemption Act of </strong> <b>2016</b></p> <p>(Sec. 2) This bill amends the Internal Revenue Code to exclude students who are employed by an institution of higher education (IHE) and carrying a full-time academic workload at the IHE from being counted as full-time employees in calculating the IHE's shared responsibility regarding health care coverage under the Patient Protection and Affordable Care Act.</p>]]></summary-text>
</summary>
<summary summary-id="id114hr210v00" currentChamber="HOUSE" update-date="2015-01-20">
<action-date>2015-01-08</action-date>
<action-desc>Introduced in House</action-desc>
<summary-text><![CDATA[<p><strong>Student Worker Exemption Act of 2015</strong></p> <p>Amends the Internal Revenue Code to exclude students who are employed by an institution of higher education (IHE) and carrying a full-time academic workload at the IHE from being counted as full-time employees in calculating the IHE's shared responsibility regarding health care coverage under the Patient Protection and Affordable Care Act.</p>]]></summary-text>
</summary>
</item>
<dublinCore xmlns:dc="http://purl.org/dc/elements/1.1/">
<dc:format>text/xml</dc:format>
<dc:language>EN</dc:language>
<dc:rights>Pursuant to Title 17 Section 105 of the United States Code, this file is not subject to copyright protection and is in the public domain.</dc:rights>
<dc:contributor>Congressional Research Service, Library of Congress</dc:contributor>
<dc:description>This file contains bill summaries for federal legislation. A bill summary describes the most significant provisions of a piece of legislation and details the effects the legislative text may have on current law and federal programs. Bill summaries are authored by the Congressional Research Service (CRS) of the Library of Congress. As stated in Public Law 91-510 (2 USC 166 (d)(6)), one of the duties of CRS is "to prepare summaries and digests of bills and resolutions of a public general nature introduced in the Senate or House of Representatives". For more information, refer to the User Guide that accompanies this file.</dc:description>
</dublinCore>
</BillSummaries>
