<?xml version="1.0" encoding="UTF-8"?>
<BillSummaries>
<item congress="114" measure-type="hr" measure-number="512" measure-id="id114hr512" originChamber="HOUSE" orig-publish-date="2015-01-22" update-date="2015-02-03">
<title>DISARM Act of 2015</title>
<summary summary-id="id114hr512v00" currentChamber="HOUSE" update-date="2015-02-03">
<action-date>2015-01-22</action-date>
<action-desc>Introduced in House</action-desc>
<summary-text><![CDATA[<p><b>Developing an Innovative Strategy for Antimicrobial Resistant Microorganisms Act of 2015 </b>or the <b> DISARM Act of 2015</b></p> <p> Amends title XVIII (Medicare) of the Social Security Act to direct the Secretary of Health and Human Services to: (1) recognize the costs of DISARM antimicrobial drugs under the Medicare payment system for the inpatient services of subsection (d) hospitals, (2) provide for additional payment with respect to discharges involving such drugs, (3) publish in the Federal Register a list of the DISARM antimicrobial drugs, and (4) make a proportional adjustment in standardized payment amounts to assure that the requirements of this Act do not result in aggregate payments greater or less than those that would otherwise be made for a fiscal year.</p> <p>(Generally, a subsection [d] hospital is an acute care hospital, particularly one that receives payments under Medicare's inpatient prospective payment system [IPPS] when providing covered inpatient services to eligible beneficiaries.)</p> <p>Defines a &quot;DISARM antimicrobial drug&quot; as one approved or licensed by the Food and Drug Administration on or after January 1, 2015, which, among other things, is intended to treat an infection:</p> <ul> <li>caused by, or likely to be caused by, a qualifying pathogen;</li> <li>associated with high rates of mortality or significant patient morbidity; and</li> <li>for which there is an unmet medical need.</li> </ul> <p>Requires that the mechanism established by the Secretary to recognize the costs of new medical services and technologies that are not DISARM antimicrobial drugs under the Medicare payment system is applicable to new medical services or technology if the service or technology is not a DISARM antimicrobial drug. </p> <p>Directs the Comptroller General to study the barriers that prevent the development of DISARM antimicrobial drugs and develop recommendations for actions to be taken in order to overcome those barriers.</p>]]></summary-text>
</summary>
</item>
<dublinCore xmlns:dc="http://purl.org/dc/elements/1.1/">
<dc:format>text/xml</dc:format>
<dc:language>EN</dc:language>
<dc:rights>Pursuant to Title 17 Section 105 of the United States Code, this file is not subject to copyright protection and is in the public domain.</dc:rights>
<dc:contributor>Congressional Research Service, Library of Congress</dc:contributor>
<dc:description>This file contains bill summaries for federal legislation. A bill summary describes the most significant provisions of a piece of legislation and details the effects the legislative text may have on current law and federal programs. Bill summaries are authored by the Congressional Research Service (CRS) of the Library of Congress. As stated in Public Law 91-510 (2 USC 166 (d)(6)), one of the duties of CRS is "to prepare summaries and digests of bills and resolutions of a public general nature introduced in the Senate or House of Representatives". For more information, refer to the User Guide that accompanies this file.</dc:description>
</dublinCore>
</BillSummaries>
