<?xml version="1.0" encoding="UTF-8"?>
<BillSummaries>
<item congress="114" measure-type="hr" measure-number="358" measure-id="id114hr358" originChamber="HOUSE" orig-publish-date="2015-01-14" update-date="2015-01-30">
<title>National Purple Heart Hall of Honor Commemorative Coin Act</title>
<summary summary-id="id114hr358v00" currentChamber="HOUSE" update-date="2015-01-30">
<action-date>2015-01-14</action-date>
<action-desc>Introduced in House</action-desc>
<summary-text><![CDATA[<p><b>National Purple Heart Hall of Honor Commemorative Coin Act</b></p> <p> Directs the Secretary of the Treasury to mint and issue $5 gold coins, $1 silver coins, and half-dollar clad coins emblematic of the National Purple Heart Hall of Honor.</p> <p>Limits the minting of such coins to the one-year period beginning on January 1, 2017.</p> <p>Prescribes surcharges for coin sales, which shall be paid to the National Purple Heart Hall of Honor, Inc., to help finance the construction of a new building and renovation of existing National Purple Heart Hall of Honor facilities.</p>]]></summary-text>
</summary>
</item>
<dublinCore xmlns:dc="http://purl.org/dc/elements/1.1/">
<dc:format>text/xml</dc:format>
<dc:language>EN</dc:language>
<dc:rights>Pursuant to Title 17 Section 105 of the United States Code, this file is not subject to copyright protection and is in the public domain.</dc:rights>
<dc:contributor>Congressional Research Service, Library of Congress</dc:contributor>
<dc:description>This file contains bill summaries for federal legislation. A bill summary describes the most significant provisions of a piece of legislation and details the effects the legislative text may have on current law and federal programs. Bill summaries are authored by the Congressional Research Service (CRS) of the Library of Congress. As stated in Public Law 91-510 (2 USC 166 (d)(6)), one of the duties of CRS is "to prepare summaries and digests of bills and resolutions of a public general nature introduced in the Senate or House of Representatives". For more information, refer to the User Guide that accompanies this file.</dc:description>
</dublinCore>
</BillSummaries>
