<?xml version="1.0" encoding="UTF-8"?>
<BillSummaries>
<item congress="114" measure-type="hr" measure-number="993" measure-id="id114hr993" originChamber="HOUSE" orig-publish-date="2015-02-13" update-date="2015-03-09">
<title>Veterans' Independent Living Enhancement Act</title>
<summary summary-id="id114hr993v00" currentChamber="HOUSE" update-date="2015-03-09">
<action-date>2015-02-13</action-date>
<action-desc>Introduced in House</action-desc>
<summary-text><![CDATA[<p><strong>Veterans' Independent Living Enhancement Act</strong></p> <p>Repeals provisions that: (1) prohibit the initiation of Department of Veterans Affairs programs providing independent living services and assistance for greater than 2,700 veterans in each fiscal year, and (2) require giving first priority under such programs to veterans for whom the reasonable feasibility of achieving a vocational goal is precluded solely as a result of disability.</p>]]></summary-text>
</summary>
</item>
<dublinCore xmlns:dc="http://purl.org/dc/elements/1.1/">
<dc:format>text/xml</dc:format>
<dc:language>EN</dc:language>
<dc:rights>Pursuant to Title 17 Section 105 of the United States Code, this file is not subject to copyright protection and is in the public domain.</dc:rights>
<dc:contributor>Congressional Research Service, Library of Congress</dc:contributor>
<dc:description>This file contains bill summaries for federal legislation. A bill summary describes the most significant provisions of a piece of legislation and details the effects the legislative text may have on current law and federal programs. Bill summaries are authored by the Congressional Research Service (CRS) of the Library of Congress. As stated in Public Law 91-510 (2 USC 166 (d)(6)), one of the duties of CRS is "to prepare summaries and digests of bills and resolutions of a public general nature introduced in the Senate or House of Representatives". For more information, refer to the User Guide that accompanies this file.</dc:description>
</dublinCore>
</BillSummaries>
