<?xml version="1.0" encoding="UTF-8"?>
<BillSummaries>
<item congress="114" measure-type="hr" measure-number="152" measure-id="id114hr152" originChamber="HOUSE" orig-publish-date="2015-01-06" update-date="2015-08-11">
<title>Corolla Wild Horses Protection Act</title>
<summary summary-id="id114hr152v79" currentChamber="HOUSE" update-date="2015-08-11">
<action-date>2015-04-20</action-date>
<action-desc>Reported to House without amendment</action-desc>
<summary-text><![CDATA[<p>(This measure has not been amended since it was introduced. The summary has been expanded because action occurred on the measure.)</p> <p><b>Corolla Wild Horses Protection Act</b> </p> <p> Directs the Department of the Interior to enter into an agreement with the Corolla Wild Horse Fund, Currituck County, North Carolina, and the state of North Carolina to provide for the management of free-roaming wild horses in and around the Currituck National Wildlife Refuge. </p> <p>Requires that such agreement: (1) allow a herd of between 110 and 130 free-roaming wild horses in and around the Refuge; (2) provide for cost-effective management of such horses while ensuring that natural resources within the Refuge are not adversely impacted; (3) provide for the introduction of a small number of free-roaming wild horses from the herd at Cape Lookout National Seashore as is necessary to maintain the genetic viability of the herd in and around the Refuge; and (4) require such Fund to pay the costs of inspecting the health of the horses, maintaining records, coordinating the removal and placement of such horses, and administering a viable population control plan for the horses. </p> <p>Prohibits the removal of any horse from the Seashore for introduction at the Refuge except with the approval of the Foundation for Shackleford Horses Inc. and consistent with the memorandum of understanding between the National Park Service and the Foundation and the management plan for the Shackleford Banks Horse Herd. </p> <p> Declares that nothing in this Act shall be construed as creating liability of the United States for any damages caused by the free-roaming wild horses to any person or property located inside or outside the boundaries of the Refuge. </p> <p>]]></summary-text>
</summary>
<summary summary-id="id114hr152v00" currentChamber="HOUSE" update-date="2015-02-05">
<action-date>2015-01-06</action-date>
<action-desc>Introduced in House</action-desc>
<summary-text><![CDATA[<p><b>Corolla Wild Horses Protection Act</b> </p> <p> Directs the Secretary of the Interior to enter into an agreement within 180 days with the Corolla Wild Horse Fund, Currituck County, North Carolina, and the state of North Carolina to provide for the management of free-roaming wild horses in and around the Currituck National Wildlife Refuge. </p> <p>]]></summary-text>
</summary>
</item>
<dublinCore xmlns:dc="http://purl.org/dc/elements/1.1/">
<dc:format>text/xml</dc:format>
<dc:language>EN</dc:language>
<dc:rights>Pursuant to Title 17 Section 105 of the United States Code, this file is not subject to copyright protection and is in the public domain.</dc:rights>
<dc:contributor>Congressional Research Service, Library of Congress</dc:contributor>
<dc:description>This file contains bill summaries for federal legislation. A bill summary describes the most significant provisions of a piece of legislation and details the effects the legislative text may have on current law and federal programs. Bill summaries are authored by the Congressional Research Service (CRS) of the Library of Congress. As stated in Public Law 91-510 (2 USC 166 (d)(6)), one of the duties of CRS is "to prepare summaries and digests of bills and resolutions of a public general nature introduced in the Senate or House of Representatives". For more information, refer to the User Guide that accompanies this file.</dc:description>
</dublinCore>
</BillSummaries>
