<?xml version="1.0" encoding="UTF-8"?>
<BillSummaries>
<item congress="114" measure-type="hr" measure-number="853" measure-id="id114hr853" originChamber="HOUSE" orig-publish-date="2015-02-10" update-date="2015-02-18">
<title>Small Airport Regulation Relief Act of 2015</title>
<summary summary-id="id114hr853v00" currentChamber="HOUSE" update-date="2015-02-18">
<action-date>2015-02-10</action-date>
<action-desc>Introduced in House</action-desc>
<summary-text><![CDATA[<p><b>Small Airport Regulation Relief Act of 2015 </b></p> <p> Prescribes a special rule to require the Secretary of Transportation for FY2015 and FY2016 to apportion amounts for airport planning and development and noise compatibility planning and programs to sponsors of primary airports based on the number of passenger boardings at the airport during calendar year 2012 if it had: (1) fewer than 10,000 passenger boardings during the calendar year used to calculate the apportionment for FY2015 or FY2016, and (2) 10,000 or more passenger boardings during calendar year 2012.</p>]]></summary-text>
</summary>
</item>
<dublinCore xmlns:dc="http://purl.org/dc/elements/1.1/">
<dc:format>text/xml</dc:format>
<dc:language>EN</dc:language>
<dc:rights>Pursuant to Title 17 Section 105 of the United States Code, this file is not subject to copyright protection and is in the public domain.</dc:rights>
<dc:contributor>Congressional Research Service, Library of Congress</dc:contributor>
<dc:description>This file contains bill summaries for federal legislation. A bill summary describes the most significant provisions of a piece of legislation and details the effects the legislative text may have on current law and federal programs. Bill summaries are authored by the Congressional Research Service (CRS) of the Library of Congress. As stated in Public Law 91-510 (2 USC 166 (d)(6)), one of the duties of CRS is "to prepare summaries and digests of bills and resolutions of a public general nature introduced in the Senate or House of Representatives". For more information, refer to the User Guide that accompanies this file.</dc:description>
</dublinCore>
</BillSummaries>
