<?xml version="1.0" encoding="UTF-8"?>
<BillSummaries>
<item congress="114" measure-type="hr" measure-number="286" measure-id="id114hr286" originChamber="HOUSE" orig-publish-date="2015-01-12" update-date="2015-01-23">
<title>Little Shell Tribe of Chippewa Indians Restoration Act of 2015</title>
<summary summary-id="id114hr286v00" currentChamber="HOUSE" update-date="2015-01-23">
<action-date>2015-01-12</action-date>
<action-desc>Introduced in House</action-desc>
<summary-text><![CDATA[<p><b>Little Shell Tribe of Chippewa Indians Restoration Act of 2015</b></p> <p> Extends federal recognition to the Little Shell Tribe of Chippewa Indians of Montana. Makes the Tribe and each member eligible for all services and benefits provided by the United States to Indians and federally recognized Indian tribes, without regard to the existence of a reservation for the Tribe or the location of the residence of any member on or near an Indian reservation. </p> <p>Considers the federal service area of the Tribe to be the area comprised of Blaine, Cascade, Glacier, and Hill Counties, Montana.</p> <p> Directs the Tribe, as a condition of receiving recognition, services, and benefits pursuant to this Act, to submit to the Secretary of the Interior a membership roll consisting of the name of each individual enrolled as a member of the Tribe. Requires the Tribe to maintain such membership roll. </p> <p>Directs the Secretary to acquire, for the benefit of the Tribe, trust title to 200 acres of land within the Tribe's service area to be used for a tribal land base. </p>]]></summary-text>
</summary>
</item>
<dublinCore xmlns:dc="http://purl.org/dc/elements/1.1/">
<dc:format>text/xml</dc:format>
<dc:language>EN</dc:language>
<dc:rights>Pursuant to Title 17 Section 105 of the United States Code, this file is not subject to copyright protection and is in the public domain.</dc:rights>
<dc:contributor>Congressional Research Service, Library of Congress</dc:contributor>
<dc:description>This file contains bill summaries for federal legislation. A bill summary describes the most significant provisions of a piece of legislation and details the effects the legislative text may have on current law and federal programs. Bill summaries are authored by the Congressional Research Service (CRS) of the Library of Congress. As stated in Public Law 91-510 (2 USC 166 (d)(6)), one of the duties of CRS is "to prepare summaries and digests of bills and resolutions of a public general nature introduced in the Senate or House of Representatives". For more information, refer to the User Guide that accompanies this file.</dc:description>
</dublinCore>
</BillSummaries>
