<?xml version="1.0" encoding="UTF-8"?>
<BillSummaries>
<item congress="114" measure-type="hr" measure-number="425" measure-id="id114hr425" originChamber="HOUSE" orig-publish-date="2015-01-21" update-date="2015-06-25">
<title>Stop Super PAC-Candidate Coordination Act</title>
<summary summary-id="id114hr425v00" currentChamber="HOUSE" update-date="2015-06-25">
<action-date>2015-01-21</action-date>
<action-desc>Introduced in House</action-desc>
<summary-text><![CDATA[<p><b>Stop Super PAC-Candidate Coordination Act</b></p> <p>Amends the Federal Election Campaign Act of 1971 (FECA) to treat as a campaign contribution any payment made by any person (other than a candidate, an authorized committee of a candidate, or a political committee of a political party) for a coordinated expenditure which is not otherwise treated as a contribution.</p> <p>(In effect, replaces and eliminates a prohibition against contributions by minors which the U.S. Supreme Court in <i>McConnell v. Federal Election Commission</i> ruled an unconstitutional violation of the First Amendment.)</p> <p>Sets forth rules governing payments for coordinated expenditures, including special rule for payments by coordinated spenders for covered communications.</p> <p>Defines "covered communication" as a public communication which: (1) expressly advocates the election of the candidate or the defeat of an opponent of the candidate (or contains the functional equivalent of express advocacy); (2) promotes or supports the candidate, or attacks or opposes an opponent of the candidate (regardless of whether the communication expressly advocates the election or defeat of a candidate or contains the functional equivalent of express advocacy); or (3) refers to the candidate or an opponent of the candidate in other ways, but only if the communication is disseminated during the applicable election period.</p> <p>Prescribes penalties for knowing and willfull violation of this Act by a contribution which consists of a payment for a coordinated expenditure.</p> <p>Prohibits candidates or individuals holding federal office, their agents, and certain related entities from soliciting, receiving, directing, or transferring funds to or on behalf of any political committee which accepts donations or contributions that do not comply with FECA limitations, prohibitions, and reporting requirements, or to or on behalf of any 527 organization which accepts such donations or contributions (other than a committee of a state or local political party or a candidate for election for state or local office).</p> <p>(A 527 organization, tax-exempt in certain circumstances under Section 527 of the Internal Revenue Code, is created primarily to influence the selection, nomination, election, appointment or defeat of candidates to federal, state or local public office.)</p>]]></summary-text>
</summary>
</item>
<dublinCore xmlns:dc="http://purl.org/dc/elements/1.1/">
<dc:format>text/xml</dc:format>
<dc:language>EN</dc:language>
<dc:rights>Pursuant to Title 17 Section 105 of the United States Code, this file is not subject to copyright protection and is in the public domain.</dc:rights>
<dc:contributor>Congressional Research Service, Library of Congress</dc:contributor>
<dc:description>This file contains bill summaries for federal legislation. A bill summary describes the most significant provisions of a piece of legislation and details the effects the legislative text may have on current law and federal programs. Bill summaries are authored by the Congressional Research Service (CRS) of the Library of Congress. As stated in Public Law 91-510 (2 USC 166 (d)(6)), one of the duties of CRS is "to prepare summaries and digests of bills and resolutions of a public general nature introduced in the Senate or House of Representatives". For more information, refer to the User Guide that accompanies this file.</dc:description>
</dublinCore>
</BillSummaries>
