<?xml version="1.0" encoding="UTF-8"?>
<BillSummaries>
<item congress="114" measure-type="hr" measure-number="678" measure-id="id114hr678" originChamber="HOUSE" orig-publish-date="2015-02-03" update-date="2015-02-27">
<title>21st Century Classroom Innovation Act</title>
<summary summary-id="id114hr678v00" currentChamber="HOUSE" update-date="2015-02-27">
<action-date>2015-02-03</action-date>
<action-desc>Introduced in House</action-desc>
<summary-text><![CDATA[<p> <strong>21st Century Classroom Innovation Act</strong></p> <p>Amends part A (Teacher and Principal Training and Recruiting Fund) of title II of the Elementary and Secondary Education Act of 1965 to allow states to use up to 5% of their part A grant funds that are reserved for allocating subgrants to local educational agencies (LEAs) to award competitive grants to LEAs, charter schools, or consortia of such entities to carry out blended learning projects.</p> <p>Defines a &quot;blended learning project&quot; as a formal education program that: (1) includes an element of online learning and instructional time in a supervised location away from home; (2) includes an element of student control over time, path, or pace; and (3) connects the elements of the education program to provide an integrated learning experience.</p> <p>Requires the competitive grant funds to be used for: (1) planning activities, the purchase of digital instructional resources, initial professional development activities, and one-time information technology purchases; or (2) ongoing professional development for teachers, school leaders, or other personnel involved in the project.</p> <p>Requires each state making such a grant to contribute non-federal funds equal to at least 10% of the grant.</p>]]></summary-text>
</summary>
</item>
<dublinCore xmlns:dc="http://purl.org/dc/elements/1.1/">
<dc:format>text/xml</dc:format>
<dc:language>EN</dc:language>
<dc:rights>Pursuant to Title 17 Section 105 of the United States Code, this file is not subject to copyright protection and is in the public domain.</dc:rights>
<dc:contributor>Congressional Research Service, Library of Congress</dc:contributor>
<dc:description>This file contains bill summaries for federal legislation. A bill summary describes the most significant provisions of a piece of legislation and details the effects the legislative text may have on current law and federal programs. Bill summaries are authored by the Congressional Research Service (CRS) of the Library of Congress. As stated in Public Law 91-510 (2 USC 166 (d)(6)), one of the duties of CRS is "to prepare summaries and digests of bills and resolutions of a public general nature introduced in the Senate or House of Representatives". For more information, refer to the User Guide that accompanies this file.</dc:description>
</dublinCore>
</BillSummaries>
