<?xml version="1.0" encoding="UTF-8"?>
<BillSummaries>
<item congress="114" measure-type="hr" measure-number="616" measure-id="id114hr616" originChamber="HOUSE" orig-publish-date="2015-01-28" update-date="2015-02-11">
<title>To amend the Immigration and Nationality Act to provide for reforms to the EB-5 immigrant investor program, and for other purposes.</title>
<summary summary-id="id114hr616v00" currentChamber="HOUSE" update-date="2015-02-11">
<action-date>2015-01-28</action-date>
<action-desc>Introduced in House</action-desc>
<summary-text><![CDATA[<p><strong>American Entrepreneurship and Investment Act of 2015</strong></p> <p> Amends the Immigration and Nationality Act to make the EB-5 immigrant investor program permanent.</p> <p>Increases the targeted employment area set-aside.</p> <p>Directs the Secretary of Homeland Security to defer to state targeted employment area designations.</p> <p>Directs the Secretary to: (1) establish a preapproval procedure for commercial enterprises that allows a regional center to apply for preapproval of a new commercial enterprise before an alien files a petition for classification by reason of investment in such enterprise; and (2) defer to certain prior favorable EB-5 determinations except in the case of fraud, material change, or legal deficiency.</p> <p>Prohibits a person who has been found liable for specified criminal or civil activities from serving as an owner, director, or officer of a regional center. </p> <p>Requires EB-5 petitions to be adjudicated within 180 days unless additional information is required. </p> <p>Provides that the child of an alien investor whose conditional permanent resident status is terminated shall continue to be considered a child of the alien investor for purposes of a subsequent immigrant petition by the alien investor if the child remains unmarried and the alien investor's subsequent petition is filed within one year after termination of status. </p> <p>Provides for a consolidated petition by an alien investor and his or her spouse and children. </p> <p>Exempts spouses and children of EB-5 immigrants from EB-5 admissions limits. </p> <p>Authorizes concurrent filing of EB-5 petitions and applications for status adjustment to conditional lawful permanent resident. </p> <p>Eliminates the per-country limit for employment-based immigrants and increases the per-country limit for family-based immigrants. </p> <p>Amends the Chinese Student Protection Act of 1992 to eliminate the requirement that the annual Chinese immigrant visas be reduced by a specified amount to offset status adjustments under that Act.</p> <p>Subjects EB-5 petitions to the Foreign Corrupt Practices Act.</p>]]></summary-text>
</summary>
</item>
<dublinCore xmlns:dc="http://purl.org/dc/elements/1.1/">
<dc:format>text/xml</dc:format>
<dc:language>EN</dc:language>
<dc:rights>Pursuant to Title 17 Section 105 of the United States Code, this file is not subject to copyright protection and is in the public domain.</dc:rights>
<dc:contributor>Congressional Research Service, Library of Congress</dc:contributor>
<dc:description>This file contains bill summaries for federal legislation. A bill summary describes the most significant provisions of a piece of legislation and details the effects the legislative text may have on current law and federal programs. Bill summaries are authored by the Congressional Research Service (CRS) of the Library of Congress. As stated in Public Law 91-510 (2 USC 166 (d)(6)), one of the duties of CRS is "to prepare summaries and digests of bills and resolutions of a public general nature introduced in the Senate or House of Representatives". For more information, refer to the User Guide that accompanies this file.</dc:description>
</dublinCore>
</BillSummaries>
