<?xml version="1.0" encoding="UTF-8"?>
<BillSummaries>
<item congress="114" measure-type="hr" measure-number="474" measure-id="id114hr474" originChamber="HOUSE" orig-publish-date="2015-01-22" update-date="2015-05-19">
<title>Homeless Veterans' Reintegration Programs Reauthorization Act of 2015</title>
<summary summary-id="id114hr474v81" currentChamber="HOUSE" update-date="2015-05-19">
<action-date>2015-05-18</action-date>
<action-desc>Passed House without amendment</action-desc>
<summary-text><![CDATA[<p>(This measure has not been amended since it was introduced. The summary has been expanded because action occurred on the measure.)</p> <p><strong>Homeless Veterans' Reintegration Programs Reauthorization Act of 2015</strong></p> <p>(Sec. 2) Extends through FY2020 the Department of Veterans Affairs (VA) homeless veterans reintegration programs. (Those programs provide job training, counseling, and placement services to homeless veterans to expedite their reintegration into the labor force.)</p> <p>(Sec. 3) Makes eligible for participation in those programs: (1) homeless veterans, (2) veterans who are participating in the VA supported housing program for which rental assistance is provided under the United States Housing Act of 1937, and (3) veterans who are transitioning from being incarcerated.</p>]]></summary-text>
</summary>
<summary summary-id="id114hr474v00" currentChamber="HOUSE" update-date="2015-03-06">
<action-date>2015-01-22</action-date>
<action-desc>Introduced in House</action-desc>
<summary-text><![CDATA[<p><strong>Homeless Veterans' Reintegration Programs Reauthorization Act of 2015</strong></p> <p>Extends through FY2020 the Department of Veterans Affairs (VA) homeless veterans reintegration programs. (Those programs provide job training, counseling, and placement services to homeless veterans to expedite their reintegration into the labor force.)</p> <p>Makes eligible for participation in those programs: (1) homeless veterans, (2) veterans who are participating in the VA supported housing program for which rental assistance is provided under the United States Housing Act of 1937, and (3) veterans who are transitioning from being incarcerated.</p>]]></summary-text>
</summary>
</item>
<dublinCore xmlns:dc="http://purl.org/dc/elements/1.1/">
<dc:format>text/xml</dc:format>
<dc:language>EN</dc:language>
<dc:rights>Pursuant to Title 17 Section 105 of the United States Code, this file is not subject to copyright protection and is in the public domain.</dc:rights>
<dc:contributor>Congressional Research Service, Library of Congress</dc:contributor>
<dc:description>This file contains bill summaries for federal legislation. A bill summary describes the most significant provisions of a piece of legislation and details the effects the legislative text may have on current law and federal programs. Bill summaries are authored by the Congressional Research Service (CRS) of the Library of Congress. As stated in Public Law 91-510 (2 USC 166 (d)(6)), one of the duties of CRS is "to prepare summaries and digests of bills and resolutions of a public general nature introduced in the Senate or House of Representatives". For more information, refer to the User Guide that accompanies this file.</dc:description>
</dublinCore>
</BillSummaries>
