<?xml version="1.0" encoding="UTF-8"?>
<BillSummaries>
<item congress="114" measure-type="hr" measure-number="623" measure-id="id114hr623" originChamber="HOUSE" orig-publish-date="2015-01-30" update-date="2015-11-12">
<title>DHS Social Media Improvement Act of 2015</title>
<summary summary-id="id114hr623v49" currentChamber="BOTH" update-date="2015-11-12">
<action-date>2015-11-05</action-date>
<action-desc>Public Law</action-desc>
<summary-text><![CDATA[<p>(This measure has not been amended since it was reported to the Senate on September 21, 2015. The summary of that version is repeated here.)</p> <p><b>DHS Social Media Improvement Act of 2015</b></p> <p>(Sec. 2) Amends the Homeland Security Act of 2002 to direct the Secretary of Homeland Security to establish within the Department of Homeland Security (DHS) a social media working group (the Group) to identify, and provide guidance and best practices to the emergency preparedness and response community on, the use of social media technologies before, during, and after a natural disaster or an act of terrorism or other man-made disaster.</p> <p>Requires the Group to submit an annual report that includes:</p> <ul> <li> a review and analysis of social media technologies used to support preparedness and response activities;</li> <li> a review of best practices and lessons learned;</li> <li> recommendations to improve DHS's use of social media technologies for emergency management purposes, recommendations to improve public awareness of the type of information disseminated through such technologies, and recommendations on how to access such information during a disaster;</li> <li>a review of available training for government officials on the use of social media technologies in response to a disaster; and</li> <li> a review of coordination efforts with the private sector to discuss and resolve legal, operational, technical, privacy, and security concerns. </li> </ul> <p>Terminates the Group five years after the enactment of this Act unless the chairperson renews it for a successive five-year period by submitting a certification that the continued existence of the Group is necessary. Provides for successive five-year renewal periods.</p>]]></summary-text>
</summary>
<summary summary-id="id114hr623v35" currentChamber="SENATE" update-date="2015-10-15">
<action-date>2015-10-07</action-date>
<action-desc>Passed Senate amended</action-desc>
<summary-text><![CDATA[<p>(This measure has not been amended since it was reported to the Senate on September 21, 2015. The summary of that version is repeated here.)</p> <p><b>DHS Social Media Improvement Act of 2015</b></p> <p>(Sec. 2) Amends the Homeland Security Act of 2002 to direct the Secretary of Homeland Security to establish within the Department of Homeland Security (DHS) a social media working group (the Group) to identify, and provide guidance and best practices to the emergency preparedness and response community on, the use of social media technologies before, during, and after a natural disaster or an act of terrorism or other man-made disaster.</p> <p>Requires the Group to submit an annual report that includes:</p> <ul> <li> a review and analysis of social media technologies used to support preparedness and response activities;</li> <li> a review of best practices and lessons learned;</li> <li> recommendations to improve DHS's use of social media technologies for emergency management purposes, recommendations to improve public awareness of the type of information disseminated through such technologies, and recommendations on how to access such information during a disaster;</li> <li>a review of available training for government officials on the use of social media technologies in response to a disaster; and</li> <li> a review of coordination efforts with the private sector to discuss and resolve legal, operational, technical, privacy, and security concerns. </li> </ul> <p>Terminates the Group five years after the enactment of this Act unless the chairperson renews it for a successive five-year period by submitting a certification that the continued existence of the Group is necessary. Provides for successive five-year renewal periods.</p>]]></summary-text>
</summary>
<summary summary-id="id114hr623v01" currentChamber="SENATE" update-date="2015-09-26">
<action-date>2015-09-21</action-date>
<action-desc>Reported to Senate amended</action-desc>
<summary-text><![CDATA[<p><b>DHS Social Media Improvement Act of 2015</b></p> <p>(Sec. 2) Amends the Homeland Security Act of 2002 to direct the Secretary of Homeland Security to establish within the Department of Homeland Security (DHS) a social media working group (the Group) to identify, and provide guidance and best practices to the emergency preparedness and response community on, the use of social media technologies before, during, and after a natural disaster or an act of terrorism or other man-made disaster.</p> <p>Requires the Group to submit an annual report that includes:</p> <ul> <li> a review and analysis of social media technologies used to support preparedness and response activities;</li> <li> a review of best practices and lessons learned;</li> <li> recommendations to improve DHS's use of social media technologies for emergency management purposes, recommendations to improve public awareness of the type of information disseminated through such technologies, and recommendations on how to access such information during a disaster;</li> <li>a review of available training for government officials on the use of social media technologies in response to a disaster; and</li> <li> a review of coordination efforts with the private sector to discuss and resolve legal, operational, technical, privacy, and security concerns. </li> </ul> <p>Terminates the Group five years after the enactment of this Act unless the chairperson renews it for a successive five-year period by submitting a certification that the continued existence of the Group is necessary. Provides for successive five-year renewal periods.</p>]]></summary-text>
</summary>
<summary summary-id="id114hr623v81" currentChamber="HOUSE" update-date="2015-02-05">
<action-date>2015-02-02</action-date>
<action-desc>Passed House without amendment</action-desc>
<summary-text><![CDATA[<p>(This measure has not been amended since it was introduced. The summary has been expanded because action occurred on the measure.)</p> <p><b>Social Media Working Group Act of 2015</b></p> <p>(Sec. 2) Amends the Homeland Security Act of 2002 to direct the Secretary of Homeland Security to establish within the Department of Homeland Security (DHS) a social media working group (the Group) to provide guidance and best practices to the emergency preparedness and response community on the use of social media technologies before, during, and after a terrorist attack or other emergency. </p> <p>Requires the Group to submit an annual report that includes: (1) a review of current and emerging social media technologies being used to support preparedness and response activities related to terrorist attacks and other emergencies; (2) a review of best practices and lessons learned on the use of social media during the response to terrorist attacks and other emergencies that occurred during the period covered by the report; (3) recommendations to improve DHS's use of social media for emergency management purposes, to improve public awareness of the type of information disseminated through social media and how to access such information during a terrorist attack or other emergency, and to improve information sharing among DHS and its components and among state and local governments; (4) a review of available training for government officials on the use of social media in response to a terrorist attack or other emergency; and (5) a summary of coordination efforts with the private sector to discuss and resolve legal, operational, technical, privacy, and security concerns. </p>]]></summary-text>
</summary>
<summary summary-id="id114hr623v00" currentChamber="HOUSE" update-date="2015-02-02">
<action-date>2015-01-30</action-date>
<action-desc>Introduced in House</action-desc>
<summary-text><![CDATA[<p><b>Social Media Working Group Act of 2015</b></p>  <p>Amends the Homeland Security Act of 2002 to direct the Secretary of Homeland Security to establish within the Department of Homeland Security (DHS) a social media working group (the Group) to provide guidance and best practices to the emergency preparedness and response community on the use of social media technologies before, during, and after a terrorist attack or other emergency. </p> <p>Requires the Group to submit an annual report that includes: (1) a review of current and emerging social media technologies being used to support preparedness and response activities related to terrorist attacks and other emergencies; (2) a review of best practices and lessons learned on the use of social media during the response to terrorist attacks and other emergencies that occurred during the period covered by the report; (3) recommendations to improve DHS's use of social media for emergency management purposes, to improve public awareness of the type of information disseminated through social media and how to access such information during a terrorist attack or other emergency, and to improve information sharing among DHS and its components and among state and local governments; (4) a review of available training for government officials on the use of social media in response to a terrorist attack or other emergency; and (5) a summary of coordination efforts with the private sector to discuss and resolve legal, operational, technical, privacy, and security concerns. </p>]]></summary-text>
</summary>
</item>
<dublinCore xmlns:dc="http://purl.org/dc/elements/1.1/">
<dc:format>text/xml</dc:format>
<dc:language>EN</dc:language>
<dc:rights>Pursuant to Title 17 Section 105 of the United States Code, this file is not subject to copyright protection and is in the public domain.</dc:rights>
<dc:contributor>Congressional Research Service, Library of Congress</dc:contributor>
<dc:description>This file contains bill summaries for federal legislation. A bill summary describes the most significant provisions of a piece of legislation and details the effects the legislative text may have on current law and federal programs. Bill summaries are authored by the Congressional Research Service (CRS) of the Library of Congress. As stated in Public Law 91-510 (2 USC 166 (d)(6)), one of the duties of CRS is "to prepare summaries and digests of bills and resolutions of a public general nature introduced in the Senate or House of Representatives". For more information, refer to the User Guide that accompanies this file.</dc:description>
</dublinCore>
</BillSummaries>
