<?xml version="1.0" encoding="UTF-8"?>
<BillSummaries>
<item congress="114" measure-type="hr" measure-number="846" measure-id="id114hr846" originChamber="HOUSE" orig-publish-date="2015-02-10" update-date="2015-03-10">
<title>Student Non-Discrimination Act of 2015</title>
<summary summary-id="id114hr846v00" currentChamber="HOUSE" update-date="2015-03-10">
<action-date>2015-02-10</action-date>
<action-desc>Introduced in House</action-desc>
<summary-text><![CDATA[<p><strong>Student Non-Discrimination Act of 2015</strong></p> <p>Prohibits public school students from being excluded from participating in, or subject to discrimination under, any federally-assisted educational program on the basis of their actual or perceived sexual orientation or gender identity or that of their associates.</p> <p>Considers harassment to be a form of discrimination.</p> <p>Prohibits retaliation against anyone for opposing conduct they reasonably believe to be unlawful under this Act.</p> <p>Authorizes federal departments and agencies to enforce these prohibitions by cutting off the educational assistance of recipients found to be violating them.</p> <p>Allows an aggrieved individual to assert a violation of this Act in a judicial proceeding and recover reasonable attorney's fees should they prevail.</p> <p>Deems a state's receipt of federal educational assistance for a program to constitute a waiver of sovereign immunity for conduct prohibited under this Act regarding such program.</p>]]></summary-text>
</summary>
</item>
<dublinCore xmlns:dc="http://purl.org/dc/elements/1.1/">
<dc:format>text/xml</dc:format>
<dc:language>EN</dc:language>
<dc:rights>Pursuant to Title 17 Section 105 of the United States Code, this file is not subject to copyright protection and is in the public domain.</dc:rights>
<dc:contributor>Congressional Research Service, Library of Congress</dc:contributor>
<dc:description>This file contains bill summaries for federal legislation. A bill summary describes the most significant provisions of a piece of legislation and details the effects the legislative text may have on current law and federal programs. Bill summaries are authored by the Congressional Research Service (CRS) of the Library of Congress. As stated in Public Law 91-510 (2 USC 166 (d)(6)), one of the duties of CRS is "to prepare summaries and digests of bills and resolutions of a public general nature introduced in the Senate or House of Representatives". For more information, refer to the User Guide that accompanies this file.</dc:description>
</dublinCore>
</BillSummaries>
