<?xml version="1.0" encoding="UTF-8"?>
<BillSummaries>
<item congress="114" measure-type="hr" measure-number="418" measure-id="id114hr418" originChamber="HOUSE" orig-publish-date="2015-01-20" update-date="2015-02-03">
<title>Corporate Politics Transparency Act</title>
<summary summary-id="id114hr418v00" currentChamber="HOUSE" update-date="2015-02-03">
<action-date>2015-01-20</action-date>
<action-desc>Introduced in House</action-desc>
<summary-text><![CDATA[<p><b>Corporate Politics Transparency Act</b></p> <p> Amends the Securities Exchange Act of 1934 to require that quarterly and annual reports of an issuer, any proxy solicitation or consent or authorization in respect of any security, and the issuer's registration statement disclose total political expenditures in support of or in opposition to any candidate for federal, state, or local public office made by the issuer during the preceding six-year period.</p> <p>Requires such disclosures to include: (1) the name and political party affiliation of each candidate in support of whom or in opposition to whom a political expenditure was made; (2) the amount of each such expenditure; (3) the public office that such candidate was or is seeking; (4) the relevant state, city, or district; and (5) a statement of the issuer's interest in and reason for making such expenditure.</p>]]></summary-text>
</summary>
</item>
<dublinCore xmlns:dc="http://purl.org/dc/elements/1.1/">
<dc:format>text/xml</dc:format>
<dc:language>EN</dc:language>
<dc:rights>Pursuant to Title 17 Section 105 of the United States Code, this file is not subject to copyright protection and is in the public domain.</dc:rights>
<dc:contributor>Congressional Research Service, Library of Congress</dc:contributor>
<dc:description>This file contains bill summaries for federal legislation. A bill summary describes the most significant provisions of a piece of legislation and details the effects the legislative text may have on current law and federal programs. Bill summaries are authored by the Congressional Research Service (CRS) of the Library of Congress. As stated in Public Law 91-510 (2 USC 166 (d)(6)), one of the duties of CRS is "to prepare summaries and digests of bills and resolutions of a public general nature introduced in the Senate or House of Representatives". For more information, refer to the User Guide that accompanies this file.</dc:description>
</dublinCore>
</BillSummaries>
