<?xml version="1.0" encoding="UTF-8"?>
<BillSummaries>
<item congress="114" measure-type="hr" measure-number="600" measure-id="id114hr600" originChamber="HOUSE" orig-publish-date="2015-01-28" update-date="2015-02-12">
<title>CIDER Act</title>
<summary summary-id="id114hr600v00" currentChamber="HOUSE" update-date="2015-02-12">
<action-date>2015-01-28</action-date>
<action-desc>Introduced in House</action-desc>
<summary-text><![CDATA[<p><strong>Cider Industry Deserves Equal Regulation Act or the CIDER Act</strong>&nbsp;</p> <p>Amends the Internal Revenue to revise the definition of "hard cider," for purposes of the excise tax on distilled spirits, wines, and beer, to mean any wine: (1) the carbonation level of which does not exceed 6.4 grams per liter; (2) which is derived primarily from apples, apple juice concentrate and water, pears, or pear juice concentrate and water; (3) which contains no fruit product or fruit flavoring other than apple or pear; and (4) which contains at least one-half of 1% and less than 8.5% alcohol by volume. </p>]]></summary-text>
</summary>
</item>
<dublinCore xmlns:dc="http://purl.org/dc/elements/1.1/">
<dc:format>text/xml</dc:format>
<dc:language>EN</dc:language>
<dc:rights>Pursuant to Title 17 Section 105 of the United States Code, this file is not subject to copyright protection and is in the public domain.</dc:rights>
<dc:contributor>Congressional Research Service, Library of Congress</dc:contributor>
<dc:description>This file contains bill summaries for federal legislation. A bill summary describes the most significant provisions of a piece of legislation and details the effects the legislative text may have on current law and federal programs. Bill summaries are authored by the Congressional Research Service (CRS) of the Library of Congress. As stated in Public Law 91-510 (2 USC 166 (d)(6)), one of the duties of CRS is "to prepare summaries and digests of bills and resolutions of a public general nature introduced in the Senate or House of Representatives". For more information, refer to the User Guide that accompanies this file.</dc:description>
</dublinCore>
</BillSummaries>
