<?xml version="1.0" encoding="UTF-8"?>
<BillSummaries>
<item congress="114" measure-type="hr" measure-number="842" measure-id="id114hr842" originChamber="HOUSE" orig-publish-date="2015-02-10" update-date="2015-02-24">
<title>Huntington's Disease Parity Act of 2015</title>
<summary summary-id="id114hr842v00" currentChamber="HOUSE" update-date="2015-02-24">
<action-date>2015-02-10</action-date>
<action-desc>Introduced in House</action-desc>
<summary-text><![CDATA[<p><b>Huntington's Disease Parity Act of 2015 </b></p> <p> Directs the Commissioner of Social Security, for purposes of determining cognitive, behavioral, and physical disability under titles II (Old Age, Survivors, and Disability Insurance) and XVI (Supplemental Security Income) of the Social Security Act (SSAct), to amend specified Listings of Impairments by providing medical and evaluation criteria for Huntington's Disease. </p> <p>Amends SSAct title II to waive the 24-month waiting period for coverage under the program under SSAct title XVIII (Medicare) for individuals diagnosed with Huntington's Disease.</p>]]></summary-text>
</summary>
</item>
<dublinCore xmlns:dc="http://purl.org/dc/elements/1.1/">
<dc:format>text/xml</dc:format>
<dc:language>EN</dc:language>
<dc:rights>Pursuant to Title 17 Section 105 of the United States Code, this file is not subject to copyright protection and is in the public domain.</dc:rights>
<dc:contributor>Congressional Research Service, Library of Congress</dc:contributor>
<dc:description>This file contains bill summaries for federal legislation. A bill summary describes the most significant provisions of a piece of legislation and details the effects the legislative text may have on current law and federal programs. Bill summaries are authored by the Congressional Research Service (CRS) of the Library of Congress. As stated in Public Law 91-510 (2 USC 166 (d)(6)), one of the duties of CRS is "to prepare summaries and digests of bills and resolutions of a public general nature introduced in the Senate or House of Representatives". For more information, refer to the User Guide that accompanies this file.</dc:description>
</dublinCore>
</BillSummaries>
