<?xml version="1.0" encoding="UTF-8"?>
<BillSummaries>
<item congress="114" measure-type="hr" measure-number="1159" measure-id="id114hr1159" originChamber="HOUSE" orig-publish-date="2015-02-27" update-date="2015-03-11">
<title>Hong Kong Human Rights and Democracy Act</title>
<summary summary-id="id114hr1159v00" currentChamber="HOUSE" update-date="2015-03-11">
<action-date>2015-02-27</action-date>
<action-desc>Introduced in House</action-desc>
<summary-text><![CDATA[<p><strong>Hong Kong Human Rights and Democracy Act</strong></p> <p>Amends the United States-Hong Kong Policy Act of 1992 to direct the Secretary of State to report to Congress on conditions in Hong Kong that are of U.S. interest by March 31, 2015, and annually thereafter for 10 years or until the Secretary certifies that Hong Kong has held free and fair elections for 2 consecutive Chief Executive and 2 consecutive Legislative Council periods. </p> <p> Directs the Secretary to certify to Congress annually whether Hong Kong is sufficiently autonomous to justify separate treatment different from that accorded to China in any new laws, agreements, treaties, or arrangements entered into between the United States and Hong Kong. </p> <p>Authorizes the President to waive this certification requirement if: (1) waiver is in the U.S. national interest, and (2) Congress is given a justification of the waiver on or before the date it takes effect.</p>]]></summary-text>
</summary>
</item>
<dublinCore xmlns:dc="http://purl.org/dc/elements/1.1/">
<dc:format>text/xml</dc:format>
<dc:language>EN</dc:language>
<dc:rights>Pursuant to Title 17 Section 105 of the United States Code, this file is not subject to copyright protection and is in the public domain.</dc:rights>
<dc:contributor>Congressional Research Service, Library of Congress</dc:contributor>
<dc:description>This file contains bill summaries for federal legislation. A bill summary describes the most significant provisions of a piece of legislation and details the effects the legislative text may have on current law and federal programs. Bill summaries are authored by the Congressional Research Service (CRS) of the Library of Congress. As stated in Public Law 91-510 (2 USC 166 (d)(6)), one of the duties of CRS is "to prepare summaries and digests of bills and resolutions of a public general nature introduced in the Senate or House of Representatives". For more information, refer to the User Guide that accompanies this file.</dc:description>
</dublinCore>
</BillSummaries>
