<?xml version="1.0" encoding="UTF-8"?><BillSummaries>
<item congress="114" measure-type="hr" measure-number="414" measure-id="id114hr414" originChamber="HOUSE" orig-publish-date="2015-01-20" update-date="2016-04-20">
<title>Burdensome Data Collection Relief Act</title>
<summary summary-id="id114hr414v79" currentChamber="HOUSE" update-date="2016-04-20">
<action-date>2016-04-19</action-date>
<action-desc>Reported to House without amendment</action-desc>
<summary-text><![CDATA[<p>(This measure has not been amended since it was introduced. The summary has been expanded because action occurred on the measure.)</p> <p><b>Burdensome Data Collection Relief Act</b> </p> <p> (Sec. 2) This bill amends the Dodd-Frank Wall Street Reform and Consumer Protection Act to repeal the requirement that the Securities and Exchange Commission amend certain federal regulations about executive compensation to require each issuer of securities to disclose in any filing: (1) the median of the annual total compensation of all the issuer's employees, except the chief executive officer; (2) the annual total compensation of the chief executive officer; and (3) the ratio of the first amount to the second.</p>]]></summary-text>
</summary>
<summary summary-id="id114hr414v00" currentChamber="HOUSE" update-date="2015-02-03">
<action-date>2015-01-20</action-date>
<action-desc>Introduced in House</action-desc>
<summary-text><![CDATA[<p><b>Burdensome Data Collection Relief Act</b> </p> <p> Amends the Dodd-Frank Wall Street Reform and Consumer Protection Act to repeal the requirement that the Securities and Exchange Commission amend certain federal regulations about executive compensation to require each issuer of securities to disclose in any filing: (1) the median of the annual total compensation of all the issuer's employees, except the chief executive officer; (2) the annual total compensation of the chief executive officer; and (3) the ratio of the first amount to the second.</p>]]></summary-text>
</summary>
</item>
<dublinCore xmlns:dc="http://purl.org/dc/elements/1.1/">
<dc:format>text/xml</dc:format>
<dc:language>EN</dc:language>
<dc:rights>Pursuant to Title 17 Section 105 of the United States Code, this file is not subject to copyright protection and is in the public domain.</dc:rights>
<dc:contributor>Congressional Research Service, Library of Congress</dc:contributor>
<dc:description>This file contains bill summaries for federal legislation. A bill summary describes the most significant provisions of a piece of legislation and details the effects the legislative text may have on current law and federal programs. Bill summaries are authored by the Congressional Research Service (CRS) of the Library of Congress. As stated in Public Law 91-510 (2 USC 166 (d)(6)), one of the duties of CRS is "to prepare summaries and digests of bills and resolutions of a public general nature introduced in the Senate or House of Representatives". For more information, refer to the User Guide that accompanies this file.</dc:description>
</dublinCore>
</BillSummaries>
