<?xml version="1.0" encoding="UTF-8"?>
<BillSummaries>
<item congress="114" measure-type="hr" measure-number="376" measure-id="id114hr376" originChamber="HOUSE" orig-publish-date="2015-01-14" update-date="2015-01-29">
<title>Home-Assembled Firearms Restriction Act of 2015</title>
<summary summary-id="id114hr376v00" currentChamber="HOUSE" update-date="2015-01-29">
<action-date>2015-01-14</action-date>
<action-desc>Introduced in House</action-desc>
<summary-text><![CDATA[<p><b>Home-Assembled Firearms Restriction Act of 2015</b></p> <p>Considers as a banned hazardous product under the Consumer Product Safety Act: (1) any firearm receiver casting or firearm receiver blank (do-it-yourself assault weapon) that does not meet the definition of a firearm under the federal criminal code at the point of sale but that can be completed after purchase by the consumer to function as a firearm frame or receiver for a semiautomatic assault weapon or machine gun, or (2) an assault weapon parts kit or machine gun parts kit.</p> <p>Makes it unlawful to market or advertise any of such weapons for sale on any medium of electronic communications, including over the Internet. Requires marketing or advertising violations to be treated as unfair or deceptive acts or practices under the Federal Trade Commission Act. </p>]]></summary-text>
</summary>
</item>
<dublinCore xmlns:dc="http://purl.org/dc/elements/1.1/">
<dc:format>text/xml</dc:format>
<dc:language>EN</dc:language>
<dc:rights>Pursuant to Title 17 Section 105 of the United States Code, this file is not subject to copyright protection and is in the public domain.</dc:rights>
<dc:contributor>Congressional Research Service, Library of Congress</dc:contributor>
<dc:description>This file contains bill summaries for federal legislation. A bill summary describes the most significant provisions of a piece of legislation and details the effects the legislative text may have on current law and federal programs. Bill summaries are authored by the Congressional Research Service (CRS) of the Library of Congress. As stated in Public Law 91-510 (2 USC 166 (d)(6)), one of the duties of CRS is "to prepare summaries and digests of bills and resolutions of a public general nature introduced in the Senate or House of Representatives". For more information, refer to the User Guide that accompanies this file.</dc:description>
</dublinCore>
</BillSummaries>
