<?xml version="1.0" encoding="UTF-8"?>
<BillSummaries>
<item congress="114" measure-type="hr" measure-number="679" measure-id="id114hr679" originChamber="HOUSE" orig-publish-date="2015-02-03" update-date="2015-02-11">
<title>Road Usage Charge Pilot Program Act of 2015</title>
<summary summary-id="id114hr679v00" currentChamber="HOUSE" update-date="2015-02-11">
<action-date>2015-02-03</action-date>
<action-desc>Introduced in House</action-desc>
<summary-text><![CDATA[<p><b>Road Usage Charge Pilot Program Act of 2015</b></p> <p> Directs the Secretary of the Treasury to establish the Road Usage Charge Pilot Program to make competitive grants to state or local governments, or metropolitan planning, regional transportation planning, or tribal organizations to conduct pilot studies on implementing mileage-based fee systems as a method for funding transportation highway projects.</p> <p>Directs the Secretary to establish a working group to:</p> <ul> <li>develop national technology standards for a road usage charge, as well as national privacy standards for such a charge that balance the effectiveness of revenue systems with user privacy; and </li> <li>evaluate the potential of the methods studied in the program to manage demand and reduce the emission of greenhouse gases.</li> </ul> <p>]]></summary-text>
</summary>
</item>
<dublinCore xmlns:dc="http://purl.org/dc/elements/1.1/">
<dc:format>text/xml</dc:format>
<dc:language>EN</dc:language>
<dc:rights>Pursuant to Title 17 Section 105 of the United States Code, this file is not subject to copyright protection and is in the public domain.</dc:rights>
<dc:contributor>Congressional Research Service, Library of Congress</dc:contributor>
<dc:description>This file contains bill summaries for federal legislation. A bill summary describes the most significant provisions of a piece of legislation and details the effects the legislative text may have on current law and federal programs. Bill summaries are authored by the Congressional Research Service (CRS) of the Library of Congress. As stated in Public Law 91-510 (2 USC 166 (d)(6)), one of the duties of CRS is "to prepare summaries and digests of bills and resolutions of a public general nature introduced in the Senate or House of Representatives". For more information, refer to the User Guide that accompanies this file.</dc:description>
</dublinCore>
</BillSummaries>
