<?xml version="1.0" encoding="UTF-8"?>
<BillSummaries>
<item congress="114" measure-type="hr" measure-number="485" measure-id="id114hr485" originChamber="HOUSE" orig-publish-date="2015-01-22" update-date="2015-02-02">
<title>To ensure that the percentage increase in rates of basic pay for prevailing wage employees shall be equal to the percentage increase received by other Federal employees in the same pay locality, and for other purposes.</title>
<summary summary-id="id114hr485v00" currentChamber="HOUSE" update-date="2015-02-02">
<action-date>2015-01-22</action-date>
<action-desc>Introduced in House</action-desc>
<summary-text><![CDATA[<p>Prohibits any prevailing rate employee in a federal agency, between January 1 and September 30, 2015, from being paid an amount exceeding specified limits resulting from an applicable wage survey adjustment. Prohibits the percentage increase in wages paid to a prevailing wage employee in FY2015 from being less than the percentage increase in the basic pay of other federal employees in the same pay locality. </p>]]></summary-text>
</summary>
</item>
<dublinCore xmlns:dc="http://purl.org/dc/elements/1.1/">
<dc:format>text/xml</dc:format>
<dc:language>EN</dc:language>
<dc:rights>Pursuant to Title 17 Section 105 of the United States Code, this file is not subject to copyright protection and is in the public domain.</dc:rights>
<dc:contributor>Congressional Research Service, Library of Congress</dc:contributor>
<dc:description>This file contains bill summaries for federal legislation. A bill summary describes the most significant provisions of a piece of legislation and details the effects the legislative text may have on current law and federal programs. Bill summaries are authored by the Congressional Research Service (CRS) of the Library of Congress. As stated in Public Law 91-510 (2 USC 166 (d)(6)), one of the duties of CRS is "to prepare summaries and digests of bills and resolutions of a public general nature introduced in the Senate or House of Representatives". For more information, refer to the User Guide that accompanies this file.</dc:description>
</dublinCore>
</BillSummaries>
