<?xml version="1.0" encoding="UTF-8"?>
<BillSummaries>
<item congress="114" measure-type="hr" measure-number="27" measure-id="id114hr27" originChamber="HOUSE" orig-publish-date="2015-01-06" update-date="2015-01-16">
<title>Tax Code Termination Act</title>
<summary summary-id="id114hr27v00" currentChamber="HOUSE" update-date="2015-01-16">
<action-date>2015-01-06</action-date>
<action-desc>Introduced in House</action-desc>
<summary-text><![CDATA[<p><strong>Tax Code Termination Act</strong></p> <p>Terminates the Internal Revenue Code of 1986 after December 31, 2019, except for self-employment taxes, Federal Insurance Contributions Act (FICA)&nbsp;taxes, and railroad retirement taxes. Requires a two-thirds majority vote in Congress to change such termination date.</p> <p>Declares that any new federal tax system should be a simple and fair system that: (1) applies a low rate to all Americans, (2) provides tax relief for working Americans, (3) protects the rights of taxpayers and reduces tax collection abuses, (4) eliminates the bias against savings and investment, (5) promotes economic growth and job creation, and (6) does not penalize marriage or families.</p> <p>Requires that the new federal tax system be approved by Congress in its final form by July 4, 2019.</p>]]></summary-text>
</summary>
</item>
<dublinCore xmlns:dc="http://purl.org/dc/elements/1.1/">
<dc:format>text/xml</dc:format>
<dc:language>EN</dc:language>
<dc:rights>Pursuant to Title 17 Section 105 of the United States Code, this file is not subject to copyright protection and is in the public domain.</dc:rights>
<dc:contributor>Congressional Research Service, Library of Congress</dc:contributor>
<dc:description>This file contains bill summaries for federal legislation. A bill summary describes the most significant provisions of a piece of legislation and details the effects the legislative text may have on current law and federal programs. Bill summaries are authored by the Congressional Research Service (CRS) of the Library of Congress. As stated in Public Law 91-510 (2 USC 166 (d)(6)), one of the duties of CRS is "to prepare summaries and digests of bills and resolutions of a public general nature introduced in the Senate or House of Representatives". For more information, refer to the User Guide that accompanies this file.</dc:description>
</dublinCore>
</BillSummaries>
