<?xml version="1.0" encoding="UTF-8"?>
<BillSummaries>
<item congress="114" measure-type="hr" measure-number="431" measure-id="id114hr431" originChamber="HOUSE" orig-publish-date="2015-01-21" update-date="2015-03-13">
<title>To award a Congressional Gold Medal to the Foot Soldiers who participated in Bloody Sunday, Turnaround Tuesday, or the final Selma to Montgomery Voting Rights March in March of 1965, which served as a catalyst for the Voting Rights Act of 1965.</title>
<summary summary-id="id114hr431v49" currentChamber="BOTH" update-date="2015-03-13">
<action-date>2015-03-07</action-date>
<action-desc>Public Law</action-desc>
<summary-text><![CDATA[<p dir="ltr">(This measure has not been amended since it was introduced. The expanded summary of the House passed version is repeated here.)</p> <p dir="ltr">(Sec. 2) This bill directs the Speaker of the House and the President Pro Tempore of the Senate to arrange for the presentation, on behalf of Congress, of a gold medal to the Foot Soldiers who participated in Bloody Sunday, Turnaround Tuesday, or the final Selma to Montgomery Voting Rights March during March of 1965, which served as a catalyst for the Voting Rights Act of 1965. </p> <p>(Sec. 4) The medals struck pursuant to this Act are national medals.</p>]]></summary-text>
</summary>
<summary summary-id="id114hr431v82" currentChamber="SENATE" update-date="2015-03-13">
<action-date>2015-03-02</action-date>
<action-desc>Passed Senate without amendment</action-desc>
<summary-text><![CDATA[<p dir="ltr">(This measure has not been amended since it was introduced. The expanded summary of the House passed version is repeated here.)</p> <p>(Sec. 2) This bill directs the Speaker of the House and the President Pro Tempore of the Senate to arrange for the presentation, on behalf of Congress, of a gold medal to the Foot Soldiers who participated in Bloody Sunday, Turnaround Tuesday, or the final Selma to Montgomery Voting Rights March during March of 1965, which served as a catalyst for the Voting Rights Act of 1965. </p> <p>(Sec. 4) The medals struck pursuant to this Act are national medals.</p>]]></summary-text>
</summary>
<summary summary-id="id114hr431v81" currentChamber="HOUSE" update-date="2015-03-13">
<action-date>2015-02-11</action-date>
<action-desc>Passed House without amendment</action-desc>
<summary-text><![CDATA[<p dir="ltr">(This measure has not been amended since it was introduced. The summary has been expanded because action occurred on the measure.)</p> <p>(Sec. 2) This bill directs the Speaker of the House and the President Pro Tempore of the Senate to arrange for the presentation, on behalf of Congress, of a gold medal to the Foot Soldiers who participated in Bloody Sunday, Turnaround Tuesday, or the final Selma to Montgomery Voting Rights March during March of 1965, which served as a catalyst for the Voting Rights Act of 1965. </p> <p>(Sec. 4) The medals struck pursuant to this Act are national medals.</p>]]></summary-text>
</summary>
<summary summary-id="id114hr431v00" currentChamber="HOUSE" update-date="2015-02-03">
<action-date>2015-01-21</action-date>
<action-desc>Introduced in House</action-desc>
<summary-text><![CDATA[<p>This bill directs the Speaker of the House and the President Pro Tempore of the Senate to arrange for the presentation, on behalf of Congress, of a gold medal to the Foot Soldiers who participated in Bloody Sunday, Turnaround Tuesday, or the final Selma to Montgomery Voting Rights March during March of 1965, which served as a catalyst for the Voting Rights Act of 1965. </p> <p>The medals struck pursuant to this Act are national medals.</p>]]></summary-text>
</summary>
</item>
<dublinCore xmlns:dc="http://purl.org/dc/elements/1.1/">
<dc:format>text/xml</dc:format>
<dc:language>EN</dc:language>
<dc:rights>Pursuant to Title 17 Section 105 of the United States Code, this file is not subject to copyright protection and is in the public domain.</dc:rights>
<dc:contributor>Congressional Research Service, Library of Congress</dc:contributor>
<dc:description>This file contains bill summaries for federal legislation. A bill summary describes the most significant provisions of a piece of legislation and details the effects the legislative text may have on current law and federal programs. Bill summaries are authored by the Congressional Research Service (CRS) of the Library of Congress. As stated in Public Law 91-510 (2 USC 166 (d)(6)), one of the duties of CRS is "to prepare summaries and digests of bills and resolutions of a public general nature introduced in the Senate or House of Representatives". For more information, refer to the User Guide that accompanies this file.</dc:description>
</dublinCore>
</BillSummaries>
