<?xml version="1.0" encoding="UTF-8"?><BillSummaries>
<item congress="114" measure-type="hr" measure-number="759" measure-id="id114hr759" originChamber="HOUSE" orig-publish-date="2015-02-05" update-date="2017-04-07">
<title>Corrections and Recidivism Reduction Act of 2016</title>
<summary summary-id="id114hr759v17" currentChamber="HOUSE" update-date="2017-04-07">
<action-date>2016-12-23</action-date>
<action-desc>Reported to House amended</action-desc>
<summary-text><![CDATA[<p><b>Corrections and Recidivism Reduction Act of 2016</b></p> <p>TITLE I--RECIDIVISM RISK REDUCTION</p> <p><em>Recidivism Risk Reduction Act</em></p> <p>(Sec. 102) This bill directs the Department of Justice (DOJ) to: (1) develop a prisoner risk and needs assessment system; (2) develop recommendations regarding recidivism reduction programs and productive activities; and (3) conduct ongoing research regarding data analysis&nbsp;on best practices, needs assessment tools, and recidivism reduction programs.</p> <p> (Sec. 103) The bill establishes requirements&nbsp;regarding the assessment system and DOJ's recommendations.</p> <p> (Sec. 106) The bill amends the federal criminal code to establish procedures for implementation&nbsp;of&nbsp;the assessment system and DOJ's recommendations by the Bureau of Prisons (BOP). </p> <p>TITLE II--RESTRAINTS ON PREGNANT PRISONERS PROHIBITED</p> <p>(Sec. 201) With specified exceptions, the bill prohibits the use of restraints on federal prisoners who are pregnant or in postpartum recovery.</p> <p>TITLE III--BUREAU OF PRISONS USE OF OLEORESIN CAPSICUM SPRAY</p> <p><em>Eric Williams Correctional Officer Protection Act of 2016</em></p> <p>(Sec. 302) The bill requires the BOP to issue oleoresin capsicum spray (pepper spray) to officers and employees who respond to emergency situations at high-security, medium-security, and administrative facilities. Officers and employees may use pepper spray to reduce violent acts by prisoners and visitors.</p> <p>(Sec. 303) The Government Accountability Office shall: (1) evaluate the effectiveness of issuance of pepper spray issued pursuant to this bill and the advisability of its use in minimum- or low-security prisons, and (2) make recommendations to improve the safety of BOP officers and employees.</p> <p>TITLE IV--BUREAU OF PRISONS SECURE FIREARMS STORAGE</p> <p><em>Lieutenant Osvaldo Albarati Correctional Officer Self-Protection Act of 2016</em></p> <p> (Sec. 403)&nbsp;The BOP must&nbsp;ensure that each chief executive officer of a federal penal or correctional institution: (1) allows qualified law enforcement officers to carry concealed firearms beyond the institution's secure perimeter, and (2) either provides&nbsp;such officers with&nbsp;a secure firearm-storage area beyond the perimeter or allows&nbsp;them to store firearms in a BOP-approved&nbsp;vehicle lockbox.</p> <p>TITLE V--MISCELLANEOUS</p> <p>(Sec. 501) The BOP&nbsp;must incorporate specialized and comprehensive de-escalation training into its training programs.</p> <p> (Sec. 503) The bill generally prohibits the monitoring of electronic communications between a prisoner in a BOP facility and the prisoner's attorney.</p> <p>(Sec. 504) The BOP shall establish pilot programs related to: (1) pairing incarcerated youth with volunteer mentors; and (2) equipping prisoners with skills to provide training and therapy to abandoned, rescued, or otherwise vulnerable animals.</p> <p> (Sec. 505) The bill requires supervision by probation officers and pretrial services officers, when directed by the court, of conditionally released persons determined to be sexually dangerous.</p> <p>(Sec. 506) The bill expands data collection requirements regarding the National Prisoner Statistics Program.</p> <p>(Sec. 507) The bill reauthorizes through FY2020, and revises, the Federal Prisoner Reentry Initiative.</p> <p>A defendant may make a motion for modification of an imposed term of imprisonment if the BOP does not make such a motion within 30 days of a defendant's request.</p> <p>(Sec. 508) The BOP must designate a release preparation coordinator at each BOP facility that houses prisoners.</p> <p>Each prisoner shall, with individualized assistance, develop a comprehensive release plan.</p>]]></summary-text>
</summary>
<summary summary-id="id114hr759v00" currentChamber="HOUSE" update-date="2015-03-02">
<action-date>2015-02-05</action-date>
<action-desc>Introduced in House</action-desc>
<summary-text><![CDATA[<p><b>Recidivism Risk Reduction Act</b></p> <p> Directs the Attorney General to: (1) develop a Post-Sentencing Risk and Needs Assessment System; (2) make recommendations regarding recidivism reduction programs and productive activities (programs); (3) conduct ongoing research and data analysis on the best practices relating to the use of offender risk and needs assessment tools, the best available tools, the most effective and efficient uses of such tools, and the most effective programs for prisoners classified at different recidivism risk levels and for addressing the specific needs of prisoners; (4) develop risk and needs assessment tools for such System based on such research and analysis; and (5) review the System, recommendations, and research biennially to determine whether any revisions or updates should be made.</p> <p>Requires the System to provide: (1) tools to classify the recidivism risk level of prisoners and assign appropriate programs, reassess such risk level periodically and make appropriate reassignments, and determine when a prisoner is ready to transfer into pre-release custody; (2) guidance on the programs that should be assigned for each classification of prisoner; (3) incentives and rewards for prisoners to participate in and complete programs, including family phone and visitation privileges, time credits, and transfers into pre-release custody; and (4) guidelines for the Bureau of Prisons to reduce rewards earned by prisoners who violate prison or program rules. Bars prisoners convicted of specified offenses from receiving time credits. </p> <p>Directs the Attorney General to: (1) develop training programs for Bureau officials and employees responsible for administering the System; (2) monitor and assess the use of the System; (3) review the effectiveness of existing programs in prisons operated by the Bureau and in state-operated prisons; and (4) make recommendations to the Bureau regarding the expansion of programming and activity capacity, the replication of effective programs, and the addition of any new programs that would help to reduce recidivism. </p> <p>Directs the Bureau to: (1) implement the System and complete a risk and needs assessment for each prisoner; (2) expand the effective programs it offers and add any new ones necessary to effectively implement the System; (3) phase in such programs according to a specified schedule; and (4) develop policies for the warden of each prison to enter into partnerships with specified nonprofit organizations, institutions of higher education, and private entities to expand such programs.</p> <p>Sets forth procedures for the transfer into pre-release custody of a prisoner classified as having a low risk of recidivating.</p>]]></summary-text>
</summary>
</item>
<dublinCore xmlns:dc="http://purl.org/dc/elements/1.1/">
<dc:format>text/xml</dc:format>
<dc:language>EN</dc:language>
<dc:rights>Pursuant to Title 17 Section 105 of the United States Code, this file is not subject to copyright protection and is in the public domain.</dc:rights>
<dc:contributor>Congressional Research Service, Library of Congress</dc:contributor>
<dc:description>This file contains bill summaries for federal legislation. A bill summary describes the most significant provisions of a piece of legislation and details the effects the legislative text may have on current law and federal programs. Bill summaries are authored by the Congressional Research Service (CRS) of the Library of Congress. As stated in Public Law 91-510 (2 USC 166 (d)(6)), one of the duties of CRS is "to prepare summaries and digests of bills and resolutions of a public general nature introduced in the Senate or House of Representatives". For more information, refer to the User Guide that accompanies this file.</dc:description>
</dublinCore>
</BillSummaries>
