<?xml version="1.0" encoding="UTF-8"?>
<BillSummaries>
<item congress="114" measure-type="hr" measure-number="314" measure-id="id114hr314" originChamber="HOUSE" orig-publish-date="2015-01-13" update-date="2015-01-26">
<title>Notch Fairness Act of 2015</title>
<summary summary-id="id114hr314v00" currentChamber="HOUSE" update-date="2015-01-26">
<action-date>2015-01-13</action-date>
<action-desc>Introduced in House</action-desc>
<summary-text><![CDATA[<p><b>Notch Fairness Act of 2015 </b></p> <p>Amends title II (Old Age, Survivors and Disability Insurance) (OASDI) of the Social Security Act to revise the formula for the computation of minimum Old Age Insurance benefits for individuals who reached age 65 in or after 1979, and to whom applies the 15-year transition period for the changes in benefit computation rules enacted in the Social Security Amendments of 1977.</p> <p>("Notch" refers to birth in the United States between 1917 and 1921, as a result of which a retiree born between those years received lower cost-of-living increases in Social Security than others after Congress readjusted Social Security benefits in 1977.)</p> <p>Sets forth a schedule of additional benefit increases for such beneficiaries (and related beneficiaries), with percentages declining from 55% to 5% and keyed to the year an individual became eligible for such benefits between 1979 and 1988. </p> <p>Allows such beneficiaries, in the alternative, to receive lump sum payments over four years totaling $5,000. </p>]]></summary-text>
</summary>
</item>
<dublinCore xmlns:dc="http://purl.org/dc/elements/1.1/">
<dc:format>text/xml</dc:format>
<dc:language>EN</dc:language>
<dc:rights>Pursuant to Title 17 Section 105 of the United States Code, this file is not subject to copyright protection and is in the public domain.</dc:rights>
<dc:contributor>Congressional Research Service, Library of Congress</dc:contributor>
<dc:description>This file contains bill summaries for federal legislation. A bill summary describes the most significant provisions of a piece of legislation and details the effects the legislative text may have on current law and federal programs. Bill summaries are authored by the Congressional Research Service (CRS) of the Library of Congress. As stated in Public Law 91-510 (2 USC 166 (d)(6)), one of the duties of CRS is "to prepare summaries and digests of bills and resolutions of a public general nature introduced in the Senate or House of Representatives". For more information, refer to the User Guide that accompanies this file.</dc:description>
</dublinCore>
</BillSummaries>
