<?xml version="1.0" encoding="UTF-8"?>
<BillSummaries>
<item congress="114" measure-type="hr" measure-number="1032" measure-id="id114hr1032" originChamber="HOUSE" orig-publish-date="2015-02-24" update-date="2015-03-09">
<title>No Homeland Security, No Pay Act</title>
<summary summary-id="id114hr1032v00" currentChamber="HOUSE" update-date="2015-03-09">
<action-date>2015-02-24</action-date>
<action-desc>Introduced in House</action-desc>
<summary-text><![CDATA[<p><b>No Homeland Security, No Pay Act</b></p> <p>Requires the appropriate payroll administrator of each house of Congress to withhold a portion of the pay of a Member of Congress during a shutdown of the Department of Homeland Security (DHS) equal to the product of one day's worth of pay under the annual rate and the number of 24-hour periods during which the DHS shutdown is in effect.</p> <p>Requires any amount of pay of a Member of Congress in the 114th Congress that is withheld due to a DHS shutdown to be held in escrow until the last day of the 114th Congress and released for payment to Members at that time. </p>]]></summary-text>
</summary>
</item>
<dublinCore xmlns:dc="http://purl.org/dc/elements/1.1/">
<dc:format>text/xml</dc:format>
<dc:language>EN</dc:language>
<dc:rights>Pursuant to Title 17 Section 105 of the United States Code, this file is not subject to copyright protection and is in the public domain.</dc:rights>
<dc:contributor>Congressional Research Service, Library of Congress</dc:contributor>
<dc:description>This file contains bill summaries for federal legislation. A bill summary describes the most significant provisions of a piece of legislation and details the effects the legislative text may have on current law and federal programs. Bill summaries are authored by the Congressional Research Service (CRS) of the Library of Congress. As stated in Public Law 91-510 (2 USC 166 (d)(6)), one of the duties of CRS is "to prepare summaries and digests of bills and resolutions of a public general nature introduced in the Senate or House of Representatives". For more information, refer to the User Guide that accompanies this file.</dc:description>
</dublinCore>
</BillSummaries>
