<?xml version="1.0" encoding="UTF-8"?>
<BillSummaries>
<item congress="114" measure-type="hr" measure-number="446" measure-id="id114hr446" originChamber="HOUSE" orig-publish-date="2015-01-21" update-date="2015-02-03">
<title>Shareholder Protection Act of 2015</title>
<summary summary-id="id114hr446v00" currentChamber="HOUSE" update-date="2015-02-03">
<action-date>2015-01-21</action-date>
<action-desc>Introduced in House</action-desc>
<summary-text><![CDATA[<p><b>Shareholder Protection Act of 2015</b></p> <p> Amends the Securities Exchange Act of 1934 to require that any solicitation of a proxy, consent, or authorization with respect to any security of an issuer: (1) describe the specific nature (to the extent known) and total amount of expenditures proposed for political activities for the forthcoming fiscal year but not yet authorized by a vote of the issuer's shareholders, and (2) provide for a separate shareholder vote to authorize such proposed expenditures.</p> <p>Prohibits an issuer from making an expenditure for political activities in any fiscal year unless: (1) such expenditure is of the nature of those proposed by the issuer according to the requirements of this Act, and (2) authorization for such expenditure has been granted by votes representing a majority of outstanding shares.</p> <p>Deems a violation of this requirement to be a breach of the fiduciary duty of the officers and directors who authorized such expenditure. Subjects officers and directors who authorize the expenditure without prior shareholder authorization to joint and several liability to any shareholder or class of shareholders for the amount of such expenditure. </p> <p>Requires certain institutional investment managers to disclose annually in mandatory reports how they voted (proxies) in certain shareholder votes.</p> <p>Prohibits any person from bringing any civil, criminal, or administrative action against an institutional investment manager, or any of its employees, officers, or directors, based solely upon the investment manager's decision to divest from, or not to invest in, securities of an issuer because of expenditures for political activities made by that issuer.</p> <p>Requires the Securities and Exchange Commission (SEC) to direct the national securities exchanges and national securities associations to prohibit the listing of any equity security of an issuer whose corporate bylaws do not expressly provide for a vote of the issuer's directors on any individual expenditure for political activities in excess of $50,000. Requires an issuer to make public, within 48 hours, the individual votes of the directors regarding any such expenditure.</p> <p>Directs the SEC to: (1) require issuers to disclose expenditures for political activities made during the preceding quarter and the individual votes by board members authorizing such expenditures, and (2) make such reports publicly available through the SEC website.</p> <p>Requires the SEC to make annual assessments of the compliance by public corporations and their management with the reporting and disclosure requirements of this Act, and the Comptroller General to evaluate periodically the effectiveness of SEC oversight of these requirements.</p>]]></summary-text>
</summary>
</item>
<dublinCore xmlns:dc="http://purl.org/dc/elements/1.1/">
<dc:format>text/xml</dc:format>
<dc:language>EN</dc:language>
<dc:rights>Pursuant to Title 17 Section 105 of the United States Code, this file is not subject to copyright protection and is in the public domain.</dc:rights>
<dc:contributor>Congressional Research Service, Library of Congress</dc:contributor>
<dc:description>This file contains bill summaries for federal legislation. A bill summary describes the most significant provisions of a piece of legislation and details the effects the legislative text may have on current law and federal programs. Bill summaries are authored by the Congressional Research Service (CRS) of the Library of Congress. As stated in Public Law 91-510 (2 USC 166 (d)(6)), one of the duties of CRS is "to prepare summaries and digests of bills and resolutions of a public general nature introduced in the Senate or House of Representatives". For more information, refer to the User Guide that accompanies this file.</dc:description>
</dublinCore>
</BillSummaries>
