<?xml version="1.0" encoding="UTF-8"?>
<BillSummaries>
<item congress="114" measure-type="hr" measure-number="772" measure-id="id114hr772" originChamber="HOUSE" orig-publish-date="2015-02-05" update-date="2015-02-13">
<title>Safe Aviation and Flight Enhancement Act of 2015</title>
<summary summary-id="id114hr772v00" currentChamber="HOUSE" update-date="2015-02-13">
<action-date>2015-02-05</action-date>
<action-desc>Introduced in House</action-desc>
<summary-text><![CDATA[<p><b>Safe Aviation and Flight Enhancement Act of 2015</b></p> <p> Directs the Administrator of the Federal Aviation Administration (FAA) to require all commercial passenger aircraft ordered by an air carrier on or after January 1, 2017, to be equipped with a deployable recorder system as the second combination FDR/CVR recorder system installed under International Civil Aviation Organization (ICAO) flight recorder standards.</p> <p>Defines: (1) &quot;commercial passenger aircraft&quot; to mean a jet aircraft with a maximum certificated take-off mass over 15,000 kilograms that is required to be equipped with two combination recorder systems in accordance with ICAO requirements; and (2) &quot;deployable recorder system&quot; to mean a flight data recorder, cockpit voice recorder, and emergency locator transmitter housed in one crash protected, floatable unit that meets the performance specifications under specified standards of the FAA and the European Organization for Civil Aviation Equipment.</p> <p>]]></summary-text>
</summary>
</item>
<dublinCore xmlns:dc="http://purl.org/dc/elements/1.1/">
<dc:format>text/xml</dc:format>
<dc:language>EN</dc:language>
<dc:rights>Pursuant to Title 17 Section 105 of the United States Code, this file is not subject to copyright protection and is in the public domain.</dc:rights>
<dc:contributor>Congressional Research Service, Library of Congress</dc:contributor>
<dc:description>This file contains bill summaries for federal legislation. A bill summary describes the most significant provisions of a piece of legislation and details the effects the legislative text may have on current law and federal programs. Bill summaries are authored by the Congressional Research Service (CRS) of the Library of Congress. As stated in Public Law 91-510 (2 USC 166 (d)(6)), one of the duties of CRS is "to prepare summaries and digests of bills and resolutions of a public general nature introduced in the Senate or House of Representatives". For more information, refer to the User Guide that accompanies this file.</dc:description>
</dublinCore>
</BillSummaries>
