<?xml version="1.0" encoding="UTF-8"?>
<BillSummaries>
<item congress="114" measure-type="hr" measure-number="735" measure-id="id114hr735" originChamber="HOUSE" orig-publish-date="2015-02-04" update-date="2015-02-12">
<title>Cuba Reconciliation Act</title>
<summary summary-id="id114hr735v00" currentChamber="HOUSE" update-date="2015-02-12">
<action-date>2015-02-04</action-date>
<action-desc>Introduced in House</action-desc>
<summary-text><![CDATA[<p><strong>Cuba Reconciliation Act</strong></p> <p>Amends the Foreign Assistance Act of 1961 to repeal the embargo placed upon all trade with Cuba. </p> <p>Amends the Internal Revenue Code to declare the denial of foreign tax credit inapplicable to Cuba.<p>Permits: (1) installation and maintenance of telecommunications equipment and facilities in Cuba, including telecommunications services between the United States and Cuba; and (2) travel to and from Cuba by U.S. citizens or residents. <p>Requires the U.S. Postal Service to provide direct mail service to and from Cuba.]]></summary-text>
</summary>
</item>
<dublinCore xmlns:dc="http://purl.org/dc/elements/1.1/">
<dc:format>text/xml</dc:format>
<dc:language>EN</dc:language>
<dc:rights>Pursuant to Title 17 Section 105 of the United States Code, this file is not subject to copyright protection and is in the public domain.</dc:rights>
<dc:contributor>Congressional Research Service, Library of Congress</dc:contributor>
<dc:description>This file contains bill summaries for federal legislation. A bill summary describes the most significant provisions of a piece of legislation and details the effects the legislative text may have on current law and federal programs. Bill summaries are authored by the Congressional Research Service (CRS) of the Library of Congress. As stated in Public Law 91-510 (2 USC 166 (d)(6)), one of the duties of CRS is "to prepare summaries and digests of bills and resolutions of a public general nature introduced in the Senate or House of Representatives". For more information, refer to the User Guide that accompanies this file.</dc:description>
</dublinCore>
</BillSummaries>
