<?xml version="1.0" encoding="UTF-8"?>
<BillSummaries>
<item congress="114" measure-type="hr" measure-number="785" measure-id="id114hr785" originChamber="HOUSE" orig-publish-date="2015-02-05" update-date="2015-03-10">
<title>Federal Employee Pension Fairness Act of 2015</title>
<summary summary-id="id114hr785v00" currentChamber="HOUSE" update-date="2015-03-10">
<action-date>2015-02-05</action-date>
<action-desc>Introduced in House</action-desc>
<summary-text><![CDATA[<p><strong>Federal Employee Pension Fairness Act of 2015</strong></p> <p>Repeals provisions requiring federal employees, including foreign service employees,&nbsp;who began service after 2012&nbsp;to pay an increased contribution (4.4%)&nbsp;for funding their annuities under the Federal Employees Retirement System.</p> <p>Amends the Internal Revenue Code to: (1) treat certain foreign corporations managed and controlled primarily in the United States as domestic corporations for U.S. tax purposes; and (2)&nbsp;revise rules for the taxation of inverted corporations (i.e., U.S. corporations that acquire foreign companies to reincorporate in a foreign jurisdiction with lower income tax rates than the United States).</p>]]></summary-text>
</summary>
</item>
<dublinCore xmlns:dc="http://purl.org/dc/elements/1.1/">
<dc:format>text/xml</dc:format>
<dc:language>EN</dc:language>
<dc:rights>Pursuant to Title 17 Section 105 of the United States Code, this file is not subject to copyright protection and is in the public domain.</dc:rights>
<dc:contributor>Congressional Research Service, Library of Congress</dc:contributor>
<dc:description>This file contains bill summaries for federal legislation. A bill summary describes the most significant provisions of a piece of legislation and details the effects the legislative text may have on current law and federal programs. Bill summaries are authored by the Congressional Research Service (CRS) of the Library of Congress. As stated in Public Law 91-510 (2 USC 166 (d)(6)), one of the duties of CRS is "to prepare summaries and digests of bills and resolutions of a public general nature introduced in the Senate or House of Representatives". For more information, refer to the User Guide that accompanies this file.</dc:description>
</dublinCore>
</BillSummaries>
