<?xml version="1.0" encoding="UTF-8"?>
<BillSummaries>
<item congress="114" measure-type="hr" measure-number="432" measure-id="id114hr432" originChamber="HOUSE" orig-publish-date="2015-01-21" update-date="2015-08-28">
<title>SBIC Advisers Relief Act of 2015</title>
<summary summary-id="id114hr432v81" currentChamber="HOUSE" update-date="2015-08-28">
<action-date>2015-07-14</action-date>
<action-desc>Passed House without amendment</action-desc>
<summary-text><![CDATA[<p>(This measure has not been amended since it was introduced. The summary has been expanded because action occurred on the measure.)</p> <p><b>SBIC Advisers Relief Act of 2015</b></p> <p>(Sec. 2) Amends the Investment Advisers Act of 1940 to exempt specified advisers of small business investment companies (SBICs) from certain: (1) Securities and Exchange Commission (SEC) registration requirements with respect to the provision of investment advice relating to venture capital funds, and (2) SEC registration and reporting requirements with respect to assets under management of private funds.</p> <p>(Sec. 4) Provides the same exemption with respect to any state or local law requiring the registration, licensing, or qualifications of investment advisers.</p>]]></summary-text>
</summary>
<summary summary-id="id114hr432v00" currentChamber="HOUSE" update-date="2015-01-26">
<action-date>2015-01-21</action-date>
<action-desc>Introduced in House</action-desc>
<summary-text><![CDATA[<p><b>SBIC Advisers Relief Act of 2015</b></p> <p>Amends the Investment Advisers Act of 1940 to exempt specified advisers of small business investment companies (SBICs) from certain: (1) Securities and Exchange Commission (SEC) registration requirements with respect to the provision of investment advice relating to venture capital funds, and (2) SEC registration and reporting requirements with respect to assets under management of private funds.</p> <p>Provides the same exemption with respect to any state or local law requiring the registration, licensing, or qualifications of investment advisers.</p>]]></summary-text>
</summary>
</item>
<dublinCore xmlns:dc="http://purl.org/dc/elements/1.1/">
<dc:format>text/xml</dc:format>
<dc:language>EN</dc:language>
<dc:rights>Pursuant to Title 17 Section 105 of the United States Code, this file is not subject to copyright protection and is in the public domain.</dc:rights>
<dc:contributor>Congressional Research Service, Library of Congress</dc:contributor>
<dc:description>This file contains bill summaries for federal legislation. A bill summary describes the most significant provisions of a piece of legislation and details the effects the legislative text may have on current law and federal programs. Bill summaries are authored by the Congressional Research Service (CRS) of the Library of Congress. As stated in Public Law 91-510 (2 USC 166 (d)(6)), one of the duties of CRS is "to prepare summaries and digests of bills and resolutions of a public general nature introduced in the Senate or House of Representatives". For more information, refer to the User Guide that accompanies this file.</dc:description>
</dublinCore>
</BillSummaries>
