<?xml version="1.0" encoding="UTF-8"?>
<BillSummaries>
<item congress="114" measure-type="hr" measure-number="299" measure-id="id114hr299" originChamber="HOUSE" orig-publish-date="2015-01-13" update-date="2015-04-20">
<title>Capital Access for Small Community Financial Institutions Act of 2015</title>
<summary summary-id="id114hr299v81" currentChamber="HOUSE" update-date="2015-04-20">
<action-date>2015-04-13</action-date>
<action-desc>Passed House without amendment</action-desc>
<summary-text><![CDATA[<p>(This measure has not been amended since it was introduced. The summary has been expanded because action occurred on the measure.)</p> <p><b>Capital Access for Small Community Financial Institutions Act of 2015</b></p> <p>(Sec. 2) Amends the Federal Home Loan Bank Act to treat certain privately insured credit unions as insured depository institutions for purposes of determining eligibility for membership in a federal home loan bank. </p> <p>Permits a credit union which lacks federal deposit insurance and has applied for membership in a federal home loan bank to be treated as meeting all the eligibility requirements for federal deposit insurance if the supervisor of the chartering state has determined that it meets all federal deposit insurance eligibility requirements.</p> <p>Deems such a credit union to have met the eligibility criteria for federal home loan bank membership if, six months after its application date, the state supervisor has failed to act upon the application.</p> <p>Prohibits the application of a state law authorizing a conservator or liquidating agent of a credit union to repudiate contracts to any: (1) extension of credit from a federal home loan bank to a credit union which is a member of that bank, or (2) security interest in the assets of the credit union securing such extension of credit.</p> <p>Declares that if a federal home loan bank makes an advance to a state-chartered credit union that is not federally insured: (i) the bank's interest in any collateral securing such advance has the same priority and is afforded the same standing and rights that the security interest would have had if the advance had been made to a federally-insured credit union, and (2) the bank has the same right to access such collateral that it would have had if the advance had been made to a federally-insured credit union. </p> <p>Amends the Federal Deposit Insurance Act to require private deposit insurers of credit unions that are members of a federal home loan bank to submit copies of their audit reports within seven days to the Federal Housing Finance Agency.</p> <p>(Sec. 3) Directs the Government Accountability Office to study: (1) the adequacy of insurance reserves held by a private deposit insurer that insures deposits in an insured credit union or any credit union eligible to apply to become one, and (2) such credit unions' compliance with federal regulations governing disclosure of a lack of federal deposit insurance.</p> <p><br> </p>]]></summary-text>
</summary>
<summary summary-id="id114hr299v00" currentChamber="HOUSE" update-date="2015-04-20">
<action-date>2015-01-13</action-date>
<action-desc>Introduced in House</action-desc>
<summary-text><![CDATA[<p><b>Capital Access for Small Community Financial Institutions Act of 2015</b></p> <p>Amends the Federal Home Loan Bank Act to treat certain privately insured credit unions as insured depository institutions for purposes of determining eligibility for membership in a federal home loan bank. </p> <p>Permits a credit union which lacks federal deposit insurance and has applied for membership in a federal home loan bank to be treated as meeting all the eligibility requirements for federal deposit insurance if the supervisor of the chartering state has determined that it meets all federal deposit insurance eligibility requirements.</p> <p>Deems such a credit union to have met the eligibility criteria for federal home loan bank membership if, six months after its application date, the state supervisor has failed to act upon the application.</p> <p>Prohibits the application of a state law authorizing a conservator or liquidating agent of a credit union to repudiate contracts to any: (1) extension of credit from a federal home loan bank to a credit union which is a member of that bank, or (2) security interest in the assets of the credit union securing such extension of credit.</p> <p>Declares that if a federal home loan bank makes an advance to a state-chartered credit union that is not federally insured: (i) the bank's interest in any collateral securing such advance has the same priority and is afforded the same standing and rights that the security interest would have had if the advance had been made to a federally-insured credit union, and (2) the bank has the same right to access such collateral that it would have had if the advance had been made to a federally-insured credit union. </p> <p>Amends the Federal Deposit Insurance Act to require private deposit insurers of credit unions that are members of a federal home loan bank to submit copies of their audit reports within seven days to the Federal Housing Finance Agency.</p> <p>Directs the Government Accountability Office to study: (1) the adequacy of insurance reserves held by a private deposit insurer that insures deposits in an insured credit union or any credit union eligible to apply to become one, and (2) such credit unions' compliance with federal regulations governing disclosure of a lack of federal deposit insurance. </p> <p><br> </p>]]></summary-text>
</summary>
</item>
<dublinCore xmlns:dc="http://purl.org/dc/elements/1.1/">
<dc:format>text/xml</dc:format>
<dc:language>EN</dc:language>
<dc:rights>Pursuant to Title 17 Section 105 of the United States Code, this file is not subject to copyright protection and is in the public domain.</dc:rights>
<dc:contributor>Congressional Research Service, Library of Congress</dc:contributor>
<dc:description>This file contains bill summaries for federal legislation. A bill summary describes the most significant provisions of a piece of legislation and details the effects the legislative text may have on current law and federal programs. Bill summaries are authored by the Congressional Research Service (CRS) of the Library of Congress. As stated in Public Law 91-510 (2 USC 166 (d)(6)), one of the duties of CRS is "to prepare summaries and digests of bills and resolutions of a public general nature introduced in the Senate or House of Representatives". For more information, refer to the User Guide that accompanies this file.</dc:description>
</dublinCore>
</BillSummaries>
