<?xml version="1.0" encoding="UTF-8"?>
<BillSummaries>
<item congress="114" measure-type="hr" measure-number="380" measure-id="id114hr380" originChamber="HOUSE" orig-publish-date="2015-01-14" update-date="2015-01-26">
<title>Medicare Identity Theft Prevention Act of 2015</title>
<summary summary-id="id114hr380v00" currentChamber="HOUSE" update-date="2015-01-26">
<action-date>2015-01-14</action-date>
<action-desc>Introduced in House</action-desc>
<summary-text><![CDATA[<p><b>Medicare Identity Theft Prevention Act of 2015</b></p> <p>Amends title II (Old Age, Survivors and Disability Insurance) (OASDI) of the Social Security Act (SSA) to direct the Secretary of Health and Human Services to establish cost-effective procedures to ensure that: (1) a Social Security account number (or any derivative) is not displayed, coded, or embedded on the Medicare card issued to an individual entitled to benefits under part A (Hospital Insurance) of SSA title XVIII (Medicare) or enrolled under Medicare part B (Supplementary Medical Insurance); and (2) any other identifier displayed on such card is not identifiable as a Social Security account number (or any derivative).</p>]]></summary-text>
</summary>
</item>
<dublinCore xmlns:dc="http://purl.org/dc/elements/1.1/">
<dc:format>text/xml</dc:format>
<dc:language>EN</dc:language>
<dc:rights>Pursuant to Title 17 Section 105 of the United States Code, this file is not subject to copyright protection and is in the public domain.</dc:rights>
<dc:contributor>Congressional Research Service, Library of Congress</dc:contributor>
<dc:description>This file contains bill summaries for federal legislation. A bill summary describes the most significant provisions of a piece of legislation and details the effects the legislative text may have on current law and federal programs. Bill summaries are authored by the Congressional Research Service (CRS) of the Library of Congress. As stated in Public Law 91-510 (2 USC 166 (d)(6)), one of the duties of CRS is "to prepare summaries and digests of bills and resolutions of a public general nature introduced in the Senate or House of Representatives". For more information, refer to the User Guide that accompanies this file.</dc:description>
</dublinCore>
</BillSummaries>
