<?xml version="1.0" encoding="UTF-8"?>
<BillSummaries>
<item congress="114" measure-type="hr" measure-number="212" measure-id="id114hr212" originChamber="HOUSE" orig-publish-date="2015-01-08" update-date="2015-08-11">
<title>To amend the Safe Drinking Water Act to provide for the assessment and management of the risk of algal toxins in drinking water, and for other purposes.</title>
<summary summary-id="id114hr212v49" currentChamber="BOTH" update-date="2015-08-11">
<action-date>2015-08-07</action-date>
<action-desc>Public Law</action-desc>
<summary-text><![CDATA[<p>(This measure has not been amended since it was passed by the House on February 24, 2015. The summary of that version is repeated here.)</p> <p><b>Drinking Water Protection Act </b></p> <p>(Sec. 2) This bill amends the Safe Drinking Water Act to direct the Environmental Protection Agency (EPA) to develop and submit to Congress a strategic plan for assessing and managing risks associated with algal toxins in drinking water provided by public water systems. Cyanobacteria, also known as blue-green algae, have the ability to produce cyanotoxins, or algal toxins. When certain conditions are favorable, algae can rapidly multiply causing blooms, or dense surface scums, that may be toxic.</p> <p>The plan must include steps and time lines to:</p> <ul> <li>evaluate the risk to human health from drinking water contaminated with algal toxins;</li> <li> establish, publish, and update a comprehensive list of algal toxins that may have an adverse effect on human health, taking into account likely exposure levels;</li> <li> summarize the known adverse human health effects of algal toxins and the factors that cause toxin-producing cyanobacteria and algae to grow rapidly and make toxins; </li> <li>determine whether to publish health advisories for algal toxins and establish guidance regarding feasible analytical methods to quantify the presence of algal toxins and guidance regarding the frequency of monitoring necessary to determine if the algal toxins are present; </li> <li>recommend feasible treatment options, including procedures, equipment, and source water protection practices; and </li> <li>enter into cooperative agreements with, and provide technical assistance to, affected states and public water systems to manage risks associated with algal toxins. </li> </ul> <p> The EPA must update and resubmit the plan as appropriate. </p> <p>The EPA must identify gaps in its understanding of algal toxins. It must also assemble and publish information from each agency that has examined or analyzed cyanobacteria or algal toxins or addressed public health concerns related to harmful algal blooms. <p>The Government Accountability Office must submit to Congress an inventory of funds expended by the United States for each of FY2010 through 2014 to examine or analyze toxin-producing cyanobacteria and algae or address public health concerns related to harmful algal blooms. The inventory must include the specific purpose for which the funds were made available, the law under which the funds were authorized, and the agency that received or spent the funds. </p>]]></summary-text>
</summary>
<summary summary-id="id114hr212v82" currentChamber="SENATE" update-date="2015-08-11">
<action-date>2015-08-05</action-date>
<action-desc>Passed Senate without amendment</action-desc>
<summary-text><![CDATA[<p>(This measure has not been amended since it was passed by the House on February 24, 2015. The summary of that version is repeated here.)</p> <p><b>Drinking Water Protection Act </b></p> <p>(Sec. 2) This bill amends the Safe Drinking Water Act to direct the Environmental Protection Agency (EPA) to develop and submit to Congress a strategic plan for assessing and managing risks associated with algal toxins in drinking water provided by public water systems. Cyanobacteria, also known as blue-green algae, have the ability to produce cyanotoxins, or algal toxins. When certain conditions are favorable, algae can rapidly multiply causing blooms, or dense surface scums, that may be toxic.</p> <p>The plan must include steps and time lines to:</p> <ul> <li>evaluate the risk to human health from drinking water contaminated with algal toxins;</li> <li> establish, publish, and update a comprehensive list of algal toxins that may have an adverse effect on human health, taking into account likely exposure levels;</li> <li> summarize the known adverse human health effects of algal toxins and the factors that cause toxin-producing cyanobacteria and algae to grow rapidly and make toxins; </li> <li>determine whether to publish health advisories for algal toxins and establish guidance regarding feasible analytical methods to quantify the presence of algal toxins and guidance regarding the frequency of monitoring necessary to determine if the algal toxins are present; </li> <li>recommend feasible treatment options, including procedures, equipment, and source water protection practices; and </li> <li>enter into cooperative agreements with, and provide technical assistance to, affected states and public water systems to manage risks associated with algal toxins. </li> </ul> <p> The EPA must update and resubmit the plan as appropriate. </p> <p>The EPA must identify gaps in its understanding of algal toxins. It must also assemble and publish information from each agency that has examined or analyzed cyanobacteria or algal toxins or addressed public health concerns related to harmful algal blooms. <p>The Government Accountability Office must submit to Congress an inventory of funds expended by the United States for each of FY2010 through 2014 to examine or analyze toxin-producing cyanobacteria and algae or address public health concerns related to harmful algal blooms. The inventory must include the specific purpose for which the funds were made available, the law under which the funds were authorized, and the agency that received or spent the funds. </p>]]></summary-text>
</summary>
<summary summary-id="id114hr212v36" currentChamber="HOUSE" update-date="2015-02-27">
<action-date>2015-02-24</action-date>
<action-desc>Passed House amended</action-desc>
<summary-text><![CDATA[<p><b>Drinking Water Protection Act </b></p> <p>(Sec. 2) This bill amends the Safe Drinking Water Act to direct the Environmental Protection Agency (EPA) to develop and submit to Congress a strategic plan for assessing and managing risks associated with algal toxins in drinking water provided by public water systems. Cyanobacteria, also known as blue-green algae, have the ability to produce cyanotoxins, or algal toxins. When certain conditions are favorable, algae can rapidly multiply causing blooms, or dense surface scums, that may be toxic.</p> <p>The plan must include steps and time lines to:</p> <ul> <li>evaluate the risk to human health from drinking water contaminated with algal toxins;</li> <li> establish, publish, and update a comprehensive list of algal toxins that may have an adverse effect on human health, taking into account likely exposure levels;</li> <li> summarize the known adverse human health effects of algal toxins and the factors that cause toxin-producing cyanobacteria and algae to grow rapidly and make toxins; </li> <li>determine whether to publish health advisories for algal toxins and establish guidance regarding feasible analytical methods to quantify the presence of algal toxins and guidance regarding the frequency of monitoring necessary to determine if the algal toxins are present; </li> <li>recommend feasible treatment options, including procedures, equipment, and source water protection practices; and </li> <li>enter into cooperative agreements with, and provide technical assistance to, affected states and public water systems to manage risks associated with algal toxins. </li> </ul> <p> The EPA must update and resubmit the plan as appropriate. </p> <p>The EPA must identify gaps in its understanding of algal toxins. It must also assemble and publish information from each agency that has examined or analyzed cyanobacteria or algal toxins or addressed public health concerns related to harmful algal blooms. <p>The Government Accountability Office must submit to Congress an inventory of funds expended by the United States for each of FY2010 through 2014 to examine or analyze toxin-producing cyanobacteria and algae or address public health concerns related to harmful algal blooms. The inventory must include the specific purpose for which the funds were made available, the law under which the funds were authorized, and the agency that received or spent the funds. </p>]]></summary-text>
</summary>
<summary summary-id="id114hr212v00" currentChamber="HOUSE" update-date="2015-02-25">
<action-date>2015-01-08</action-date>
<action-desc>Introduced in House</action-desc>
<summary-text><![CDATA[<p><b>Drinking Water Protection Act </b></p> <p>This bill amends the Safe Drinking Water Act to direct the Environmental Protection Agency to develop and submit to Congress a strategic plan for assessing and managing risks associated with cyanotoxins in drinking water provided by public water systems. (Cyanotoxins are naturally occurring toxins produced by cyanobacteria, also known as blue-green algae.)</p> <p>The plan must include steps and time lines to:</p> <ul> <li>evaluate the risk to human health from drinking water contaminated with cyanotoxins;</li> <li> establish, publish, and update a comprehensive list of cyanotoxins that are harmful to human health;</li> <li> summarize the known adverse human health effects of cyanotoxins and the factors that cause cyanobacteria to grow rapidly and make toxins; </li> <li>determine whether to publish health advisories for harmful cyanotoxins and establish relevant guidance; </li> <li>recommend feasible treatment options; and </li> <li>enter into cooperative agreements with, and provide technical assistance to, affected states and public water systems to manage risks associated with cyanotoxins. </li> </ul> <ul> </ul>]]></summary-text>
</summary>
</item>
<dublinCore xmlns:dc="http://purl.org/dc/elements/1.1/">
<dc:format>text/xml</dc:format>
<dc:language>EN</dc:language>
<dc:rights>Pursuant to Title 17 Section 105 of the United States Code, this file is not subject to copyright protection and is in the public domain.</dc:rights>
<dc:contributor>Congressional Research Service, Library of Congress</dc:contributor>
<dc:description>This file contains bill summaries for federal legislation. A bill summary describes the most significant provisions of a piece of legislation and details the effects the legislative text may have on current law and federal programs. Bill summaries are authored by the Congressional Research Service (CRS) of the Library of Congress. As stated in Public Law 91-510 (2 USC 166 (d)(6)), one of the duties of CRS is "to prepare summaries and digests of bills and resolutions of a public general nature introduced in the Senate or House of Representatives". For more information, refer to the User Guide that accompanies this file.</dc:description>
</dublinCore>
</BillSummaries>
