<?xml version="1.0" encoding="UTF-8"?>
<BillSummaries>
<item congress="114" measure-type="hr" measure-number="138" measure-id="id114hr138" originChamber="HOUSE" orig-publish-date="2015-01-06" update-date="2015-02-02">
<title>Access to Insurance for All Americans Act</title>
<summary summary-id="id114hr138v00" currentChamber="HOUSE" update-date="2015-02-02">
<action-date>2015-01-06</action-date>
<action-desc>Introduced in House</action-desc>
<summary-text><![CDATA[<p> <strong>Access to Insurance for All Americans Act</strong></p> <p>Repeals the Patient Protection and Affordable Care Act and the health care provisions of the Health Care and Education Reconciliation Act of 2010, effective as of the enactment of such Act and provisions. Restores provisions of law amended by such Act and provisions.</p> <p>Directs the Office of Personnel Management (OPM) to administer a health insurance program for non-federal employees and to apply to such program the provisions governing the federal employee health insurance program to the greatest extent practicable.</p> <p>Requires OPM, for each calendar year, to enter into a contract with one or more carriers to make health benefits plans available to eligible individuals. Allows any individual to enroll in such a plan unless the individual: (1) is enrolled or eligible to enroll for coverage under a public health insurance program (including Medicaid or Medicare) or under the federal employee health insurance program, or (2) is a member of the uniformed services.</p> <p>Allows rates and premiums for such a plan to differ among geographic regions. Makes such premiums tax deductible. </p> <p>Provides that no government contribution shall be made for any individual enrolled in such a plan. Directs OPM to ensure that covered individuals are in a risk pool separate from that maintained for federal employees.</p> <p>Requires the Director of OPM to submit a comprehensive plan to Congress that provides for the orderly implementation of the amendments made by this Act, including a schedule of actions to be taken to provide for that implementation. </p>]]></summary-text>
</summary>
</item>
<dublinCore xmlns:dc="http://purl.org/dc/elements/1.1/">
<dc:format>text/xml</dc:format>
<dc:language>EN</dc:language>
<dc:rights>Pursuant to Title 17 Section 105 of the United States Code, this file is not subject to copyright protection and is in the public domain.</dc:rights>
<dc:contributor>Congressional Research Service, Library of Congress</dc:contributor>
<dc:description>This file contains bill summaries for federal legislation. A bill summary describes the most significant provisions of a piece of legislation and details the effects the legislative text may have on current law and federal programs. Bill summaries are authored by the Congressional Research Service (CRS) of the Library of Congress. As stated in Public Law 91-510 (2 USC 166 (d)(6)), one of the duties of CRS is "to prepare summaries and digests of bills and resolutions of a public general nature introduced in the Senate or House of Representatives". For more information, refer to the User Guide that accompanies this file.</dc:description>
</dublinCore>
</BillSummaries>
