<?xml version="1.0" encoding="UTF-8"?>
<BillSummaries>
<item congress="114" measure-type="hr" measure-number="288" measure-id="id114hr288" originChamber="HOUSE" orig-publish-date="2015-01-13" update-date="2015-02-04">
<title>Veterans Medical Access Act</title>
<summary summary-id="id114hr288v00" currentChamber="HOUSE" update-date="2015-02-04">
<action-date>2015-01-13</action-date>
<action-desc>Introduced in House</action-desc>
<summary-text><![CDATA[<p><strong>Veterans Medical Access Act</strong></p> <p>Authorizes payment under the Department of Veterans Affairs (VA) beneficiary travel program of travel expenses in connection with medical examination, treatment, or care of a veteran with vision impairment, a spinal cord injury or disorder, or double or multiple amputations whose travel is in connection with care provided through a VA special disabilities rehabilitation program, if such care is provided: (1) on an inpatient basis, or (2) while a veteran is provided temporary lodging at a VA facility in order to make such care more accessible.</p> <p>Requires a report from the Secretary to the congressional veterans committees on the travel program.</p>]]></summary-text>
</summary>
</item>
<dublinCore xmlns:dc="http://purl.org/dc/elements/1.1/">
<dc:format>text/xml</dc:format>
<dc:language>EN</dc:language>
<dc:rights>Pursuant to Title 17 Section 105 of the United States Code, this file is not subject to copyright protection and is in the public domain.</dc:rights>
<dc:contributor>Congressional Research Service, Library of Congress</dc:contributor>
<dc:description>This file contains bill summaries for federal legislation. A bill summary describes the most significant provisions of a piece of legislation and details the effects the legislative text may have on current law and federal programs. Bill summaries are authored by the Congressional Research Service (CRS) of the Library of Congress. As stated in Public Law 91-510 (2 USC 166 (d)(6)), one of the duties of CRS is "to prepare summaries and digests of bills and resolutions of a public general nature introduced in the Senate or House of Representatives". For more information, refer to the User Guide that accompanies this file.</dc:description>
</dublinCore>
</BillSummaries>
