<?xml version="1.0" encoding="UTF-8"?>
<BillSummaries>
<item congress="114" measure-type="hr" measure-number="707" measure-id="id114hr707" originChamber="HOUSE" orig-publish-date="2015-02-04" update-date="2015-02-12">
<title>Restoration of America's Wire Act</title>
<summary summary-id="id114hr707v00" currentChamber="HOUSE" update-date="2015-02-12">
<action-date>2015-02-04</action-date>
<action-desc>Introduced in House</action-desc>
<summary-text><![CDATA[<p><strong>Restoration of America's Wire Act</strong></p> <p>Amends provisions of the federal criminal code, commonly known as the Wire Act, to provide that the prohibition against transmission of wagering information shall apply to any bet or wager, or information assisting in the placing of any bet or wager (thus making such prohibition applicable to all types of gambling activities, including internet gambling). States that nothing in this Act shall be construed to: (1) preempt any state law prohibiting gambling; or (2) alter, limit, or extend the relationship between the Interstate Horseracing Act of 1978 and other federal laws currently in effect, the ability of a state licensed lottery retailer to make in-person, computer-generated retail lottery sales, or the relationship between federal laws and state charitable gaming laws. </p>]]></summary-text>
</summary>
</item>
<dublinCore xmlns:dc="http://purl.org/dc/elements/1.1/">
<dc:format>text/xml</dc:format>
<dc:language>EN</dc:language>
<dc:rights>Pursuant to Title 17 Section 105 of the United States Code, this file is not subject to copyright protection and is in the public domain.</dc:rights>
<dc:contributor>Congressional Research Service, Library of Congress</dc:contributor>
<dc:description>This file contains bill summaries for federal legislation. A bill summary describes the most significant provisions of a piece of legislation and details the effects the legislative text may have on current law and federal programs. Bill summaries are authored by the Congressional Research Service (CRS) of the Library of Congress. As stated in Public Law 91-510 (2 USC 166 (d)(6)), one of the duties of CRS is "to prepare summaries and digests of bills and resolutions of a public general nature introduced in the Senate or House of Representatives". For more information, refer to the User Guide that accompanies this file.</dc:description>
</dublinCore>
</BillSummaries>
