<?xml version="1.0" encoding="UTF-8"?>
<BillSummaries>
<item congress="114" measure-type="hr" measure-number="929" measure-id="id114hr929" originChamber="HOUSE" orig-publish-date="2015-02-12" update-date="2015-02-25">
<title>To amend title 18, United States Code, to prohibit former Members of Congress from engaging in lobbying contacts.</title>
<summary summary-id="id114hr929v00" currentChamber="HOUSE" update-date="2015-02-25">
<action-date>2015-02-12</action-date>
<action-desc>Introduced in House</action-desc>
<summary-text><![CDATA[<p>Amends the federal criminal code to replace the current two-year ban on lobbying contacts by former Senators and one-year ban on lobbying contacts by former Members of the House of Representatives with any Member, officer, or employee of either chamber with an outright ban at any time on such contacts, subject to fines and/or imprisonment.</p> <p>Specifies a one-year ban on lobbying contacts by former elected officers of the House with any House Member, officer, or employee.</p>]]></summary-text>
</summary>
</item>
<dublinCore xmlns:dc="http://purl.org/dc/elements/1.1/">
<dc:format>text/xml</dc:format>
<dc:language>EN</dc:language>
<dc:rights>Pursuant to Title 17 Section 105 of the United States Code, this file is not subject to copyright protection and is in the public domain.</dc:rights>
<dc:contributor>Congressional Research Service, Library of Congress</dc:contributor>
<dc:description>This file contains bill summaries for federal legislation. A bill summary describes the most significant provisions of a piece of legislation and details the effects the legislative text may have on current law and federal programs. Bill summaries are authored by the Congressional Research Service (CRS) of the Library of Congress. As stated in Public Law 91-510 (2 USC 166 (d)(6)), one of the duties of CRS is "to prepare summaries and digests of bills and resolutions of a public general nature introduced in the Senate or House of Representatives". For more information, refer to the User Guide that accompanies this file.</dc:description>
</dublinCore>
</BillSummaries>
