<?xml version="1.0" encoding="UTF-8"?>
<BillSummaries>
<item congress="114" measure-type="hr" measure-number="806" measure-id="id114hr806" originChamber="HOUSE" orig-publish-date="2015-02-05" update-date="2015-03-03">
<title>To provide for a land exchange involving a parcel of real property under the jurisdiction of the Secretary of the Army on the site of the former Mare Island Naval Shipyard, Vallejo, California.</title>
<summary summary-id="id114hr806v00" currentChamber="HOUSE" update-date="2015-03-03">
<action-date>2015-02-05</action-date>
<action-desc>Introduced in House</action-desc>
<summary-text><![CDATA[<p>Authorizes the Secretary of the Army to convey a parcel of the former Mare Island Naval Shipyard on Azuar Drive in Vallejo, California, to permit the Touro University California to use the parcel for educational and administrative purposes in exchange for the Army acquiring a parking facility for the Mare Island Army Reserve Center.</p> <p>Directs the Secretary to require the University to cover costs (except environmental remediation costs) incurred by the Secretary to carry out the conveyance.</p>]]></summary-text>
</summary>
</item>
<dublinCore xmlns:dc="http://purl.org/dc/elements/1.1/">
<dc:format>text/xml</dc:format>
<dc:language>EN</dc:language>
<dc:rights>Pursuant to Title 17 Section 105 of the United States Code, this file is not subject to copyright protection and is in the public domain.</dc:rights>
<dc:contributor>Congressional Research Service, Library of Congress</dc:contributor>
<dc:description>This file contains bill summaries for federal legislation. A bill summary describes the most significant provisions of a piece of legislation and details the effects the legislative text may have on current law and federal programs. Bill summaries are authored by the Congressional Research Service (CRS) of the Library of Congress. As stated in Public Law 91-510 (2 USC 166 (d)(6)), one of the duties of CRS is "to prepare summaries and digests of bills and resolutions of a public general nature introduced in the Senate or House of Representatives". For more information, refer to the User Guide that accompanies this file.</dc:description>
</dublinCore>
</BillSummaries>
