<?xml version="1.0" encoding="UTF-8"?>
<BillSummaries>
<item congress="114" measure-type="hr" measure-number="144" measure-id="id114hr144" originChamber="HOUSE" orig-publish-date="2015-01-06" update-date="2015-01-20">
<title>Max Tax Act</title>
<summary summary-id="id114hr144v00" currentChamber="HOUSE" update-date="2015-01-20">
<action-date>2015-01-06</action-date>
<action-desc>Introduced in House</action-desc>
<summary-text><![CDATA[<p><strong>Alternative Maximum Tax Act or the Max Tax Act</strong> </p> <p>Amends the Internal Revenue Code to provide for an alternative maximum tax for a taxpayer other than a corporate taxpayer.&nbsp;Limits&nbsp;the tax to 50% of&nbsp;the taxpayer's adjusted gross income, calculated by adding all federal, state, and local taxes paid by the taxpayer during the taxable year and dividing that amount by the taxpayer's adjusted gross income. </p>]]></summary-text>
</summary>
</item>
<dublinCore xmlns:dc="http://purl.org/dc/elements/1.1/">
<dc:format>text/xml</dc:format>
<dc:language>EN</dc:language>
<dc:rights>Pursuant to Title 17 Section 105 of the United States Code, this file is not subject to copyright protection and is in the public domain.</dc:rights>
<dc:contributor>Congressional Research Service, Library of Congress</dc:contributor>
<dc:description>This file contains bill summaries for federal legislation. A bill summary describes the most significant provisions of a piece of legislation and details the effects the legislative text may have on current law and federal programs. Bill summaries are authored by the Congressional Research Service (CRS) of the Library of Congress. As stated in Public Law 91-510 (2 USC 166 (d)(6)), one of the duties of CRS is "to prepare summaries and digests of bills and resolutions of a public general nature introduced in the Senate or House of Representatives". For more information, refer to the User Guide that accompanies this file.</dc:description>
</dublinCore>
</BillSummaries>
