<?xml version="1.0" encoding="UTF-8"?>
<BillSummaries>
<item congress="114" measure-type="hr" measure-number="576" measure-id="id114hr576" originChamber="HOUSE" orig-publish-date="2015-01-27" update-date="2015-02-04">
<title>Homeless Children and Youth Act of 2015</title>
<summary summary-id="id114hr576v00" currentChamber="HOUSE" update-date="2015-02-04">
<action-date>2015-01-27</action-date>
<action-desc>Introduced in House</action-desc>
<summary-text><![CDATA[<p><b>Homeless Children and Youth Act of 2015</b></p> <p> Amends the McKinney-Vento Homeless Assistance Act to redefine "homeless," "homeless individual," or "homeless person."</p> <p> Modifies requirements relating to an individual or family who will imminently lose their housing, including housing they own, rent, or live in without paying rent. </p> <p>Revises criteria for unaccompanied youth and homeless families with children and youth defined as homeless under other federal statutes to require that they:</p> <ul> <li> are certified as homeless by the director or designee of a program funded under any other federal statute; or</li> <li>have been certified by a director of a program funded under this Act or a director of a public housing agency (PHA) as lacking a fixed, regular, and adequate nighttime residence, which shall include: (1) temporarily sharing the housing of another person due to loss of housing, economic hardship, or other similar reason; or (2) living in a room in a motel or hotel.</li> </ul> <p>Requires the Secretary of Housing and Urban Development to: (1) aggregate and publicly report information from a collaborative applicant about project sponsors in a community-wide homeless management information system (HMIS), and (2) ensure that any public report does not contain personally identifiable information.</p> <p>Prohibits the Secretary, in awarding grants for continuum of care programs, from considering or prioritizing the specific homeless populations intended to be served by the applicant if the applicant demonstrates that the project: (1) would meet the priorities identified in the applicant's plan, and (2) is cost-effective in meeting the overall goals and objectives identified in that plan.</p> <p>Repeals certain requirements regarding collaborative applicants.</p> <p>Modifies requirements for selection criteria for the award of grants through a national competition between geographic areas.</p> <p>Requires annual reports to Congress on housing assistance for the homeless to include data: (1) required to be made publicly available in the HMIS report, and (2) on programs funded under other specified federal statutes.</p>]]></summary-text>
</summary>
</item>
<dublinCore xmlns:dc="http://purl.org/dc/elements/1.1/">
<dc:format>text/xml</dc:format>
<dc:language>EN</dc:language>
<dc:rights>Pursuant to Title 17 Section 105 of the United States Code, this file is not subject to copyright protection and is in the public domain.</dc:rights>
<dc:contributor>Congressional Research Service, Library of Congress</dc:contributor>
<dc:description>This file contains bill summaries for federal legislation. A bill summary describes the most significant provisions of a piece of legislation and details the effects the legislative text may have on current law and federal programs. Bill summaries are authored by the Congressional Research Service (CRS) of the Library of Congress. As stated in Public Law 91-510 (2 USC 166 (d)(6)), one of the duties of CRS is "to prepare summaries and digests of bills and resolutions of a public general nature introduced in the Senate or House of Representatives". For more information, refer to the User Guide that accompanies this file.</dc:description>
</dublinCore>
</BillSummaries>
