<?xml version="1.0" encoding="UTF-8"?>
<BillSummaries>
<item congress="114" measure-type="hr" measure-number="882" measure-id="id114hr882" originChamber="HOUSE" orig-publish-date="2015-02-11" update-date="2015-02-28">
<title>No Child Left Inside Act of 2015</title>
<summary summary-id="id114hr882v00" currentChamber="HOUSE" update-date="2015-02-28">
<action-date>2015-02-11</action-date>
<action-desc>Introduced in House</action-desc>
<summary-text><![CDATA[<p><strong>No Child Left Inside Act of 2015</strong></p> <p>Amends the Elementary and Secondary Education Act of 1965 (ESEA) to direct the Secretary of Education to award grants to states and, through them, competitive subgrants to eligible partnerships to support the implementation of state environmental literacy plans that include environmental education standards and teacher training.</p> <p>Includes in the eligible partnerships a local educational agency (LEA) and at least one institution of higher education, another LEA, an elementary or secondary school, or a government or nonprofit entity experienced in environmental literacy.</p> <p>Requires use of the subgrants for one or more of the following activities:</p> <ul> <li>providing targeted, job-embedded professional development that improves teachers' environmental content knowledge and pedagogical skills;</li> <li> establishing and operating environmental education summer workshops or institutes for teachers;</li> <li>developing or redesigning more rigorous environmental education curricula;</li> <li>designing programs that prepare teachers to provide environmental education mentoring and training to other teachers in their school;</li> <li> establishing and operating programs to bring teachers and students into contact with working professionals in environmental fields;</li> <li>creating initiatives that incorporate environmental education within teacher training programs or accreditation standards; and</li> <li>promoting the integration of outdoor environmental education lessons into the regular school curriculum and schedule.</li> </ul> <p>Authorizes the Secretary to award competitive matching grants to eligible partnerships for one or more of the following activities:</p> <ul> <li>developing and implementing state curriculum frameworks for environmental education that meet challenging state academic content and achievement standards for environmental education,</li> <li>replicating or disseminating information about proven and tested model environmental education programs, and</li> <li>developing and implementing new approaches to advancing environmental education and the adoption and use of environmental education content standards.</li> </ul> <p>Amends part B (Mathematics and Science Partnerships) of title II of the ESEA to: (1) include nonprofit environmental education organizations and government science, environmental, or natural resource management agencies among the entities eligible to participate in part B partnerships; and (2) allow the use of part B funds to train teachers to use environmental education to enhance student understanding of science and mathematics.</p> <p>Amends part B (21st Century Community Learning Centers) of title IV of the ESEA to include environmental literacy activities among the before and after school activities that such program funds at community learning centers.</p> <p>Directs the Secretary to: </p> <ul> <li> request all federal agencies to provide information on any environmental literacy assistance program that they operate, sponsor, or support; </li> <li> make that information searchable and accessible through the Department of Education's website and cross-referenced with the United States Green Ribbon School application information; </li> <li> coordinate environmental literacy activities between the Department of Education, the Environmental Protection Agency, the Department of the Interior, and the Department of Commerce; and </li> <li> appoint an advisory panel of stakeholders to advise and support interagency environmental literacy planning and assessment activities.</li> </ul>]]></summary-text>
</summary>
</item>
<dublinCore xmlns:dc="http://purl.org/dc/elements/1.1/">
<dc:format>text/xml</dc:format>
<dc:language>EN</dc:language>
<dc:rights>Pursuant to Title 17 Section 105 of the United States Code, this file is not subject to copyright protection and is in the public domain.</dc:rights>
<dc:contributor>Congressional Research Service, Library of Congress</dc:contributor>
<dc:description>This file contains bill summaries for federal legislation. A bill summary describes the most significant provisions of a piece of legislation and details the effects the legislative text may have on current law and federal programs. Bill summaries are authored by the Congressional Research Service (CRS) of the Library of Congress. As stated in Public Law 91-510 (2 USC 166 (d)(6)), one of the duties of CRS is "to prepare summaries and digests of bills and resolutions of a public general nature introduced in the Senate or House of Representatives". For more information, refer to the User Guide that accompanies this file.</dc:description>
</dublinCore>
</BillSummaries>
