<?xml version="1.0" encoding="UTF-8"?>
<BillSummaries>
<item congress="114" measure-type="hr" measure-number="955" measure-id="id114hr955" originChamber="HOUSE" orig-publish-date="2015-02-12" update-date="2015-02-24">
<title>To authorize assistance and sustainment to the military and national security forces of Ukraine.</title>
<summary summary-id="id114hr955v00" currentChamber="HOUSE" update-date="2015-02-24">
<action-date>2015-02-12</action-date>
<action-desc>Introduced in House</action-desc>
<summary-text><![CDATA[<p>This bill authorizes the Secretary of Defense, in coordination with the Secretary of State, to provide assistance (including training, equipment, lethal weapons of a defensive nature, logistics support, supplies, and services) to the military and national security forces of Ukraine through September 30, 2017, to help Ukraine: (1) secure its sovereign territory against foreign aggressors, (2) protect the Ukrainian people from attacks posed by Russian-backed separatists, and (3) promote the conditions for a negotiated settlement to end the conflict. </p>]]></summary-text>
</summary>
</item>
<dublinCore xmlns:dc="http://purl.org/dc/elements/1.1/">
<dc:format>text/xml</dc:format>
<dc:language>EN</dc:language>
<dc:rights>Pursuant to Title 17 Section 105 of the United States Code, this file is not subject to copyright protection and is in the public domain.</dc:rights>
<dc:contributor>Congressional Research Service, Library of Congress</dc:contributor>
<dc:description>This file contains bill summaries for federal legislation. A bill summary describes the most significant provisions of a piece of legislation and details the effects the legislative text may have on current law and federal programs. Bill summaries are authored by the Congressional Research Service (CRS) of the Library of Congress. As stated in Public Law 91-510 (2 USC 166 (d)(6)), one of the duties of CRS is "to prepare summaries and digests of bills and resolutions of a public general nature introduced in the Senate or House of Representatives". For more information, refer to the User Guide that accompanies this file.</dc:description>
</dublinCore>
</BillSummaries>
