<?xml version="1.0" encoding="UTF-8"?>
<BillSummaries>
<item congress="114" measure-type="hr" measure-number="557" measure-id="id114hr557" originChamber="HOUSE" orig-publish-date="2015-01-27" update-date="2015-02-27">
<title>Retirement Security Act of 2015</title>
<summary summary-id="id114hr557v00" currentChamber="HOUSE" update-date="2015-02-27">
<action-date>2015-01-27</action-date>
<action-desc>Introduced in House</action-desc>
<summary-text><![CDATA[<p><strong>Retirement Security Act of 2015</strong></p> <p> Directs the Secretary of the Treasury to: (1)&nbsp;prescribe final regulations to permit employers to participate in&nbsp;multiple employer pension benefit plans, (2) promulgate regulations or other guidance to simplify and clarify rules relating to the timing of participant notices required under tax-preferred pension plans and the automatic escalation rules, and (3) modify the 1040EZ tax return form to allow taxpayers to claim the tax credit for retirement savings (saver's credit) on such form.</p> <p>Amends the Employee Retirement&nbsp;Income Security Act of 1974&nbsp;(ERISA) and the Internal Revenue Code, with respect to employer pension benefit plans, to: (1)&nbsp;allow employers to maintain a tax-exempt multiple employer pension benefit plan even if the employers&nbsp;sponsoring the plan share no common interest, (2) modify requirements for secure deferral arrangements with respect to nondiscrimination and employer matching contributions, and&nbsp;(3) allow employers with not more than 100 employees a business-related tax credit to cover increased matching contributions required by this Act. </p>]]></summary-text>
</summary>
</item>
<dublinCore xmlns:dc="http://purl.org/dc/elements/1.1/">
<dc:format>text/xml</dc:format>
<dc:language>EN</dc:language>
<dc:rights>Pursuant to Title 17 Section 105 of the United States Code, this file is not subject to copyright protection and is in the public domain.</dc:rights>
<dc:contributor>Congressional Research Service, Library of Congress</dc:contributor>
<dc:description>This file contains bill summaries for federal legislation. A bill summary describes the most significant provisions of a piece of legislation and details the effects the legislative text may have on current law and federal programs. Bill summaries are authored by the Congressional Research Service (CRS) of the Library of Congress. As stated in Public Law 91-510 (2 USC 166 (d)(6)), one of the duties of CRS is "to prepare summaries and digests of bills and resolutions of a public general nature introduced in the Senate or House of Representatives". For more information, refer to the User Guide that accompanies this file.</dc:description>
</dublinCore>
</BillSummaries>
