<?xml version="1.0" encoding="UTF-8"?>
<BillSummaries>
<item congress="114" measure-type="hr" measure-number="1074" measure-id="id114hr1074" originChamber="HOUSE" orig-publish-date="2015-02-25" update-date="2015-03-09">
<title>Passenger Fee Restructuring Exemptions Act of 2015</title>
<summary summary-id="id114hr1074v00" currentChamber="HOUSE" update-date="2015-03-09">
<action-date>2015-02-25</action-date>
<action-desc>Introduced in House</action-desc>
<summary-text><![CDATA[<p><b>Passenger Fee Restructuring Exemptions Act of 2015</b></p> <p> Revises aviation security service fee requirements. </p> <p>Makes an exception to the $5.60 per one-way trip fee for certain passengers for domestic flights that originate at a U.S. airport.</p> <p>Limits such fees to $2.50 per enplanement, with the total not to exceed $5.00 per one-way trip, for any passengers: (1) boarding to an eligible small community for which essential air service compensation is paid; or (2) on flights, including flight segments, between two or more points in Hawaii or two or more points in Alaska.</p>]]></summary-text>
</summary>
</item>
<dublinCore xmlns:dc="http://purl.org/dc/elements/1.1/">
<dc:format>text/xml</dc:format>
<dc:language>EN</dc:language>
<dc:rights>Pursuant to Title 17 Section 105 of the United States Code, this file is not subject to copyright protection and is in the public domain.</dc:rights>
<dc:contributor>Congressional Research Service, Library of Congress</dc:contributor>
<dc:description>This file contains bill summaries for federal legislation. A bill summary describes the most significant provisions of a piece of legislation and details the effects the legislative text may have on current law and federal programs. Bill summaries are authored by the Congressional Research Service (CRS) of the Library of Congress. As stated in Public Law 91-510 (2 USC 166 (d)(6)), one of the duties of CRS is "to prepare summaries and digests of bills and resolutions of a public general nature introduced in the Senate or House of Representatives". For more information, refer to the User Guide that accompanies this file.</dc:description>
</dublinCore>
</BillSummaries>
