<?xml version="1.0" encoding="UTF-8"?>
<BillSummaries>
<item congress="114" measure-type="hr" measure-number="858" measure-id="id114hr858" originChamber="HOUSE" orig-publish-date="2015-02-10" update-date="2015-03-10">
<title>LEARN Act</title>
<summary summary-id="id114hr858v00" currentChamber="HOUSE" update-date="2015-03-10">
<action-date>2015-02-10</action-date>
<action-desc>Introduced in House</action-desc>
<summary-text><![CDATA[<p> <strong>Literacy Education for All, Results for the Nation Act or the LEARN Act</strong></p> <p>Authorizes the Secretary of Education to award grants to states to develop or improve a comprehensive plan to improve the literacy of children from birth through grade 12. </p> <p>Directs the Secretary to award grants to states to implement their comprehensive literacy plans for such children through: </p> <ul> <li> competitive subgrants to local educational agencies (LEAs) or early learning programs for specified activities that support early language and literacy development in children from birth through kindergarten entry; </li> <li> competitive subgrants to LEAs that have the highest numbers or percentages of disadvantaged students and students reading or writing below grade level for specified activities to improve the literacy of students in kindergarten through grade 12, including the provision of family literacy services; and </li> <li> additional state activities that include providing technical assistance to subgrantees, coordinating literacy programs and resources throughout the state, disseminating information on promising literacy programs, and enhancing the credentials of literacy instructors. </li> </ul> <p>Allots implementation grants to states on the basis of each state's share of disadvantaged students.</p> <p>Requires the Secretary to: (1) perform a five-year national evaluation of the implementation and effect of the literacy initiatives supported by this Act, and (2) provide technical assistance and information on literacy instruction to educational entities.</p> <p>Authorizes the Secretary to withhold this Act's funding from states and subgrantees, and states to withhold funding from subgrantees, whose initiatives are not making significant progress in improving student literacy.</p>]]></summary-text>
</summary>
</item>
<dublinCore xmlns:dc="http://purl.org/dc/elements/1.1/">
<dc:format>text/xml</dc:format>
<dc:language>EN</dc:language>
<dc:rights>Pursuant to Title 17 Section 105 of the United States Code, this file is not subject to copyright protection and is in the public domain.</dc:rights>
<dc:contributor>Congressional Research Service, Library of Congress</dc:contributor>
<dc:description>This file contains bill summaries for federal legislation. A bill summary describes the most significant provisions of a piece of legislation and details the effects the legislative text may have on current law and federal programs. Bill summaries are authored by the Congressional Research Service (CRS) of the Library of Congress. As stated in Public Law 91-510 (2 USC 166 (d)(6)), one of the duties of CRS is "to prepare summaries and digests of bills and resolutions of a public general nature introduced in the Senate or House of Representatives". For more information, refer to the User Guide that accompanies this file.</dc:description>
</dublinCore>
</BillSummaries>
