<?xml version="1.0" encoding="UTF-8"?>
<BillSummaries>
<item congress="114" measure-type="hr" measure-number="340" measure-id="id114hr340" originChamber="HOUSE" orig-publish-date="2015-01-14" update-date="2015-02-04">
<title>REDUCE Act</title>
<summary summary-id="id114hr340v00" currentChamber="HOUSE" update-date="2015-02-04">
<action-date>2015-01-14</action-date>
<action-desc>Introduced in House</action-desc>
<summary-text><![CDATA[<p><b>Rebalance for an Effective Defense Uniformed and Civilian Employees Act or the REDUCE Act</b></p> <p>Limits full-time positions in the Department of Defense (DOD), in each of FY2022-FY2026, subject to specified adjustments to be made by the DOD Secretary, to a number not greater than 85% of the number of such positions at DOD as of September 30, 2016. Permits not more than 1,000 of such positions to be career appointees within the Senior Executive Service. Authorizes the DOD Secretary to offer voluntary separation incentive payments and voluntary early retirement payments to achieve the reductions required by this Act, but requires the Secretary to use involuntary measures, including reductions in force, beginning on October 1, 2016,&nbsp;to achieve required reductions in personnel levels if voluntary measures&nbsp;are inadequate.&nbsp;</p>]]></summary-text>
</summary>
</item>
<dublinCore xmlns:dc="http://purl.org/dc/elements/1.1/">
<dc:format>text/xml</dc:format>
<dc:language>EN</dc:language>
<dc:rights>Pursuant to Title 17 Section 105 of the United States Code, this file is not subject to copyright protection and is in the public domain.</dc:rights>
<dc:contributor>Congressional Research Service, Library of Congress</dc:contributor>
<dc:description>This file contains bill summaries for federal legislation. A bill summary describes the most significant provisions of a piece of legislation and details the effects the legislative text may have on current law and federal programs. Bill summaries are authored by the Congressional Research Service (CRS) of the Library of Congress. As stated in Public Law 91-510 (2 USC 166 (d)(6)), one of the duties of CRS is "to prepare summaries and digests of bills and resolutions of a public general nature introduced in the Senate or House of Representatives". For more information, refer to the User Guide that accompanies this file.</dc:description>
</dublinCore>
</BillSummaries>
