<?xml version="1.0" encoding="UTF-8"?>
<BillSummaries>
<item congress="114" measure-type="hr" measure-number="341" measure-id="id114hr341" originChamber="HOUSE" orig-publish-date="2015-01-14" update-date="2015-02-04">
<title>To amend title 38, United States Code, to require States to recognize the military experience of veterans when issuing licenses and credentials to veterans, and for other purposes.</title>
<summary summary-id="id114hr341v00" currentChamber="HOUSE" update-date="2015-02-04">
<action-date>2015-01-14</action-date>
<action-desc>Introduced in House</action-desc>
<summary-text><![CDATA[<p>Requires a state, as a condition for receipt of a grant or contract from the Department of Labor for support of disabled veterans' outreach specialists and local veterans' employment representatives, to:</p> <ul> <li>establish a program that issues a license or credential to a veteran without requiring any training or apprenticeship if such veteran receives a satisfactory score on completion of an examination administered by that state and has at least 10 years of experience in a military occupational specialty that is similar to the civilian occupation for which such license or credential is required; and</li> <li>submit a report each year on the exams administered that includes the number of veterans who completed such exams and a description of the results of such exams, disaggregated by occupational field.</li> </ul>]]></summary-text>
</summary>
</item>
<dublinCore xmlns:dc="http://purl.org/dc/elements/1.1/">
<dc:format>text/xml</dc:format>
<dc:language>EN</dc:language>
<dc:rights>Pursuant to Title 17 Section 105 of the United States Code, this file is not subject to copyright protection and is in the public domain.</dc:rights>
<dc:contributor>Congressional Research Service, Library of Congress</dc:contributor>
<dc:description>This file contains bill summaries for federal legislation. A bill summary describes the most significant provisions of a piece of legislation and details the effects the legislative text may have on current law and federal programs. Bill summaries are authored by the Congressional Research Service (CRS) of the Library of Congress. As stated in Public Law 91-510 (2 USC 166 (d)(6)), one of the duties of CRS is "to prepare summaries and digests of bills and resolutions of a public general nature introduced in the Senate or House of Representatives". For more information, refer to the User Guide that accompanies this file.</dc:description>
</dublinCore>
</BillSummaries>
