<?xml version="1.0" encoding="UTF-8"?>
<BillSummaries>
<item congress="114" measure-type="hr" measure-number="1147" measure-id="id114hr1147" originChamber="HOUSE" orig-publish-date="2015-02-27" update-date="2015-03-09">
<title>Legal Workforce Act</title>
<summary summary-id="id114hr1147v00" currentChamber="HOUSE" update-date="2015-03-09">
<action-date>2015-02-27</action-date>
<action-desc>Introduced in House</action-desc>
<summary-text><![CDATA[<p><strong>Legal Workforce Act</strong></p> <p>Amends the Immigration and Nationality Act to direct the Secretary of Homeland Security (DHS) to establish an employment eligibility verification system (EEVS), patterned after the E-Verify system. (Eliminates the current paper-based I-9 system.) </p> <p>Requires an employer to attest, during the verification period and under penalty of perjury, that the employer has verified that an individual is not an unauthorized alien by: (1) obtaining and recording the individual's social security account number, and (2) examining specified documents that establish such individual's identity and employment authorization.</p> <p>Requires an individual to attest that he or she is a U.S. citizen or national, a lawful permanent resident, or an alien authorized to work in the United States.</p> <p>Establishes a phased-in EEVS participation deadline (six months to two years) for different categories of employers, including agricultural employers. </p> <p>Requires reverification of the following workers who have not been verified under E-verify: (1) federal, state, or local government employees; (2) certain employees who require a federal security clearance; and (3) certain employees assigned to work in the United States under a federal or state contract.</p> <p>Authorizes an employer to voluntarily reverify employees. (Requires any such reverification to be applied to all individuals so employed).</p> <p>Includes employment recruitment and referral within the scope of EEVS. Requires EEVS use by union halls and nonprofit employment agencies.</p> <p>Requires EEVS to provide employers with: (1) temporary verification or nonverification within 3 working days of an inquiry; and (2) in the case of nonverification, a final verification or nonverification within 10 working days.</p> <p>Sets forth provisions regarding: (1) an employer utilizing a good faith defense, (2) preemption of state or local law, (3) employer penalties, and (4) worker remedies for EEVS errors.</p> <p>Provides for the establishment of programs to: (1) block the use of misused social security numbers, and (2) suspend or limit the use of Social Security numbers of victims of identity fraud. </p> <p> Requires an employer who uses the photo matching tool as part of the E-Verify system to match the photo tool photograph to both the photograph on the identity or employment eligibility document provided by the employee and to the face of the employee submitting the document. </p> <p>Directs the Secretary to: (1) establish a program under which parents or legal guardians may suspend or limit the use of the social security account number or other identifying information of a minor for the purposes of the employment eligibility verification system, and (2) establish an Identity Authentication Employment Eligibility Verification pilot program to provide employers with identity authentication and employment verification of enrolled new employees.</p>]]></summary-text>
</summary>
</item>
<dublinCore xmlns:dc="http://purl.org/dc/elements/1.1/">
<dc:format>text/xml</dc:format>
<dc:language>EN</dc:language>
<dc:rights>Pursuant to Title 17 Section 105 of the United States Code, this file is not subject to copyright protection and is in the public domain.</dc:rights>
<dc:contributor>Congressional Research Service, Library of Congress</dc:contributor>
<dc:description>This file contains bill summaries for federal legislation. A bill summary describes the most significant provisions of a piece of legislation and details the effects the legislative text may have on current law and federal programs. Bill summaries are authored by the Congressional Research Service (CRS) of the Library of Congress. As stated in Public Law 91-510 (2 USC 166 (d)(6)), one of the duties of CRS is "to prepare summaries and digests of bills and resolutions of a public general nature introduced in the Senate or House of Representatives". For more information, refer to the User Guide that accompanies this file.</dc:description>
</dublinCore>
</BillSummaries>
