<?xml version="1.0" encoding="UTF-8"?>
<BillSummaries>
<item congress="114" measure-type="hr" measure-number="796" measure-id="id114hr796" originChamber="HOUSE" orig-publish-date="2015-02-05" update-date="2015-02-28">
<title>To amend the Reclamation Wastewater and Groundwater Study and Facilities Act to authorize the Secretary of the Interior to participate in the design, planning, and construction of the South Sacramento County Agriculture and Habitat Lands Water Recycling Project in Sacramento County, California.</title>
<summary summary-id="id114hr796v00" currentChamber="HOUSE" update-date="2015-02-28">
<action-date>2015-02-05</action-date>
<action-desc>Introduced in House</action-desc>
<summary-text><![CDATA[<p>Amends the Reclamation Wastewater and Groundwater Study and Facilities Act to authorize the Department of the Interior to participate in the design, planning, and construction of, and land acquisition for, a project to reclaim and reuse wastewater in Sacramento County, California. </p> <p>Requires the project to consist of three phases, the first of which shall include the planning, design, and construction of water conveyance and related infrastructure to provide recycled water to irrigate approximately 4,500 acres of land in southern Sacramento County.</p>]]></summary-text>
</summary>
</item>
<dublinCore xmlns:dc="http://purl.org/dc/elements/1.1/">
<dc:format>text/xml</dc:format>
<dc:language>EN</dc:language>
<dc:rights>Pursuant to Title 17 Section 105 of the United States Code, this file is not subject to copyright protection and is in the public domain.</dc:rights>
<dc:contributor>Congressional Research Service, Library of Congress</dc:contributor>
<dc:description>This file contains bill summaries for federal legislation. A bill summary describes the most significant provisions of a piece of legislation and details the effects the legislative text may have on current law and federal programs. Bill summaries are authored by the Congressional Research Service (CRS) of the Library of Congress. As stated in Public Law 91-510 (2 USC 166 (d)(6)), one of the duties of CRS is "to prepare summaries and digests of bills and resolutions of a public general nature introduced in the Senate or House of Representatives". For more information, refer to the User Guide that accompanies this file.</dc:description>
</dublinCore>
</BillSummaries>
