<?xml version="1.0" encoding="UTF-8"?>
<BillSummaries>
<item congress="114" measure-type="hr" measure-number="701" measure-id="id114hr701" originChamber="HOUSE" orig-publish-date="2015-02-04" update-date="2015-03-10">
<title>Helping Families Save for Education Act</title>
<summary summary-id="id114hr701v00" currentChamber="HOUSE" update-date="2015-03-10">
<action-date>2015-02-04</action-date>
<action-desc>Introduced in House</action-desc>
<summary-text><![CDATA[<p><strong>Helping Families Save for Education Act</strong> </p> <p> Amends the Internal Revenue Code, with respect to Coverdell education savings accounts, to: (1) increase the age limit for beneficiaries of such accounts after which contributions may not be made from age 18 to age 22, and (2) increase the maximum contribution limit in any taxable year from $2,000 to $10,000.</p>]]></summary-text>
</summary>
</item>
<dublinCore xmlns:dc="http://purl.org/dc/elements/1.1/">
<dc:format>text/xml</dc:format>
<dc:language>EN</dc:language>
<dc:rights>Pursuant to Title 17 Section 105 of the United States Code, this file is not subject to copyright protection and is in the public domain.</dc:rights>
<dc:contributor>Congressional Research Service, Library of Congress</dc:contributor>
<dc:description>This file contains bill summaries for federal legislation. A bill summary describes the most significant provisions of a piece of legislation and details the effects the legislative text may have on current law and federal programs. Bill summaries are authored by the Congressional Research Service (CRS) of the Library of Congress. As stated in Public Law 91-510 (2 USC 166 (d)(6)), one of the duties of CRS is "to prepare summaries and digests of bills and resolutions of a public general nature introduced in the Senate or House of Representatives". For more information, refer to the User Guide that accompanies this file.</dc:description>
</dublinCore>
</BillSummaries>
