<?xml version="1.0" encoding="UTF-8"?>
<BillSummaries>
<item congress="114" measure-type="hr" measure-number="547" measure-id="id114hr547" originChamber="HOUSE" orig-publish-date="2015-01-27" update-date="2015-02-10">
<title>PRO Sports Act</title>
<summary summary-id="id114hr547v00" currentChamber="HOUSE" update-date="2015-02-10">
<action-date>2015-01-27</action-date>
<action-desc>Introduced in House</action-desc>
<summary-text><![CDATA[<p><strong>Properly Reducing Overexemptions for Sports Act or the PRO Sports Act</strong> </p> <p> Amends the Internal Revenue Code to remove professional football leagues from the list of tax-exempt organizations.</p> <p>Provides that no organization or entity shall be treated as tax-exempt if it: (1) is a professional sports league, organization, or association, a substantial activity of which is to foster national or international professional sports competitions (including by managing league business affairs, officiating or providing referees, coordinating schedules, managing sponsorships or broadcast sales, operating loan programs for competition facilities, or overseeing player conduct); and (2) has annual gross receipts in excess of $10 million. </p>]]></summary-text>
</summary>
</item>
<dublinCore xmlns:dc="http://purl.org/dc/elements/1.1/">
<dc:format>text/xml</dc:format>
<dc:language>EN</dc:language>
<dc:rights>Pursuant to Title 17 Section 105 of the United States Code, this file is not subject to copyright protection and is in the public domain.</dc:rights>
<dc:contributor>Congressional Research Service, Library of Congress</dc:contributor>
<dc:description>This file contains bill summaries for federal legislation. A bill summary describes the most significant provisions of a piece of legislation and details the effects the legislative text may have on current law and federal programs. Bill summaries are authored by the Congressional Research Service (CRS) of the Library of Congress. As stated in Public Law 91-510 (2 USC 166 (d)(6)), one of the duties of CRS is "to prepare summaries and digests of bills and resolutions of a public general nature introduced in the Senate or House of Representatives". For more information, refer to the User Guide that accompanies this file.</dc:description>
</dublinCore>
</BillSummaries>
