<?xml version="1.0" encoding="UTF-8"?>
<BillSummaries>
<item congress="114" measure-type="hr" measure-number="175" measure-id="id114hr175" originChamber="HOUSE" orig-publish-date="2015-01-06" update-date="2015-02-05">
<title>ENERGY STAR Regulatory Improvement Act</title>
<summary summary-id="id114hr175v00" currentChamber="HOUSE" update-date="2015-02-05">
<action-date>2015-01-06</action-date>
<action-desc>Introduced in House</action-desc>
<summary-text><![CDATA[<p><b>ENERGY STAR Regulatory Improvement Act</b></p> <p>This bill amends the Energy Policy and Conservation Act to require the Environmental Protection Agency to revise the Energy Star program to exempt program partners that have complied with all program requirements for a period of at least 18 months from third-party certification requirements for the labeling of consumer, home, and office electronic products. In order to facilitate product listing and performance verification for a sample of products, the EPA may require test data and other product information to be submitted.</p> <p>The exemption from third-party certification provided to a program partner will be terminated if the partner is found to have violated program requirements with respect to at least two separate models during a two-year period. The exemption will resume if the partner complies with all program requirements for at least three years.</p>]]></summary-text>
</summary>
</item>
<dublinCore xmlns:dc="http://purl.org/dc/elements/1.1/">
<dc:format>text/xml</dc:format>
<dc:language>EN</dc:language>
<dc:rights>Pursuant to Title 17 Section 105 of the United States Code, this file is not subject to copyright protection and is in the public domain.</dc:rights>
<dc:contributor>Congressional Research Service, Library of Congress</dc:contributor>
<dc:description>This file contains bill summaries for federal legislation. A bill summary describes the most significant provisions of a piece of legislation and details the effects the legislative text may have on current law and federal programs. Bill summaries are authored by the Congressional Research Service (CRS) of the Library of Congress. As stated in Public Law 91-510 (2 USC 166 (d)(6)), one of the duties of CRS is "to prepare summaries and digests of bills and resolutions of a public general nature introduced in the Senate or House of Representatives". For more information, refer to the User Guide that accompanies this file.</dc:description>
</dublinCore>
</BillSummaries>
