<?xml version="1.0" encoding="UTF-8"?><BillSummaries>
<item congress="114" measure-type="hr" measure-number="312" measure-id="id114hr312" originChamber="HOUSE" orig-publish-date="2015-01-13" update-date="2016-03-25">
<title>Glen Anthony Doherty Overseas Security Personnel Fairness Act</title>
<summary summary-id="id114hr312v00" currentChamber="HOUSE" update-date="2016-03-25">
<action-date>2015-01-13</action-date>
<action-desc>Introduced in House</action-desc>
<summary-text><![CDATA[<p><b>Glen Anthony Doherty Overseas Security Personnel Fairness Act</b></p> <p> This bill amends the Defense Base Act to require the death benefits of an individual employed at an overseas military base who dies as a result of a war-risk hazard or act of terrorism occurring on or after September 11, 2001, if there is no surviving spouse, child, or dependent grandchildren, brothers, or sisters of such individual eligible for death benefits under the Longshore and Harbor Workers' Compensation Act, to be paid: (1) to a beneficiary designated by the deceased; or (2) if there is no designated beneficiary, to the next of kin or the estate of the deceased.</p> <p>The bill requires the payment of such benefits from the Employees' Compensation Fund.</p>]]></summary-text>
</summary>
</item>
<dublinCore xmlns:dc="http://purl.org/dc/elements/1.1/">
<dc:format>text/xml</dc:format>
<dc:language>EN</dc:language>
<dc:rights>Pursuant to Title 17 Section 105 of the United States Code, this file is not subject to copyright protection and is in the public domain.</dc:rights>
<dc:contributor>Congressional Research Service, Library of Congress</dc:contributor>
<dc:description>This file contains bill summaries for federal legislation. A bill summary describes the most significant provisions of a piece of legislation and details the effects the legislative text may have on current law and federal programs. Bill summaries are authored by the Congressional Research Service (CRS) of the Library of Congress. As stated in Public Law 91-510 (2 USC 166 (d)(6)), one of the duties of CRS is "to prepare summaries and digests of bills and resolutions of a public general nature introduced in the Senate or House of Representatives". For more information, refer to the User Guide that accompanies this file.</dc:description>
</dublinCore>
</BillSummaries>
