<?xml version="1.0" encoding="UTF-8"?>
<BillSummaries>
<item congress="114" measure-type="hr" measure-number="523" measure-id="id114hr523" originChamber="HOUSE" orig-publish-date="2015-01-26" update-date="2015-02-12">
<title>Prescribe A Book Act</title>
<summary summary-id="id114hr523v00" currentChamber="HOUSE" update-date="2015-02-12">
<action-date>2015-01-26</action-date>
<action-desc>Introduced in House</action-desc>
<summary-text><![CDATA[<p><strong>Prescribe A Book Act</strong></p> <p>Amends the Elementary and Secondary Education Act of 1965 to authorize the Secretary of Education to award matching grants to nonprofit organizations for the implementation of Pediatric Early Literacy Programs, through which:</p> <ul> <li>health care providers encourage parents to read aloud to their children and offer parents developmentally appropriate recommendations and strategies for doing so;</li> <li>health care providers give each visiting child between the ages of six months and five years a new, developmentally appropriate children's book to take home and keep; and</li> <li>health care facilities create literacy-rich environments that include gently used books for waiting room use or volunteer readers to show parents the techniques of reading aloud to young children.</li> </ul> <p>Requires that the books provided to children under the programs be obtained at a discount.</p>]]></summary-text>
</summary>
</item>
<dublinCore xmlns:dc="http://purl.org/dc/elements/1.1/">
<dc:format>text/xml</dc:format>
<dc:language>EN</dc:language>
<dc:rights>Pursuant to Title 17 Section 105 of the United States Code, this file is not subject to copyright protection and is in the public domain.</dc:rights>
<dc:contributor>Congressional Research Service, Library of Congress</dc:contributor>
<dc:description>This file contains bill summaries for federal legislation. A bill summary describes the most significant provisions of a piece of legislation and details the effects the legislative text may have on current law and federal programs. Bill summaries are authored by the Congressional Research Service (CRS) of the Library of Congress. As stated in Public Law 91-510 (2 USC 166 (d)(6)), one of the duties of CRS is "to prepare summaries and digests of bills and resolutions of a public general nature introduced in the Senate or House of Representatives". For more information, refer to the User Guide that accompanies this file.</dc:description>
</dublinCore>
</BillSummaries>
