<?xml version="1.0" encoding="UTF-8"?><BillSummaries>
<item congress="114" measure-type="hr" measure-number="68" measure-id="id114hr68" originChamber="HOUSE" orig-publish-date="2015-01-06" update-date="2017-05-01">
<title>Tiffany Joslyn Juvenile Accountability Block Grant Program Reauthorization Act of 2016</title>
<summary summary-id="id114hr68v17" currentChamber="HOUSE" update-date="2017-05-01">
<action-date>2016-12-23</action-date>
<action-desc>Reported to House with amendment(s)</action-desc>
<summary-text><![CDATA[<p><b>Tiffany Joslyn Juvenile Accountability Block Grant Program Reauthorization Act of 2016</b></p> <p> (Sec. 2) This bill amends the Omnibus Crime Control and Safe Streets Act of 1968 to revise and reauthorize through FY2022 the Juvenile Accountability Block Grant (JABG) Program.</p> <p>It subjects JABG grants to accountability measures. The Department of Justice's (DOJ's) Office of Inspector General must conduct annual audits of selected grant recipients. DOJ must submit an annual certification to Congress and identify and report on duplicative grant awards.</p> <p>(Sec. 3) The bill expresses the sense of Congress that the use of best practices is encouraged for activities carried out with JABG funds.</p> <p>(Sec. 4) DOJ must use amounts made available for general administration to carry out the JABG Program.</p>]]></summary-text>
</summary>
<summary summary-id="id114hr68v00" currentChamber="HOUSE" update-date="2015-01-20">
<action-date>2015-01-06</action-date>
<action-desc>Introduced in House</action-desc>
<summary-text><![CDATA[<p><strong>Juvenile Accountability Block Grant Reauthorization and the Bullying Prevention and Intervention Act of 2015</strong> </p> <p> Amends the Omnibus Crime Control and Safe Streets Act of 1968 to: (1) expand the juvenile accountability block grant program with respect to programs for the prevention of bullying to include intervention programs, and (2) authorize appropriations for such grant program for FY2016-FY2020.</p> <p>Encourages the use of best practices for all activities under such grant program.</p>]]></summary-text>
</summary>
</item>
<dublinCore xmlns:dc="http://purl.org/dc/elements/1.1/">
<dc:format>text/xml</dc:format>
<dc:language>EN</dc:language>
<dc:rights>Pursuant to Title 17 Section 105 of the United States Code, this file is not subject to copyright protection and is in the public domain.</dc:rights>
<dc:contributor>Congressional Research Service, Library of Congress</dc:contributor>
<dc:description>This file contains bill summaries for federal legislation. A bill summary describes the most significant provisions of a piece of legislation and details the effects the legislative text may have on current law and federal programs. Bill summaries are authored by the Congressional Research Service (CRS) of the Library of Congress. As stated in Public Law 91-510 (2 USC 166 (d)(6)), one of the duties of CRS is "to prepare summaries and digests of bills and resolutions of a public general nature introduced in the Senate or House of Representatives". For more information, refer to the User Guide that accompanies this file.</dc:description>
</dublinCore>
</BillSummaries>
