<?xml version="1.0" encoding="UTF-8"?>
<BillSummaries>
<item congress="114" measure-type="hr" measure-number="428" measure-id="id114hr428" originChamber="HOUSE" orig-publish-date="2015-01-21" update-date="2015-01-30">
<title>Export American Natural Gas Act of 2015</title>
<summary summary-id="id114hr428v00" currentChamber="HOUSE" update-date="2015-01-30">
<action-date>2015-01-21</action-date>
<action-desc>Introduced in House</action-desc>
<summary-text><![CDATA[<p><b>Export American Natural Gas Act of 2015</b></p> <p> Amends the Natural Gas Act to direct the Secretary of Energy to either approve or deny an application to export liquefied natural gas (LNG), whether through an onshore or offshore terminal, within 60 days after the later of: (1) receiving a completed application; (2) the applicant's contracting with a customer for the LNG proposed to be exported, and (3) the date of the enactment of this Act.</p> <p>Deems the application approved if the Secretary has neither approved nor denied it by such 60-day deadline. </p> <p>Declares this Act inapplicable to applications for export to a nation to which export is prohibited by law. <p>Directs the Secretary of State to report to Congress on: (1) how the economic policies of foreign countries with natural gas resources and reserves relate to the development and production of their natural gas resources and reserves, as well as the extent and status of their natural gas resources and reserves; (2) the potential of such countries to export their natural gas production to the global market, including the impact of such exports upon the global market; and (3) U.S. actions to foster natural gas exports to foreign countries having an interest in importing natural gas from the United States.</p> <p><BR> <BR> </p>]]></summary-text>
</summary>
</item>
<dublinCore xmlns:dc="http://purl.org/dc/elements/1.1/">
<dc:format>text/xml</dc:format>
<dc:language>EN</dc:language>
<dc:rights>Pursuant to Title 17 Section 105 of the United States Code, this file is not subject to copyright protection and is in the public domain.</dc:rights>
<dc:contributor>Congressional Research Service, Library of Congress</dc:contributor>
<dc:description>This file contains bill summaries for federal legislation. A bill summary describes the most significant provisions of a piece of legislation and details the effects the legislative text may have on current law and federal programs. Bill summaries are authored by the Congressional Research Service (CRS) of the Library of Congress. As stated in Public Law 91-510 (2 USC 166 (d)(6)), one of the duties of CRS is "to prepare summaries and digests of bills and resolutions of a public general nature introduced in the Senate or House of Representatives". For more information, refer to the User Guide that accompanies this file.</dc:description>
</dublinCore>
</BillSummaries>
