<?xml version="1.0" encoding="UTF-8"?>
<BillSummaries>
<item congress="114" measure-type="hr" measure-number="309" measure-id="id114hr309" originChamber="HOUSE" orig-publish-date="2015-01-13" update-date="2015-02-04">
<title>Gas Tax Replacement Act of 2015</title>
<summary summary-id="id114hr309v00" currentChamber="HOUSE" update-date="2015-02-04">
<action-date>2015-01-13</action-date>
<action-desc>Introduced in House</action-desc>
<summary-text><![CDATA[<p><strong>Gas Tax Replacement Act of 2015</strong></p> <p>Amends the Internal Revenue Code to: (1) repeal the excise taxes on gasoline and diesel fuels; (2) add a carbon dioxide equivalent rate to the tax on crude oil and petroleum products; and (3) impose an new excise tax on the carbon content of methanol, ethanol, and biodiesel produced in the United States and entered into the United States for consumption, use, or warehousing. </p> <p>Requires the Administrator of the Environmental Protection Agency (EPA) to send to the Internal Revenue Service (IRS) and make public a report on the total life-cycle emissions of carbon dioxide for gasoline, diesel fuel, biofuel, and other regulated fuels.</p>]]></summary-text>
</summary>
</item>
<dublinCore xmlns:dc="http://purl.org/dc/elements/1.1/">
<dc:format>text/xml</dc:format>
<dc:language>EN</dc:language>
<dc:rights>Pursuant to Title 17 Section 105 of the United States Code, this file is not subject to copyright protection and is in the public domain.</dc:rights>
<dc:contributor>Congressional Research Service, Library of Congress</dc:contributor>
<dc:description>This file contains bill summaries for federal legislation. A bill summary describes the most significant provisions of a piece of legislation and details the effects the legislative text may have on current law and federal programs. Bill summaries are authored by the Congressional Research Service (CRS) of the Library of Congress. As stated in Public Law 91-510 (2 USC 166 (d)(6)), one of the duties of CRS is "to prepare summaries and digests of bills and resolutions of a public general nature introduced in the Senate or House of Representatives". For more information, refer to the User Guide that accompanies this file.</dc:description>
</dublinCore>
</BillSummaries>
