<?xml version="1.0" encoding="UTF-8"?>
<BillSummaries>
<item congress="114" measure-type="hr" measure-number="1037" measure-id="id114hr1037" originChamber="HOUSE" orig-publish-date="2015-02-24" update-date="2015-03-09">
<title>ETHICS Act of 2015</title>
<summary summary-id="id114hr1037v00" currentChamber="HOUSE" update-date="2015-03-09">
<action-date>2015-02-24</action-date>
<action-desc>Introduced in House</action-desc>
<summary-text><![CDATA[<p><b>Ensuring Trust and Honorability in Congressional Standards Act of 2015 or the ETHICS Act of 2015</b></p> <p>Requires the Committee on Ethics of the House of Representatives to conduct ongoing ethics training and awareness programs for Members, officers, and employees of the House.</p> <p>Requires a Member, officer, or employee who serves in or is employed by the House, during each session of Congress, to complete a Committee program by the last day of the session, except that:</p> <ul> <li> an individual who did not serve or who was not employed in the previous session of Congress, or whose service or employment begins after the first day of the session, must complete the program within 60 days after that service or employment begins; and</li> <li> during the session in which this Act is enacted into law, each Member, officer, and employee must complete the program by the last day of the session or 60 days after the enactment of this Act, whichever occurs earlier.</li> </ul>]]></summary-text>
</summary>
</item>
<dublinCore xmlns:dc="http://purl.org/dc/elements/1.1/">
<dc:format>text/xml</dc:format>
<dc:language>EN</dc:language>
<dc:rights>Pursuant to Title 17 Section 105 of the United States Code, this file is not subject to copyright protection and is in the public domain.</dc:rights>
<dc:contributor>Congressional Research Service, Library of Congress</dc:contributor>
<dc:description>This file contains bill summaries for federal legislation. A bill summary describes the most significant provisions of a piece of legislation and details the effects the legislative text may have on current law and federal programs. Bill summaries are authored by the Congressional Research Service (CRS) of the Library of Congress. As stated in Public Law 91-510 (2 USC 166 (d)(6)), one of the duties of CRS is "to prepare summaries and digests of bills and resolutions of a public general nature introduced in the Senate or House of Representatives". For more information, refer to the User Guide that accompanies this file.</dc:description>
</dublinCore>
</BillSummaries>
