<?xml version="1.0" encoding="UTF-8"?>
<BillSummaries>
<item congress="114" measure-type="hr" measure-number="226" measure-id="id114hr226" originChamber="HOUSE" orig-publish-date="2015-01-08" update-date="2015-01-20">
<title>Keeping Guns from High Risk Individuals Act</title>
<summary summary-id="id114hr226v00" currentChamber="HOUSE" update-date="2015-01-20">
<action-date>2015-01-08</action-date>
<action-desc>Introduced in House</action-desc>
<summary-text><![CDATA[<p><strong>Keeping Guns from High Risk Individuals Act</strong></p> <p>Amends the Brady Handgun Violence Prevention Act to prohibit the sale or other disposition of a firearm or ammunition to any person knowing or having reasonable cause to believe that such person: (1) has been convicted of a crime of violence in the previous 10 years; (2) is under age 25 and has been adjudicated as having committed an offense that would have been a crime of violence if committed by an adult; (3) has been convicted on 2 separate occasions in any period of 3 consecutive years in the last 10 of an offense that has the possession or distribution of alcohol or a controlled substance as an element; or (4) has been convicted of stalking. </p> <p>Prohibits any such person from: (1) shipping or transporting in interstate or foreign commerce, or possessing in or affecting commerce, any firearm or ammunition; or (2) receiving any firearm or ammunition which has been shipped or transported in interstate or foreign commerce.</p>]]></summary-text>
</summary>
</item>
<dublinCore xmlns:dc="http://purl.org/dc/elements/1.1/">
<dc:format>text/xml</dc:format>
<dc:language>EN</dc:language>
<dc:rights>Pursuant to Title 17 Section 105 of the United States Code, this file is not subject to copyright protection and is in the public domain.</dc:rights>
<dc:contributor>Congressional Research Service, Library of Congress</dc:contributor>
<dc:description>This file contains bill summaries for federal legislation. A bill summary describes the most significant provisions of a piece of legislation and details the effects the legislative text may have on current law and federal programs. Bill summaries are authored by the Congressional Research Service (CRS) of the Library of Congress. As stated in Public Law 91-510 (2 USC 166 (d)(6)), one of the duties of CRS is "to prepare summaries and digests of bills and resolutions of a public general nature introduced in the Senate or House of Representatives". For more information, refer to the User Guide that accompanies this file.</dc:description>
</dublinCore>
</BillSummaries>
