<?xml version="1.0" encoding="UTF-8"?>
<BillSummaries>
<item congress="114" measure-type="hr" measure-number="656" measure-id="id114hr656" originChamber="HOUSE" orig-publish-date="2015-02-02" update-date="2015-02-14">
<title>Online Communications and Geolocation Protection Act</title>
<summary summary-id="id114hr656v00" currentChamber="HOUSE" update-date="2015-02-14">
<action-date>2015-02-02</action-date>
<action-desc>Introduced in House</action-desc>
<summary-text><![CDATA[<p><b>Online Communications and Geolocation Protection Act</b></p> <p> Amends the federal criminal code to authorize a governmental entity to require the disclosure of the contents of any wire or electronic communication that is stored, held, or maintained by an electronic communication service or a remote computing service only pursuant to a warrant. Requires such entity, within three days after it receives such contents from a provider of such service, to serve upon or deliver to the service subscriber, customer, or user a copy of the warrant and required notice. Includes the contents of such a communication among the information that any such service provider shall not knowingly divulge to any governmental entity except as provided under current law. </p> <p>Prohibits a governmental entity from intentionally intercepting geolocation information pertaining to an individual, or from intentionally disclosing or using such information knowing that it was obtained in violation of existing prohibitions, except: (1) for purposes of electronic surveillance authorized by the Foreign Intelligence Surveillance Act of 1978 (FISA); (2) with the consent of the individual to whom the information pertains or the parent or guardian of a child to whom the information pertains; (3) through any system that is configured so that such information is readily accessible to the general public; (4) by an emergency responder to respond to a request by such individual for assistance or in circumstances in which it is reasonable to believe that individual's life or safety is in jeopardy; (5) pursuant to a warrant issued by a court in accordance with the Federal Rules of Criminal Procedure or as otherwise provided in FISA; or (6) by an investigative or law enforcement officer specially designated to intercept or use geolocation information if such officer reasonably determines that an emergency situation (involving immediate danger of death or serious physical injury to any individual or conspiratorial activities that threaten the national security interest or that are characteristic of organized crime) exists and requires interception or use before an authorizing order can be obtained, there are grounds upon which such an order could be entered, and an application for such order is made within 48 hours after the interception or use occurs.</p> <p>Prohibits a service provider from intentionally disclosing geolocation information pertaining to an individual to any governmental entity, except: (1) pursuant to the above exceptions, or (2) to disclose to a law enforcement agency information which was inadvertently obtained and which appears to pertain to the commission of a crime.</p> <p>Prohibits the use of any geolocation information intercepted, used, or disclosed in violation of this Act as evidence in any trial, hearing, or other government proceeding, except in a civil action to obtain relief for a violation of this Act. </p> <p>Authorizes civil actions to recover damages from persons, other than the United States, where an individual's geolocation information is intentionally disclosed or used in violation of this Act. Requires a federal agency to initiate proceedings to determine whether disciplinary action is warranted against any federal employee when a court or agency has determined that the United States has violated this Act.</p> <p>Amends the Federal Rules of Criminal Procedure to require a search warrant to obtain geolocation information.</p> <p>Prohibits obtaining the geolocation information of a person for protective activities or law enforcement or intelligence purposes except pursuant to a warrant issued pursuant to the Federal Rules of Criminal Procedure, this Act, or FISA.</p>]]></summary-text>
</summary>
</item>
<dublinCore xmlns:dc="http://purl.org/dc/elements/1.1/">
<dc:format>text/xml</dc:format>
<dc:language>EN</dc:language>
<dc:rights>Pursuant to Title 17 Section 105 of the United States Code, this file is not subject to copyright protection and is in the public domain.</dc:rights>
<dc:contributor>Congressional Research Service, Library of Congress</dc:contributor>
<dc:description>This file contains bill summaries for federal legislation. A bill summary describes the most significant provisions of a piece of legislation and details the effects the legislative text may have on current law and federal programs. Bill summaries are authored by the Congressional Research Service (CRS) of the Library of Congress. As stated in Public Law 91-510 (2 USC 166 (d)(6)), one of the duties of CRS is "to prepare summaries and digests of bills and resolutions of a public general nature introduced in the Senate or House of Representatives". For more information, refer to the User Guide that accompanies this file.</dc:description>
</dublinCore>
</BillSummaries>
