<?xml version="1.0" encoding="UTF-8"?>
<BillSummaries>
<item congress="114" measure-type="hr" measure-number="643" measure-id="id114hr643" originChamber="HOUSE" orig-publish-date="2015-02-02" update-date="2015-02-27">
<title>Veterans Education Survey Act of 2015</title>
<summary summary-id="id114hr643v00" currentChamber="HOUSE" update-date="2015-02-27">
<action-date>2015-02-02</action-date>
<action-desc>Introduced in House</action-desc>
<summary-text><![CDATA[<p><strong>Veterans Education Survey Act of 2015</strong></p> <p>Directs the Secretary of Veterans Affairs (VA) to enter into a contract with a non-government entity to conduct a survey of a statistically valid sample of individuals who have used or are using their entitlement to veterans educational assistance to pursue a program of education or training.</p> <p>Requires: (1) the survey to be submitted to the Senate and House Veterans' Affairs Committees not later than one month before the collection of data begins, and (2) the entity to conduct the survey electronically or by other appropriate means and to complete the survey and submit the results to the Secretary not later than 180 days after entering into the contract.</p> <p>Requires the survey to be designed to collect specified types of information about each individual surveyed, including: (1) demographic information, including the highest level of education completed, military occupational specialties while serving in the Armed Forces, National Guard, or Reserves, and whether the individual has a service-connected disability; (2) the individual's opinion regarding participation in the transition assistance program and the effectiveness of the program; (3) the nature of the individual's experience with the VA's education benefits processing system; and (4) the individual's employment status and whether such status differs from the individual's status prior to enrolling in the program of education or training.</p> <p>Directs the Secretary to report to the Committees on the results of the survey, including an unedited version of the results submitted, and any recommendations.</p>]]></summary-text>
</summary>
</item>
<dublinCore xmlns:dc="http://purl.org/dc/elements/1.1/">
<dc:format>text/xml</dc:format>
<dc:language>EN</dc:language>
<dc:rights>Pursuant to Title 17 Section 105 of the United States Code, this file is not subject to copyright protection and is in the public domain.</dc:rights>
<dc:contributor>Congressional Research Service, Library of Congress</dc:contributor>
<dc:description>This file contains bill summaries for federal legislation. A bill summary describes the most significant provisions of a piece of legislation and details the effects the legislative text may have on current law and federal programs. Bill summaries are authored by the Congressional Research Service (CRS) of the Library of Congress. As stated in Public Law 91-510 (2 USC 166 (d)(6)), one of the duties of CRS is "to prepare summaries and digests of bills and resolutions of a public general nature introduced in the Senate or House of Representatives". For more information, refer to the User Guide that accompanies this file.</dc:description>
</dublinCore>
</BillSummaries>
