<?xml version="1.0" encoding="UTF-8"?>
<BillSummaries>
<item congress="114" measure-type="hr" measure-number="167" measure-id="id114hr167" originChamber="HOUSE" orig-publish-date="2015-01-06" update-date="2015-02-05">
<title>Wildfire Disaster Funding Act</title>
<summary summary-id="id114hr167v00" currentChamber="HOUSE" update-date="2015-02-05">
<action-date>2015-01-06</action-date>
<action-desc>Introduced in House</action-desc>
<summary-text><![CDATA[<p><b>Wildfire Disaster Funding Act </b></p> <p>This bill amends the Balanced Budget and Emergency Deficit Control Act of 1985 to require specified adjustments to discretionary spending limits in FY2015-FY2022 to accommodate appropriations for wildfire suppression operations in the Wildland Fire Management accounts at the Department of Agriculture (USDA) or the Department of the Interior.</p> <p>If USDA or Interior determines that supplemental appropriations are necessary for wildfire suppression operations, the bill requires the relevant department to submit to Congress a request for the funding and a plan for obligating the funds. </p> <p>The bill also requires the President's budget to include the average costs for wildfire suppression over the previous 10 years. </p>]]></summary-text>
</summary>
</item>
<dublinCore xmlns:dc="http://purl.org/dc/elements/1.1/">
<dc:format>text/xml</dc:format>
<dc:language>EN</dc:language>
<dc:rights>Pursuant to Title 17 Section 105 of the United States Code, this file is not subject to copyright protection and is in the public domain.</dc:rights>
<dc:contributor>Congressional Research Service, Library of Congress</dc:contributor>
<dc:description>This file contains bill summaries for federal legislation. A bill summary describes the most significant provisions of a piece of legislation and details the effects the legislative text may have on current law and federal programs. Bill summaries are authored by the Congressional Research Service (CRS) of the Library of Congress. As stated in Public Law 91-510 (2 USC 166 (d)(6)), one of the duties of CRS is "to prepare summaries and digests of bills and resolutions of a public general nature introduced in the Senate or House of Representatives". For more information, refer to the User Guide that accompanies this file.</dc:description>
</dublinCore>
</BillSummaries>
