<?xml version="1.0" encoding="UTF-8"?>
<BillSummaries>
<item congress="114" measure-type="hr" measure-number="1036" measure-id="id114hr1036" originChamber="HOUSE" orig-publish-date="2015-02-24" update-date="2015-03-10">
<title>Let the GSEs Pay Us Back Act of 2015</title>
<summary summary-id="id114hr1036v00" currentChamber="HOUSE" update-date="2015-03-10">
<action-date>2015-02-24</action-date>
<action-desc>Introduced in House</action-desc>
<summary-text><![CDATA[<p><b>Let the GSEs Pay Us Back Act of 2015</b></p> <p> Directs the Secretary of the Treasury, the Federal National Mortgage Association (Fannie Mae) and any affiliate, and the Federal Home Loan Mortgage Corporation (Freddie Mac) and any affiliate (government sponsored enterprises or GSEs), with each GSE acting through an appointed conservator, to enter into an agreement that modifies the Preferred Stock Purchase Agreement for the GSE to provide that: (1) any Senior Preferred Stock purchased under the Agreement by the Treasury shall not accrue further dividends; and (2) any amounts received by the GSE, before or after the modification, during a single year as a draw upon the Treasury's commitment under the Agreement shall be treated as a loan by the Treasury to the GSE meeting specified criteria.</p> <p>Specifies as such criteria that this loan be treated as though originated on the date of the last such draw during that year, with: (1) an original principal obligation equal to the aggregate amount of such draws, (2) a 30-year term, (3) an annual interest rate of 5%, and (4) requirements for full amortization of the loan over the 30-year term. Requires the GSE to repay the loan in accordance with the amortization schedule established.</p> <p>Requires any dividends paid by the GSE to the Treasury under the Agreement before the modification to be treated as payments of principal and interest due under the loan, to be credited against payments due: (1) first to the loan with the earliest origination date that has not yet been fully repaid until it is repaid, and (2) then to the loan having the next earliest origination date until it is repaid.</p>]]></summary-text>
</summary>
</item>
<dublinCore xmlns:dc="http://purl.org/dc/elements/1.1/">
<dc:format>text/xml</dc:format>
<dc:language>EN</dc:language>
<dc:rights>Pursuant to Title 17 Section 105 of the United States Code, this file is not subject to copyright protection and is in the public domain.</dc:rights>
<dc:contributor>Congressional Research Service, Library of Congress</dc:contributor>
<dc:description>This file contains bill summaries for federal legislation. A bill summary describes the most significant provisions of a piece of legislation and details the effects the legislative text may have on current law and federal programs. Bill summaries are authored by the Congressional Research Service (CRS) of the Library of Congress. As stated in Public Law 91-510 (2 USC 166 (d)(6)), one of the duties of CRS is "to prepare summaries and digests of bills and resolutions of a public general nature introduced in the Senate or House of Representatives". For more information, refer to the User Guide that accompanies this file.</dc:description>
</dublinCore>
</BillSummaries>
