<?xml version="1.0" encoding="UTF-8"?>
<BillSummaries>
<item congress="114" measure-type="hr" measure-number="1083" measure-id="id114hr1083" originChamber="HOUSE" orig-publish-date="2015-02-25" update-date="2015-03-09">
<title>Medicaid Physician Self-Referral Act of 2015</title>
<summary summary-id="id114hr1083v00" currentChamber="HOUSE" update-date="2015-03-09">
<action-date>2015-02-25</action-date>
<action-desc>Introduced in House</action-desc>
<summary-text><![CDATA[<p><b>Medicaid Physician Self-Referral Act of 2015</b></p> <p> Amends title XIX (Medicaid) of the Social Security Act (SSAct) with respect to physician self-referral limitations to repeal the prohibition against payment of federal funds to a state for medical assistance expenditures for a designated health service furnished to an individual on the basis of a referral (self-referral) that would result in denial of payment under SSAct title XVIII (Medicare).</p> <p>Requires a state plan for medical assistance to prohibit payment for a Medicaid designated health service furnished to an individual on the basis of a physician's referral if the physician (or an immediate family member) has an ownership or investment interest or a compensation arrangement with the entity furnishing the service that would not comply with Medicare requirements.</p> <p>Requires application of certain reporting requirements and sanctions to a provider of a Medicaid designated health service the same way they apply under Medicare.</p> <p>Amends SSAct title XVIII to: (1) apply the False Claims Act to violations of the self-referral prohibition, and (2) declare the authority of the Secretary of Health and Human Services to issue regulations under Medicaid limited to the application of self-referral limitations to state plan requirements. </p> <p>Directs the Secretary to establish a protocol consistent with the Medicare self-referral disclosure protocol required under the Patient Protection and Affordable Care Act that enables health care providers to disclose an actual or potential violation of Medicare self-referral limitations as applied to Medicaid.</p>]]></summary-text>
</summary>
</item>
<dublinCore xmlns:dc="http://purl.org/dc/elements/1.1/">
<dc:format>text/xml</dc:format>
<dc:language>EN</dc:language>
<dc:rights>Pursuant to Title 17 Section 105 of the United States Code, this file is not subject to copyright protection and is in the public domain.</dc:rights>
<dc:contributor>Congressional Research Service, Library of Congress</dc:contributor>
<dc:description>This file contains bill summaries for federal legislation. A bill summary describes the most significant provisions of a piece of legislation and details the effects the legislative text may have on current law and federal programs. Bill summaries are authored by the Congressional Research Service (CRS) of the Library of Congress. As stated in Public Law 91-510 (2 USC 166 (d)(6)), one of the duties of CRS is "to prepare summaries and digests of bills and resolutions of a public general nature introduced in the Senate or House of Representatives". For more information, refer to the User Guide that accompanies this file.</dc:description>
</dublinCore>
</BillSummaries>
