<?xml version="1.0" encoding="UTF-8"?>
<BillSummaries>
<item congress="114" measure-type="hr" measure-number="711" measure-id="id114hr711" originChamber="HOUSE" orig-publish-date="2015-02-04" update-date="2015-02-19">
<title>Equal Treatment of Public Servants Act of 2015</title>
<summary summary-id="id114hr711v00" currentChamber="HOUSE" update-date="2015-02-19">
<action-date>2015-02-04</action-date>
<action-desc>Introduced in House</action-desc>
<summary-text><![CDATA[<p><b>Equal Treatment of Public Servants Act of 2015 </b></p> <p> Amends title II (Old Age, Survivors and Disability Insurance) (OASDI) of the Social Security Act to replace the current windfall elimination provision (WEP) (that reduces the Social Security benefits of workers who also have pension benefits from employment not covered by Social Security) for individuals who: (1) become eligible for old-age insurance benefits after 2016 or would attain age 62 after 2016 and become eligible for disability insurance benefits after 2016, (2) subsequently become entitled to such benefits, and (3) have earnings derived from noncovered service performed after 1977.</p> <p>Establishes a new formula for the treatment of noncovered earnings in determining Social Security benefits.</p> <p>Prescribes a second formula to modify the WEP for current beneficiaries.</p> <p>Directs the Commissioner of Social Security to recover overpayments from certain individuals. </p>]]></summary-text>
</summary>
</item>
<dublinCore xmlns:dc="http://purl.org/dc/elements/1.1/">
<dc:format>text/xml</dc:format>
<dc:language>EN</dc:language>
<dc:rights>Pursuant to Title 17 Section 105 of the United States Code, this file is not subject to copyright protection and is in the public domain.</dc:rights>
<dc:contributor>Congressional Research Service, Library of Congress</dc:contributor>
<dc:description>This file contains bill summaries for federal legislation. A bill summary describes the most significant provisions of a piece of legislation and details the effects the legislative text may have on current law and federal programs. Bill summaries are authored by the Congressional Research Service (CRS) of the Library of Congress. As stated in Public Law 91-510 (2 USC 166 (d)(6)), one of the duties of CRS is "to prepare summaries and digests of bills and resolutions of a public general nature introduced in the Senate or House of Representatives". For more information, refer to the User Guide that accompanies this file.</dc:description>
</dublinCore>
</BillSummaries>
