<?xml version="1.0" encoding="UTF-8"?>
<BillSummaries>
<item congress="114" measure-type="hr" measure-number="1020" measure-id="id114hr1020" originChamber="HOUSE" orig-publish-date="2015-02-20" update-date="2015-10-13">
<title>STEM Education Act of 2015</title>
<summary summary-id="id114hr1020v49" currentChamber="BOTH" update-date="2015-10-13">
<action-date>2015-10-07</action-date>
<action-desc>Public Law</action-desc>
<summary-text><![CDATA[<p>(This measure has not been amended since it was passed by the Senate on September 24, 2015. The summary of that version is repeated here.)</p> <p><b>STEM Education Act of 2015</b></p> <p> (Sec. 3) Requires the Director of the National Science Foundation (NSF) to continue to award competitive, merit-reviewed grants to support: (1) research and development of innovative out-of-school STEM (science, technology, engineering, and mathematics) learning and emerging STEM learning environments; and (2) research that advances the field of informal STEM education. </p> <p>Requires supported activities to include research and development that improves understanding of learning and engagement in informal environments and design and testing of innovative STEM resources for such environments to improve STEM learning outcomes and increase engagement for elementary and secondary school students and teachers and the public. </p> <p>(Sec. 4) Amends the National Science Foundation Authorization Act of 2002 to allow award of NSF Master Teaching Fellowships to mathematics and science teachers who possess a bachelor's degree in their field (currently limited to those with a master's degree).</p> <p>Requires fellowship grants to be used, in the case of Master Teaching Fellowships for teachers with bachelor's degrees in their field who are working toward a master's degree, to: (1) offer academic courses leading to a master's degree and leadership training to prepare individuals to become master teachers, and (2) offer programs both during and after matriculation to enable fellows to become highly effective mathematics and science teachers and to exchange ideas with others in their fields. Limits fellowship support during such a master's degree program to one year, with a prorated amount in the case of enrollment in a part-time program.</p> <p>Includes elementary or secondary school computer science teachers as mathematics and science teachers for purposes of the program of teacher recruiting and training grants known as the Robert Noyce Teacher Scholarship Program.</p>]]></summary-text>
</summary>
<summary summary-id="id114hr1020v35" currentChamber="SENATE" update-date="2015-09-30">
<action-date>2015-09-24</action-date>
<action-desc>Passed Senate amended</action-desc>
<summary-text><![CDATA[<p><b>STEM Education Act of 2015</b></p> <p> (Sec. 3) Requires the Director of the National Science Foundation (NSF) to continue to award competitive, merit-reviewed grants to support: (1) research and development of innovative out-of-school STEM (science, technology, engineering, and mathematics) learning and emerging STEM learning environments; and (2) research that advances the field of informal STEM education. </p> <p>Requires supported activities to include research and development that improves understanding of learning and engagement in informal environments and design and testing of innovative STEM resources for such environments to improve STEM learning outcomes and increase engagement for elementary and secondary school students and teachers and the public. </p> <p>(Sec. 4) Amends the National Science Foundation Authorization Act of 2002 to allow award of NSF Master Teaching Fellowships to mathematics and science teachers who possess a bachelor's degree in their field (currently limited to those with a master's degree).</p> <p>Requires fellowship grants to be used, in the case of Master Teaching Fellowships for teachers with bachelor's degrees in their field who are working toward a master's degree, to: (1) offer academic courses leading to a master's degree and leadership training to prepare individuals to become master teachers, and (2) offer programs both during and after matriculation to enable fellows to become highly effective mathematics and science teachers and to exchange ideas with others in their fields. Limits fellowship support during such a master's degree program to one year, with a prorated amount in the case of enrollment in a part-time program.</p> <p>Includes elementary or secondary school computer science teachers as mathematics and science teachers for purposes of the program of teacher recruiting and training grants known as the Robert Noyce Teacher Scholarship Program.</p>]]></summary-text>
</summary>
<summary summary-id="id114hr1020v80" currentChamber="SENATE" update-date="2015-09-30">
<action-date>2015-08-04</action-date>
<action-desc>Reported to Senate without amendment</action-desc>
<summary-text><![CDATA[<p>(This measure has not been amended since it was introduced. The expanded summary of the House passed version is repeated here.)</p> <p><b>STEM Education Act of 2015</b></p> <p> (Sec. 3) Requires the Director of the National Science Foundation (NSF) to continue to award competitive, merit-reviewed grants to support: (1) research and development of innovative out-of-school STEM (science, technology, engineering, and mathematics) learning and emerging STEM learning environments; and (2) research that advances the field of informal STEM education. </p> <p>Requires supported activities to include research and development that improves understanding of learning and engagement in informal environments and design and testing of innovative STEM resources for such environments to improve STEM learning outcomes and increase engagement for elementary and secondary school students and teachers and the public. </p> <p>(Sec. 4) Amends the National Science Foundation Authorization Act of 2002 to allow award of NSF Master Teaching Fellowships to mathematics and science teachers who possess a bachelor's degree in their field (currently limited to those with a master's degree).</p> <p>Requires fellowship grants to be used, in the case of Master Teaching Fellowships for teachers with bachelor's degrees in their field who are working toward a master's degree, to: (1) offer academic courses leading to a master's degree and leadership training to prepare individuals to become master teachers, and (2) offer programs both during and after matriculation to enable fellows to become highly effective mathematics and science teachers and to exchange ideas with others in their fields. Limits fellowship support during such a master's degree program to one year, with a prorated amount in the case of enrollment in a part-time program.</p> <p>Includes elementary or secondary school computer science teachers as mathematics and science teachers for purposes of the program of teacher recruiting and training grants known as the Robert Noyce Teacher Scholarship Program.</p>]]></summary-text>
</summary>
<summary summary-id="id114hr1020v81" currentChamber="HOUSE" update-date="2015-08-12">
<action-date>2015-02-25</action-date>
<action-desc>Passed House without amendment</action-desc>
<summary-text><![CDATA[<p>(This measure has not been amended since it was introduced. The summary has been expanded because action occurred on the measure.)</p> <p><b>STEM Education Act of 2015</b></p> <p> (Sec. 3) Requires the Director of the National Science Foundation (NSF) to continue to award competitive, merit-reviewed grants to support: (1) research and development of innovative out-of-school STEM (science, technology, engineering, and mathematics) learning and emerging STEM learning environments; and (2) research that advances the field of informal STEM education. </p> <p>Requires supported activities to include research and development that improves understanding of learning and engagement in informal environments and design and testing of innovative STEM resources for such environments to improve STEM learning outcomes and increase engagement for elementary and secondary school students and teachers and the public. </p> <p>(Sec. 4) Amends the National Science Foundation Authorization Act of 2002 to allow award of NSF Master Teaching Fellowships to mathematics and science teachers who possess a bachelor's degree in their field (currently limited to those with a master's degree).</p> <p>Requires fellowship grants to be used, in the case of Master Teaching Fellowships for teachers with bachelor's degrees in their field who are working toward a master's degree, to: (1) offer academic courses leading to a master's degree and leadership training to prepare individuals to become master teachers, and (2) offer programs both during and after matriculation to enable fellows to become highly effective mathematics and science teachers and to exchange ideas with others in their fields. Limits fellowship support during such a master's degree program to one year, with a prorated amount in the case of enrollment in a part-time program.</p> <p>Includes elementary or secondary school computer science teachers as mathematics and science teachers for purposes of the program of teacher recruiting and training grants known as the Robert Noyce Teacher Scholarship Program.</p>]]></summary-text>
</summary>
<summary summary-id="id114hr1020v00" currentChamber="HOUSE" update-date="2015-02-24">
<action-date>2015-02-20</action-date>
<action-desc>Introduced in House</action-desc>
<summary-text><![CDATA[<p><b>STEM Education Act of 2015</b></p> <p> Requires the Director of the National Science Foundation (NSF) to continue to award competitive, merit-reviewed grants to support: (1) research and development of innovative out-of-school STEM (science, technology, engineering, and mathematics) learning and emerging STEM learning environments; and (2) research that advances the field of informal STEM education. </p> <p>Requires supported activities to include research and development that improves understanding of learning and engagement in informal environments and design and testing of innovative STEM resources for such environments to improve STEM learning outcomes and increase engagement for elementary and secondary school students and teachers and the public. </p> <p>Amends the National Science Foundation Authorization Act of 2002 to allow award of NSF Master Teaching Fellowships to mathematics and science teachers who possess a bachelor's degree in their field (currently limited to those with a master's degree).</p> <p>Requires fellowship grants to be used, in the case of Master Teaching Fellowships for teachers with bachelor's degrees in their field who are working toward a master's degree, to: (1) offer academic courses leading to a master's degree and leadership training to prepare individuals to become master teachers, and (2) offer programs both during and after matriculation to enable fellows to become highly effective mathematics and science teachers and to exchange ideas with others in their fields. Limits fellowship support during such a master's degree program to one year.</p> <p>Includes elementary or secondary school computer science teachers as mathematics and science teachers for purposes of the program of teacher recruiting and training grants known as the Robert Noyce Teacher Scholarship Program.</p>]]></summary-text>
</summary>
</item>
<dublinCore xmlns:dc="http://purl.org/dc/elements/1.1/">
<dc:format>text/xml</dc:format>
<dc:language>EN</dc:language>
<dc:rights>Pursuant to Title 17 Section 105 of the United States Code, this file is not subject to copyright protection and is in the public domain.</dc:rights>
<dc:contributor>Congressional Research Service, Library of Congress</dc:contributor>
<dc:description>This file contains bill summaries for federal legislation. A bill summary describes the most significant provisions of a piece of legislation and details the effects the legislative text may have on current law and federal programs. Bill summaries are authored by the Congressional Research Service (CRS) of the Library of Congress. As stated in Public Law 91-510 (2 USC 166 (d)(6)), one of the duties of CRS is "to prepare summaries and digests of bills and resolutions of a public general nature introduced in the Senate or House of Representatives". For more information, refer to the User Guide that accompanies this file.</dc:description>
</dublinCore>
</BillSummaries>
