<?xml version="1.0" encoding="UTF-8"?>
<BillSummaries>
<item congress="114" measure-type="hr" measure-number="285" measure-id="id114hr285" originChamber="HOUSE" orig-publish-date="2015-01-12" update-date="2015-02-14">
<title>SAVE Act of 2015</title>
<summary summary-id="id114hr285v81" currentChamber="HOUSE" update-date="2015-02-14">
<action-date>2015-01-27</action-date>
<action-desc>Passed House without amendment</action-desc>
<summary-text><![CDATA[<p>(This measure has not been amended since it was introduced. The summary has been expanded because action occurred on the measure.)</p> <p><strong>Stop Advertising Victims of Exploitation Act of 2015 or the SAVE Act of 2015</strong></p> <p> (Sec. 2) Amends the federal criminal code to prohibit knowingly: (1) advertising commercial sex acts involving a minor or an individual engaged in such an act through force, fraud, or coercion; or (2) benefitting financially or otherwise from such advertising knowing that the individual involved was a minor or victim of force, fraud, or coercion.</p>]]></summary-text>
</summary>
<summary summary-id="id114hr285v00" currentChamber="HOUSE" update-date="2015-01-20">
<action-date>2015-01-12</action-date>
<action-desc>Introduced in House</action-desc>
<summary-text><![CDATA[<p><strong>Stop Advertising Victims of Exploitation Act of 2015 or the SAVE Act of 2015</strong></p> <p> Amends the federal criminal code to prohibit knowingly: (1) advertising commercial sex acts involving a minor or an individual engaged in such an act through force, fraud, or coercion; or (2) benefitting financially or otherwise from such advertising knowing that the individual involved was a minor or victim of force, fraud, or coercion.</p>]]></summary-text>
</summary>
</item>
<dublinCore xmlns:dc="http://purl.org/dc/elements/1.1/">
<dc:format>text/xml</dc:format>
<dc:language>EN</dc:language>
<dc:rights>Pursuant to Title 17 Section 105 of the United States Code, this file is not subject to copyright protection and is in the public domain.</dc:rights>
<dc:contributor>Congressional Research Service, Library of Congress</dc:contributor>
<dc:description>This file contains bill summaries for federal legislation. A bill summary describes the most significant provisions of a piece of legislation and details the effects the legislative text may have on current law and federal programs. Bill summaries are authored by the Congressional Research Service (CRS) of the Library of Congress. As stated in Public Law 91-510 (2 USC 166 (d)(6)), one of the duties of CRS is "to prepare summaries and digests of bills and resolutions of a public general nature introduced in the Senate or House of Representatives". For more information, refer to the User Guide that accompanies this file.</dc:description>
</dublinCore>
</BillSummaries>
