<?xml version="1.0" encoding="UTF-8"?><BillSummaries>
<item congress="114" measure-type="hr" measure-number="654" measure-id="id114hr654" originChamber="HOUSE" orig-publish-date="2015-02-02" update-date="2016-02-24">
<title>Naval Station Guantanamo Bay Protection Act</title>
<summary summary-id="id114hr654v00" currentChamber="HOUSE" update-date="2016-02-24">
<action-date>2015-02-02</action-date>
<action-desc>Introduced in House</action-desc>
<summary-text><![CDATA[<p><strong>Naval Station Guantanamo Bay Protection Act</strong></p> <p>This bill prohibits the President from modifying, terminating, abandoning, or transferring the lease with the government of Cuba by which the United States acquired 45 square miles of land and waters that currently contain Naval Station, Guantanamo Bay, Cuba, unless: (1) the President notifies Congress of the proposed lease change, and (2) afterwards Congress enacts a law authorizing the change.</p>]]></summary-text>
</summary>
</item>
<dublinCore xmlns:dc="http://purl.org/dc/elements/1.1/">
<dc:format>text/xml</dc:format>
<dc:language>EN</dc:language>
<dc:rights>Pursuant to Title 17 Section 105 of the United States Code, this file is not subject to copyright protection and is in the public domain.</dc:rights>
<dc:contributor>Congressional Research Service, Library of Congress</dc:contributor>
<dc:description>This file contains bill summaries for federal legislation. A bill summary describes the most significant provisions of a piece of legislation and details the effects the legislative text may have on current law and federal programs. Bill summaries are authored by the Congressional Research Service (CRS) of the Library of Congress. As stated in Public Law 91-510 (2 USC 166 (d)(6)), one of the duties of CRS is "to prepare summaries and digests of bills and resolutions of a public general nature introduced in the Senate or House of Representatives". For more information, refer to the User Guide that accompanies this file.</dc:description>
</dublinCore>
</BillSummaries>
