<?xml version="1.0" encoding="UTF-8"?>
<BillSummaries>
<item congress="114" measure-type="hr" measure-number="1163" measure-id="id114hr1163" originChamber="HOUSE" orig-publish-date="2015-02-27" update-date="2015-03-11">
<title>Futures Investor Protection Act</title>
<summary summary-id="id114hr1163v00" currentChamber="HOUSE" update-date="2015-03-11">
<action-date>2015-02-27</action-date>
<action-desc>Introduced in House</action-desc>
<summary-text><![CDATA[<p> <b>Futures Investor Protection Act</b></p> <p> Establishes the Futures Investor Protection Corporation (FIPC) as a nonprofit corporation, which shall be neither an agency nor establishment of the federal government.</p> <p>Declares FIPC to be a membership corporation whose members comprise all persons registered as a futures commission merchant with the Commodity Futures Trading Commission (CFTC).</p> <p>Grants FIPC all powers conferred upon the Security Investors Protection Corporation (SIPC). Sets forth FIPC corporate structure.</p> <p>Requires FIPC to: (1) establish, and make deposits into and payments from a FIPC fund in the same manner in which SIPC has established and is authorized to make deposits into and payments from the SIPC fund; and (2) impose upon its membership assessments subject to the same rules that apply to imposition of assessments upon SIPC members.</p> <p>Amends the Commodity Exchange Act to prescribe suitability rules governing a futures commission merchant's recommendations for a customer. </p> <p>Grants the CFTC enforcement powers. </p> <p>Directs the CFTC to review specified guidelines governing establishing account classes and determining the basis for pro rata shares (proof of claims guidelines).</p> <p><BR> </p>]]></summary-text>
</summary>
</item>
<dublinCore xmlns:dc="http://purl.org/dc/elements/1.1/">
<dc:format>text/xml</dc:format>
<dc:language>EN</dc:language>
<dc:rights>Pursuant to Title 17 Section 105 of the United States Code, this file is not subject to copyright protection and is in the public domain.</dc:rights>
<dc:contributor>Congressional Research Service, Library of Congress</dc:contributor>
<dc:description>This file contains bill summaries for federal legislation. A bill summary describes the most significant provisions of a piece of legislation and details the effects the legislative text may have on current law and federal programs. Bill summaries are authored by the Congressional Research Service (CRS) of the Library of Congress. As stated in Public Law 91-510 (2 USC 166 (d)(6)), one of the duties of CRS is "to prepare summaries and digests of bills and resolutions of a public general nature introduced in the Senate or House of Representatives". For more information, refer to the User Guide that accompanies this file.</dc:description>
</dublinCore>
</BillSummaries>
