<?xml version="1.0" encoding="UTF-8"?>
<BillSummaries>
<item congress="114" measure-type="hr" measure-number="189" measure-id="id114hr189" originChamber="HOUSE" orig-publish-date="2015-01-07" update-date="2015-12-04">
<title>Servicemember Foreclosure Protections Extension Act of 2015</title>
<summary summary-id="id114hr189v79" currentChamber="HOUSE" update-date="2015-12-04">
<action-date>2015-12-01</action-date>
<action-desc>Reported to House without amendment</action-desc>
<summary-text><![CDATA[<p>(This measure has not been amended since it was introduced. The summary has been expanded because action occurred on the measure.)</p> <p><strong>Servicemember Foreclosure Protections Extension Act of 2015</strong></p> <p>(Sec. 2) This bill amends the Honoring America's Veterans and Caring for Camp Lejeune Families Act of 2012 to extend through 2016 the one-year period after a service member's military service during which: (1) a court may stay proceedings to enforce an obligation on real or personal property owned by the service member before such military service; and (2) any sale, foreclosure, or seizure of such property shall be invalid without a court order or waiver agreement signed by the service member. (Currently, the extended one-year period is scheduled to expire on December 31, 2015, and return to a nine-month period under the Servicemembers Civil Relief Act.)</a></p> <p> Effective January 1, 2017 (currently, January 1, 2016), the old nine-month period in place of the one-year period granted by such Act is restored.</p>]]></summary-text>
</summary>
<summary summary-id="id114hr189v00" currentChamber="HOUSE" update-date="2015-01-20">
<action-date>2015-01-07</action-date>
<action-desc>Introduced in House</action-desc>
<summary-text><![CDATA[<p><strong>Servicemember Foreclosure Protections Extension Act of 2015</strong></p> <p>Amends the Honoring America's Veterans and Caring for Camp Lejeune Families Act of 2012 to extend through calendar year 2016 the one-year period after a service member's military service during which: (1) a court may stay proceedings to enforce an obligation on real or personal property owned by the service member before such military service; and (2) any sale, foreclosure, or seizure of such property shall be invalid without a court order or waiver agreement signed by the service member. (Currently, the extended one-year period is scheduled to expire on December 31, 2015, and return to a nine-month period under the Servicemembers Civil Relief Act.)</a></p> <p>Revives, effective January 1, 2017 (currently, January 1, 2016), the old nine-month period in place of the one-year period granted by such Act.</p>]]></summary-text>
</summary>
</item>
<dublinCore xmlns:dc="http://purl.org/dc/elements/1.1/">
<dc:format>text/xml</dc:format>
<dc:language>EN</dc:language>
<dc:rights>Pursuant to Title 17 Section 105 of the United States Code, this file is not subject to copyright protection and is in the public domain.</dc:rights>
<dc:contributor>Congressional Research Service, Library of Congress</dc:contributor>
<dc:description>This file contains bill summaries for federal legislation. A bill summary describes the most significant provisions of a piece of legislation and details the effects the legislative text may have on current law and federal programs. Bill summaries are authored by the Congressional Research Service (CRS) of the Library of Congress. As stated in Public Law 91-510 (2 USC 166 (d)(6)), one of the duties of CRS is "to prepare summaries and digests of bills and resolutions of a public general nature introduced in the Senate or House of Representatives". For more information, refer to the User Guide that accompanies this file.</dc:description>
</dublinCore>
</BillSummaries>
