<?xml version="1.0" encoding="UTF-8"?>
<BillSummaries>
<item congress="114" measure-type="hr" measure-number="259" measure-id="id114hr259" originChamber="HOUSE" orig-publish-date="2015-01-09" update-date="2015-02-04">
<title>To amend the Internal Revenue Code of 1986 to provide a tax credit for expenses for household and elder care services necessary for gainful employment.</title>
<summary summary-id="id114hr259v00" currentChamber="HOUSE" update-date="2015-02-04">
<action-date>2015-01-09</action-date>
<action-desc>Introduced in House</action-desc>
<summary-text><![CDATA[<p>Amends the Internal Revenue Code to allow a new tax credit for employment-related expenses necessary to care for a dependent of a taxpayer who has attained age 50, including expenses for household services and for the care of the dependent, including respite care and hospice care. Limits the amount of such credit to $3,000 for the care of one dependent and $6,000 for the care of two or more dependents of the taxpayer in a taxable year. </p>]]></summary-text>
</summary>
</item>
<dublinCore xmlns:dc="http://purl.org/dc/elements/1.1/">
<dc:format>text/xml</dc:format>
<dc:language>EN</dc:language>
<dc:rights>Pursuant to Title 17 Section 105 of the United States Code, this file is not subject to copyright protection and is in the public domain.</dc:rights>
<dc:contributor>Congressional Research Service, Library of Congress</dc:contributor>
<dc:description>This file contains bill summaries for federal legislation. A bill summary describes the most significant provisions of a piece of legislation and details the effects the legislative text may have on current law and federal programs. Bill summaries are authored by the Congressional Research Service (CRS) of the Library of Congress. As stated in Public Law 91-510 (2 USC 166 (d)(6)), one of the duties of CRS is "to prepare summaries and digests of bills and resolutions of a public general nature introduced in the Senate or House of Representatives". For more information, refer to the User Guide that accompanies this file.</dc:description>
</dublinCore>
</BillSummaries>
