<?xml version="1.0" encoding="UTF-8"?>
<BillSummaries>
<item congress="114" measure-type="hr" measure-number="510" measure-id="id114hr510" originChamber="HOUSE" orig-publish-date="2015-01-22" update-date="2015-03-03">
<title>To establish a uniform and more efficient Federal process for protecting property owners' rights guaranteed by the fifth amendment.</title>
<summary summary-id="id114hr510v00" currentChamber="HOUSE" update-date="2015-03-03">
<action-date>2015-01-22</action-date>
<action-desc>Introduced in House</action-desc>
<summary-text><![CDATA[<p><b>Defense of Property Rights Act </b></p> <p>Prohibits federal or state agencies from taking private property in whole or in part (including by physical invasion, regulation, exaction, or condition) except for public purpose and with just compensation to the property owner. </p> <p>Requires a property owner to receive just compensation if, as a consequence of an agency's decision, the property has been physically invaded or taken without the owner's consent in an action that: </p> <ul> <li>does not substantially advance the stated governmental interest; </li> <li>exacts the owner's lawful right to use the property, or a portion of the property, as a condition for an agency's action (including the granting of a permit, license, or variance) without a rough proportionality between the stated need for the property and the impact of the proposed use; </li> <li>deprives the owner, either temporarily or permanently, of substantially all economically beneficial or productive use of the property, or of a part of the property, without a showing that the deprivation of value inheres in the title; </li> <li>diminishes the property's fair market value by at least 20% or $20,000; or </li> <li>constitutes any other taking within the meaning of the Fifth Amendment to the Constitution. </li></ul> <p>Includes an agency's decision that interferes with an owner's investment-backed expectations to water rights or to rents, issues, or profits of land (including minerals, timber, fodder, crops, oil and gas, coal, or geothermal energy) among the categories of actions that may require payment of just compensation.</p> <p>Defines "just compensation" to include the property's fair market value, business losses, and compounded interest from the date of the taking until the agency's payment.</p> <p>Allows adversely affected property owners to challenge agency actions in either a U.S. district court or the U.S. Court of Federal Claims (USCFC). Provides persons adversely affected by an agency action with standing to challenge or seek judicial review.</p> <p>Amends the federal judicial code to allow the USCFC to: (1) render judgment upon a claim against an agency for monetary relief, (2) invalidate federal laws or regulations that violate Fifth Amendment property rights, (3)&nbsp;grant injunctive and declaratory relief, and (4)&nbsp;have concurrent jurisdiction with other courts. </p> <p>Establishes a six-year statute of limitations for actions to be brought after a taking. </p> <p>Requires courts to award litigation costs, attorney's fees, and expert witness fees to prevailing plaintiffs. </p> <p>Allows takings disputes to be resolved through settlement or arbitration.</p>]]></summary-text>
</summary>
</item>
<dublinCore xmlns:dc="http://purl.org/dc/elements/1.1/">
<dc:format>text/xml</dc:format>
<dc:language>EN</dc:language>
<dc:rights>Pursuant to Title 17 Section 105 of the United States Code, this file is not subject to copyright protection and is in the public domain.</dc:rights>
<dc:contributor>Congressional Research Service, Library of Congress</dc:contributor>
<dc:description>This file contains bill summaries for federal legislation. A bill summary describes the most significant provisions of a piece of legislation and details the effects the legislative text may have on current law and federal programs. Bill summaries are authored by the Congressional Research Service (CRS) of the Library of Congress. As stated in Public Law 91-510 (2 USC 166 (d)(6)), one of the duties of CRS is "to prepare summaries and digests of bills and resolutions of a public general nature introduced in the Senate or House of Representatives". For more information, refer to the User Guide that accompanies this file.</dc:description>
</dublinCore>
</BillSummaries>
