<?xml version="1.0" encoding="UTF-8"?>
<BillSummaries>
<item congress="114" measure-type="hr" measure-number="605" measure-id="id114hr605" originChamber="HOUSE" orig-publish-date="2015-01-28" update-date="2015-02-11">
<title>Medicare Home Infusion Site of Care Act of 2015</title>
<summary summary-id="id114hr605v00" currentChamber="HOUSE" update-date="2015-02-11">
<action-date>2015-01-28</action-date>
<action-desc>Introduced in House</action-desc>
<summary-text><![CDATA[<p><b>Medicare Home Infusion Site of Care Act of 2015 </b></p> <p> Amends title XVIII (Medicare) of the Social Security Act to authorize Medicare coverage of home infusion therapy and home infusion drugs.</p> <p>Directs the Secretary of Health and Human Services to implement the Medicare home infusion therapy benefit in a manner that ensures that: (1) Medicare beneficiaries have timely and appropriate access to infusion therapy in their homes, and (2) there is rapid and seamless coordination between drug coverage under Medicare part D (Voluntary Prescription Drug Benefit Program) and home infusion therapy services coverage under Medicare part B (Supplemental Security Income) (SSI) to avoid the filing of duplicative or otherwise improper claims.</p>]]></summary-text>
</summary>
</item>
<dublinCore xmlns:dc="http://purl.org/dc/elements/1.1/">
<dc:format>text/xml</dc:format>
<dc:language>EN</dc:language>
<dc:rights>Pursuant to Title 17 Section 105 of the United States Code, this file is not subject to copyright protection and is in the public domain.</dc:rights>
<dc:contributor>Congressional Research Service, Library of Congress</dc:contributor>
<dc:description>This file contains bill summaries for federal legislation. A bill summary describes the most significant provisions of a piece of legislation and details the effects the legislative text may have on current law and federal programs. Bill summaries are authored by the Congressional Research Service (CRS) of the Library of Congress. As stated in Public Law 91-510 (2 USC 166 (d)(6)), one of the duties of CRS is "to prepare summaries and digests of bills and resolutions of a public general nature introduced in the Senate or House of Representatives". For more information, refer to the User Guide that accompanies this file.</dc:description>
</dublinCore>
</BillSummaries>
