<?xml version="1.0" encoding="UTF-8"?>
<BillSummaries>
<item congress="114" measure-type="hr" measure-number="268" measure-id="id114hr268" originChamber="HOUSE" orig-publish-date="2015-01-09" update-date="2015-01-21">
<title>Promoting Tourism to Enhance our Economy Act of 2015</title>
<summary summary-id="id114hr268v00" currentChamber="HOUSE" update-date="2015-01-21">
<action-date>2015-01-09</action-date>
<action-desc>Introduced in House</action-desc>
<summary-text><![CDATA[<p><strong>Promoting Tourism to Enhance our Economy Act of 2015</strong></p> <p> Authorizes the Secretary of Homeland Security to admit into the United States as a visitor for pleasure a qualifying Canadian citizen over 55 years old and spouse (who is not required to be over 55 years old) for a period not to exceed 240 days if the person maintains a Canadian residence and owns a U.S. residence or has rented a U.S. accommodation for the duration of such stay. </p> <p>Requires such visitor also to be not inadmissible or described in any ground of deportability, and requires him or her not to: (1) engage in employment or labor for hire in the United States, or (2) seek any form of assistance or benefit under the Personal Responsibility and Work Opportunity Reconciliation Act of 1996.</p>]]></summary-text>
</summary>
</item>
<dublinCore xmlns:dc="http://purl.org/dc/elements/1.1/">
<dc:format>text/xml</dc:format>
<dc:language>EN</dc:language>
<dc:rights>Pursuant to Title 17 Section 105 of the United States Code, this file is not subject to copyright protection and is in the public domain.</dc:rights>
<dc:contributor>Congressional Research Service, Library of Congress</dc:contributor>
<dc:description>This file contains bill summaries for federal legislation. A bill summary describes the most significant provisions of a piece of legislation and details the effects the legislative text may have on current law and federal programs. Bill summaries are authored by the Congressional Research Service (CRS) of the Library of Congress. As stated in Public Law 91-510 (2 USC 166 (d)(6)), one of the duties of CRS is "to prepare summaries and digests of bills and resolutions of a public general nature introduced in the Senate or House of Representatives". For more information, refer to the User Guide that accompanies this file.</dc:description>
</dublinCore>
</BillSummaries>
