<?xml version="1.0" encoding="UTF-8"?>
<BillSummaries>
<item congress="114" measure-type="hr" measure-number="753" measure-id="id114hr753" originChamber="HOUSE" orig-publish-date="2015-02-05" update-date="2015-02-13">
<title>Safe Aviation and Flight Emergency Tracking Act of 2015</title>
<summary summary-id="id114hr753v00" currentChamber="HOUSE" update-date="2015-02-13">
<action-date>2015-02-05</action-date>
<action-desc>Introduced in House</action-desc>
<summary-text><![CDATA[<p><b>Safe Aviation and Flight Emergency Tracking Act of 2015 </b></p> <p> Directs the Administrator of the Federal Aviation Administration to: (1) issue regulations to ensure that a covered aircraft is equipped with technology that provides for the continuous tracking of information regarding the aircraft during flight and the timely and cost effective recovery of the cockpit voice recorder and flight data recorder in the event of a crash or other serious incident; (2) investigate automatic dependent surveillance, automatic deployable flight recorders, emergency locator transmitters, and satellite navigation and communications; and (3) work collaboratively with the International Civil Aviation Organization and other relevant stakeholders to develop and implement international standards that improve the tracking of aircraft in flight.</p> <p>Defines &quot;covered aircraft&quot; to mean a passenger aircraft: (1) able to carry at least 120 passengers, (2) ordered on or after January 1, 2016, and (3) providing scheduled passenger air transportation.</p>]]></summary-text>
</summary>
</item>
<dublinCore xmlns:dc="http://purl.org/dc/elements/1.1/">
<dc:format>text/xml</dc:format>
<dc:language>EN</dc:language>
<dc:rights>Pursuant to Title 17 Section 105 of the United States Code, this file is not subject to copyright protection and is in the public domain.</dc:rights>
<dc:contributor>Congressional Research Service, Library of Congress</dc:contributor>
<dc:description>This file contains bill summaries for federal legislation. A bill summary describes the most significant provisions of a piece of legislation and details the effects the legislative text may have on current law and federal programs. Bill summaries are authored by the Congressional Research Service (CRS) of the Library of Congress. As stated in Public Law 91-510 (2 USC 166 (d)(6)), one of the duties of CRS is "to prepare summaries and digests of bills and resolutions of a public general nature introduced in the Senate or House of Representatives". For more information, refer to the User Guide that accompanies this file.</dc:description>
</dublinCore>
</BillSummaries>
