<?xml version="1.0" encoding="UTF-8"?>
<BillSummaries>
<item congress="114" measure-type="hr" measure-number="537" measure-id="id114hr537" originChamber="HOUSE" orig-publish-date="2015-01-26" update-date="2015-02-18">
<title>Truth in Obamacare Advertising Act of 2015</title>
<summary summary-id="id114hr537v00" currentChamber="HOUSE" update-date="2015-02-18">
<action-date>2015-01-26</action-date>
<action-desc>Introduced in House</action-desc>
<summary-text><![CDATA[<p><strong>Truth in Obamacare Advertising Act of 2015</strong> </p> <p>Requires each communication that is federally funded, directly or indirectly, to advertise or educate the public on provisions of the Patient Protection and Affordable Care Act or the Health Care and Education Reconciliation Act of 2010 or any programs, activities, requirements, or regulations established, funded, or authorized by such provisions to include a statement that such communication is printed and published, or produced and disseminated, at taxpayer expense. </p> <p>Sets forth requirements for the format and readability of such communications that are conveyed in print, by audio and video means, or by e-mail.</p>]]></summary-text>
</summary>
</item>
<dublinCore xmlns:dc="http://purl.org/dc/elements/1.1/">
<dc:format>text/xml</dc:format>
<dc:language>EN</dc:language>
<dc:rights>Pursuant to Title 17 Section 105 of the United States Code, this file is not subject to copyright protection and is in the public domain.</dc:rights>
<dc:contributor>Congressional Research Service, Library of Congress</dc:contributor>
<dc:description>This file contains bill summaries for federal legislation. A bill summary describes the most significant provisions of a piece of legislation and details the effects the legislative text may have on current law and federal programs. Bill summaries are authored by the Congressional Research Service (CRS) of the Library of Congress. As stated in Public Law 91-510 (2 USC 166 (d)(6)), one of the duties of CRS is "to prepare summaries and digests of bills and resolutions of a public general nature introduced in the Senate or House of Representatives". For more information, refer to the User Guide that accompanies this file.</dc:description>
</dublinCore>
</BillSummaries>
