<?xml version="1.0" encoding="UTF-8"?>
<BillSummaries>
<item congress="114" measure-type="hr" measure-number="411" measure-id="id114hr411" originChamber="HOUSE" orig-publish-date="2015-01-20" update-date="2015-01-26">
<title>Streamlined and Improved Methods at Polling Locations and Early (SIMPLE) Voting Act of 2015</title>
<summary summary-id="id114hr411v00" currentChamber="HOUSE" update-date="2015-01-26">
<action-date>2015-01-20</action-date>
<action-desc>Introduced in House</action-desc>
<summary-text><![CDATA[<p><b>Streamlined and Improved Methods at Polling Locations and Early (SIMPLE) Voting Act of 2015</b></p> <p> Amends the Help America Vote Act of 2002 (HAVA) to require each state to allow individuals to vote in a federal election on each day during the 15-day period ending on the second day immediately preceding the election date in the same manner as voting is allowed on election day.</p> <p>Requires a state to ensure that each polling place that allows early voting in a federal election is located within reasonable walking distance of a stop on a public transportation route.</p> <p>Requires the Election Assistance Commission to issue standards for the administration of early voting in a federal election.</p> <p>Requires each state to provide a sufficient number of voting systems, poll workers, and other election resources (including physical resources) at a polling place used in a federal election to ensure: (1) a fair and equitable waiting time for all voters in the state, and (2) that no individual will be required to wait longer than one hour to cast a ballot at the polling place.</p> <p>Requires each state to develop, and implement to the greatest extent practicable, a contingency plan under which it shall provide any polling place on a federal election day whose waiting times exceed one hour with additional poll workers, machines, ballots, and other equipment and supplies, including a polling place at which individuals may cast ballots before the election date.</p> <p>Requires the Commission to report to Congress biennially on the impact of this Act's early voting and waiting time provisions on the administration of elections for federal office.</p> <p>Prescribes requirements for the counting of provisional ballots that will be treated as votes.</p> <p>Allows civil money penalties, intervention by aggrieved parties, and private actions to address HAVA violations by a state or jurisdiction.</p>]]></summary-text>
</summary>
</item>
<dublinCore xmlns:dc="http://purl.org/dc/elements/1.1/">
<dc:format>text/xml</dc:format>
<dc:language>EN</dc:language>
<dc:rights>Pursuant to Title 17 Section 105 of the United States Code, this file is not subject to copyright protection and is in the public domain.</dc:rights>
<dc:contributor>Congressional Research Service, Library of Congress</dc:contributor>
<dc:description>This file contains bill summaries for federal legislation. A bill summary describes the most significant provisions of a piece of legislation and details the effects the legislative text may have on current law and federal programs. Bill summaries are authored by the Congressional Research Service (CRS) of the Library of Congress. As stated in Public Law 91-510 (2 USC 166 (d)(6)), one of the duties of CRS is "to prepare summaries and digests of bills and resolutions of a public general nature introduced in the Senate or House of Representatives". For more information, refer to the User Guide that accompanies this file.</dc:description>
</dublinCore>
</BillSummaries>
