<?xml version="1.0" encoding="UTF-8"?>
<BillSummaries>
<item congress="114" measure-type="hr" measure-number="565" measure-id="id114hr565" originChamber="HOUSE" orig-publish-date="2015-01-27" update-date="2015-02-18">
<title>Stepping Up to STEM Education Act</title>
<summary summary-id="id114hr565v00" currentChamber="HOUSE" update-date="2015-02-18">
<action-date>2015-01-27</action-date>
<action-desc>Introduced in House</action-desc>
<summary-text><![CDATA[<p><strong>Stepping Up to STEM Education Act</strong></p> <p>Amends the Department of Education Organization Act to establish an Advanced Research Projects Agency for Education within the Department of Education to pursue breakthrough research and development in educational technology and to facilitate the effective use of that technology to improve student achievement.</p> <p>Directs the Secretary of Education to award matching grants to state-based science, technology, engineering, mathematics, and computer science (STEM) networks or similar organizations of STEM stakeholders to increase students' achievement in the STEM disciplines in elementary and secondary schools and in out of school and afterschool programs.</p> <p>Includes among grant uses:</p> <ul> <li>testing, sharing, and scaling up STEM education research, promising practices, and exemplary programs;</li> <li>identifying state STEM education weaknesses and prioritizing strategies to address them;</li> <li>implementing rigorous career and college ready standards in STEM education;</li> <li>developing and implementing innovative STEM assessments that measure student progress toward those career and college ready standards;</li> <li>promoting and developing pre- and in-service STEM teacher training;</li> <li>developing STEM career pathways and workforce education and training programs that reflect 21st century workforce needs;</li> <li>facilitating the implementation of expanded STEM learning opportunities on school sites; and</li> <li>promoting, supporting, and designing programs that develop STEM content coaches and master educators in order to strengthen core competencies of the classroom practitioner. </li> </ul> <p>Requires grantees to conduct periodic independent evaluations of their effectiveness in accomplishing those activities.</p> <p>Prohibits the Secretary from: (1) endorsing or approving any STEM curriculum designed for use in an elementary school, secondary school, or institution of higher education; or (2) requiring a state, local educational agency, or school to adopt a specific STEM program or instructional materials.</p>]]></summary-text>
</summary>
</item>
<dublinCore xmlns:dc="http://purl.org/dc/elements/1.1/">
<dc:format>text/xml</dc:format>
<dc:language>EN</dc:language>
<dc:rights>Pursuant to Title 17 Section 105 of the United States Code, this file is not subject to copyright protection and is in the public domain.</dc:rights>
<dc:contributor>Congressional Research Service, Library of Congress</dc:contributor>
<dc:description>This file contains bill summaries for federal legislation. A bill summary describes the most significant provisions of a piece of legislation and details the effects the legislative text may have on current law and federal programs. Bill summaries are authored by the Congressional Research Service (CRS) of the Library of Congress. As stated in Public Law 91-510 (2 USC 166 (d)(6)), one of the duties of CRS is "to prepare summaries and digests of bills and resolutions of a public general nature introduced in the Senate or House of Representatives". For more information, refer to the User Guide that accompanies this file.</dc:description>
</dublinCore>
</BillSummaries>
