<?xml version="1.0" encoding="UTF-8"?>
<BillSummaries>
<item congress="114" measure-type="hr" measure-number="818" measure-id="id114hr818" originChamber="HOUSE" orig-publish-date="2015-02-09" update-date="2015-02-24">
<title>PRIME Act of 2015</title>
<summary summary-id="id114hr818v00" currentChamber="HOUSE" update-date="2015-02-24">
<action-date>2015-02-09</action-date>
<action-desc>Introduced in House</action-desc>
<summary-text><![CDATA[<p><b>Preventing and Reducing Improper Medicare and Medicaid Expenditures Act of 2015 or the PRIME Act of 2015</b></p> <p>Amends part D (Prescription Drug Benefits) of title XVIII (Medicare) of the Social Security Act (SSAct) to direct the Secretary of Health and Human Services (HHS) to prohibit sponsors of prescription drug plans from paying claims for prescription drugs that do not include the valid National Provider Identifier for the drug's prescriber.</p> <p>Requires the Secretary's annual report to Congress on the use of recovery audit contractors under the Medicare Integrity Program to: (1) describe the types and financial cost of improper payment vulnerabilities identified by recovery audit contractors and how the Secretary is addressing them, and (2) assess the effectiveness of changes made to Medicare payment policies and procedures in order to address those vulnerabilities. </p> <p>Requires the Secretary to address improper payment vulnerabilities in a timely manner, prioritized based on the risk to the Medicare program. </p> <p>Authorizes the Secretary, under recovery audit contracts under both Medicare and Medicaid (SSAct title XIX), to retain a certain portion of the recovered amounts for a program management account for activities addressing problems that contribute to improper payments and fraud. </p> <p>Requires the Secretary, under such contracts, to retain an additional 5% of the recovered amounts to be made available to the HHS Inspector General to investigate improper payments or audit internal controls associated with Medicare or Medicaid payments. </p> <p>Directs the Secretary to develop a plan to revise the incentive program under the Health Insurance Portability and Accountability Act of 1996 for the reporting of fraud and abuse to encourage greater participation by individuals reporting Medicare fraud and abuse. Requires the plan to include certain recommendations for: (1) ways to enhance rewards for individuals reporting, and (2) extension of the incentive program to the Medicaid program.</p> <p>Amends SSAct title XIX to cover the costs of equipment, salaries and benefits, and travel and training in appropriations for the Medicaid Integrity Program. Allows the Secretary to increase Centers for Medicare and Medicaid Services (CMS) staff whose duties consist solely of protecting the integrity of the Medicare program by a number determined necessary to carry out the Program (currently, by 100).</p> <p>Directs the Secretary to provide incentives for Medicare administrative contractors to reduce the improper payment error rates in their jurisdictions.</p> <p>Requires imprisonment for up to 10 years or a fine of up to $500,000 ($1 million in the case of a corporation), or both, for knowingly, intentionally, and with the intent to defraud purchasing, selling, distributing, or arranging for the purchase, sale, or distribution of a Medicare, Medicaid, or CHIP beneficiary identification number or billing privileges under SSAct titles XVIII, title XIX, or title XXI (Children's Health Insurance Program) (CHIP).</p> <p>Amends SSAct title IV part D (Child Support and Establishment of Paternity) with respect to the Federal Parent Locator Service to give the CMS Administrator access to information in the National Directory of New Hires to determine the eligibility of an applicant for, or enrollee in, the Medicare program or an applicable state health subsidy program under the Patient Protection and Affordable Care Act (PPACA). </p> <p>Requires the Secretary to disclose to the HHS Inspector General information on individuals and their employers in the National Directory of New Hires if the HHS Inspector General gives the Secretary their names and Social Security account numbers. Restricts the use of such information to: (1) determining the eligibility of an applicant for, or enrollee in, the Medicare program or an applicable state health subsidy program; or (2) evaluating the integrity of such programs. Sets forth rules for the use and disclosure of such information by state agencies.</p> <p>Directs the Secretary to establish a plan to encourage and facilitate the participation of states in the Medicare-Medicaid Data Match Program (Medi-Medi Program). Revises Medi-Medi Data Match Program purposes.</p> <p>Amends SSAct title XIX, as amended by PPACA, and SSAct XXI with respect to claims processing and detection of fraud within the Medicaid and CHIP programs.</p>]]></summary-text>
</summary>
</item>
<dublinCore xmlns:dc="http://purl.org/dc/elements/1.1/">
<dc:format>text/xml</dc:format>
<dc:language>EN</dc:language>
<dc:rights>Pursuant to Title 17 Section 105 of the United States Code, this file is not subject to copyright protection and is in the public domain.</dc:rights>
<dc:contributor>Congressional Research Service, Library of Congress</dc:contributor>
<dc:description>This file contains bill summaries for federal legislation. A bill summary describes the most significant provisions of a piece of legislation and details the effects the legislative text may have on current law and federal programs. Bill summaries are authored by the Congressional Research Service (CRS) of the Library of Congress. As stated in Public Law 91-510 (2 USC 166 (d)(6)), one of the duties of CRS is "to prepare summaries and digests of bills and resolutions of a public general nature introduced in the Senate or House of Representatives". For more information, refer to the User Guide that accompanies this file.</dc:description>
</dublinCore>
</BillSummaries>
