<?xml version="1.0" encoding="UTF-8"?>
<BillSummaries>
<item congress="114" measure-type="hr" measure-number="717" measure-id="id114hr717" originChamber="HOUSE" orig-publish-date="2015-02-04" update-date="2015-02-27">
<title>All Students Count Act of 2015</title>
<summary summary-id="id114hr717v00" currentChamber="HOUSE" update-date="2015-02-27">
<action-date>2015-02-04</action-date>
<action-desc>Introduced in House</action-desc>
<summary-text><![CDATA[<p><strong>All Students Count Act of 2015</strong></p> <p>Amends the Elementary and Secondary Education Act of 1965 to require information on the annual state report cards on student achievement at each proficiency level to be disaggregated by the same major racial groups as the decennial census of the population. (Currently, that information is to be disaggregated by race, but the racial groups are not specified.) </p> <p>Requires the proficiency information which is disaggregated by such racial groups and by ethnicity, gender, disability status, migrant status, and status as economically disadvantaged to be cross-tabulated across all of those subgroups by gender and by disability.</p> <p>Provides that such disaggregation and cross-tabulation shall not be required when the number of students in a subgroup is insufficient to yield statistically reliable information or the results would reveal personally identifiable information about an individual student.</p>]]></summary-text>
</summary>
</item>
<dublinCore xmlns:dc="http://purl.org/dc/elements/1.1/">
<dc:format>text/xml</dc:format>
<dc:language>EN</dc:language>
<dc:rights>Pursuant to Title 17 Section 105 of the United States Code, this file is not subject to copyright protection and is in the public domain.</dc:rights>
<dc:contributor>Congressional Research Service, Library of Congress</dc:contributor>
<dc:description>This file contains bill summaries for federal legislation. A bill summary describes the most significant provisions of a piece of legislation and details the effects the legislative text may have on current law and federal programs. Bill summaries are authored by the Congressional Research Service (CRS) of the Library of Congress. As stated in Public Law 91-510 (2 USC 166 (d)(6)), one of the duties of CRS is "to prepare summaries and digests of bills and resolutions of a public general nature introduced in the Senate or House of Representatives". For more information, refer to the User Guide that accompanies this file.</dc:description>
</dublinCore>
</BillSummaries>
