<?xml version="1.0" encoding="UTF-8"?><BillSummaries>
<item congress="114" measure-type="hr" measure-number="87" measure-id="id114hr87" originChamber="HOUSE" orig-publish-date="2015-01-06" update-date="2016-06-09">
<title>Shiloh National Military Park Boundary Adjustment and Parker's Crossroads Battlefield Designation Act</title>
<summary summary-id="id114hr87v36" currentChamber="HOUSE" update-date="2016-06-09">
<action-date>2016-06-07</action-date>
<action-desc>Passed House amended</action-desc>
<summary-text><![CDATA[<p>(This measure has not been amended since it was reported to the House on April 25, 2016. The summary of that version is repeated here.)</p> <p><b>Shiloh National Military Park Boundary Adjustment and Parker's Crossroads Battlefield Designation Act</b> </p> <p>(Sec. 3) This bill modifies the boundary of Shiloh National Military Park to include the Fallen Timbers Battlefield, the Russell House Battlefield, and the Davis Bridge Battlefield. The Department of the Interior may acquire lands by donation, purchase from willing sellers, or exchange.</p> <p>(Sec. 4) The bill establishes the Parker's Crossroads Battlefield in Tennessee as an affiliated area of the National Park System. </p> <p>The city of Parkers Crossroads and the Tennessee Historical Commission shall jointly be the management entity for the affiliated area. </p> <p>Interior may provide technical assistance and enter into cooperative agreements with the management entity for financial assistance with marketing, interpretation, and preservation of the affiliated area. </p> <p>Interior shall develop a general management plan for the affiliated area. </p>]]></summary-text>
</summary>
<summary summary-id="id114hr87v17" currentChamber="HOUSE" update-date="2016-04-27">
<action-date>2016-04-25</action-date>
<action-desc>Reported to House amended</action-desc>
<summary-text><![CDATA[<p><b>Shiloh National Military Park Boundary Adjustment and Parker's Crossroads Battlefield Designation Act</b> </p> <p>(Sec. 3) This bill modifies the boundary of Shiloh National Military Park to include the Fallen Timbers Battlefield, the Russell House Battlefield, and the Davis Bridge Battlefield. The Department of the Interior may acquire lands by donation, purchase from willing sellers, or exchange.</p> <p>(Sec. 4) The bill establishes the Parker's Crossroads Battlefield in Tennessee as an affiliated area of the National Park System. </p> <p>The city of Parkers Crossroads and the Tennessee Historical Commission shall jointly be the management entity for the affiliated area. </p> <p>Interior may provide technical assistance and enter into cooperative agreements with the management entity for financial assistance with marketing, interpretation, and preservation of the affiliated area. </p> <p>Interior shall develop a general management plan for the affiliated area. </p>]]></summary-text>
</summary>
<summary summary-id="id114hr87v00" currentChamber="HOUSE" update-date="2015-02-04">
<action-date>2015-01-06</action-date>
<action-desc>Introduced in House</action-desc>
<summary-text><![CDATA[<p><b>Shiloh National Military Park Boundary Adjustment and Parker's Crossroads Battlefield Designation Act</b> </p> <p>Modifies the boundary of Shiloh National Military Park to include the Fallen Timbers Battlefield, the Russell House Battlefield, and the Davis Bridge Battlefield. Authorizes the Secretary of the Interior to acquire lands by donation, purchase from willing sellers, or exchange.</p> <p>Establishes Parker's Crossroads Battlefield in Tennessee as an affiliated area of the National Park System. </p>]]></summary-text>
</summary>
</item>
<dublinCore xmlns:dc="http://purl.org/dc/elements/1.1/">
<dc:format>text/xml</dc:format>
<dc:language>EN</dc:language>
<dc:rights>Pursuant to Title 17 Section 105 of the United States Code, this file is not subject to copyright protection and is in the public domain.</dc:rights>
<dc:contributor>Congressional Research Service, Library of Congress</dc:contributor>
<dc:description>This file contains bill summaries for federal legislation. A bill summary describes the most significant provisions of a piece of legislation and details the effects the legislative text may have on current law and federal programs. Bill summaries are authored by the Congressional Research Service (CRS) of the Library of Congress. As stated in Public Law 91-510 (2 USC 166 (d)(6)), one of the duties of CRS is "to prepare summaries and digests of bills and resolutions of a public general nature introduced in the Senate or House of Representatives". For more information, refer to the User Guide that accompanies this file.</dc:description>
</dublinCore>
</BillSummaries>
