<?xml version="1.0" encoding="UTF-8"?><BillSummaries>
<item congress="114" measure-type="hr" measure-number="675" measure-id="id114hr675" originChamber="HOUSE" orig-publish-date="2015-02-03" update-date="2016-06-29">
<title>Veterans' Compensation Cost-of-Living Adjustment Act of 2015</title>
<summary summary-id="id114hr675v36" currentChamber="HOUSE" update-date="2016-06-29">
<action-date>2015-07-28</action-date>
<action-desc>Passed House amended</action-desc>
<summary-text><![CDATA[<p>(This measure has not been amended since it was reported to the House on July 16, 2015. The summary of that version is repeated here.)</p> <p><strong>Veterans' Compensation Cost-of-Living Adjustment Act of 2015</strong></p> <p>TITLE I--COMPENSATION COST-OF-LIVING ADJUSTMENT</p> <p>(Sec. 101) This bill directs the Department of Veterans Affairs (VA) to increase, as of November 30, 2015, the rates of: </p> <ul> <li>veterans' disability compensation, </li> <li>additional compensation for dependents, </li> <li> wartime disability compensation, </li> <li>the clothing allowance for certain disabled veterans, and </li> <li>dependency and indemnity compensation for surviving spouses and children.</li> </ul> <p>Each such increase shall be the same percentage as the benefits increase provided under title II (Old Age, Survivors and Disability Insurance) (OASDI) of the Social Security Act, as of December 1, 2015.</p> <p>(Sec. 102) The VA shall publish such adjusted rates in the Federal Register.</p> <p>TITLE II--UNITED STATES COURT OF APPEALS FOR VETERANS CLAIMS</p> <p>(Sec. 201) The temporary expansion of the Court of Appeals for Veterans Claims is extended till January 1, 2020. </p> <p>(Sec. 202) Specified recall requirements for retired judges are amended. A recall-eligible judge may request a recall for a period of service of at least 90 days (or the equivalent).</p> <p>(Sec. 203) A regular active service judge or a retired judge shall be treated as an employee for government life insurance purposes. </p> <p>(Sec. 204) Regular service judges, retired recall-eligible judges, and certain retired but not recall-eligible judges may purchase in three-month increments up to an additional year of service credit for each year of federal judicial service completed. </p> <p>(Sec. 205) The salary of Court judges is set at the rate applicable to federal appellate court judges. (Their salary is currently set at the rate applicable to federal district court judges.) </p> <p>(Sec. 206) The chief judge of the Court, in addition to existing qualifications, must not be older than 64 and have at least 3 years remaining in term of office as a judge of the Court in regular active service. </p> <p>TITLE III--IMPROVEMENT OF CLAIMS PROCESSING </p> <p>(Sec. 301) In the case of a disability compensation claim for two or more disabilities for which the VA, before completing the full adjudication, makes a decision with respect to a disability that would result in the payment of monetary benefits to the claimant, the VA shall make interim payments to the claimant based on such disability.</p> <p>Upon completion of the adjudication of all the disability claims the VA will pay the full amount of accrued benefits, less the amount of the interim payments that the claimant has already received.</p> <p>(Sec. 302) The VA shall: (1) establish a minimum two-year training program for newly hired claims processors, and (2) identify successful claims processors to assist in such training. </p> <p>(Sec. 303) The VA shall: (1) inform each person who submits a claim for benefits that he or she is eligible to receive up to an extra year of benefits payments upon the filing of a fully developed claim; and (2) post at each VA Regional Office, claims-intake facility, and on its website information regarding the average processing time of claims and the percentage of submitted claims for which benefits are awarded.</p> <p>TITLE IV--OTHER MATTERS</p> <p>(Sec. 401) The VA shall pay any accrued benefits due and unpaid, as of a veteran's date of death, to the veteran's estate unless the estate will escheat.</p> <p>(Sec. 402) The President shall issue an annual proclamation calling on the people of the United States to observe two minutes of silence on Veterans Day in honor of the service and sacrifice of veterans throughout the history of the nation.</p>]]></summary-text>
</summary>
<summary summary-id="id114hr675v17" currentChamber="HOUSE" update-date="2016-06-29">
<action-date>2015-07-16</action-date>
<action-desc>Reported to House amended</action-desc>
<summary-text><![CDATA[<p><strong>Veterans' Compensation Cost-of-Living Adjustment Act of 2015</strong></p> <p>TITLE I--COMPENSATION COST-OF-LIVING ADJUSTMENT</p> <p>(Sec. 101) This bill directs the Department of Veterans Affairs (VA) to increase, as of November 30, 2015, the rates of: </p> <ul> <li>veterans' disability compensation, </li> <li>additional compensation for dependents, </li> <li> wartime disability compensation, </li> <li>the clothing allowance for certain disabled veterans, and </li> <li>dependency and indemnity compensation for surviving spouses and children.</li> </ul> <p>Each such increase shall be the same percentage as the benefits increase provided under title II (Old Age, Survivors and Disability Insurance) (OASDI) of the Social Security Act, as of December 1, 2015.</p> <p>(Sec. 102) The VA shall publish such adjusted rates in the Federal Register.</p> <p>TITLE II--UNITED STATES COURT OF APPEALS FOR VETERANS CLAIMS</p> <p>(Sec. 201) The temporary expansion of the Court of Appeals for Veterans Claims is extended till January 1, 2020. </p> <p>(Sec. 202) Specified recall requirements for retired judges are amended. A recall-eligible judge may request a recall for a period of service of at least 90 days (or the equivalent).</p> <p>(Sec. 203) A regular active service judge or a retired judge shall be treated as an employee for government life insurance purposes. </p> <p>(Sec. 204) Regular service judges, retired recall-eligible judges, and certain retired but not recall-eligible judges may purchase in three-month increments up to an additional year of service credit for each year of federal judicial service completed. </p> <p>(Sec. 205) The salary of Court judges is set at the rate applicable to federal appellate court judges. (Their salary is currently set at the rate applicable to federal district court judges.) </p> <p>(Sec. 206) The chief judge of the Court, in addition to existing qualifications, must not be older than 64 and have at least 3 years remaining in term of office as a judge of the Court in regular active service. </p> <p>TITLE III--IMPROVEMENT OF CLAIMS PROCESSING </p> <p>(Sec. 301) In the case of a disability compensation claim for two or more disabilities for which the VA, before completing the full adjudication, makes a decision with respect to a disability that would result in the payment of monetary benefits to the claimant, the VA shall make interim payments to the claimant based on such disability.</p> <p>Upon completion of the adjudication of all the disability claims the VA will pay the full amount of accrued benefits, less the amount of the interim payments that the claimant has already received.</p> <p>(Sec. 302) The VA shall: (1) establish a minimum two-year training program for newly hired claims processors, and (2) identify successful claims processors to assist in such training. </p> <p>(Sec. 303) The VA shall: (1) inform each person who submits a claim for benefits that he or she is eligible to receive up to an extra year of benefits payments upon the filing of a fully developed claim; and (2) post at each VA Regional Office, claims-intake facility, and on its website information regarding the average processing time of claims and the percentage of submitted claims for which benefits are awarded.</p> <p>TITLE IV--OTHER MATTERS</p> <p>(Sec. 401) The VA shall pay any accrued benefits due and unpaid, as of a veteran's date of death, to the veteran's estate unless the estate will escheat.</p> <p>(Sec. 402) The President shall issue an annual proclamation calling on the people of the United States to observe two minutes of silence on Veterans Day in honor of the service and sacrifice of veterans throughout the history of the nation.</p>]]></summary-text>
</summary>
<summary summary-id="id114hr675v00" currentChamber="HOUSE" update-date="2016-03-22">
<action-date>2015-02-03</action-date>
<action-desc>Introduced in House</action-desc>
<summary-text><![CDATA[<p> <strong>Veterans' Compensation Cost-of-Living Adjustment Act of 2015</strong></p> <p>This bill directs the Department of Veterans Affairs to increase, as of December 1, 2015, the rates of veterans' disability compensation, additional compensation for dependents, the clothing allowance for certain disabled veterans, and dependency and indemnity compensation for surviving spouses and children.</p> <p>Each such increase shall be the same percentage as the increase in benefits provided under title II (Old Age, Survivors and Disability Insurance) of the Social Security Act, on the same effective date.</p>]]></summary-text>
</summary>
</item>
<dublinCore xmlns:dc="http://purl.org/dc/elements/1.1/">
<dc:format>text/xml</dc:format>
<dc:language>EN</dc:language>
<dc:rights>Pursuant to Title 17 Section 105 of the United States Code, this file is not subject to copyright protection and is in the public domain.</dc:rights>
<dc:contributor>Congressional Research Service, Library of Congress</dc:contributor>
<dc:description>This file contains bill summaries for federal legislation. A bill summary describes the most significant provisions of a piece of legislation and details the effects the legislative text may have on current law and federal programs. Bill summaries are authored by the Congressional Research Service (CRS) of the Library of Congress. As stated in Public Law 91-510 (2 USC 166 (d)(6)), one of the duties of CRS is "to prepare summaries and digests of bills and resolutions of a public general nature introduced in the Senate or House of Representatives". For more information, refer to the User Guide that accompanies this file.</dc:description>
</dublinCore>
</BillSummaries>
