<?xml version="1.0" encoding="UTF-8"?><BillSummaries>
<item congress="114" measure-type="hr" measure-number="274" measure-id="id114hr274" originChamber="HOUSE" orig-publish-date="2015-01-12" update-date="2018-03-05">
<title>United States-Cuba Normalization Act of 2015</title>
<summary summary-id="id114hr274v00" currentChamber="HOUSE" update-date="2018-03-05">
<action-date>2015-01-12</action-date>
<action-desc>Introduced in House</action-desc>
<summary-text><![CDATA[<p><strong>United States-Cuba Normalization Act of 2015</strong> <p>Amends the Foreign Assistance Act of 1961 to repeal the embargo on trade with Cuba. <p>Prohibits the exercise by the President with respect to Cuba of certain authorities conferred by the Trading With the Enemy Act and exercised on July 1, 1977, as a result of a specified national emergency. <p>Makes ineffective any prohibition on exports to Cuba under the Export Administration Act of 1979. <p>Authorizes the President to impose export controls with respect to Cuba and exercise certain authorities under the International Emergency Economic Powers Act only on account of an unusual and extraordinary threat to U.S. national security that did not exist before enactment of this Act. <p>Repeals: (1) the Cuban Democracy Act of 1992, (2) the Cuban Liberty and Democratic Solidarity (LIBERTAD) Act of 1996, (3) the prohibition under the Food Security Act of 1985 against allocation of the annual sugar quota to any country unless its officials verify that it does not import for reexport to the United States any sugar produced in Cuba, and (4) the prohibition under the Department of Commerce and Related Agencies Appropriations Act, 1999 on transactions or payments respecting certain U.S. intellectual property. <p>Amends the Trade Sanctions Reform and Export Enhancement Act of 2000 to remove Cuba from the list of state sponsors of terrorism subject to agricultural and medical export restrictions. <p>Amends the Internal Revenue Code to terminate the denial of the foreign tax credit with respect to Cuba. <p>Authorizes common carriers to install and repair telecommunications equipment and facilities in Cuba, and otherwise provide telecommunications services between the United States and Cuba. <p>Prohibits regulation or banning of travel to and from Cuba by U.S. citizens or residents, or of any transactions incident to travel. <p>Directs the U.S. Postal Service to provide direct mail service to and from Cuba. <p>Urges the President to take all necessary steps to conduct negotiations with the government of Cuba to: (1) settle claims of U.S. nationals against Cuba for the taking of property, and (2) secure protection of internationally recognized human rights. <p>Extends nondiscriminatory treatment (normal trade relations) to the products of Cuba. <p>Prohibits the Secretary of the Treasury from limiting the amount of remittances to Cuba that may be made by any person subject to U.S. jurisdiction. <p>Rescinds any determination by the Secretary of State that Cuba has repeatedly provided support for acts of international terrorism. <p>]]></summary-text>
</summary>
</item>
<dublinCore xmlns:dc="http://purl.org/dc/elements/1.1/">
<dc:format>text/xml</dc:format>
<dc:language>EN</dc:language>
<dc:rights>Pursuant to Title 17 Section 105 of the United States Code, this file is not subject to copyright protection and is in the public domain.</dc:rights>
<dc:contributor>Congressional Research Service, Library of Congress</dc:contributor>
<dc:description>This file contains bill summaries for federal legislation. A bill summary describes the most significant provisions of a piece of legislation and details the effects the legislative text may have on current law and federal programs. Bill summaries are authored by the Congressional Research Service (CRS) of the Library of Congress. As stated in Public Law 91-510 (2 USC 166 (d)(6)), one of the duties of CRS is "to prepare summaries and digests of bills and resolutions of a public general nature introduced in the Senate or House of Representatives". For more information, refer to the User Guide that accompanies this file.</dc:description>
</dublinCore>
</BillSummaries>
