<?xml version="1.0" encoding="UTF-8"?>
<BillSummaries>
<item congress="114" measure-type="hr" measure-number="246" measure-id="id114hr246" originChamber="HOUSE" orig-publish-date="2015-01-09" update-date="2015-02-14">
<title>To improve the response to victims of child sex trafficking.</title>
<summary summary-id="id114hr246v81" currentChamber="HOUSE" update-date="2015-02-14">
<action-date>2015-01-27</action-date>
<action-desc>Passed House without amendment</action-desc>
<summary-text><![CDATA[<p>(This measure has not been amended since it was introduced. The summary of that version is repeated here.)</p> <p>Amends the Missing Children's Assistance Act to include among the required uses of the Office of Juvenile Justice and Delinquency Prevention's annual grant to the National Center for Missing and Exploited Children operation of a cyber tipline to provide online users and electronic service providers an effective means of reporting Internet-related child sexual exploitation in the area of child sex trafficking, including child prostitution (currently, in the area of child prostitution).</p>]]></summary-text>
</summary>
<summary summary-id="id114hr246v00" currentChamber="HOUSE" update-date="2015-01-20">
<action-date>2015-01-09</action-date>
<action-desc>Introduced in House</action-desc>
<summary-text><![CDATA[<p>Amends the Missing Children's Assistance Act to include among the required uses of the Office of Juvenile Justice and Delinquency Prevention's annual grant to the National Center for Missing and Exploited Children operation of a cyber tipline to provide online users and electronic service providers an effective means of reporting Internet-related child sexual exploitation in the area of child sex trafficking, including child prostitution (currently, in the area of child prostitution).</p>]]></summary-text>
</summary>
</item>
<dublinCore xmlns:dc="http://purl.org/dc/elements/1.1/">
<dc:format>text/xml</dc:format>
<dc:language>EN</dc:language>
<dc:rights>Pursuant to Title 17 Section 105 of the United States Code, this file is not subject to copyright protection and is in the public domain.</dc:rights>
<dc:contributor>Congressional Research Service, Library of Congress</dc:contributor>
<dc:description>This file contains bill summaries for federal legislation. A bill summary describes the most significant provisions of a piece of legislation and details the effects the legislative text may have on current law and federal programs. Bill summaries are authored by the Congressional Research Service (CRS) of the Library of Congress. As stated in Public Law 91-510 (2 USC 166 (d)(6)), one of the duties of CRS is "to prepare summaries and digests of bills and resolutions of a public general nature introduced in the Senate or House of Representatives". For more information, refer to the User Guide that accompanies this file.</dc:description>
</dublinCore>
</BillSummaries>
