<?xml version="1.0" encoding="UTF-8"?>
<BillSummaries>
<item congress="114" measure-type="hr" measure-number="176" measure-id="id114hr176" originChamber="HOUSE" orig-publish-date="2015-01-06" update-date="2015-01-20">
<title>LOCAL Act of 2015</title>
<summary summary-id="id114hr176v00" currentChamber="HOUSE" update-date="2015-01-20">
<action-date>2015-01-06</action-date>
<action-desc>Introduced in House</action-desc>
<summary-text><![CDATA[<p>Local Organization Cooperative Agreement for Land and Facility Maintenance Act of 2015 or the LOCAL Act of 2015 - Amends the Water Resources Development Act of 1992 to authorize the Secretary of the Army to permit a non-federal public or private entity that has entered into a cooperative agreement for the operation and management of recreation facilities and natural resources at civil works projects under the Secretary's jurisdiction to collect user fees for the use of developed recreation sites and facilities, whether developed or constructed by such entity or the Department of the Army.</p> <p>Permits such an entity to retain up to 100% of the fees collected and use them for operation, maintenance, and management at the recreation site where they were collected. </p>]]></summary-text>
</summary>
</item>
<dublinCore xmlns:dc="http://purl.org/dc/elements/1.1/">
<dc:format>text/xml</dc:format>
<dc:language>EN</dc:language>
<dc:rights>Pursuant to Title 17 Section 105 of the United States Code, this file is not subject to copyright protection and is in the public domain.</dc:rights>
<dc:contributor>Congressional Research Service, Library of Congress</dc:contributor>
<dc:description>This file contains bill summaries for federal legislation. A bill summary describes the most significant provisions of a piece of legislation and details the effects the legislative text may have on current law and federal programs. Bill summaries are authored by the Congressional Research Service (CRS) of the Library of Congress. As stated in Public Law 91-510 (2 USC 166 (d)(6)), one of the duties of CRS is "to prepare summaries and digests of bills and resolutions of a public general nature introduced in the Senate or House of Representatives". For more information, refer to the User Guide that accompanies this file.</dc:description>
</dublinCore>
</BillSummaries>
