<?xml version="1.0" encoding="UTF-8"?>
<BillSummaries>
<item congress="114" measure-type="hr" measure-number="524" measure-id="id114hr524" originChamber="HOUSE" orig-publish-date="2015-01-26" update-date="2015-02-12">
<title>Local Control of Education Act</title>
<summary summary-id="id114hr524v00" currentChamber="HOUSE" update-date="2015-02-12">
<action-date>2015-01-26</action-date>
<action-desc>Introduced in House</action-desc>
<summary-text><![CDATA[<p><STRONG>Local Control of Education Act </STRONG></p> <p>Amends the Elementary and Secondary Education Act of 1965 (ESEA) to prohibit the federal government from directly or indirectly mandating, directing, controlling, incentivizing, or conditioning federal support on a state's, local educational agency's (LEA's), or school's adoption of:</p> <UL> <LI>the Common Core State Standards, any other academic standards common to a number of states, or any statewide or nationally recognized content standards; or <LI>any assessment, instructional content, or curriculum aligned to, or based on, specific academic standards. </LI> </UL> <p>Amends the American Recovery and Reinvestment Act of 2009 to make those prohibitions applicable to grants awarded under the Race to the Top program for innovations and reforms in elementary and secondary education.</p> <p>Prohibits the Secretary of Education from conditioning the provision of a statutory or regulatory waiver under the ESEA on a state, LEA, Indian tribe, or school adopting any specific instructional content, academic standard, assessment, curriculum, or program of instruction. Makes that prohibition applicable to future and previously issued waivers.</p>]]></summary-text>
</summary>
</item>
<dublinCore xmlns:dc="http://purl.org/dc/elements/1.1/">
<dc:format>text/xml</dc:format>
<dc:language>EN</dc:language>
<dc:rights>Pursuant to Title 17 Section 105 of the United States Code, this file is not subject to copyright protection and is in the public domain.</dc:rights>
<dc:contributor>Congressional Research Service, Library of Congress</dc:contributor>
<dc:description>This file contains bill summaries for federal legislation. A bill summary describes the most significant provisions of a piece of legislation and details the effects the legislative text may have on current law and federal programs. Bill summaries are authored by the Congressional Research Service (CRS) of the Library of Congress. As stated in Public Law 91-510 (2 USC 166 (d)(6)), one of the duties of CRS is "to prepare summaries and digests of bills and resolutions of a public general nature introduced in the Senate or House of Representatives". For more information, refer to the User Guide that accompanies this file.</dc:description>
</dublinCore>
</BillSummaries>
