<?xml version="1.0" encoding="UTF-8"?>
<BillSummaries>
<item congress="114" measure-type="hr" measure-number="664" measure-id="id114hr664" originChamber="HOUSE" orig-publish-date="2015-02-02" update-date="2015-02-10">
<title>Freedom to Travel to Cuba Act of 2015</title>
<summary summary-id="id114hr664v00" currentChamber="HOUSE" update-date="2015-02-10">
<action-date>2015-02-02</action-date>
<action-desc>Introduced in House</action-desc>
<summary-text><![CDATA[<p><strong>Freedom to Travel to Cuba Act of 2015</strong></p> <p>This bill states that: </p> <ul> <li>the President may not prohibit or otherwise regulate travel to or from Cuba by U.S. citizens or legal residents, or any of the transactions incident to such travel, including banking transactions; </li> <li>any regulation in effect on the date of enactment of this Act prohibiting or otherwise regulating such travel or transactions incident to such travel shall cease to have any force or effective; but </li> <li>the prohibitions and requirements of this Act shall not apply if the United States is at war with Cuba, armed hostilities between the two countries are in progress, or there is imminent danger to the public health or the physical safety of U.S. travelers.</li> </ul>]]></summary-text>
</summary>
</item>
<dublinCore xmlns:dc="http://purl.org/dc/elements/1.1/">
<dc:format>text/xml</dc:format>
<dc:language>EN</dc:language>
<dc:rights>Pursuant to Title 17 Section 105 of the United States Code, this file is not subject to copyright protection and is in the public domain.</dc:rights>
<dc:contributor>Congressional Research Service, Library of Congress</dc:contributor>
<dc:description>This file contains bill summaries for federal legislation. A bill summary describes the most significant provisions of a piece of legislation and details the effects the legislative text may have on current law and federal programs. Bill summaries are authored by the Congressional Research Service (CRS) of the Library of Congress. As stated in Public Law 91-510 (2 USC 166 (d)(6)), one of the duties of CRS is "to prepare summaries and digests of bills and resolutions of a public general nature introduced in the Senate or House of Representatives". For more information, refer to the User Guide that accompanies this file.</dc:description>
</dublinCore>
</BillSummaries>
