<?xml version="1.0" encoding="UTF-8"?>
<BillSummaries>
<item congress="114" measure-type="hr" measure-number="495" measure-id="id114hr495" originChamber="HOUSE" orig-publish-date="2015-01-22" update-date="2015-02-09">
<title>DIPLOMA Act</title>
<summary summary-id="id114hr495v00" currentChamber="HOUSE" update-date="2015-02-09">
<action-date>2015-01-22</action-date>
<action-desc>Introduced in House</action-desc>
<summary-text><![CDATA[<p><strong>Developing Innovative Partnerships and Learning Opportunities that Motivate Achievement Act or the DIPLOMA Act</strong></p> <p>Authorizes the Secretary of Education to award renewable five-year grants to states and, through them, subgrants to local consortia that include a local educational agency and other community partners to: (1) ensure the academic, physical, social, emotional, and civic development of disadvantaged youth; and (2) strengthen their families and communities.</p> <p>Requires each state grantee to develop and implement a state child and youth strategy that assesses children's needs and the assets within the state that can be mobilized, coordinated, and integrated to achieve quantifiable progress toward goals that include ensuring that:</p> <ul> <li>children are ready for school;</li> <li>students are engaged and achieving in school;</li> <li>students are physically, mentally, socially, and emotionally healthy;</li> <li>schools and neighborhoods are safe and provide a positive climate for learning;</li> <li>families and communities are supportive and engaged in their children's education as equal partners;</li> <li>students are ready for postsecondary education and 21st Century careers;</li> <li>students are contributing to their communities; and</li> <li>students are not chronically absent.</li> </ul> <p>Directs the consortia to develop and implement a local child and youth strategy that integrates multiple private and public services into a comprehensive, coordinated continuum of services directed toward achieving quantifiable progress toward such goals. </p> <p>Requires the Secretary to award competitive grants directly to local consortia if appropriated funds fall below a specified amount.</p>]]></summary-text>
</summary>
</item>
<dublinCore xmlns:dc="http://purl.org/dc/elements/1.1/">
<dc:format>text/xml</dc:format>
<dc:language>EN</dc:language>
<dc:rights>Pursuant to Title 17 Section 105 of the United States Code, this file is not subject to copyright protection and is in the public domain.</dc:rights>
<dc:contributor>Congressional Research Service, Library of Congress</dc:contributor>
<dc:description>This file contains bill summaries for federal legislation. A bill summary describes the most significant provisions of a piece of legislation and details the effects the legislative text may have on current law and federal programs. Bill summaries are authored by the Congressional Research Service (CRS) of the Library of Congress. As stated in Public Law 91-510 (2 USC 166 (d)(6)), one of the duties of CRS is "to prepare summaries and digests of bills and resolutions of a public general nature introduced in the Senate or House of Representatives". For more information, refer to the User Guide that accompanies this file.</dc:description>
</dublinCore>
</BillSummaries>
