<?xml version="1.0" encoding="UTF-8"?>
<BillSummaries>
<item congress="114" measure-type="hr" measure-number="398" measure-id="id114hr398" originChamber="HOUSE" orig-publish-date="2015-01-16" update-date="2015-01-30">
<title>Trafficking Awareness Training for Health Care Act of 2015</title>
<summary summary-id="id114hr398v81" currentChamber="HOUSE" update-date="2015-01-30">
<action-date>2015-01-27</action-date>
<action-desc>Passed House without amendment</action-desc>
<summary-text><![CDATA[<p>(This measure has not been amended since it was introduced. The summary has been expanded because action occurred on the measure.)</p> <p><b>Trafficking Awareness Training for Health Care Act of 2015</b></p> <p>(Sec. 2) Requires the Agency for Healthcare Research and Quality to award one medical or nursing school a grant to develop best practices for health care professionals to recognize and respond appropriately to victims of severe forms of human trafficking.</p> <p>Requires the grantee to: (1) develop methods or materials to train health care professionals on best practices, (2) make a subgrant to one entity in each of the 10 administrative regions of the Department of Health and Human Services (HHS) to create a pilot program to test the best practices and training, and (3) analyze the results of the pilot programs and determine which best practices are evidence-based.</p>Directs HHS to disseminate evidence-based best practices on their website and to health care profession schools.]]></summary-text>
</summary>
<summary summary-id="id114hr398v00" currentChamber="HOUSE" update-date="2015-01-30">
<action-date>2015-01-16</action-date>
<action-desc>Introduced in House</action-desc>
<summary-text><![CDATA[<p><b>Trafficking Awareness Training for Health Care Act of 2015</b></p> <p>Requires the Agency for Healthcare Research and Quality to award one medical or nursing school a grant to develop best practices for health care professionals to recognize and respond appropriately to victims of severe forms of human trafficking.</p> <p>Requires the grantee to: (1) develop methods or materials to train health care professionals on best practices, (2) make a subgrant to one entity in each of the 10 administrative regions of the Department of Health and Human Services (HHS) to create a pilot program to test the best practices and training, and (3) analyze the results of the pilot programs and determine which best practices are evidence-based.</p>Directs HHS to disseminate evidence-based best practices on their website and to health care profession schools.]]></summary-text>
</summary>
</item>
<dublinCore xmlns:dc="http://purl.org/dc/elements/1.1/">
<dc:format>text/xml</dc:format>
<dc:language>EN</dc:language>
<dc:rights>Pursuant to Title 17 Section 105 of the United States Code, this file is not subject to copyright protection and is in the public domain.</dc:rights>
<dc:contributor>Congressional Research Service, Library of Congress</dc:contributor>
<dc:description>This file contains bill summaries for federal legislation. A bill summary describes the most significant provisions of a piece of legislation and details the effects the legislative text may have on current law and federal programs. Bill summaries are authored by the Congressional Research Service (CRS) of the Library of Congress. As stated in Public Law 91-510 (2 USC 166 (d)(6)), one of the duties of CRS is "to prepare summaries and digests of bills and resolutions of a public general nature introduced in the Senate or House of Representatives". For more information, refer to the User Guide that accompanies this file.</dc:description>
</dublinCore>
</BillSummaries>
