<?xml version="1.0" encoding="UTF-8"?>
<BillSummaries>
<item congress="114" measure-type="hr" measure-number="374" measure-id="id114hr374" originChamber="HOUSE" orig-publish-date="2015-01-14" update-date="2015-02-04">
<title>Supporting Early Learning Act</title>
<summary summary-id="id114hr374v00" currentChamber="HOUSE" update-date="2015-02-04">
<action-date>2015-01-14</action-date>
<action-desc>Introduced in House</action-desc>
<summary-text><![CDATA[<p><strong>Supporting Early Learning Act</strong></p> <p>Directs the Secretary of Education to award competitive, matching Quality Pathways grants to states that demonstrate the greatest progress toward establishing a high-quality system of early learning that includes: </p> <ul> <li> state early learning standards; </li> <li> preservice and ongoing training for staff; </li> <li> the systematic review, rating, and monitoring of early learning programs for ameliorative purposes; </li> <li> parental involvement; </li> <li> health, disability, and family support services and referrals for participating children; </li> <li> an early learning data system; and </li> <li> a process for evaluating children's school readiness and ensuring their effective transition to the public school system.</li> </ul> <p>Requires the grant to be used to further such progress and move more disadvantaged children into higher quality programs. Permits grantees to apply to the Secretary to reserve up to 25% of their grant to expand disadvantaged children's access to the highest quality early learning programs offering full-day, full-year services.</p> <p>Authorizes the Secretary to award competitive Development grants to states that were not awarded a Pathways grant, but commit to developing a high-quality system of early learning that includes the components listed above.</p> <p>Directs the Secretary to establish indicators to measure state progress in meeting grant objectives, and states to establish Secretary-approved benchmarks for success that are based on those indicators.</p> <p>Requires the Secretary to use certain reserved funds to: (1) establish a competitive grant demonstration program for Native American school readiness programs; (2) provide technical assistance to states to help them qualify for, apply for, and maintain this Act's grants; and (3) support the Institute of Education Sciences' research into, and evaluation of, this Act's grant-related activities.</p>]]></summary-text>
</summary>
</item>
<dublinCore xmlns:dc="http://purl.org/dc/elements/1.1/">
<dc:format>text/xml</dc:format>
<dc:language>EN</dc:language>
<dc:rights>Pursuant to Title 17 Section 105 of the United States Code, this file is not subject to copyright protection and is in the public domain.</dc:rights>
<dc:contributor>Congressional Research Service, Library of Congress</dc:contributor>
<dc:description>This file contains bill summaries for federal legislation. A bill summary describes the most significant provisions of a piece of legislation and details the effects the legislative text may have on current law and federal programs. Bill summaries are authored by the Congressional Research Service (CRS) of the Library of Congress. As stated in Public Law 91-510 (2 USC 166 (d)(6)), one of the duties of CRS is "to prepare summaries and digests of bills and resolutions of a public general nature introduced in the Senate or House of Representatives". For more information, refer to the User Guide that accompanies this file.</dc:description>
</dublinCore>
</BillSummaries>
