<?xml version="1.0" encoding="UTF-8"?>
<BillSummaries>
<item congress="114" measure-type="hr" measure-number="336" measure-id="id114hr336" originChamber="HOUSE" orig-publish-date="2015-01-13" update-date="2015-06-29">
<title>To direct the Administrator of General Services, on behalf of the Archivist of the United States, to convey certain Federal property located in the State of Alaska to the Municipality of Anchorage, Alaska.</title>
<summary summary-id="id114hr336v81" currentChamber="HOUSE" update-date="2015-06-29">
<action-date>2015-06-01</action-date>
<action-desc>Passed House without amendment</action-desc>
<summary-text><![CDATA[<p>(This measure has not been amended since it was introduced. The summary of that version is repeated here.)</p> <p>Directs the Administrator of the General Services Administration, on behalf of the Archivist of the United States, to convey to the City of Anchorage, Alaska, property in such city consisting of approximately nine acres and improvements located at 400 East Fortieth Avenue for not less than fair market value.</p>]]></summary-text>
</summary>
<summary summary-id="id114hr336v79" currentChamber="HOUSE" update-date="2015-05-20">
<action-date>2015-05-08</action-date>
<action-desc>Reported to House without amendment</action-desc>
<summary-text><![CDATA[<p>(This measure has not been amended since it was introduced. The summary of that version is repeated here.)</p> <p>Directs the Administrator of the General Services Administration, on behalf of the Archivist of the United States, to convey to the City of Anchorage, Alaska, property in such city consisting of approximately nine acres and improvements located at 400 East Fortieth Avenue for not less than fair market value. </p>]]></summary-text>
</summary>
<summary summary-id="id114hr336v00" currentChamber="HOUSE" update-date="2015-05-20">
<action-date>2015-01-13</action-date>
<action-desc>Introduced in House</action-desc>
<summary-text><![CDATA[<p>Directs the Administrator of the General Services Administration, on behalf of the Archivist of the United States, to convey to the City of Anchorage, Alaska, property in such city consisting of approximately nine acres and improvements located at 400 East Fortieth Avenue for not less than fair market value.</p>]]></summary-text>
</summary>
</item>
<dublinCore xmlns:dc="http://purl.org/dc/elements/1.1/">
<dc:format>text/xml</dc:format>
<dc:language>EN</dc:language>
<dc:rights>Pursuant to Title 17 Section 105 of the United States Code, this file is not subject to copyright protection and is in the public domain.</dc:rights>
<dc:contributor>Congressional Research Service, Library of Congress</dc:contributor>
<dc:description>This file contains bill summaries for federal legislation. A bill summary describes the most significant provisions of a piece of legislation and details the effects the legislative text may have on current law and federal programs. Bill summaries are authored by the Congressional Research Service (CRS) of the Library of Congress. As stated in Public Law 91-510 (2 USC 166 (d)(6)), one of the duties of CRS is "to prepare summaries and digests of bills and resolutions of a public general nature introduced in the Senate or House of Representatives". For more information, refer to the User Guide that accompanies this file.</dc:description>
</dublinCore>
</BillSummaries>
