<?xml version="1.0" encoding="UTF-8"?>
<BillSummaries>
<item congress="114" measure-type="hr" measure-number="930" measure-id="id114hr930" originChamber="HOUSE" orig-publish-date="2015-02-12" update-date="2015-03-10">
<title>School Principal Recruitment and Training Act</title>
<summary summary-id="id114hr930v00" currentChamber="HOUSE" update-date="2015-03-10">
<action-date>2015-02-12</action-date>
<action-desc>Introduced in House</action-desc>
<summary-text><![CDATA[<p><strong>School Principal Recruitment and Training Act</strong></p> <p>Amends the Elementary and Secondary Education Act of 1965 to establish a principal recruitment and training grant program awarding renewable, matching grants to states, local educational agencies (LEAs), educational service agencies, nonprofit organizations, institutions of higher education, and partnerships of those entities to recruit, prepare, place, and support principals in eligible schools.</p> <p>Defines "eligible schools" as high-need schools, persistently low-achieving schools, achievement gap schools, schools with middle grades that feed students to high schools with low graduation rates, and rural schools served by high-need LEAs.</p> <p>Requires grantees to work with experts and stakeholders to develop, during the first year of a grant, a leadership training program for principals, mentors, and other school leaders that prepares and supports them in leading effective school reform efforts in persistently low-achieving schools.</p> <p>Requires grantees to use the grants, after that first year, to:</p> <ul> <li>implement their leadership training program;</li> <li>ensure that their training program is informed, on an ongoing basis, by consultations with experts and stakeholders and by tracking the performance of program graduates;</li> <li>select cohorts of trained or experienced principals to lead school reform efforts in persistently low-achieving schools;</li> <li>support and encourage interaction among principals who have completed the training program; and</li> <li>disseminate information to principals, mentors, and other school leaders engaging in reform efforts in persistently low-achieving schools.</li> </ul> <p>Makes grant renewal decisions dependent on the Secretary of Education's evaluation of the extent to which the principals recruited, prepared, placed, or supported by the grantee have improved school-level student outcomes.</p> <p>Directs the Secretary to: (1) establish performance metrics to evaluate the effectiveness of the activities funded by the grant program; and (2) identify, and disseminate research on, best practices to improve school leadership.</p>]]></summary-text>
</summary>
</item>
<dublinCore xmlns:dc="http://purl.org/dc/elements/1.1/">
<dc:format>text/xml</dc:format>
<dc:language>EN</dc:language>
<dc:rights>Pursuant to Title 17 Section 105 of the United States Code, this file is not subject to copyright protection and is in the public domain.</dc:rights>
<dc:contributor>Congressional Research Service, Library of Congress</dc:contributor>
<dc:description>This file contains bill summaries for federal legislation. A bill summary describes the most significant provisions of a piece of legislation and details the effects the legislative text may have on current law and federal programs. Bill summaries are authored by the Congressional Research Service (CRS) of the Library of Congress. As stated in Public Law 91-510 (2 USC 166 (d)(6)), one of the duties of CRS is "to prepare summaries and digests of bills and resolutions of a public general nature introduced in the Senate or House of Representatives". For more information, refer to the User Guide that accompanies this file.</dc:description>
</dublinCore>
</BillSummaries>
