<?xml version="1.0" encoding="UTF-8"?>
<BillSummaries>
<item congress="114" measure-type="hr" measure-number="281" measure-id="id114hr281" originChamber="HOUSE" orig-publish-date="2015-01-12" update-date="2015-01-29">
<title>Every Child is a Blessing Act of 2014</title>
<summary summary-id="id114hr281v00" currentChamber="HOUSE" update-date="2015-01-29">
<action-date>2015-01-12</action-date>
<action-desc>Introduced in House</action-desc>
<summary-text><![CDATA[<p><b>Every Child is a Blessing Act of 2014 [<i>sic</i>]</b></p> <p>Prohibits recovery of damages in certain civil actions based on a claim that, but for the conduct of the defendant, a child, once conceived, would not or should not have been born.</p> <p>Makes such prohibition applicable to claims based on a child's disability, defect, abnormality, race, sex, or other inborn characteristic.</p> <p>Bars such prohibition from being construed to: (1) provide a defense against charges of intentional misrepresentation in state proceedings regulating the professional practices of health care providers and practitioners, (2) provide a defense in any criminal action, including cases of rape or incest, or (3) limit damages in cases where the conduct of the defendant caused personal injury or death to the child or gestational mother. </p>]]></summary-text>
</summary>
</item>
<dublinCore xmlns:dc="http://purl.org/dc/elements/1.1/">
<dc:format>text/xml</dc:format>
<dc:language>EN</dc:language>
<dc:rights>Pursuant to Title 17 Section 105 of the United States Code, this file is not subject to copyright protection and is in the public domain.</dc:rights>
<dc:contributor>Congressional Research Service, Library of Congress</dc:contributor>
<dc:description>This file contains bill summaries for federal legislation. A bill summary describes the most significant provisions of a piece of legislation and details the effects the legislative text may have on current law and federal programs. Bill summaries are authored by the Congressional Research Service (CRS) of the Library of Congress. As stated in Public Law 91-510 (2 USC 166 (d)(6)), one of the duties of CRS is "to prepare summaries and digests of bills and resolutions of a public general nature introduced in the Senate or House of Representatives". For more information, refer to the User Guide that accompanies this file.</dc:description>
</dublinCore>
</BillSummaries>
