<?xml version="1.0" encoding="UTF-8"?>
<BillSummaries>
<item congress="114" measure-type="hr" measure-number="871" measure-id="id114hr871" originChamber="HOUSE" orig-publish-date="2015-02-11" update-date="2015-02-28">
<title>Formerly Incarcerated Voter Registration Act of 2015</title>
<summary summary-id="id114hr871v00" currentChamber="HOUSE" update-date="2015-02-28">
<action-date>2015-02-11</action-date>
<action-desc>Introduced in House</action-desc>
<summary-text><![CDATA[<p><b>Formerly Incarcerated</b><b> Voter Registration Act of 2015</b></p> <p>This bill amends the federal criminal code to direct the Bureau of Prisons to include among reentry planning procedures the provision to federal prisoners of information about: (1) the laws and regulations governing the right of an individual convicted of a felony who has been released from prison to vote in each state, and (2) any voter registration or application forms the prisoner will need to complete in order to vote in the state in which the prisoner will reside upon release.</p> <p>The term &quot;state&quot; includes the District of Columbia, the Commonwealth of Puerto Rico, American Samoa, Guam, the United States Virgin Islands, and the Commonwealth of the Northern Mariana Islands.</p>]]></summary-text>
</summary>
</item>
<dublinCore xmlns:dc="http://purl.org/dc/elements/1.1/">
<dc:format>text/xml</dc:format>
<dc:language>EN</dc:language>
<dc:rights>Pursuant to Title 17 Section 105 of the United States Code, this file is not subject to copyright protection and is in the public domain.</dc:rights>
<dc:contributor>Congressional Research Service, Library of Congress</dc:contributor>
<dc:description>This file contains bill summaries for federal legislation. A bill summary describes the most significant provisions of a piece of legislation and details the effects the legislative text may have on current law and federal programs. Bill summaries are authored by the Congressional Research Service (CRS) of the Library of Congress. As stated in Public Law 91-510 (2 USC 166 (d)(6)), one of the duties of CRS is "to prepare summaries and digests of bills and resolutions of a public general nature introduced in the Senate or House of Representatives". For more information, refer to the User Guide that accompanies this file.</dc:description>
</dublinCore>
</BillSummaries>
