<?xml version="1.0" encoding="UTF-8"?><BillSummaries>
<item congress="114" measure-type="hr" measure-number="201" measure-id="id114hr201" originChamber="HOUSE" orig-publish-date="2015-01-07" update-date="2017-04-24">
<title>Community Parks Revitalization Act</title>
<summary summary-id="id114hr201v00" currentChamber="HOUSE" update-date="2017-04-24">
<action-date>2015-01-07</action-date>
<action-desc>Introduced in House</action-desc>
<summary-text><![CDATA[<p><b>Community Parks Revitalization Act</b></p> <p> Requires the Secretary of Housing and Urban Development (HUD) to carry out a community revitalization program of federal grants to eligible local governments located within standard metropolitan statistical areas for various park and recreation purposes, including grants for rehabilitation and construction, innovation and recreation programming, and recovery action programs.</p> <p>Authorizes the Secretary to designate local governments not located in standard metropolitan statistical areas to receive such grants under a partial eligibility waiver.</p> <p>Prescribes requirements, including matching requirements, for rehabilitation and construction and for innovation and recreation grants.</p> <p>Limits to 10% the use of funds appropriated for rehabilitation and construction grants for acquisition of land or interests in land.</p> <p>Allows a recipient, at its discretion, to transfer a grant in whole or in part to private nonprofit agencies for recreational areas and facilities they own or operate which offer recreational opportunities to the general population. </p> <p>Requires an applicant, for project approval, to submit to the Secretary evidence of its commitment to ongoing planning, rehabilitation, service, operation, and maintenance programs for its park and recreation systems, expressed in a five-year local park and recreation recovery action program.</p> <p>Prescribes requirements for the five-year park and recreation recovery action program under an at-risk youth recreation grant.</p> <p>Authorizes the Secretary to increase federal rehabilitation and construction, innovation, and at-risk youth recreation grants to a state under this Act by an additional match of up to 15% (but not more than 15%) of total project or program cost. Limits the aggregate amount of the grant and the additional grant amounts to 85% of total project or program cost.</p> <p>Prohibits the conversion, without HUD approval, of any property improved or developed with assistance under this Act for uses other than for public recreation.</p>]]></summary-text>
</summary>
</item>
<dublinCore xmlns:dc="http://purl.org/dc/elements/1.1/">
<dc:format>text/xml</dc:format>
<dc:language>EN</dc:language>
<dc:rights>Pursuant to Title 17 Section 105 of the United States Code, this file is not subject to copyright protection and is in the public domain.</dc:rights>
<dc:contributor>Congressional Research Service, Library of Congress</dc:contributor>
<dc:description>This file contains bill summaries for federal legislation. A bill summary describes the most significant provisions of a piece of legislation and details the effects the legislative text may have on current law and federal programs. Bill summaries are authored by the Congressional Research Service (CRS) of the Library of Congress. As stated in Public Law 91-510 (2 USC 166 (d)(6)), one of the duties of CRS is "to prepare summaries and digests of bills and resolutions of a public general nature introduced in the Senate or House of Representatives". For more information, refer to the User Guide that accompanies this file.</dc:description>
</dublinCore>
</BillSummaries>
