<?xml version="1.0" encoding="UTF-8"?>
<BillSummaries>
<item congress="114" measure-type="hr" measure-number="351" measure-id="id114hr351" originChamber="HOUSE" orig-publish-date="2015-01-14" update-date="2015-01-30">
<title>LNG Permitting Certainty and Transparency Act</title>
<summary summary-id="id114hr351v81" currentChamber="HOUSE" update-date="2015-01-30">
<action-date>2015-01-28</action-date>
<action-desc>Passed House without amendment</action-desc>
<summary-text><![CDATA[<p>(This measure has not been amended since it was introduced. The summary has been expanded because action occurred on the measure.)</p> <p><b>LNG Permitting Certainty and Transparency Act</b></p> <p>(Sec. 2) Directs the Department of Energy (DOE), for proposals that must also obtain authorization from the Federal Energy Regulatory Commission or the United States Maritime Administration to site, construct, expand, or operate liquified natural gas (LNG) export facilities, to issue a decision on an application for authorization to export natural gas within 30 days after the later of: (1) the conclusion of the review to site, construct, expand, or operate the LNG facilities required by the National Environmental Policy Act of 1969 (NEPA); or (2) the date of enactment of this Act.</p> <p>Deems any NEPA review to be concluded: (1) 30 days after publication of a required Environmental Impact Statement if the project needs one; (2) 30 days after publication by DOE of a Finding of No Significant Impact if the project needs an Environmental Assessment; and (3) upon a determination by the lead agency that an application is eligible for a categorical exclusion pursuant to regulations under NEPA.</p> <p>(A &quot;categorical exclusion&quot; under NEPA is a category of actions which do not individually or cumulatively have a significant effect on the human environment and which have been found to have no such effect in procedures adopted by a federal agency in implementing environmental regulations and for which, therefore, neither an Environmental Assessment nor an Environmental Impact Statement is required.) <p>Confers original and exclusive jurisdiction upon the U.S. Court of Appeals for the circuit in which the export facility under an application will be located over any civil action for the review of: (1) a DOE order regarding the application, or (2) DOE failure to issue a final decision on the application.</p> <p>Requires the Court, if it finds in a civil action that DOE has failed to issue a final decision on an application, to order DOE to issue one within 30 days.</p> <p>Requires the Court to set any civil action brought under this Act on the docket for expedited consideration as soon as practical after the filing date of the initial pleading.</p> <p>(Sec. 3) Amends the Natural Gas Act to set as a condition for approval of any authorization to export LNG that the DOE Secretary require the applicant to disclose publicly the specific destination or destinations of any such authorized LNG exports.</p>]]></summary-text>
</summary>
<summary summary-id="id114hr351v00" currentChamber="HOUSE" update-date="2015-01-23">
<action-date>2015-01-14</action-date>
<action-desc>Introduced in House</action-desc>
<summary-text><![CDATA[<p><b>LNG Permitting Certainty and Transparency Act</b></p> <p>Directs the Department of Energy (DOE), for proposals that must also obtain authorization from the Federal Energy Regulatory Commission or the United States Maritime Administration to site, construct, expand, or operate liquified natural gas (LNG) export facilities, to issue a decision on an application for authorization to export natural gas within 30 days after the later of: (1) the conclusion of the review to site, construct, expand, or operate the LNG facilities required by the National Environmental Policy Act of 1969 (NEPA); or (2) the date of enactment of this Act.</p> <p>Deems any NEPA review to be concluded: (1) 30 days after publication of a required Environmental Impact Statement if the project needs one; (2) 30 days after publication by DOE of a Finding of No Significant Impact if the project needs an Environmental Assessment; and (3) upon a determination by the lead agency that an application is eligible for a categorical exclusion pursuant to regulations under NEPA.</p> <p>(A &quot;categorical exclusion&quot; under NEPA is a category of actions which do not individually or cumulatively have a significant effect on the human environment and which have been found to have no such effect in procedures adopted by a federal agency in implementing environmental regulations and for which, therefore, neither an Environmental Assessment nor an Environmental Impact Statement is required.) <p>Confers original and exclusive jurisdiction upon the U.S. Court of Appeals for the circuit in which the export facility under an application will be located over any civil action for the review of: (1) a DOE order regarding the application, or (2) DOE failure to issue a final decision on the application.</p> <p>Requires the Court, if it finds in a civil action that DOE has failed to issue a final decision on an application, to order DOE to issue one within 30 days.</p> <p>Requires the Court to set any civil action brought under this Act on the docket, for expedited consideration, as soon as practical after the filing date of the initial pleading.</p> <p>Amends the Natural Gas Act to set as a condition for approval of any authorization to export LNG that the DOE Secretary require the applicant to disclose publicly the specific destination or destinations of any such authorized LNG exports.</p>]]></summary-text>
</summary>
</item>
<dublinCore xmlns:dc="http://purl.org/dc/elements/1.1/">
<dc:format>text/xml</dc:format>
<dc:language>EN</dc:language>
<dc:rights>Pursuant to Title 17 Section 105 of the United States Code, this file is not subject to copyright protection and is in the public domain.</dc:rights>
<dc:contributor>Congressional Research Service, Library of Congress</dc:contributor>
<dc:description>This file contains bill summaries for federal legislation. A bill summary describes the most significant provisions of a piece of legislation and details the effects the legislative text may have on current law and federal programs. Bill summaries are authored by the Congressional Research Service (CRS) of the Library of Congress. As stated in Public Law 91-510 (2 USC 166 (d)(6)), one of the duties of CRS is "to prepare summaries and digests of bills and resolutions of a public general nature introduced in the Senate or House of Representatives". For more information, refer to the User Guide that accompanies this file.</dc:description>
</dublinCore>
</BillSummaries>
