<?xml version="1.0" encoding="UTF-8"?><BillSummaries>
<item congress="114" measure-type="hr" measure-number="1150" measure-id="id114hr1150" originChamber="HOUSE" orig-publish-date="2015-02-27" update-date="2017-03-22">
<title>Frank R. Wolf International Religious Freedom Act</title>
<summary summary-id="id114hr1150v49" currentChamber="BOTH" update-date="2017-03-22">
<action-date>2016-12-16</action-date>
<action-desc>Public Law</action-desc>
<summary-text><![CDATA[<p><strong>Frank R. Wolf International Religious Freedom Act</strong></p> <p>(Sec. 2) This bill expresses the sense of Congress that: (1) a foreign country's practice of routinely denying visa applications for religious workers can be indicative of a poor state of religious freedom in that country, and (2) the U.S. government should seek to reverse any such policy by reviewing the bilateral relationship between such country and the United States. </p> <p>TITLE I--DEPARTMENT OF STATE ACTIVITIES</p> <p>(Sec. 101) The International Religious Freedom Act of 1998 (IRFA) is amended to provide that in order to promote religious freedom as a U.S. foreign policy interest, the Ambassador at Large for International Religious Freedom: (1) shall coordinate international religious freedom policies across all U.S. programs and activities, and (2) is urged to participate in any interagency processes in which the promotion of international religious freedom policy can advance U.S. national security interests. </p> <p> It is the sense of Congress that maintaining an adequate staffing level at the Office of International Religious Freedom is necessary for the office to carry out its work.</p> <p>(Sec. 102) The deadline for submitting the Annual Report on International Religious Freedom is changed from September 1 to May 1 (or the first day thereafter on which the appropriate House of Congress is in session).</p> <p> Such report shall include information about: </p> <ul> <li> severe violations of religious freedom in a country where a government does not function or does not control its territory; </li> <li> identification of prisoners in a country; </li> <li>action taken by a government to censor religious content, communications, or worship activities online;</li> <li>persecution of human rights advocates seeking to defend the rights of members of religious groups or highlight religious freedom violations, including prohibitions on ritual animal slaughter or male infant circumcision; and </li> <li>country-specific analysis of the impact of U.S. actions on religious freedom. </li> </ul> <p>The executive summary of each such report shall include information about a country in which a non-state actor is designated as an entity of particular concern for religious freedom. </p> <p>The bill expresses the sense of Congress that given that the annual Country Reports on Human Rights Practices no longer contain updated information on religious freedom conditions globally, it is important that the Department of State coordinates with the Commission on International Religious Freedom to fulfill IRFA's original intent. </p> <p>(Sec. 103) The Foreign Service Act of 1980 is amended to require the Director of the George P. Shultz National Foreign Affairs Training Center to conduct training on religious freedom for all Foreign Service officers and all outgoing deputy chiefs of mission and ambassadors. The State Department shall submit a plan within 180 days for undertaking such training.</p> <p>Such curriculum and training materials shall be shared with the Armed Forces and other federal agencies with overseas personnel.</p> <p>(Sec. 104) The commission shall make publicly available lists of persons who are imprisoned, detained, disappeared, placed under house arrest, tortured, or subject to forced renunciations of religious faith by the government of a foreign country or by a non-state actor that the commission recommends for designation as a country or entity of particular concern for religious freedom. </p> <p>TITLE II--NATIONAL SECURITY COUNCIL</p> <p>(Sec. 201) The Special Adviser to the President on International Religious Freedom is urged to assist the Ambassador at Large for International Religious Freedom to coordinate executive branch international religious freedom policies and strategies throughout the executive branch and within any interagency policy committee of which the Ambassador at Large is a member. </p> <p>TITLE III--PRESIDENTIAL ACTIONS</p> <p>(Sec. 301) The President: (1) concurrent with the annual review of the status of religious freedom in foreign countries required under the IFRA, shall identify any non-state actors operating in a reviewed country or surrounding region that have engaged in particularly severe violations of religious freedom; (2) shall designate each such non-state actor as an entity of particular concern for religious freedom; (3) shall submit a report detailing the reasons for such designation; and (4) is urged to take specific actions against such non-state actors.</p> <p>The bill expresses the sense of Congress that the State Department should work with Congress to create new political, financial, and diplomatic tools to address severe violations of religious freedom by non-state actors. </p> <p> The President shall, with respect to each non-state actor designated as an entity of particular concern for religious freedom, determine the specific officials or members who are responsible for such violations. </p> <p>(Sec. 302) The deadline for such annual review is changed from September 1 to not later than 90 days after a review is submitted. </p> <p>(Sec. 303) The President's report on action taken in response to violations of religious freedom or on designation of a country as a country of particular concern for religious freedom shall include: (1) an evaluation of the impact on the advancement of U.S. interests in democracy, human rights, and security; and (2) a description of policy tools being applied in the country, including programs that target democratic stability, economic growth, and counter-terrorism.</p> <p>(Sec. 304) The waiver of specified presidential actions subsequent to the designation of a country as a country of particular concern for religious freedom is limited to 180 days. The bill prescribes additional presidential waiver authority after such 180-period.</p> <p>The bill expresses the sense of Congress that: (1) ongoing waivers do not fulfill the purposes of the IRFA; and (2) the President, the State Department, and other executive branch officials should find ways to address existing violations through presidential actions.</p> <p>(Sec. 305) The bill directs the President to publish in the Federal Register: (1) any designation of a non-state actor as an entity of particular concern for religious freedom, and (2) the identities of individuals responsible for severe violations of religious freedom by non-state actors.</p> <p>TITLE IV--PROMOTION OF RELIGIOUS FREEDOM</p> <p>(Sec. 401) The bill expresses the sense of Congress that: (1) the President should request sufficient appropriations to promote international religious freedom, and (2) preference for such assistance should be given to projects targeting religious freedom violations in watch list countries countries and in countries designated as countries of particular concern for religious freedom. </p> <p>TITLE V--DESIGNATED PERSONS LIST FOR PARTICULARLY SEVERE VIOLATIONS OF RELIGIOUS FREEDOM </p> <p>(Sec. 501) The State Department shall establish the Designated Persons List for Particularly Severe Violations of Religious Freedom of foreign individuals who are sanctioned (through visa denials, financial sanctions, or other measures) for ordering or otherwise directing particularly severe violations of freedom religion. The State Department shall submit the initial list within 180 days and provide updates every 180 days. </p> <p>TITLE VI--MISCELLANEOUS PROVISIONS</p> <p>(Sec. 601) The bill express the sense of Congress that U.S. institutions of higher education operating campuses outside the United States or establishing educational entities with foreign governments, particularly with or in countries that engage in or tolerate severe violations of religious freedom, should adopt a voluntary code of operating conduct that should: </p> <ul> <li>uphold the right of freedom of religion of their employees and students; </li> <li>ensure that the religious views and peaceful practice of religion in no way affect the status of a worker's or faculty member's employment or a student's enrollment; and </li> <li>make every effort in all negotiations, contracts, or memoranda of understanding engaged in with a foreign government to protect academic freedom and the rights enshrined in the U.N. Declaration of Human Rights.</li> </ul> <p>The bill expresses the sense of Congress that the President's annual national security strategy report should (1) promote international religious freedom as a foreign policy and national security priority; (2) be a guide for the strategies and activities of relevant federal agencies, and (3) inform the Department of Defense quadrennial defense review and the Department of State Quadrennial Diplomacy and Development Review.</p>]]></summary-text>
</summary>
<summary summary-id="id114hr1150v36" currentChamber="HOUSE" update-date="2017-03-20">
<action-date>2016-05-16</action-date>
<action-desc>Passed House amended</action-desc>
<summary-text><![CDATA[<p><strong>Frank R. Wolf International Religious Freedom Act</strong></p> <p>(Sec. 2) This bill amends the International Religious Freedom Act of 1998 (IRFA) to state in the congressional findings that the freedom of thought and religion is understood to protect theistic and non-theistic beliefs as well as the right not to profess or practice any religion.</p> <p>TITLE I--DEPARTMENT OF STATE ACTIVITIES</p> <p>(Sec. 101) In order to promote religious freedom as a U.S. foreign policy interest, the Ambassador at Large for International Religious Freedom: (1) shall coordinate international religious freedom policies across all U.S. programs and activities, and (2) is urged to participate in any interagency processes in which the promotion of international religious freedom policy can advance U.S. national security interests. </p> <p> The bill expresses the sense of Congress that the Department of State should consider elevating the office of International Religious Freedom and the position of the Ambassador at Large for International Religious Freedom to the Office of the Secretary.</p> <p>(Sec. 102) The deadline for submitting the Annual Report on International Religious Freedom is changed from September 1 to May 1 (or the first day thereafter on which the appropriate House of Congress is in session).</p> <p> Such report shall include information about: </p> <ul> <li> severe violations of religious freedom in a country where a government does not exist or does not control its territory; </li> <li> identification of prisoners in a country; </li> <li>action taken by a government to censor religious content, communications, or worship activities online;</li> <li>persecution of human rights advocates seeking to defend the rights of members of religious groups or highlight religious freedom violations, including prohibitions on ritual animal slaughter or male infant circumcision; and </li> <li>country-specific analysis of the impact of U.S. actions on religious freedom. </li> </ul> <p>The executive summary of each such report shall include: (1) information about a country in which a non-state actor is designated as an entity of particular concern for religious freedom, and (2) a Special Watch List that shall identify each country that engages in or tolerates severe violations of religious freedom but which the President determines does not meet all the criteria for designation as a country of particular concern for religious freedom.</p> <p>The bill expresses the sense of Congress that given that the annual Country Reports on Human Rights Practices no longer contain updated information on religious freedom conditions globally, it is important that the State Department and the Commission on International Religious Freedom work together to fulfill the original intent of the IRFA.</p> <p>(Sec. 103) The Foreign Service Act of 1980 is amended to direct the State Department to develop a curriculum for, and the Director of the George P. Shultz National Foreign Affairs Training Center to begin, mandatory training on religious freedom for all Foreign Service officers. The State Department shall submit a plan within 180 days for undertaking such training.</p> <p>(Sec. 104) The commission shall make publicly available lists of persons who are imprisoned, detained, disappeared, placed under house arrest, tortured, or subject to forced renunciations of religious faith by the government of a foreign country or by a non-state actor that the commission recommends for designation as a country or entity of particular concern for religious freedom. </p> <p>TITLE II--NATIONAL SECURITY COUNCIL</p> <p>(Sec. 201) The National Security Act of 1947 is amended to express the sense of Congress that there should be within the National Security Council staff a Special Adviser to the President on International Religious Freedom with primary responsibility to serve as a religious freedom resource for executive branch officials.</p> <p>TITLE III--PRESIDENTIAL ACTIONS</p> <p>(Sec. 301) The President: (1) concurrent with the annual review of the status of religious freedom in foreign countries required under the IFRA, shall identify any non-state actors operating in a reviewed country or surrounding region that have engaged in particularly severe violations of religious freedom; (2) shall designate each such non-state actor as an entity of particular concern for religious freedom; and (3) shall submit a report detailing the reasons for such designation. </p> <p>The bill expresses the sense of Congress that the State Department should work with Congress to create new political, financial, and diplomatic tools to address severe violations of religious freedom by non-state actors. </p> <p> The President shall, with respect to each non-state actor designated as an entity of particular concern for religious freedom, determine the specific officials or members who are responsible for such violations. </p> <p>(Sec. 302) The deadline for such annual review is changed from September 1 to not later than 90 days after a review is submitted. </p> <p>The President shall designate as a country of particular concern for religious freedom a country that appears on the special watch list in more than two consecutive annual reports. </p> <p>(Sec. 303) The President's report on action taken in response to violations of religious freedom or on designation of a country as a country of particular concern for religious freedom shall include: (1) an evaluation of the impact on the advancement of U.S. interests in democracy, human rights, and security; and (2) a description of policy tools being applied in the country, including programs that target democratic stability, economic growth, and counter-terrorism.</p> <p>(Sec. 304) The waiver of specified presidential actions subsequent to the designation of a country as a country of particular concern for religious freedom is limited to 180 days. The bill prescribes additional presidential waiver authority after such 180-period.</p> <p>The bill expresses the sense of Congress that: (1) ongoing waivers do not fulfill the purposes of the IRFA; and (2) the President, the State Department, and other executive branch officials should find ways to address existing violations through presidential actions.</p> <p>(Sec. 305) The bill directs the President to publish in the Federal Register: (1) any designation of a non-state actor as an entity of particular concern for religious freedom, and (2) the identities of individuals responsible for severe violations of religious freedom by non-state actors.</p> <p>TITLE IV--PROMOTION OF RELIGIOUS FREEDOM</p> <p>(Sec. 401) The bill expresses the sense of Congress that: (1) the State Department should make specified assistance available to promote international religious freedom, and (2) preference for such assistance should be given to projects targeting religious freedom violations in countries designated as countries of particular concern for religious freedom and in countries on the special watch list.</p> <p>TITLE V--DESIGNATED PERSONS LIST FOR PARTICULARLY SEVERE VIOLATIONS OF RELIGIOUS FREEDOM </p> <p>(Sec. 501) The State Department shall establish the Designated Persons List for Particularly Severe Violations of Religious Freedom of foreign individuals who are sanctioned (through visa denials, financial sanctions, or other measures) for ordering or otherwise directing particularly severe violations of freedom religion. The State Department shall submit the initial list within 180 days and provide updates every 180 days. </p> <p>TITLE VI--MISCELLANEOUS PROVISIONS</p> <p>(Sec. 601) The bill express the sense of Congress that U.S. institutions of higher education operating campuses outside the United States or establishing educational entities with foreign governments, particularly with or in countries that engage in or tolerate severe violations of religious freedom, should adopt a voluntary code of operating conduct that should: </p> <ul> <li>uphold the right of freedom of religion of their employees and students; </li> <li>ensure that the religious views and peaceful practice of religion in no way affect the status of a worker's or faculty member's employment or a student's enrollment; and </li> <li>make every effort in all negotiations, contracts, or memoranda of understanding engaged in with a foreign government to protect academic freedom and the rights enshrined in the U.N. Declaration of Human Rights.</li> </ul> <p>The bill expresses the sense of Congress that the President's annual national security strategy report should (1) promote international religious freedom as a foreign policy and national security priority; and (2) be a guide for the strategies and activities of relevant federal agencies, including the Department of Defense quadrennial defense review.</p>]]></summary-text>
</summary>
<summary summary-id="id114hr1150v00" currentChamber="HOUSE" update-date="2015-03-11">
<action-date>2015-02-27</action-date>
<action-desc>Introduced in House</action-desc>
<summary-text><![CDATA[<p><strong>Frank R. Wolf International Religious Freedom Act of 2015</strong></p> <p> Amends the International Religious Freedom Act of 1998 (IRFA) to locate the Office on International Religious Freedom in the Office of the Secretary of State.</p> <p>Directs the Ambassador at Large for International Religious Freedom to seek to coordinate religious freedom policies and religious engagement strategies across all U.S. programs, projects, and activities.</p> <p>Specifies additional foreign government actions violating religious freedom for the Ambassador's Annual Report on International Religious Freedom, including a Special Watch List of countries or violent nonstate actors that have engaged in or tolerated such violations but do not yet meet the criteria for designation as countries of particular concern for religious freedom.</p> <p>Amends the Foreign Service Act of 1980 to direct the Secretary to develop a curriculum for, and the Director of the George P. Shultz National Foreign Affairs Training Center to begin, mandatory training on religious freedom for all Foreign Service officers.</p> <p>Amends IRFA to require the Commission on International Religious Freedom to compile and make publicly available regularly updated lists of persons imprisoned, detained, disappeared, placed under house arrest, tortured, or subject to forced renunciations of faith by: (1) a foreign government recommended for designation as a country of particular concern for religions freedom, or (2) a violent nonstate actor.</p> <p> Extends the Commission's termination date.</p> <p>Amends the National Security Act of 1947 to direct the President to appoint in the National Security Council a Special Adviser for Global Religion Engagement and International Religious Freedom (in lieu of the Special Adviser to the President on International Religious Freedom) who shall assist the Ambassador at Large for International Religious Freedom to coordinate executive branch international religious freedom policies and global religion engagement strategies. </p> <p> Establishes within the National Security Council: (1) the Interagency Policy Committee on Religious Freedom and Engagement; and (2) the Interagency Policy Committee on Religion, International Religious Freedom, and National Security.</p> <p>Amends IRFA to revise requirements, including reporting requirements, for presidential actions with respect to country and violent nonstate actor designations, in particular those countries on the Special Watch List.</p> <p>Declares the sense of Congress that:</p> <ul> <li>ongoing and persistent waivers for designated countries, especially those engaging in particularly severe violations of religious freedom, do not fulfill IRFA purposes; and </li> <li>the President, the Secretary, and other executive branch officials, in consultation with Congress, should seek to find ways to address existing violations, on a country-by-country basis, through specified actions.</li> </ul> <p>Repeals the automatic termination of a presidential designation after two years.</p> <p> States that it should be U.S. policy that violent nonstate actors should be eligible for designation as countries of particular concern and that specified presidential actions should apply to them or individual members of such groups.</p> <p>Makes funds available for FY2016-FY2021 for the Human Rights and Democracy Fund.</p> <p>Establishes in the State Department the Religious Freedom Defense Fund, to be administered by the Ambassador at Large.</p> <p> Authorizes the President to take specified actions against foreign persons: (1) responsible for committing or supporting systemic violations of religious freedom, or (2) supporting violence or terrorist acts targeting members of religious groups. </p> <p>Declares the sense of Congress about: (1) adoption of codes of conduct by U.S. institutions of higher education outside the United States, and (2) national security strategy to promote religious freedom through U.S. foreign policy.</p>]]></summary-text>
</summary>
</item>
<dublinCore xmlns:dc="http://purl.org/dc/elements/1.1/">
<dc:format>text/xml</dc:format>
<dc:language>EN</dc:language>
<dc:rights>Pursuant to Title 17 Section 105 of the United States Code, this file is not subject to copyright protection and is in the public domain.</dc:rights>
<dc:contributor>Congressional Research Service, Library of Congress</dc:contributor>
<dc:description>This file contains bill summaries for federal legislation. A bill summary describes the most significant provisions of a piece of legislation and details the effects the legislative text may have on current law and federal programs. Bill summaries are authored by the Congressional Research Service (CRS) of the Library of Congress. As stated in Public Law 91-510 (2 USC 166 (d)(6)), one of the duties of CRS is "to prepare summaries and digests of bills and resolutions of a public general nature introduced in the Senate or House of Representatives". For more information, refer to the User Guide that accompanies this file.</dc:description>
</dublinCore>
</BillSummaries>
