<?xml version="1.0" encoding="UTF-8"?>
<BillSummaries>
<item congress="114" measure-type="hr" measure-number="339" measure-id="id114hr339" originChamber="HOUSE" orig-publish-date="2015-01-13" update-date="2015-01-30">
<title>American Energy Independence and Price Reduction Act</title>
<summary summary-id="id114hr339v00" currentChamber="HOUSE" update-date="2015-01-30">
<action-date>2015-01-13</action-date>
<action-desc>Introduced in House</action-desc>
<summary-text><![CDATA[<p><b>American Energy Independence and Price Reduction Act</b></p> <p> Directs the Secretary of the Interior to implement a competitive leasing program for the exploration, development, and production of the oil and gas resources on the Coastal Plain of Alaska.</p> <p>Permits lease sales to be conducted through an Internet leasing program if such a system will result in savings to the taxpayer, an increase in the number of bidders participating, and higher returns than oral bidding or a sealed bidding system.</p> <p>Amends the Alaska National Interest Lands Conservation Act of 1980 to repeal the prohibition against leasing or other development leading to production of oil and gas from the Arctic National Wildlife Refuge (ANWR).</p> <p>Deems any oil and gas leasing programs and activities authorized by this Act to be in compliance with ANWR purposes.</p> <p>Authorizes the Secretary to designate up to 45,000 acres of the Coastal Plain as a Special Area, after consultation with the state of Alaska, the city of Kaktovik, and the North Slope Borough.</p> <p>Permits directional drilling in the Special Area.</p> <p>Prescribes procedures governing Coastal Plain lease sales, as well as terms and conditions, including: (1) environmental protection; (2) federal and state distribution of revenues; and (3) rights-of-way.</p> <p>Sets forth: (1) a &quot;no significant adverse effect&quot; standard to govern Coastal Plain activities; and (2) guidelines for expedited judicial review of complaints.</p> <p>Establishes the ANWR Alternative Energy Trust Fund, into which shall be deposited 50% of the amount of bonus, rental, and royalty revenues from Federal oil and gas leasing and operations authorized under this Act.</p>]]></summary-text>
</summary>
</item>
<dublinCore xmlns:dc="http://purl.org/dc/elements/1.1/">
<dc:format>text/xml</dc:format>
<dc:language>EN</dc:language>
<dc:rights>Pursuant to Title 17 Section 105 of the United States Code, this file is not subject to copyright protection and is in the public domain.</dc:rights>
<dc:contributor>Congressional Research Service, Library of Congress</dc:contributor>
<dc:description>This file contains bill summaries for federal legislation. A bill summary describes the most significant provisions of a piece of legislation and details the effects the legislative text may have on current law and federal programs. Bill summaries are authored by the Congressional Research Service (CRS) of the Library of Congress. As stated in Public Law 91-510 (2 USC 166 (d)(6)), one of the duties of CRS is "to prepare summaries and digests of bills and resolutions of a public general nature introduced in the Senate or House of Representatives". For more information, refer to the User Guide that accompanies this file.</dc:description>
</dublinCore>
</BillSummaries>
