<?xml version="1.0" encoding="UTF-8"?>
<BillSummaries>
<item congress="114" measure-type="hr" measure-number="718" measure-id="id114hr718" originChamber="HOUSE" orig-publish-date="2015-02-04" update-date="2015-03-02">
<title>Supporting Community Schools Act of 2015</title>
<summary summary-id="id114hr718v00" currentChamber="HOUSE" update-date="2015-03-02">
<action-date>2015-02-04</action-date>
<action-desc>Introduced in House</action-desc>
<summary-text><![CDATA[<p><strong>Supporting Community Schools Act of 2015</strong></p> <p>Amends part A of title I of the Elementary and Secondary Education Act of 1965 (ESEA) to authorize local educational agencies (LEAs) to use school improvement funds to transform schools identified as needing improvement, corrective action, or restructuring into community schools. (Schools are identified as needing improvement, corrective action, or restructuring when they fail to make adequate yearly progress [AYP] toward state academic performance standards.)</p> <p>Defines a &quot;community school&quot; as a public elementary or secondary school that partners with community-based entities, both public and private, to address students' academic, health, and developmental needs while also serving as a community center that provides or hosts relevant community services.</p> <p>Requires such schools to be based on research into successful practices in: (1) improving student achievement or growth, (2) closing achievement gaps between groups of students, and (3) increasing student attendance and graduation rates.</p> <p>Authorizes LEAs to use funds under part D (Prevention and Intervention Programs for Children and Youth Who Are Neglected, Delinquent, or At-Risk) of title I of the ESEA to fund a community school coordinator who will support their community schools. </p>]]></summary-text>
</summary>
</item>
<dublinCore xmlns:dc="http://purl.org/dc/elements/1.1/">
<dc:format>text/xml</dc:format>
<dc:language>EN</dc:language>
<dc:rights>Pursuant to Title 17 Section 105 of the United States Code, this file is not subject to copyright protection and is in the public domain.</dc:rights>
<dc:contributor>Congressional Research Service, Library of Congress</dc:contributor>
<dc:description>This file contains bill summaries for federal legislation. A bill summary describes the most significant provisions of a piece of legislation and details the effects the legislative text may have on current law and federal programs. Bill summaries are authored by the Congressional Research Service (CRS) of the Library of Congress. As stated in Public Law 91-510 (2 USC 166 (d)(6)), one of the duties of CRS is "to prepare summaries and digests of bills and resolutions of a public general nature introduced in the Senate or House of Representatives". For more information, refer to the User Guide that accompanies this file.</dc:description>
</dublinCore>
</BillSummaries>
