<?xml version="1.0" encoding="UTF-8"?>
<BillSummaries>
<item congress="114" measure-type="hr" measure-number="631" measure-id="id114hr631" originChamber="HOUSE" orig-publish-date="2015-01-30" update-date="2015-03-12">
<title>EACH Act</title>
<summary summary-id="id114hr631v00" currentChamber="HOUSE" update-date="2015-03-12">
<action-date>2015-01-30</action-date>
<action-desc>Introduced in House</action-desc>
<summary-text><![CDATA[<p><strong>Equitable Access to Care and Health Act or the EACH Act</strong></p> <p>This bill amends the Internal Revenue Code to expand the religious conscience exemption under the Patient Protection and Affordable Care Act to exempt individuals who rely solely on a religious method of healing and for whom the acceptance of medical health services would be inconsistent with their religious beliefs from the requirement to purchase and maintain minimum essential health care coverage. </p>]]></summary-text>
</summary>
</item>
<dublinCore xmlns:dc="http://purl.org/dc/elements/1.1/">
<dc:format>text/xml</dc:format>
<dc:language>EN</dc:language>
<dc:rights>Pursuant to Title 17 Section 105 of the United States Code, this file is not subject to copyright protection and is in the public domain.</dc:rights>
<dc:contributor>Congressional Research Service, Library of Congress</dc:contributor>
<dc:description>This file contains bill summaries for federal legislation. A bill summary describes the most significant provisions of a piece of legislation and details the effects the legislative text may have on current law and federal programs. Bill summaries are authored by the Congressional Research Service (CRS) of the Library of Congress. As stated in Public Law 91-510 (2 USC 166 (d)(6)), one of the duties of CRS is "to prepare summaries and digests of bills and resolutions of a public general nature introduced in the Senate or House of Representatives". For more information, refer to the User Guide that accompanies this file.</dc:description>
</dublinCore>
</BillSummaries>
