<?xml version="1.0" encoding="UTF-8"?>
<BillSummaries>
<item congress="114" measure-type="hr" measure-number="574" measure-id="id114hr574" originChamber="HOUSE" orig-publish-date="2015-01-27" update-date="2015-02-04">
<title>Pay Back the Taxpayers Act of 2015</title>
<summary summary-id="id114hr574v00" currentChamber="HOUSE" update-date="2015-02-04">
<action-date>2015-01-27</action-date>
<action-desc>Introduced in House</action-desc>
<summary-text><![CDATA[<p><b>Pay Back the Taxpayers Act of 2015</b></p> <p> Prohibits the Federal National Mortgage Association (Fannie Mae) and the Federal Home Loan Mortgage Corporation (Freddie Mac) (government sponsored enterprises or GSEs), after enactment of this Act and during the term of any conservatorship or receivership, from making any contribution or transfer to, or allocating or setting aside any amounts for, the Housing Trust Fund or the Capital Magnet Fund.</p> <p>Requires any amounts set aside by a GSE, before enactment of this Act, for either Trust Fund but not yet allocated or transferred to it, not to be so allocated or transferred but to be covered into the General Fund of the Treasury and used only for reducing the federal budget deficit. </p> <p>Requires any amounts paid or repaid to the Secretary of the Treasury by a GSE, in any form after enactment, and during any conservatorship or receivership of the GSE, to be covered into the General Fund and for the same purpose only.</p>]]></summary-text>
</summary>
</item>
<dublinCore xmlns:dc="http://purl.org/dc/elements/1.1/">
<dc:format>text/xml</dc:format>
<dc:language>EN</dc:language>
<dc:rights>Pursuant to Title 17 Section 105 of the United States Code, this file is not subject to copyright protection and is in the public domain.</dc:rights>
<dc:contributor>Congressional Research Service, Library of Congress</dc:contributor>
<dc:description>This file contains bill summaries for federal legislation. A bill summary describes the most significant provisions of a piece of legislation and details the effects the legislative text may have on current law and federal programs. Bill summaries are authored by the Congressional Research Service (CRS) of the Library of Congress. As stated in Public Law 91-510 (2 USC 166 (d)(6)), one of the duties of CRS is "to prepare summaries and digests of bills and resolutions of a public general nature introduced in the Senate or House of Representatives". For more information, refer to the User Guide that accompanies this file.</dc:description>
</dublinCore>
</BillSummaries>
