<?xml version="1.0" encoding="UTF-8"?>
<BillSummaries>
<item congress="114" measure-type="hr" measure-number="749" measure-id="id114hr749" originChamber="HOUSE" orig-publish-date="2015-02-05" update-date="2015-05-05">
<title>Passenger Rail Reform and Investment Act of 2015</title>
<summary summary-id="id114hr749v36" currentChamber="HOUSE" update-date="2015-05-05">
<action-date>2015-03-04</action-date>
<action-desc>Passed House amended</action-desc>
<summary-text><![CDATA[<p><b>Passenger Rail Reform and Investment Act of 2015</b></p> TITLE I--AUTHORIZATION OF APPROPRIATIONS <p> (Sec. 101) Authorizes appropriations for FY2016-FY2019 to the Secretary of Transportation for the National Railroad Passenger Corporation (Amtrak) for: </p> <ul> <li> the Northeast Corridor Improvement Fund account,</li> <li>the National Network account,</li> <li>the Office of the Inspector General, and</li> <li>national infrastructure investment capital grants.</li> </ul> <p>TITLE II--AMTRAK REFORM</p> <p>(Sec. 201) Directs Amtrak to establish internal controls to ensure its costs and revenues are allocated to either the Northeast Corridor or the National Network.</p> <p>Directs the Secretary to establish substantive and procedural requirements for Northeast Corridor and National Network investment capital grant requests.</p> <p>Directs Amtrak to establish: </p> <ul> <li>a Northeast Corridor Improvement Fund account for Northeast Corridor capital improvement projects, and </li> <li>a National Network account for capital expenses and operating costs of the National Network.</li> </ul> <p>Requires Amtrak, before entering into contracts exceeding $100 million to purchase rolling stock, to submit to the Secretary and Congress a business case analysis on the utility of such a purchase. </p> <p>Requires the Northeast Corridor Infrastructure and Operations Advisory Commission to:</p> <ul> <li> develop an annual capital investment plan for the Northeast Corridor main line between Boston, Massachusetts, and the District of Columbia, and the Northeast Corridor branch lines connecting to Harrisburg, Pennsylvania, Springfield, Massachusetts, and Spuyten Duyvil, New York; and</li> <li>update, once every 10 years, a Northeast Corridor service development plan.</li> </ul> <p>Requires Amtrak, and states and public entities that own infrastructure supporting or providing intercity rail passenger transportation on the Northeast Corridor, to develop and update asset management plans for the Northeast Corridor main line and the Northeast Corridor branch lines.</p> <p>(Sec. 202) Requires the Amtrak Board of Directors to prepare a five-year capital and operating plan for the Northeast Corridor and National Network.</p> <p>(Sec. 203) Directs the Secretary to establish a State-Supported Route Advisory Committee.</p> <p>Requires Amtrak to transmit to Congress and to each state that sponsors a state-supported route an annual cost, service, and ridership forecast for each route for the upcoming year, including quarterly updates to enable states to pace costs against state budgets, plan effectively, and address unexpected changes in costs in a timely manner. </p> <p>(Sec. 204) Amends the Passenger Rail Investment and Improvement Act of 2008 to revise requirements with respect to methodologies for Amtrak route and service planning decisions. Requires Amtrak, as a condition of receiving a grant, to obtain the services of an independent entity to develop and recommend objective methodologies for Amtrak to use in the planning of intercity rail passenger transportation routes and services.</p> <p>(Sec. 205) Revises alternate passenger rail service pilot program requirements.</p> <p>Requires the Surface Transportation Board, within 120 days after submission of a dispute between Amtrak and a rail carrier (or carriers) awarded the right to provide rail service over a route in which Amtrak is to grant access to its reservation system, stations, and facilities, to issue an order requiring Amtrak to provide such facilities and services to those carriers if certain criteria are met.</p> <p>(Sec. 206) Directs Amtrak to develop a plan to eliminate the operating loss for food and beverage service on board its trains.</p> <p>Bars the use of federal funds, beginning five years after enactment of this Act, to cover any such loss on a route operated either by Amtrak or by an alternative passenger rail service provider in lieu of Amtrak. </p> <p>(Sec. 207) Directs Amtrak to request proposals from private sector persons or entities to utilize Amtrak-owned rights-of-way for telecommunications systems, energy distribution systems, and other appropriate activities. Authorizes Amtrak to enter into an agreement to implement any such proposal or proposals. <p>(Sec. 208) Requires Amtrak to report to Congress on options to enhance development around Amtrak stations. <p>(Sec. 209) Amends the Passenger Rail Investment and Improvement Act of 2008 to extend indefinitely specified authority to restructure long-term Amtrak debt and capital leases. <p>(Sec. 210) Directs Amtrak to:</p> <UL> <LI>develop a pilot program to allow passengers to transport domesticated cats or dogs on certain Amtrak trains, and <LI>collect fees for each cat or dog (except service animals) transported by a ticketed passenger. </LI> </UL> <p>Bars the use of federal funds to implement this program.</p> <p>(Sec. 211) Directs the Amtrak Inspector General to:</p> <UL> <LI>evaluate Amtrak's boarding procedures for passengers, including passengers using or transporting non-motorized transportation such as wheelchairs and bicycles at its 10 stations through which the most people pass; and <LI>make recommendations to improve such procedures. </LI> </UL> <p>TITLE III--INTERCITY PASSENGER RAIL POLICY</p> <p> (Sec. 301) Requires the Northeast Corridor Infrastructure and Operations Advisory Commission to develop, and update, a Northeast Corridor Priority Project List of capital improvement projects along the Northeast Corridor.</p> <p>Directs the Secretary to develop a program to issue competitive grants for listed projects included in the List.</p> <p>Limits grants to up to 50% of net project costs.</p> <p>(Sec. 302) Amends the Railroad Revitalization and Regulatory Reform Act of 1976 to revise Railroad Rehabilitation and Improvement Financing program requirements. Modifies application procedures for direct loans and loan guarantees for railroad improvement projects.</p> <p>Requires the Secretary, in granting applications for such loans and guarantees, to give priority to projects for the installation of a positive train control.</p> <p>(Sec. 303) Directs the Secretary to make direct loans and loan guarantees for capital improvement projects in the Northeast Corridor (NEC Fast Forward Program).</p>  <p>Increases from 15 to 30 days the period for notice and opportunity for public comment before the Secretary waives Buy American requirements for the use of U.S. steel, iron, and manufactured goods in intercity passenger rail service corridor capital projects.</p> <p>(Sec. 304) Prescribes requirements for the award of large capital project grants in excess of $1 billion.</p> <p>(Sec. 305) Directs the Secretary to study the availability and use of small businesses owned and controlled by socially and economically disadvantaged individuals and certain veteran-owned small businesses in Federal Railroad Administration (FRA)-funded intercity rail passenger transportation projects.</p> <p>Requires the use for this study of $3 million of the amounts made available for each of FY2016 and FY2017 to the Office of the Secretary and the FRA.</p><p>(Sec. 306) Directs the FRA to convene a working group to evaluate the restoration of intercity rail passenger service in the Gulf Coast region between New Orleans, Louisiana, and Orlando, Florida.</p> <p>(Sec. 307) Revises the composition of the Next Generation Corridor Equipment Pool Committee to include nonprofit organizations representing employees who perform overhaul and maintenance of passenger railroad equipment.</p> <p>Repeals the authority of Amtrak and states participating in the Committee to establish a corporation, which may be owned or jointly-owned by Amtrak, participating states, or other entities, to enter into agreements for the funding, procurement, remanufacture, ownership, and management of corridor equipment, including equipment currently owned or leased by Amtrak and next-generation corridor equipment acquired as a result of the Committee's actions.</p> <p>(Sec. 308) Directs the Northeast Corridor Infrastructure and Operations Advisory Committee to report to Congress an analysis of the implementation of nonstop, high-speed express passenger rail service in the Northeast Corridor. Requires the Amtrak Board of Directors, within 90 days after submitting the report, to consider implementing such services.</p> <p>TITLE IV--PROJECT DELIVERY</p> <p> (Sec. 401) Directs the Secretary to begin a rulemaking to govern the federal review, permitting, and approval or disapproval of freight railroad and intercity and commuter rail passenger transportation infrastructure projects.</p> <p>(Sec. 402) Directs the Secretary to: (1) pursue program alternatives to promote a consistent approach in the treatment of railroad and rail-related properties for historic preservation review, and (2) develop mechanisms for streamlining compliance with specified requirements.</p> <p>TITLE V--MISCELLANEOUS</p> <p> (Sec. 501) Defines the term "Secretary" to mean the Secretary of Transportation. </p> <p>(Sec. 503) Directs the Secretary to require: </p> <ul> <li>each state (other than the 10 States with the most highway-rail grade crossing collisions over the past three years) to develop, within 18 months after enactment of this Act, a state highway-rail grade crossing action plan; and </li> <li>each of the 10 states with the most collisions to update its plan and report to the Secretary what it did to implement it. </ul> <p>(Sec. 504) Directs the Comptroller General to evaluate the effectiveness of the FRA's rule:</p> <ul> <li>on the use of locomotive horns at rail crossings, and</li> <li>in establishing quiet zones.</li> </ul>]]></summary-text>
</summary>
<summary summary-id="id114hr749v79" currentChamber="HOUSE" update-date="2015-05-05">
<action-date>2015-02-26</action-date>
<action-desc>Reported to House without amendment</action-desc>
<summary-text><![CDATA[<p>(This measure has not been amended since it was introduced. The summary has been expanded because action occurred on the measure.)</p> <p><b>Passenger Rail Reform and Investment Act of 2015</b></p> TITLE I--AUTHORIZATION OF APPROPRIATIONS <p> (Sec. 101) Authorizes appropriations for FY2016-FY2019 to the Secretary of Transportation for the National Railroad Passenger Corporation (Amtrak) for: </p> <ul> <li> the Northeast Corridor Improvement Fund account,</li> <li>the National Network account,</li> <li>the Office of the Inspector General, and</li> <li>national infrastructure investment capital grants.</li> </ul> <p>TITLE II--AMTRAK REFORM</p> <p>(Sec. 201) Directs Amtrak to establish internal controls to ensure its costs and revenues are allocated to either the Northeast Corridor or the National Network.</p> <p>Directs the Secretary to establish substantive and procedural requirements for Northeast Corridor and National Network investment capital grant requests.</p> <p>Directs Amtrak to establish: </p> <ul> <li>a Northeast Corridor Improvement Fund account for Northeast Corridor capital improvement projects, and </li> <li>a National Network account for capital expenses and operating costs of the National Network.</li> </ul> <p>Requires Amtrak, before entering into contracts exceeding $100 million to purchase rolling stock, to submit to the Secretary and Congress a business case analysis on the utility of such a purchase. </p> <p>Requires the Northeast Corridor Infrastructure and Operations Advisory Commission to:</p> <ul> <li> develop an annual capital investment plan for the Northeast Corridor main line between Boston, Massachusetts, and the District of Columbia, and the Northeast Corridor branch lines connecting to Harrisburg, Pennsylvania, Springfield, Massachusetts, and Spuyten Duyvil, New York; and</li> <li>update, once every 10 years, a Northeast Corridor service development plan.</li> </ul> <p>Requires Amtrak, and states and public entities that own infrastructure supporting or providing intercity rail passenger transportation on the Northeast Corridor, to develop and update asset management plans for the Northeast Corridor main line and the Northeast Corridor branch lines.</p> <p>(Sec. 202) Requires the Amtrak Board of Directors to prepare a five-year capital and operating plan for the Northeast Corridor and National Network.</p> <p>(Sec. 203) Directs the Secretary to establish a State-Supported Route Advisory Committee.</p> <p>Requires Amtrak to transmit to Congress and to each state that sponsors a state-supported route an annual cost, service, and ridership forecast for each route for the upcoming year, including quarterly updates to enable states to pace costs against state budgets, plan effectively, and address unexpected changes in costs in a timely manner. </p> <p>(Sec. 204) Amends the Passenger Rail Investment and Improvement Act of 2008 to revise requirements with respect to methodologies for Amtrak route and service planning decisions. Requires Amtrak, as a condition of receiving a grant, to obtain the services of an independent entity to develop and recommend objective methodologies for Amtrak to use in the planning of intercity rail passenger transportation routes and services.</p> <p>(Sec. 205) Revises alternate passenger rail service pilot program requirements.</p> <p>Requires the Surface Transportation Board, within 120 days after submission of a dispute between Amtrak and a rail carrier (or carriers) awarded the right to provide rail service over a route in which Amtrak is to grant access to its reservation system, stations, and facilities, to issue an order requiring Amtrak to provide such facilities and services to those carriers if certain criteria are met.</p> <p>(Sec. 206) Directs Amtrak to develop a plan to eliminate the operating loss for food and beverage service on board its trains.</p> <p>Bars the use of federal funds, beginning five years after enactment of this Act, to cover any such loss on a route operated either by Amtrak or by an alternative passenger rail service provider in lieu of Amtrak. </p> <p>(Sec. 207) Directs Amtrak to request proposals from private sector persons or entities to utilize Amtrak-owned rights-of-way for telecommunications systems, energy distribution systems, and other appropriate activities. Authorizes Amtrak to enter into an agreement to implement any such proposal or proposals. <p>(Sec. 208) Requires Amtrak to report to Congress on options to enhance development around Amtrak stations. <p>(Sec. 209) Amends the Passenger Rail Investment and Improvement Act of 2008 to extend indefinitely specified authority to restructure long-term Amtrak debt and capital leases. <p>(Sec. 210) Directs Amtrak to:</p> <UL> <LI>develop a pilot program to allow passengers to transport domesticated cats or dogs on certain Amtrak trains, and <LI>collect fees for each cat or dog (except service animals) transported by a ticketed passenger. </LI> </UL> <p>Bars the use of federal funds to implement this program. </p> <p>(Sec. 211) Directs the Amtrak Inspector General to:</p> <UL> <LI>evaluate Amtrak's boarding procedures at the 10 stations through which the most people pass, and <LI>make recommendations to improve these procedures. </LI> </UL> <p>TITLE III--INTERCITY PASSENGER RAIL POLICY</p> <p> (Sec. 301) Requires the Northeast Corridor Infrastructure and Operations Advisory Commission to develop, and update, a Northeast Corridor Priority Project List of capital improvement projects along the Northeast Corridor.</p> <p>Directs the Secretary to develop a program to issue competitive grants for listed projects included in the List.</p> <p>Limits grants to up to 50% of net project costs.</p> <p>(Sec. 302) Amends the Railroad Revitalization and Regulatory Reform Act of 1976 to revise Railroad Rehabilitation and Improvement Financing program requirements. Modifies application procedures for direct loans and loan guarantees for railroad improvement projects.</p> <p>Requires the Secretary, in granting applications for such loans and guarantees, to give priority to projects for the installation of a positive train control.</p> <p>(Sec. 303) Directs the Secretary to make direct loans and loan guarantees for capital improvement projects in the Northeast Corridor (NEC Fast Forward Program).</p>  <p>Increases from 15 to 30 days the period for notice and opportunity for public comment before the Secretary waives Buy American requirements for the use of U.S. steel, iron, and manufactured goods in intercity passenger rail service corridor capital projects.</p> <p>(Sec. 304) Prescribes requirements for the award of large capital project grants in excess of $1 billion.</p> <p>(Sec. 305) Directs the Secretary to study the availability and use of small businesses owned and controlled by socially and economically disadvantaged individuals in Federal Railroad Administration (FRA)-funded intercity rail passenger transportation projects.</p> <p>Requires the use for this study of $3 million of the amounts made available for each of FY2016 and FY2017 to the Office of the Secretary and the FRA.</p> <p>(Sec. 306) Directs the FRA to convene a working group to evaluate the restoration of intercity rail passenger service in the Gulf Coast region between New Orleans, Louisiana, and Orlando, Florida.</p> <p>(Sec. 307) Revises the composition of the Next Generation Corridor Equipment Pool Committee to include nonprofit organizations representing employees who perform overhaul and maintenance of passenger railroad equipment.</p> <p>Repeals the authority of Amtrak and states participating in the Committee to establish a corporation, which may be owned or jointly-owned by Amtrak, participating states, or other entities, to enter into agreements for the funding, procurement, remanufacture, ownership, and management of corridor equipment, including equipment currently owned or leased by Amtrak and next-generation corridor equipment acquired as a result of the Committee's actions.</p> <p>TITLE IV--PROJECT DELIVERY</p> <p> (Sec. 401) Directs the Secretary to begin a rulemaking to govern the federal review, permitting, and approval or disapproval of freight railroad and intercity and commuter rail passenger transportation infrastructure projects.</p> <p>(Sec. 402) Directs the Secretary to: (1) pursue program alternatives to promote a consistent approach in the treatment of railroad and rail-related properties for historic preservation review, and (2) develop mechanisms for streamlining compliance with specified requirements.</p> <p>TITLE V--MISCELLANEOUS</p> <p> (Sec. 501) Defines the term "Secretary" to mean the Secretary of Transportation. </p>]]></summary-text>
</summary>
<summary summary-id="id114hr749v00" currentChamber="HOUSE" update-date="2015-05-05">
<action-date>2015-02-05</action-date>
<action-desc>Introduced in House</action-desc>
<summary-text><![CDATA[<p><b>Passenger Rail Reform and Investment Act of 2015</b></p> <p> Authorizes appropriations for FY2016-FY2019 to the Secretary of Transportation for the National Railroad Passenger Corporation (Amtrak) for: </p> <ul> <li> the Northeast Corridor Improvement Fund account,</li> <li>the National Network account,</li> <li>the Office of the Inspector General, and</li> <li>national infrastructure investment capital grants.</li> </ul> <p>Directs Amtrak to establish internal controls to ensure its costs and revenues are allocated to either the Northeast Corridor or the National Network.</p> <p>Directs the Secretary to establish substantive and procedural requirements for Northeast Corridor and National Network investment capital grant requests.</p> <p>Directs Amtrak to establish: </p> <ul> <li>a Northeast Corridor Improvement Fund account for Northeast Corridor capital improvement projects, and </li> <li>a National Network account for capital expenses and operating costs of the National Network.</li> </ul> <p>Requires the Northeast Corridor Infrastructure and Operations Advisory Commission to:</p> <ul> <li> develop an annual capital investment plan for the Northeast Corridor main line between Boston, Massachusetts, and the District of Columbia, and the Northeast Corridor branch lines connecting to Harrisburg, Pennsylvania, Springfield, Massachusetts, and Spuyten Duyvil, New York; and</li> <li>update, once every 10 years, a Northeast Corridor service development plan.</li> </ul> <p>Requires Amtrak, and states and public entities that own infrastructure supporting or providing intercity rail passenger transportation on the Northeast Corridor, to develop and update asset management plans for the Northeast Corridor main line and the Northeast Corridor branch lines.</p> <p>Requires the Amtrak Board of Directors to prepare a five-year capital and operating plan for the Northeast Corridor and National Network.</p> <p>Directs the Secretary to establish a State-Supported Route Advisory Committee.</p> <p>Amends the Passenger Rail Investment and Improvement Act of 2008 to revise requirements with respect to methodologies for Amtrak route and service planning decisions. Requires Amtrak, as a condition of receiving a grant, to obtain the services of an independent entity to develop and recommend objective methodologies for Amtrak to use in the planning of intercity rail passenger transportation routes and services.</p> <p>Revises alternate passenger rail service pilot program requirements.</p> <p>Requires the Surface Transportation Board, within 120 days after submission of a dispute between Amtrak and a rail carrier (or carriers) awarded the right to provide rail service over a route in which Amtrak is to grant access to its reservation system, stations, and facilities, to issue an order requiring Amtrak to provide such facilities and services to those carriers if certain criteria are met.</p> <p>Directs Amtrak to develop a plan to eliminate the operating loss for food and beverage service on board its trains.</p> <p>Directs Amtrak to request proposals from private sector persons or entities to utilize Amtrak-owned rights-of-way for telecommunications systems, energy distribution systems, and other appropriate activities. Authorizes Amtrak to enter into an agreement to implement any such proposal or proposals. <p>Requires Amtrak to report to Congress on options to enhance development around Amtrak stations. <p>Amends the Passenger Rail Investment and Improvement Act of 2008 to extend indefinitely specified authority to restructure long-term Amtrak debt and capital leases. <p>Directs Amtrak to develop a pilot program to allow passengers to transport domesticated cats or dogs on certain Amtrak trains.</p> <p>Directs the Amtrak Inspector General to evaluate Amtrak's boarding procedures at the 10 stations through which the most people pass.</p> <p>Directs the Secretary to develop a program to issue competitive grants for capital improvement projects included in the Northeast Corridor Priority Project List.</p> <p>Amends the Railroad Revitalization and Regulatory Reform Act of 1976 to revise Railroad Rehabilitation and Improvement Financing program requirements. Modifies application procedures for direct loans and loan guarantees for railroad improvement projects.</p> <p>Requires the Secretary, in granting applications for such loans and guarantees, to give priority to projects for the installation of a positive train control.</p> <p>Directs the Secretary to make direct loans and loan guarantees for capital improvement projects in the Northeast Corridor (NEC Fast Forward Program).</p> <p>Prescribes requirements for the award of grants in excess of $1 billion.</p> <p>Directs the Secretary to study the availability and use of small businesses owned and controlled by socially and economically disadvantaged individuals in Federal Railroad Administration (FRA)-funded intercity rail passenger transportation projects.</p> <p>Directs the FRA to convene a working group to evaluate the restoration of intercity rail passenger service in the Gulf Coast region between New Orleans, Louisiana, and Orlando, Florida.</p> <p>Directs the Secretary to begin a rulemaking to govern the federal review, permitting, and approval or disapproval of freight railroad and intercity and commuter rail passenger transportation infrastructure projects.</p> <p>Directs the Secretary to: (1) pursue program alternatives to promote a consistent approach in the treatment of railroad and rail-related properties for historic preservation review, and (2) develop mechanisms for streamlining compliance with specified requirements.</p> <ul> </ul>]]></summary-text>
</summary>
</item>
<dublinCore xmlns:dc="http://purl.org/dc/elements/1.1/">
<dc:format>text/xml</dc:format>
<dc:language>EN</dc:language>
<dc:rights>Pursuant to Title 17 Section 105 of the United States Code, this file is not subject to copyright protection and is in the public domain.</dc:rights>
<dc:contributor>Congressional Research Service, Library of Congress</dc:contributor>
<dc:description>This file contains bill summaries for federal legislation. A bill summary describes the most significant provisions of a piece of legislation and details the effects the legislative text may have on current law and federal programs. Bill summaries are authored by the Congressional Research Service (CRS) of the Library of Congress. As stated in Public Law 91-510 (2 USC 166 (d)(6)), one of the duties of CRS is "to prepare summaries and digests of bills and resolutions of a public general nature introduced in the Senate or House of Representatives". For more information, refer to the User Guide that accompanies this file.</dc:description>
</dublinCore>
</BillSummaries>
