<?xml version="1.0" encoding="UTF-8"?>
<BillSummaries>
<item congress="114" measure-type="hr" measure-number="350" measure-id="id114hr350" originChamber="HOUSE" orig-publish-date="2015-01-14" update-date="2015-01-28">
<title>Human Trafficking Prevention, Intervention, and Recovery Act of 2015</title>
<summary summary-id="id114hr350v81" currentChamber="HOUSE" update-date="2015-01-28">
<action-date>2015-01-27</action-date>
<action-desc>Passed House without amendment</action-desc>
<summary-text><![CDATA[<p>(This measure has not been amended since it was introduced. The summary of that version is repeated here.)</p> <p><b>Human Trafficking Prevention, Intervention, and Recovery Act of 2015</b></p> <p>Requires the Interagency Task Force to Monitor and Combat Trafficking to conduct a review that: (1) surveys federal and state activities to deter individuals from committing trafficking offenses and to prevent children from becoming trafficking victims; (2) surveys academic literature on deterring individuals from committing trafficking offenses, preventing children from becoming trafficking victims, and the commercial sexual exploitation of children; and (3) identifies best practices and strategies to deter such actions. </p> <p>Requires the Government Accountability Office (GAO) to report to Congress regarding: (1) federal and state law enforcement efforts to combat human trafficking in the United States, and (2) information on each relevant federal grant program. </p> <p>Amends the Trafficking Victims Protection Act of 2000 to authorize grants for programs that provide housing assistance to victims of trafficking.</p>]]></summary-text>
</summary>
<summary summary-id="id114hr350v00" currentChamber="HOUSE" update-date="2015-01-20">
<action-date>2015-01-14</action-date>
<action-desc>Introduced in House</action-desc>
<summary-text><![CDATA[<p><b>Human Trafficking Prevention, Intervention, and Recovery Act of 2015</b></p> <p>Requires the Interagency Task Force to Monitor and Combat Trafficking to conduct a review that: (1) surveys federal and state activities to deter individuals from committing trafficking offenses and to prevent children from becoming trafficking victims; (2) surveys academic literature on deterring individuals from committing trafficking offenses, preventing children from becoming trafficking victims, and the commercial sexual exploitation of children; and (3) identifies best practices and strategies to deter such actions. </p> <p>Requires the Government Accountability Office (GAO) to report to Congress regarding: (1) federal and state law enforcement efforts to combat human trafficking in the United States, and (2) information on each relevant federal grant program. </p> <p>Amends the Trafficking Victims Protection Act of 2000 to authorize grants for programs that provide housing assistance to victims of trafficking.</p>]]></summary-text>
</summary>
</item>
<dublinCore xmlns:dc="http://purl.org/dc/elements/1.1/">
<dc:format>text/xml</dc:format>
<dc:language>EN</dc:language>
<dc:rights>Pursuant to Title 17 Section 105 of the United States Code, this file is not subject to copyright protection and is in the public domain.</dc:rights>
<dc:contributor>Congressional Research Service, Library of Congress</dc:contributor>
<dc:description>This file contains bill summaries for federal legislation. A bill summary describes the most significant provisions of a piece of legislation and details the effects the legislative text may have on current law and federal programs. Bill summaries are authored by the Congressional Research Service (CRS) of the Library of Congress. As stated in Public Law 91-510 (2 USC 166 (d)(6)), one of the duties of CRS is "to prepare summaries and digests of bills and resolutions of a public general nature introduced in the Senate or House of Representatives". For more information, refer to the User Guide that accompanies this file.</dc:description>
</dublinCore>
</BillSummaries>
