<?xml version="1.0" encoding="UTF-8"?>
<BillSummaries>
<item congress="114" measure-type="hr" measure-number="500" measure-id="id114hr500" originChamber="HOUSE" orig-publish-date="2015-01-22" update-date="2015-01-30">
<title>Survivors of Human Trafficking Empowerment Act</title>
<summary summary-id="id114hr500v00" currentChamber="HOUSE" update-date="2015-01-30">
<action-date>2015-01-22</action-date>
<action-desc>Introduced in House</action-desc>
<summary-text><![CDATA[<p><strong>Survivors of Human Trafficking Empowerment Act</strong></p> <p> Establishes the United States Advisory Council on Human Trafficking, which shall provide advice and recommendations to the Senior Policy Operating Group and the President's Task Force to Monitor and Combat Trafficking in Persons.</p> <p>Directs the Council to: (1) meet at least annually to review federal government policy and programs intended to combat human trafficking, (2) formulate assessments and recommendations to ensure that U.S. policy and programming efforts conform to best practices in the field of human trafficking prevention, and (3) meet with the Group at least annually to present the Council's findings and recommendations.</p>]]></summary-text>
</summary>
</item>
<dublinCore xmlns:dc="http://purl.org/dc/elements/1.1/">
<dc:format>text/xml</dc:format>
<dc:language>EN</dc:language>
<dc:rights>Pursuant to Title 17 Section 105 of the United States Code, this file is not subject to copyright protection and is in the public domain.</dc:rights>
<dc:contributor>Congressional Research Service, Library of Congress</dc:contributor>
<dc:description>This file contains bill summaries for federal legislation. A bill summary describes the most significant provisions of a piece of legislation and details the effects the legislative text may have on current law and federal programs. Bill summaries are authored by the Congressional Research Service (CRS) of the Library of Congress. As stated in Public Law 91-510 (2 USC 166 (d)(6)), one of the duties of CRS is "to prepare summaries and digests of bills and resolutions of a public general nature introduced in the Senate or House of Representatives". For more information, refer to the User Guide that accompanies this file.</dc:description>
</dublinCore>
</BillSummaries>
