<?xml version="1.0" encoding="UTF-8"?>
<BillSummaries>
<item congress="114" measure-type="hr" measure-number="1213" measure-id="id114hr1213" originChamber="HOUSE" orig-publish-date="2015-03-03" update-date="2015-03-23">
<title>Office of Compliance Administrative and Technical Corrections Act of 2015</title>
<summary summary-id="id114hr1213v49" currentChamber="BOTH" update-date="2015-03-23">
<action-date>2015-03-20</action-date>
<action-desc>Public Law</action-desc>
<summary-text><![CDATA[<p>(This measure has not been amended since it was introduced. The expanded summary of the House passed version is repeated here.)</p> <p><b>Office of Compliance Administrative and Technical Corrections Act of 2015</b></p> <p>(Sec. 2) This bill amends the Congressional Accountability Act of 1995 (CAA) to revise its procedures for mediation and hearings.</p> <p>The Executive Director of the Office of Compliance is required to:</p> <ul> <li> develop a master list of individuals experienced in adjudicating, arbitrating, or mediating the kinds of personnel and other matters for which mediation may be held, including, but not limited to, members of a state or District of Columbia bar and retired judges of U.S. courts; and</li> <li>appoint individuals (mediators) from this list. Currently, mediators are appointed after the Executive Director considers recommendations by certain organizations.</li> </ul> <p>Between 30 to 90 days after the end of the mediation period, a CAA-covered legislative branch employee must elect either to file a complaint with the Office or to file a civil action in the proper U.S. district court.</p> <p>The Executive Director must also notify all persons participating in a mediation, hearing, or deliberation of the confidentiality requirements and of the sanctions applicable to any person who violates them.</p> <p>(Sec. 3) Any individual serving as a member of the Board of Directors of the Office as of February 28, 2015, may be appointed to serve for one additional two-year term.</p>]]></summary-text>
</summary>
<summary summary-id="id114hr1213v82" currentChamber="SENATE" update-date="2015-03-13">
<action-date>2015-03-09</action-date>
<action-desc>Passed Senate without amendment</action-desc>
<summary-text><![CDATA[<p>(This measure has not been amended since it was introduced. The expanded summary of the House passed version is repeated here.)</p> <p><b>Office of Compliance Administrative and Technical Corrections Act of 2015</b></p> <p>(Sec. 2) This bill amends the Congressional Accountability Act of 1995 (CAA) to revise its procedures for mediation and hearings.</p> <p>The Executive Director of the Office of Compliance is required to:</p> <ul> <li> develop a master list of individuals experienced in adjudicating, arbitrating, or mediating the kinds of personnel and other matters for which mediation may be held, including, but not limited to, members of a state or District of Columbia bar and retired judges of U.S. courts; and</li> <li>appoint individuals (mediators) from this list. Currently, mediators are appointed after the Executive Director considers recommendations by certain organizations.</li> </ul> <p>Between 30 to 90 days after the end of the mediation period, a CAA-covered legislative branch employee must elect either to file a complaint with the Office or to file a civil action in the proper U.S. district court.</p> <p>The Executive Director must also notify all persons participating in a mediation, hearing, or deliberation of the confidentiality requirements and of the sanctions applicable to any person who violates them.</p> <p>(Sec. 3) Any individual serving as a member of the Board of Directors of the Office as of February 28, 2015, may be appointed to serve for one additional two-year term.</p>]]></summary-text>
</summary>
<summary summary-id="id114hr1213v81" currentChamber="HOUSE" update-date="2015-03-12">
<action-date>2015-03-04</action-date>
<action-desc>Passed House without amendment</action-desc>
<summary-text><![CDATA[<p>(This measure has not been amended since it was introduced. The summary has been expanded because action occurred on the measure.)</p> <p><b>Office of Compliance Administrative and Technical Corrections Act of 2015</b></p> <p>(Sec. 2) This bill amends the Congressional Accountability Act of 1995 (CAA) to revise its procedures for mediation and hearings.</p> <p>The Executive Director of the Office of Compliance is required to:</p> <ul> <li> develop a master list of individuals experienced in adjudicating, arbitrating, or mediating the kinds of personnel and other matters for which mediation may be held, including, but not limited to, members of a state or District of Columbia bar and retired judges of U.S. courts; and</li> <li>appoint individuals (mediators) from this list. Currently, mediators are appointed after the Executive Director considers recommendations by certain organizations.</li> </ul> <p>Between 30 to 90 days after the end of the mediation period, a CAA-covered legislative branch employee must elect either to file a complaint with the Office or to file a civil action in the proper U.S. district court.</p> <p>The Executive Director must also notify all persons participating in a mediation, hearing, or deliberation of the confidentiality requirements and of the sanctions applicable to any person who violates them.</p> <p>(Sec. 3) Any individual serving as a member of the Board of Directors of the Office as of February 28, 2015, may be appointed to serve for one additional two-year term.</p>]]></summary-text>
</summary>
<summary summary-id="id114hr1213v00" currentChamber="HOUSE" update-date="2015-03-12">
<action-date>2015-03-03</action-date>
<action-desc>Introduced in House</action-desc>
<summary-text><![CDATA[<p><b>Office of Compliance Administrative and Technical Corrections Act of 2015</b></p> <p>This bill amends the Congressional Accountability Act of 1995 (CAA) to revise its procedures for mediation and hearings.</p> <p>The Executive Director of the Office of Compliance is required to:</p> <ul> <li> develop a master list of individuals experienced in adjudicating, arbitrating, or mediating the kinds of personnel and other matters for which mediation may be held, including, but not limited to, members of a state or District of Columbia bar and retired judges of U.S. courts; and</li> <li>appoint individuals (mediators) from this list. Currently, mediators are appointed after the Executive Director considers recommendations by certain organizations.</li> </ul> <p>Between 30 to 90 days after the end of the mediation period, a CAA-covered legislative branch employee must elect either to file a complaint with the Office or to file a civil action in the proper U.S. district court.</p> <p>The Executive Director must also notify all persons participating in a mediation, hearing, or deliberation of the confidentiality requirements and of the sanctions applicable to any person who violates them.</p> <p>Any individual serving as a member of the Board of Directors of the Office as of February 28, 2015, may be appointed to serve for one additional two-year term.</p>]]></summary-text>
</summary>
</item>
<dublinCore xmlns:dc="http://purl.org/dc/elements/1.1/">
<dc:format>text/xml</dc:format>
<dc:language>EN</dc:language>
<dc:rights>Pursuant to Title 17 Section 105 of the United States Code, this file is not subject to copyright protection and is in the public domain.</dc:rights>
<dc:contributor>Congressional Research Service, Library of Congress</dc:contributor>
<dc:description>This file contains bill summaries for federal legislation. A bill summary describes the most significant provisions of a piece of legislation and details the effects the legislative text may have on current law and federal programs. Bill summaries are authored by the Congressional Research Service (CRS) of the Library of Congress. As stated in Public Law 91-510 (2 USC 166 (d)(6)), one of the duties of CRS is "to prepare summaries and digests of bills and resolutions of a public general nature introduced in the Senate or House of Representatives". For more information, refer to the User Guide that accompanies this file.</dc:description>
</dublinCore>
</BillSummaries>
