<?xml version="1.0" encoding="UTF-8"?>
<BillSummaries>
<item congress="114" measure-type="hr" measure-number="550" measure-id="id114hr550" originChamber="HOUSE" orig-publish-date="2015-01-27" update-date="2015-02-10">
<title>EEOC Transparency and Accountability Act</title>
<summary summary-id="id114hr550v00" currentChamber="HOUSE" update-date="2015-02-10">
<action-date>2015-01-27</action-date>
<action-desc>Introduced in House</action-desc>
<summary-text><![CDATA[<p><b>EEOC Transparency and Accountability Act</b></p> <p>Directs the Equal Employment Opportunity Commission (EEOC) to provide information on its public website regarding each case brought in court by the EEOC after a judgment is made with respect to any cause of action.</p> <p>Requires such information to include: (1) instances in which the EEOC was ordered to pay fees and costs; (2) cases in which a sanction was imposed on the EEOC; (3) the total number of charges of an alleged unlawful employment practice filed under specified provisions of the Civil Rights Act of 1964, the Americans with Disabilities Act of 1990, the Age Discrimination in Employment Act of 1967, and the Fair Labor Standards Act of 1938; and (4) cases of systemic discrimination, including pattern or practice discrimination.</p> <p>Amends the Civil Rights Act of 1964 to prohibit the EEOC from bringing a suit unless it exhausts its obligation to engage in an informal conciliation and certifies that conciliation is at impasse.</p> <p>Makes the determination as to whether the EEOC has engaged in a bona fide conciliation subject to judicial review.</p> <p>Directs the EEOC Inspector General to notify Congress of any sanctions, fees, or costs imposed on the EEOC by a court. Requires the Inspector General to investigate such cases and the EEOC to report to Congress regarding the steps being taken to reduce such instances. </p>]]></summary-text>
</summary>
</item>
<dublinCore xmlns:dc="http://purl.org/dc/elements/1.1/">
<dc:format>text/xml</dc:format>
<dc:language>EN</dc:language>
<dc:rights>Pursuant to Title 17 Section 105 of the United States Code, this file is not subject to copyright protection and is in the public domain.</dc:rights>
<dc:contributor>Congressional Research Service, Library of Congress</dc:contributor>
<dc:description>This file contains bill summaries for federal legislation. A bill summary describes the most significant provisions of a piece of legislation and details the effects the legislative text may have on current law and federal programs. Bill summaries are authored by the Congressional Research Service (CRS) of the Library of Congress. As stated in Public Law 91-510 (2 USC 166 (d)(6)), one of the duties of CRS is "to prepare summaries and digests of bills and resolutions of a public general nature introduced in the Senate or House of Representatives". For more information, refer to the User Guide that accompanies this file.</dc:description>
</dublinCore>
</BillSummaries>
