<?xml version="1.0" encoding="UTF-8"?>
<BillSummaries>
<item congress="114" measure-type="hr" measure-number="964" measure-id="id114hr964" originChamber="HOUSE" orig-publish-date="2015-02-13" update-date="2015-03-12">
<title>Working Parent Support Act of 2015</title>
<summary summary-id="id114hr964v00" currentChamber="HOUSE" update-date="2015-03-12">
<action-date>2015-02-13</action-date>
<action-desc>Introduced in House</action-desc>
<summary-text><![CDATA[<p><strong>Working Parent Support Act of 2015</strong></p> <p>Amends the Internal Revenue Code to allow taxpayers who do not otherwise itemize their tax deductions&nbsp;a&nbsp;deduction from gross income&nbsp;(above-the-line deduction)&nbsp;for their&nbsp;employment-related expenses incurred in caring for a child under the age of 13 or a child who is physicaly or mentaly incapable of self care (qualifying child). Limits the dollar amount of such deduction in a taxable year&nbsp;to $7,000 for taxpayers with one qualifying child or $14,000 for taxpayers with two or more qualifying children. Allows an annual inflation adjustment to such amounts for taxable years beginning after 2015. </p>]]></summary-text>
</summary>
</item>
<dublinCore xmlns:dc="http://purl.org/dc/elements/1.1/">
<dc:format>text/xml</dc:format>
<dc:language>EN</dc:language>
<dc:rights>Pursuant to Title 17 Section 105 of the United States Code, this file is not subject to copyright protection and is in the public domain.</dc:rights>
<dc:contributor>Congressional Research Service, Library of Congress</dc:contributor>
<dc:description>This file contains bill summaries for federal legislation. A bill summary describes the most significant provisions of a piece of legislation and details the effects the legislative text may have on current law and federal programs. Bill summaries are authored by the Congressional Research Service (CRS) of the Library of Congress. As stated in Public Law 91-510 (2 USC 166 (d)(6)), one of the duties of CRS is "to prepare summaries and digests of bills and resolutions of a public general nature introduced in the Senate or House of Representatives". For more information, refer to the User Guide that accompanies this file.</dc:description>
</dublinCore>
</BillSummaries>
