<?xml version="1.0" encoding="UTF-8"?>
<BillSummaries>
<item congress="114" measure-type="hr" measure-number="549" measure-id="id114hr549" originChamber="HOUSE" orig-publish-date="2015-01-27" update-date="2015-02-10">
<title>Litigation Oversight Act of 2015</title>
<summary summary-id="id114hr549v00" currentChamber="HOUSE" update-date="2015-02-10">
<action-date>2015-01-27</action-date>
<action-desc>Introduced in House</action-desc>
<summary-text><![CDATA[<p><strong>Litigation Oversight Act of 2015</strong></p> <p>Amends the Civil Rights Act of 1964 to require the Equal Employment Opportunity Commission (EEOC) to approve or disapprove by majority vote whether the EEOC shall commence or intervene in litigation involving: (1) multiple plaintiffs, or (2) an allegation of systemic discrimination or a pattern or practice of discrimination. Provides EEOC members with the power to require the EEOC to approve or disapprove by majority vote whether the EEOC commences or intervenes in any litigation.</p> <p>Requires the EEOC, within 30 days after commencing or intervening in litigation pursuant to such an approval, to post on its public website: (1) information regarding the case, including the allegations and causes of action; and (2) each Commissioner's vote on commencing or intervening in the litigation. </p>]]></summary-text>
</summary>
</item>
<dublinCore xmlns:dc="http://purl.org/dc/elements/1.1/">
<dc:format>text/xml</dc:format>
<dc:language>EN</dc:language>
<dc:rights>Pursuant to Title 17 Section 105 of the United States Code, this file is not subject to copyright protection and is in the public domain.</dc:rights>
<dc:contributor>Congressional Research Service, Library of Congress</dc:contributor>
<dc:description>This file contains bill summaries for federal legislation. A bill summary describes the most significant provisions of a piece of legislation and details the effects the legislative text may have on current law and federal programs. Bill summaries are authored by the Congressional Research Service (CRS) of the Library of Congress. As stated in Public Law 91-510 (2 USC 166 (d)(6)), one of the duties of CRS is "to prepare summaries and digests of bills and resolutions of a public general nature introduced in the Senate or House of Representatives". For more information, refer to the User Guide that accompanies this file.</dc:description>
</dublinCore>
</BillSummaries>
