<?xml version="1.0" encoding="UTF-8"?>
<BillSummaries>
<item congress="114" measure-type="hr" measure-number="702" measure-id="id114hr702" originChamber="HOUSE" orig-publish-date="2015-02-04" update-date="2015-11-05">
<title>To adapt to changing crude oil market conditions.</title>
<summary summary-id="id114hr702v36" currentChamber="HOUSE" update-date="2015-11-05">
<action-date>2015-10-09</action-date>
<action-desc>Passed House amended</action-desc>
<summary-text><![CDATA[<p>(Sec. 3) Amends the Energy Policy and Conservation Act to repeal authority to restrict the export of: (1) coal, petroleum products, natural gas, or petrochemical feedstocks; and (2) supplies of materials or equipment necessary to maintain or further exploration, production, refining, or transportation of energy supplies, or for the construction or maintenance of energy facilities within the United States.</p> <p>Prohibits any federal official from imposing or enforcing any restriction on the export of crude oil. </p> <p>(Sec. 4) Directs the Department of Energy (DOE) to study: (1) the appropriate size, composition, and purpose of the Strategic Petroleum Reserve; and (2) the net greenhouse gas emissions that will result from the repeal of the crude oil export ban. </p> <p>Directs the Department of Commerce to study the state and national implications of lifting the crude oil export ban with respect to consumers and the economy, including energy prices and employment. <p>(Sec. 5) Declares that this Act does not limit the authority of the President to prohibit exports under either the Constitution, the International Emergency Economic Powers Act, the National Emergencies Act, the Energy Policy and Conservation Act, Trading with the Enemy Act, or any other law that imposes sanctions on a foreign person or foreign government (or prohibits or restricts U.S. persons from engaging in a transaction with a sanctioned person or government), including a foreign government designated as a state sponsor of terrorism.</p> <p>(Sec. 6) Increases for FY2017-FY2021 both the authorization of appropriations and payments to contractors for each vessel in the Maritime Security Fleet covered by an operating agreement.</p> <p>(Sec. 7) Directs DOE to: (1) continue to develop and broaden partnerships with minority serving institutions, including Hispanic Serving Institutions and Historically Black Colleges and Universities in the areas of oil and gas exploration, production, midstream, and refining; and (2) encourage public-private partnerships between the energy sector and those institutions.</p> <p>(Sec. 8) Requires both DOE and the Commerce to report jointly to Congress regarding: </p> <ul> <li> the impact of lifting the oil export ban under this Act as it relates to promoting U.S. energy and national security; and </li> <li> how lifting the ban will help create opportunities for veterans and women in the United States, while promoting energy and national security.</li> </ul> <p>(Sec. 10) Declares that nothing in this Act shall be construed as authorizing the export of crude oil, refined petroleum products, and petrochemical products by any entity or person subject to U.S. jurisdiction to any entity or person located in, subject to the jurisdiction of, or sponsored by the Islamic Republic of Iran.</p>]]></summary-text>
</summary>
<summary summary-id="id114hr702v18" currentChamber="HOUSE" update-date="2015-09-28">
<action-date>2015-09-25</action-date>
<action-desc>Reported to House amended, Part I</action-desc>
<summary-text><![CDATA[<p>(Sec. 3) Amends the Energy Policy and Conservation Act to repeal authority to restrict the export of: (1) coal, petroleum products, natural gas, or petrochemical feedstocks; and (2) supplies of materials or equipment necessary to maintain or further exploration, production, refining, or transportation of energy supplies, or for the construction or maintenance of energy facilities within the United States.</p> <p>Prohibits any federal official from imposing or enforcing any restriction on the export of crude oil. </p> <p>(Sec. 4) Directs the Department of Energy to study and make recommendations on the appropriate size, composition, and purpose of the Strategic Petroleum Reserve. </p> <p>(Sec. 5) Declares that this Act does not limit the authority of the President under either the Constitution, the International Emergency Economic Powers Act, the National Emergencies Act, or the Energy Policy and Conservation Act to prohibit exports.</p>]]></summary-text>
</summary>
<summary summary-id="id114hr702v00" currentChamber="HOUSE" update-date="2015-02-11">
<action-date>2015-02-04</action-date>
<action-desc>Introduced in House</action-desc>
<summary-text><![CDATA[<p>Amends the Energy Policy and Conservation Act to repeal authority to restrict the export of: (1) coal, petroleum products, natural gas, or petrochemical feedstocks; and (2) supplies of materials or equipment necessary to maintain or further exploration, production, refining, or transportation of energy supplies, or for the construction or maintenance of energy facilities within the United States.</p> <p>Prohibits any federal official from imposing or enforcing any restriction on the export of crude oil. </p> <p>Requires the Secretary of Energy to study and make recommendations on the appropriate size, composition, and purpose of the Strategic Petroleum Reserve. </p>]]></summary-text>
</summary>
</item>
<dublinCore xmlns:dc="http://purl.org/dc/elements/1.1/">
<dc:format>text/xml</dc:format>
<dc:language>EN</dc:language>
<dc:rights>Pursuant to Title 17 Section 105 of the United States Code, this file is not subject to copyright protection and is in the public domain.</dc:rights>
<dc:contributor>Congressional Research Service, Library of Congress</dc:contributor>
<dc:description>This file contains bill summaries for federal legislation. A bill summary describes the most significant provisions of a piece of legislation and details the effects the legislative text may have on current law and federal programs. Bill summaries are authored by the Congressional Research Service (CRS) of the Library of Congress. As stated in Public Law 91-510 (2 USC 166 (d)(6)), one of the duties of CRS is "to prepare summaries and digests of bills and resolutions of a public general nature introduced in the Senate or House of Representatives". For more information, refer to the User Guide that accompanies this file.</dc:description>
</dublinCore>
</BillSummaries>
