<?xml version="1.0" encoding="UTF-8"?>
<BillSummaries>
<item congress="114" measure-type="hr" measure-number="755" measure-id="id114hr755" originChamber="HOUSE" orig-publish-date="2015-02-05" update-date="2015-03-10">
<title>Defending State Authority Over Education Act of 2015</title>
<summary summary-id="id114hr755v00" currentChamber="HOUSE" update-date="2015-03-10">
<action-date>2015-02-05</action-date>
<action-desc>Introduced in House</action-desc>
<summary-text><![CDATA[<p><strong>Defending State Authority Over Education Act of 2015</strong></p> <p>Amends the Elementary and Secondary Education Act of 1965 (ESEA) to prohibit the Secretary of Education from attempting to influence, incentivize, or coerce a state to participate in a voluntary partnership with another state to develop and implement academic content and achievement standards and assessments.</p> <p>Prohibits the Secretary from conditioning the approval of a state's, local educational agency's (LEA's), or Indian tribe's request for a waiver of ESEA statutory or regulatory requirements on such an entity: (1) including in, or deleting from, such request, specific academic standards; (2) using specific academic assessment instruments or items; or (3) including in, or deleting from, such waiver request any criteria used to establish, implement, or improve state academic standards, academic assessments, state accountability systems, or teacher and school leader evaluation systems.</p> <p>Prohibits any federal officer or employee from directly or indirectly mandating, directing, or controlling a state's, LEA's, or school's specific instructional content, academic standards and assessments, curricula, or program of instruction, including through the placement of conditions on financial support.</p>]]></summary-text>
</summary>
</item>
<dublinCore xmlns:dc="http://purl.org/dc/elements/1.1/">
<dc:format>text/xml</dc:format>
<dc:language>EN</dc:language>
<dc:rights>Pursuant to Title 17 Section 105 of the United States Code, this file is not subject to copyright protection and is in the public domain.</dc:rights>
<dc:contributor>Congressional Research Service, Library of Congress</dc:contributor>
<dc:description>This file contains bill summaries for federal legislation. A bill summary describes the most significant provisions of a piece of legislation and details the effects the legislative text may have on current law and federal programs. Bill summaries are authored by the Congressional Research Service (CRS) of the Library of Congress. As stated in Public Law 91-510 (2 USC 166 (d)(6)), one of the duties of CRS is "to prepare summaries and digests of bills and resolutions of a public general nature introduced in the Senate or House of Representatives". For more information, refer to the User Guide that accompanies this file.</dc:description>
</dublinCore>
</BillSummaries>
