<?xml version="1.0" encoding="UTF-8"?>
<BillSummaries>
<item congress="114" measure-type="hr" measure-number="630" measure-id="id114hr630" originChamber="HOUSE" orig-publish-date="2015-01-30" update-date="2015-02-23">
<title>Permanent S Corporation Charitable Contribution Act of 2015</title>
<summary summary-id="id114hr630v17" currentChamber="HOUSE" update-date="2015-02-23">
<action-date>2015-02-09</action-date>
<action-desc>Reported to House amended</action-desc>
<summary-text><![CDATA[<p><strong>Permanent S Corporation Charitable Contribution Act of 2015</strong></p> <p>(Sec. 2) This bill amends the Internal Revenue Code to make permanent the tax rule&nbsp;that reduces the basis of the stock of an S corporation shareholder by the&nbsp;adjusted basis (rather than fair market value) of&nbsp;any charitable contribution made by the S corporation.</p>]]></summary-text>
</summary>
<summary summary-id="id114hr630v00" currentChamber="HOUSE" update-date="2015-02-18">
<action-date>2015-01-30</action-date>
<action-desc>Introduced in House</action-desc>
<summary-text><![CDATA[<p>Amends the Internal Revenue Code to make permanent the tax rule requiring a decrease in the basis of a shareholder's stock in an S corporation that makes tax deductible charitable contributions of property. </p>]]></summary-text>
</summary>
</item>
<dublinCore xmlns:dc="http://purl.org/dc/elements/1.1/">
<dc:format>text/xml</dc:format>
<dc:language>EN</dc:language>
<dc:rights>Pursuant to Title 17 Section 105 of the United States Code, this file is not subject to copyright protection and is in the public domain.</dc:rights>
<dc:contributor>Congressional Research Service, Library of Congress</dc:contributor>
<dc:description>This file contains bill summaries for federal legislation. A bill summary describes the most significant provisions of a piece of legislation and details the effects the legislative text may have on current law and federal programs. Bill summaries are authored by the Congressional Research Service (CRS) of the Library of Congress. As stated in Public Law 91-510 (2 USC 166 (d)(6)), one of the duties of CRS is "to prepare summaries and digests of bills and resolutions of a public general nature introduced in the Senate or House of Representatives". For more information, refer to the User Guide that accompanies this file.</dc:description>
</dublinCore>
</BillSummaries>
