<?xml version="1.0" encoding="UTF-8"?>
<BillSummaries>
<item congress="114" measure-type="hr" measure-number="768" measure-id="id114hr768" originChamber="HOUSE" orig-publish-date="2015-02-05" update-date="2015-02-28">
<title>Stop AIDS in Prison Act of 2015</title>
<summary summary-id="id114hr768v00" currentChamber="HOUSE" update-date="2015-02-28">
<action-date>2015-02-05</action-date>
<action-desc>Introduced in House</action-desc>
<summary-text><![CDATA[<p> <b>Stop AIDS in Prison Act of 2015</b></p> <p> Directs the Bureau of Prisons to develop a comprehensive policy to provide HIV testing, treatment, and prevention for inmates in federal prisons and upon reentry into the community. Requires such policy to include provisions for: (1) testing of inmates upon intake and counseling; (2) HIV/AIDS prevention education; (3) HIV testing of prisoners annually upon request or upon exposure to HIV; (4) HIV testing of pregnant inmates; (5) comprehensive medical treatment of inmates who test positive for HIV and confidential counseling on managing their medical condition and preventing its transmission to other persons; (6) protection of confidentiality; (7) testing, counseling, and referral prior to reentry into the community; (8) allowing inmates the right to refuse routine HIV testing; (9) excluding as "routine" the testing of an inmate who may have transmitted HIV to any U.S. officer or employee or to any person lawfully present but not incarcerated in a correctional facility; and (10) timely notification of test results.</p> <p>Amends the federal criminal code to: (1) require HIV testing for all federal prison inmates upon intake regardless of length of sentence or risk factors, (2) allow inmates to decline testing prior to release from incarceration, and (3) make HIV testing part of the routine health screening conducted at intake.</p> <p>Requires the Bureau to report on: (1) testing, treatment, and prevention education programs for hepatitis and other diseases transmitted through sexual activity and intravenous drug use; and (2) the incidence among prison inmates of diseases transmitted through sexual activity and intravenous drug use.</p>]]></summary-text>
</summary>
</item>
<dublinCore xmlns:dc="http://purl.org/dc/elements/1.1/">
<dc:format>text/xml</dc:format>
<dc:language>EN</dc:language>
<dc:rights>Pursuant to Title 17 Section 105 of the United States Code, this file is not subject to copyright protection and is in the public domain.</dc:rights>
<dc:contributor>Congressional Research Service, Library of Congress</dc:contributor>
<dc:description>This file contains bill summaries for federal legislation. A bill summary describes the most significant provisions of a piece of legislation and details the effects the legislative text may have on current law and federal programs. Bill summaries are authored by the Congressional Research Service (CRS) of the Library of Congress. As stated in Public Law 91-510 (2 USC 166 (d)(6)), one of the duties of CRS is "to prepare summaries and digests of bills and resolutions of a public general nature introduced in the Senate or House of Representatives". For more information, refer to the User Guide that accompanies this file.</dc:description>
</dublinCore>
</BillSummaries>
