<?xml version="1.0" encoding="UTF-8"?>
<BillSummaries>
<item congress="114" measure-type="hr" measure-number="650" measure-id="id114hr650" originChamber="HOUSE" orig-publish-date="2015-02-02" update-date="2015-04-16">
<title>Preserving Access to Manufactured Housing Act of 2015</title>
<summary summary-id="id114hr650v81" currentChamber="HOUSE" update-date="2015-04-16">
<action-date>2015-04-14</action-date>
<action-desc>Passed House without amendment</action-desc>
<summary-text><![CDATA[<p>(This measure has not been amended since it was introduced. The summary of has been expanded because action occurred on the measure.)</p> <p><b>Preserving Access to Manufactured Housing Act of 2015</b></p> <p>(Sec. 2) Amends the Truth in Lending Act to revise the exclusion from the meaning of "mortgage originator" of any employee of a retailer of manufactured homes who does not for compensation or gain take residential mortgage loan applications, for compensation or gain offer or negotiate terms of a residential mortgage loan, or advise a consumer on loan terms (including rates, fees, and other costs).</p> <p>Excludes from the meaning of "mortgage originator," instead, any retailer of manufactured or modular homes or its employees unless the retailer or its employees receive compensation or gain for engaging in certain activities in excess of any compensation or gain received in a comparable cash transaction.</p> <p>(Sec. 3) Revises the definition of "high cost mortgage."</p>]]></summary-text>
</summary>
<summary summary-id="id114hr650v00" currentChamber="HOUSE" update-date="2015-02-18">
<action-date>2015-02-02</action-date>
<action-desc>Introduced in House</action-desc>
<summary-text><![CDATA[<p><b>Preserving Access to Manufactured Housing Act of 2015</b></p> <p> Amends the Truth in Lending Act to revise the exclusion from the meaning of "mortgage originator" of any employee of a retailer of manufactured homes who does not for compensation or gain take residential mortgage loan applications, for compensation or gain offer or negotiate terms of a residential mortgage loan, or advise a consumer on loan terms (including rates, fees, and other costs).</p> <p>Excludes from the meaning of "mortgage originator," instead, any retailer of manufactured or modular homes or its employees unless the retailer or its employees receive compensation or gain for engaging in certain activities in excess of any compensation or gain received in a comparable cash transaction.</p> <p>Revises the definition of "high cost mortgage."</p>]]></summary-text>
</summary>
</item>
<dublinCore xmlns:dc="http://purl.org/dc/elements/1.1/">
<dc:format>text/xml</dc:format>
<dc:language>EN</dc:language>
<dc:rights>Pursuant to Title 17 Section 105 of the United States Code, this file is not subject to copyright protection and is in the public domain.</dc:rights>
<dc:contributor>Congressional Research Service, Library of Congress</dc:contributor>
<dc:description>This file contains bill summaries for federal legislation. A bill summary describes the most significant provisions of a piece of legislation and details the effects the legislative text may have on current law and federal programs. Bill summaries are authored by the Congressional Research Service (CRS) of the Library of Congress. As stated in Public Law 91-510 (2 USC 166 (d)(6)), one of the duties of CRS is "to prepare summaries and digests of bills and resolutions of a public general nature introduced in the Senate or House of Representatives". For more information, refer to the User Guide that accompanies this file.</dc:description>
</dublinCore>
</BillSummaries>
