<?xml version="1.0" encoding="UTF-8"?>
<BillSummaries>
<item congress="114" measure-type="hr" measure-number="810" measure-id="id114hr810" originChamber="HOUSE" orig-publish-date="2015-02-09" update-date="2015-03-12">
<title>National Aeronautics and Space Administration Authorization Act of 2015</title>
<summary summary-id="id114hr810v81" currentChamber="HOUSE" update-date="2015-03-12">
<action-date>2015-02-10</action-date>
<action-desc>Passed House without amendment</action-desc>
<summary-text><![CDATA[<p>(This measure has not been amended since it was introduced. The summary has been expanded because action occurred on the measure.) <p><b>National Aeronautics and Space Administration Authorization Act of 2015</b></p> <p>TITLE I--AUTHORIZATION OF APPROPRIATIONS</p> <p>(Sec. 101) Authorizes for FY2015 programs of the National Aeronautics and Space Administration (NASA) for: (1) space exploration, (2) space operations, (3) science, (4) aeronautics, (5) space technology, (6) education, (7) safety, security, and mission services, (8) construction and environmental compliance and restoration, and (9) the Inspector General. </p> <p>TITLE II--HUMAN SPACE FLIGHT</p> <p>Subtitle A--Exploration</p> <p> (Sec. 201) Makes human exploration deeper into the solar system a core mission of NASA. </p> <p>Amends the National Aeronautics and Space Administration Authorization Act of 2010 to expand the key objectives of the United States for human expansion into space to include accelerating the development of capabilities to enable a human exploration mission to the surface of Mars and beyond. <p>Bars NASA from obtaining non-U.S. human space flight capabilities unless no domestic commercial or public/private partnership provider is available that meets safety and affordability requirements.</p> <p>Repeals provisions that required NASA to ensure the continued capability to restart the Space Shuttle missions. </p> <p>(Sec. 202) Instructs NASA to develop a Human Exploration Roadmap to define the capabilities and technologies necessary to extend human presence to the surface of Mars and the sets and sequences of missions required to demonstrate such capabilities and technologies. </p> <p>Calls on the President to invite the U.S. partners in the International Space Station (ISS) program and other nations, as appropriate, to participate in an international initiative under U.S. leadership to conduct a crewed mission to the surface of Mars. </p> <p>(Sec. 203) Directs NASA to make the expeditious development, test, and achievement of the operational readiness of the Space Launch System and the Orion crew capsule the highest priority of the exploration program. <p>Directs the Government Accountability Office (GAO) to transmit a report on NASA's acquisition of ground systems in support of the Space Launch System. </p> <p>Requires NASA to prepare a report that addresses the effort and budget required to enable and utilize a cargo variant of the 130-ton Space Launch System configuration described in section 302 of the National Aeronautics and Space Administration Authorization Act of 2010. </p> <p>Directs NASA to conduct a competition among students to name the elements of NASA's exploration program. </p> <p>Requires the Associate Administrator of NASA to transmit a report on the development cost of an advanced booster for the Space Launch System, the effect of a competition for an advanced booster, and any delays to the Space Launch System 2017 Exploration Mission-1 launch as a result of increased costs associated with conducting a competition for an advanced booster. Requires NASA to conduct a full and open competition for an advanced booster if the report shows reductions to development cost and no adverse schedule impact. </p> <p>(Sec. 204) Requires the Orion crew capsule to meet the practical needs and the minimum capability requirements regarding a multi-purpose crew vehicle. Requires NASA to report on the capsule within 60 days. </p> <p>(Sec. 205) Directs NASA to develop a space radiation mitigation and management strategy and implementation plan and assess the national capabilities to carry out research on space radiation biology. </p> <p>(Sec. 206) Directs NASA to contract with the National Academies for a study to explore the planetary protection ramifications of potential future missions by astronauts such as to the lunar polar regions, near-Earth asteroids, the moons of Mars, and the surface of Mars. <p>Subtitle B--Space Operations</p> <p> (Sec. 211) Declares two primary objectives for the U.S. International Space Station (ISS) Program: (1) supporting achievement of the Mars goal, and (2) pursuing a research program that advances knowledge and provides benefits to the nation. </p> <p>Requires the ISS to be utilized for the development of capabilities and technologies needed for the future of human exploration beyond low-Earth orbit, and to be considered in the development of the Human Exploration Roadmap. </p> <p>Requires NASA to support the operation and full use of the ISS and to minimize operating costs.</p> <p>Declares as U.S. policy the maintenance of an uninterrupted capability for human space flight and operations in low-Earth orbit and beyond. </p> <p>Requires NASA to report on the feasibility of extending the operation of the ISS. </p> <p>Requires the Office of Science and Technology Policy (OSTP) to develop and transmit a strategic plan for research in physical and life sciences and related technologies on the ISS through at least 2020. </p> <p>Directs the GAO to report on the progress of the organization chosen for the management of the ISS National Laboratory. </p> <p>(Sec. 212) Directs NASA to contract with the National Academies to: (1) identify barriers impeding enhanced use of the ISS's National Laboratory; (2) recommend ways of encouraging commercial companies to make greater use of the ISS's National Laboratory, including corporate investment in microgravity research; and (3) identify any legislative changes that may be required. </p> <p>(Sec. 213) Directs NASA to utilize the ISS for Science Mission Directorate missions in low-Earth orbit wherever it is practical and cost effective. </p> <p>(Sec. 214) Requires NASA to report on lessons learned from the Commercial Resupply Services contract. </p> <p>(Sec. 215) Declares that the objective of NASA's Commercial Crew Program shall be to assist in the development of at least one crew transportation system to carry NASA astronauts safely, reliably, and affordably to and from the ISS and to serve as an emergency crew rescue vehicle as soon as practicable. </p> <p>Instructs NASA to ensure that safety and the minimization of the probability of loss of crew are the highest priorities of the commercial crew transportation program. </p> <p>Requires NASA to report on the Independent Cost and Schedule Estimate for the final stages of the commercial crew program. <p>(Sec. 216) Requires NASA to develop a plan for updating its space communications and navigation architecture for low-Earth orbital and deep space operations so that it is capable of meeting its communications needs over the next 20 years. <p>TITLE III--SCIENCE <p>Subtitle A--General <p>(Sec. 301) Instructs NASA to follow guidance provided in the current decadal surveys from the National Academies' Space Studies Board when proposing funding for each fiscal year. </p> <p>(Sec. 302) Requires OSTP and NASA to conduct an analysis of NASA's requirements for radioisotope power system material necessary for planned, high priority robotic missions in the solar system and other surface exploration activities beyond low-Earth orbit, and the risk to missions due to a lack of adequate material. </p> <p>(Sec. 303) Adds the search for life's origin, evolution, distribution, and future in the universe to NASA's objectives. </p> <p>(Sec. 304) Requires NASA to conduct a review of specified principal investigator-led small orbital science missions. </p> <p>(Sec. 305) Revises requirements for biennial review of data collection on missions that have been extended to require consideration of how these missions affect the start of future missions. </p> <p>Subtitle B--Astrophysics</p> <p> (Sec. 311) Instructs NASA to seek to ensure a steady cadence of large, medium, and small astrophysics missions. </p> <p>(Sec. 312) Directs NASA to contract with the National Academies to develop a science strategy for the study and exploration of extrasolar planets, including the use of the Transiting Exoplanet Survey Satellite, the James Webb Space Telescope, a potential Wide-Field Infrared Survey Telescope mission, or any other telescope, spacecraft, or instrument, as appropriate. Requires NASA to use the strategy to: (1) inform roadmaps, strategic plans, and other activities of NASA related to extrasolar planet research and exploration; and (2) provide a foundation for future activities and initiatives.</p> <p>(Sec. 313) Expresses the sense of Congress with respect to the James Webb Space Telescope. </p> <p>(Sec. 314) Requires NASA to report to Congress outlining the cost of its plan for developing the Wide-Field Infrared Survey Telescope. </p> <p>(Sec. 315) Instructs NASA to ensure that the concept definition and pre-formulation activities of a Wide-Field Infrared Survey Telescope mission continue while the James Webb Space Telescope is being completed. </p> <p>(Sec. 316) Prohibits NASA from using any funding appropriated for FY2015 to shutdown the Stratospheric Observatory for Infrared Astronomy. </p> <p>Subtitle C--Planetary Science</p> <p> (Sec. 321) Instructs NASA to seek to carry out a balanced set of planetary science programs. Requires such programs to include: (1) a Discovery-class mission at least once every 24 months; (2) a New Frontiers-class mission at least once every 60 months; and (3) at least one Flagship-class mission per decadal survey period, including a Europa mission with a goal of launching by 2021. </p> <p>(Sec. 322) Directs NASA to continue the Near-Earth Objects Survey, with the goal of cataloguing 90% of near-Earth objects by 2020. </p> <p>Requires the OSTP and NASA to report on the Survey. </p> <p>Requires NASA to carry out a technical and scientific assessment of the capabilities and resources needed to accelerate the Survey and expand it to include smaller objects. <p>(Sec. 323) Requires NASA to report to Congress describing how it can expand collaborative partnerships to detect, track, catalogue, and categorize near-Earth objects. </p> <p>(Sec. 324) Requires NASA to report on the effects of potential tsunamis that could occur if a near-Earth object were to impact an ocean of the Earth. </p> <p>(Sec. 325) Directs NASA to contract with the National Academies to develop a science strategy for astrobiology. Instructs NASA to use the strategy in planning and funding research and other activities and initiatives in astrobiology. </p> <p>(Sec. 326) Requires NASA to report to Congress on collaborative partnerships to study life's origin, evolution, distribution, and future in the universe. </p> <p>(Sec. 327) Requires NASA to contract with the National Academies to assess issues related to the Mars Exploration Program. </p> <p>Subtitle D--Heliophysics</p> <p> (Sec. 331) Instructs NASA to seek to ensure a steady cadence of large, medium, and small heliophysics missions. </p> <p>(Sec. 332) Requires the OSTP to contract with the National Academies to study space weather monitoring. Requires such study to inform the process of identifying national needs for future space weather monitoring, forecasts, and mitigation. </p> <p>Subtitle E--Earth Science</p> <p> (Sec. 341) Requires NASA to continue carrying out a balanced Earth science program. </p> <p>Instructs NASA to collaborate with other federal agencies, non-government entities, and international partners in carrying out NASA's Earth science program. Requires NASA to continue to develop first-of-a kind instruments that can be transitioned to other agencies for operations. </p> <p>Instructs NASA to seek reimbursement whenever responsibilities for the development of sensors or for measurements are transferred to NASA from another agency. </p> <p>(Sec. 342) Instructs NASA to seek to ensure a steady cadence of large, medium, and small Earth science missions. </p> <p>(Sec. 344) Directs NASA to carry out a scientific assessment of NASA's Earth science global datasets for the purpose of identifying those datasets that are useful for understanding regional changes and variability and for informing applied science research. </p> <p>TITLE IV--AERONAUTICS</p> <p> (Sec. 402) Instructs NASA to maintain a strong aeronautics research portfolio ranging from fundamental research through integrated systems research with research goals that include enhancing airspace operations and safety, improving air vehicle performance, strengthening aviation safety, and demonstrating concepts at the systems level. </p> <p>(Sec. 403) Directs NASA to carry out research and technological development to facilitate the safe integration of unmanned aerial systems into the National Airspace System, including positioning and navigation systems, sense and avoid capabilities, secure data and communication links, flight recovery systems, and human systems integration. <p>Requires NASA to transmit to Congress an updated roadmap for unmanned aerial systems research and development.</p> <p>Requires operational flight data derived from specified cooperative agreements to be made available to NASA and the Federal Aviation Administration (FAA) for the development of regulatory standards. </p> <p>(Sec. 404) Instructs NASA to continue its cooperative research program with industry to identify and demonstrate more effective and safe ways of developing, manufacturing, and maintaining composite materials used in aeronautics. </p> <p>Requires the program to provide timely access to this research to the next generation of engineers and technicians at universities, community colleges, and vocational schools.</p> <p>(Sec. 405) Requires NASA to transmit to Congress a research and development roadmap for hypersonic aircraft research. </p> <p>(Sec. 406) Requires NASA to transmit to Congress a roadmap that allows for flexible funding profiles for supersonic aeronautics research and development. </p> <p>(Sec. 407) Directs NASA to review at least annually research and development activities in support of the Next Generation Air Transportation System (NextGen) airspace management modernization initiative. </p> <p>(Sec. 408) Requires NASA to transmit to Congress a roadmap for research relating to rotocraft and other runway-independent air vehicles. <p>(Sec. 409) Instructs NASA to continue to ensure that awards for the investigation into the early-stage advancement of new processes, novel concepts, and innovative technologies that have the potential to meet national aeronautics needs are open for competition among NASA civil servants at its Centers, separate from other awards open only to non-NASA sources. </p> <p>(Sec. 410) Directs NASA to contract with the National Academies for a study to benchmark the position of the United States in civil aeronautics research compared to the rest of the world. </p> <p>TITLE V--SPACE TECHNOLOGY</p> <p> (Sec. 502) Directs NASA to establish a Space Technology Program to pursue research and development of advanced space technologies that have the potential of delivering innovative solutions and to support human exploration of the solar system or advanced space science. </p> <p>Directs NASA to organize and manage the Small Business Innovation Research Program and Small Business Technology Transfer Program within the Space Technology Program. <p>Instructs NASA to include in its budget for each fiscal year a certification that no project, program, or mission undertaken by the Space Technology Program duplicates any other NASA project, program, or mission. </p> <p>Requires NASA to provide a report comparing NASA's space technology investments with the high-priority technology areas identified by the National Academies in the National Research Council's report on NASA's Space Technology Roadmaps. <p>(Sec. 503) Directs NASA to utilize the ISS and commercial services for space technology demonstration missions in low-Earth orbit whenever it is practical and cost effective to do so. <p>TITLE VI--EDUCATION <p> (Sec. 601) Requires NASA to continue its education and outreach efforts to: (1) increase student interest and participation in STEM (science, technology, engineering, and mathematics) education, (2) improve public literacy in STEM, (3) employ proven strategies for improving student learning and teaching, (4) provide curriculum support materials, and (5) create and support opportunities for professional development for STEM teachers. </p> <p>Directs NASA to continue to operate the National Space Grant College and Fellowship program through a national network consisting of a state-based consortium in each state that provides flexibility to the states. </p> <p>Reaffirms Congress's commitment to informal science education at science centers and planetariums. </p> <p>(Sec. 602) Directs NASA to contract with the National Academies for a review of the National Space Grant College and Fellowship Program. </p> <p>Expands the National Space Grant College and Fellowship Program to support outreach to primary and secondary schools to help support STEM engagement and learning at the K-12 level and to encourage students to pursue degrees in fields related to space. </p> <p>Permits a space grant regional consortium to include at least one two-year institution of higher education. </p> <p>(Sec. 603) Expresses the sense of Congress that NASA should make the continuation of its Minority University Research and Education Program a priority in order to further STEM education for underrepresented students. </p> <p>TITLE VII--POLICY PROVISIONS</p> <p> (Sec. 701) Directs NASA to report to Congress on the proposed Asteroid Retrieval Mission. </p> <p>Requires an independent, private systems engineering and technical assistance organization contracted by the Human Exploration Operations Mission Directorate to transmit a report to NASA and Congress that analyzes the proposal for a Mars Flyby human spaceflight mission to be launched in 2021. Directs NASA to transmit to Congress an assessment by the NASA Advisory Council on whether such Flyby human spaceflight mission is in the strategic interests of the United States. </p> <p>(Sec. 702) Expresses the sense of Congress regarding contract termination liability costs for the ISS, the Space Launch System, the Orion Crew capsule and the James Webb Space Telescope. Urges NASA to vigorously pursue a policy on termination liability that maximizes the use of its appropriated funds to make maximum progress in meeting established technical goals and schedule milestones on those high-priority programs. </p> <p>(Sec. 703) Amends requirements related to baselines and cost controls used in NASA budgeting to make reporting more timely. </p> <p>(Sec. 704) Requires NASA to transmit to Congress a report on its criteria for establishing the amount of reserves held at the project and program levels. </p> <p>(Sec. 705) Requires NASA to transmit a report describing its procedures for conducting independent reviews of projects and programs at lifecycle milestones. </p> <p>(Sec. 706) Adds protecting national security to the considerations NASA uses to evaluate when to transfer commercial technology. </p> <p>(Sec. 707) Directs NASA to contract with the National Academy of Public Administration to assess the effectiveness of the NASA Advisory Council and to make recommendations to Congress for any changes to the Council. </p> <p>(Sec. 708) Requires NASA to provide guidance to programs and projects on when an independent cost estimate and independent cost assessment should be used. <p>(Sec. 709) Directs NASA to revise the NASA Supplement to the Federal Acquisition Regulation to provide uniform guidance and recommend revised requirements for organizational conflicts of interest by contractors in major acquisition programs. <p>(Sec. 710) Requires NASA to develop a plan to position NASA to have the facilities, laboratories, tools, and approaches necessary to address future requirements. </p> <p>Directs NASA to establish and make publicly available a policy that guides NASA's use of existing authorities to out-grant, lease, excess to the General Services Administration (GSA), sell, decommission, demolish, or otherwise transfer property, facilities, or infrastructure. </p> <p>Directs NASA to establish a capital fund for the modernization of facilities and laboratories. Instructs NASA to ensure that all financial savings achieved by closing outdated or surplus facilities at a NASA Center be made available to that Center for modernizing its facilities and laboratories and for upgrading the infrastructure at it. <p>(Sec. 711) Directs NASA to revise the NASA Supplement to the Federal Acquisition Regulation to address the detection and avoidance of counterfeit electronic parts. </p> <p>(Sec. 712) Bars any funds provided by the federal government under a funded Space Act Agreement from exceeding the total amount provided by other parties to the Agreement. <p>Allows a funded Space Act Agreement to be used only when the use of a standard contract, grant, or cooperative agreement is not feasible or appropriate. </p> <p>Sets forth public notice, comment, disclosure, and reporting requirements related to Space Act Agreements.</p> <p>(Sec. 713) Revises the circumstances under which the President must establish an independent, nonpartisan commission for space incidents resulting in loss of space vehicles. <p>(Sec. 714) Requires NASA to report on its efforts to seek and encourage the fullest commercial use of space and to reduce impediments, bureaucracy, redundancy, and burdens to ensure the fullest commercial use of space. </p> <p>(Sec. 715) Requires NASA to report on the status of efforts to coordinate with countries within the Inter-Agency Space Debris Coordination Committee to mitigate the effects and growth of orbital debris. Requires OSTP to report to Congress on the status of its strategy to address space debris. </p> <p>(Sec. 716) Requires NASA to solicit and review concepts and technological options for removing orbital debris from low-Earth orbit. </p> <p>(Sec. 717) Directs NASA to develop a policy, a plan, and an assessment on the use of operational commercial reusable suborbital flight vehicles for carrying out scientific and engineering investigations and educational activities. </p> <p>Requires NASA to transmit a report describing the progress in carrying out the Commercial Reusable Suborbital Research Program with its annual budget request. </p> <p>Bars NASA from proceeding with requests for proposals or contracts for the provision of a commercial reusable suborbital vehicle launch service for a NASA-sponsored spaceflight participant until it has transmitted the plan and assessment required and liability issues have been addressed. </p> <p>(Sec. 718) Requires NASA to include in its annual budget request for each fiscal year a budget line for fundamental space life and physical sciences research, devoted to competitive, peer-reviewed grants, that is separate from the ISS Operations account. </p> <p>Requires NASA to develop a strategic plan for carrying out competitive, peer-reviewed fundamental space life science and physical sciences and related technology research. </p> <p>(Sec. 719) Requires NASA to develop a plan for restoring a basic engineering research program at Centers. </p> <p>(Sec. 720) Directs NASA to consult with the Department of Defense (DOD) to ensure that any next generation liquid rocket engine made in the United States for national security space launch objectives can contribute to the space programs and missions carried out by NASA. </p> <p>(Sec. 721) Requires NASA to transmit a report describing its activities, tools, and techniques associated with the ultimate goal of autonomously servicing satellites using robotic spacecraft.</p> <p>(Sec. 722) Directs the GAO to study the effectiveness of NASA's information technology governance. </p> <p>(Sec. 723) Requires NASA to report on how it plans to address each of the recommendations made in the security assessment by the National Academy of Public Administration and the recommendations made by the GAO and NASA's Office of the Inspector General regarding security and safeguarding export control information.</p> <p>(Sec. 724) Prohibits any funds made available to NASA for FY2015 or any subsequent fiscal year from being used to enter into a contract with any contractor who is under indictment or convicted of a fraud or other specified crimes or who is delinquent on federal taxes. </p> <p>(Sec. 725) Requires the OSTP to review and assess the issues involving the protection and preservation of historically important Apollo Program lunar landing sites and Apollo program artifacts residing on the lunar surface. </p> <p>(Sec. 726) Directs NASA to respond to the Institute of Medicine report on health standards for long duration and exploration spaceflights. <p>(Sec. 727) Expresses the sense of Congress that NASA should prioritize the development of tools and interfaces that make publicly available observational data sets more easy to access, analyze, manipulate, and understand for students, teachers, and the American public, with a particular focus on K-12 and undergraduate STEM education settings.]]></summary-text>
</summary>
<summary summary-id="id114hr810v00" currentChamber="HOUSE" update-date="2015-05-13">
<action-date>2015-02-09</action-date>
<action-desc>Introduced in House</action-desc>
<summary-text><![CDATA[<p><b>National Aeronautics and Space Administration Authorization Act of 2015</b></p> <p>Authorizes appropriations for FY2015 for the National Aeronautics and Space Administration (NASA).</p> <p>Authorizes programs, activities, and reports respecting NASA, including those with regard to human exploration of space, the Space Launch System, the Orion multipurpose crew vehicle, space radiation, the International Space Station (ISS), the commercial crew program, radioisotope power systems, extrasolar planet exploration, the James Webb Space Telescope, the Wide-Field Infrared Survey Telescope, near-Earth objects, astrobiology, space weather, the Stratospheric Observatory for Infrared Astronomy, Venture class missions, aeronautics research (including transformative aeronautics research), science, technology, engineering, and mathematics (STEM) education, project and program reserves, orbital debris mitigation, remote satellite robotic servicing demonstrations, and astronaut occupational health care. </p> <p>Directs NASA to report to Congress on the proposed Asteroid Retrieval Mission. </p> <p>Directs NASA to utilize the International Space Station and commercial services for space technology demonstration missions in low-Earth orbit whenever it is practical and cost effective to do so.</p> <p>Establishes a space technology program.</p> <p>Directs NASA to: (1) enter into an arrangement with the National Academy of Public Administration to assess the effectiveness of the NASA Advisory Council, (2) enter into an arrangement with the National Academies for a review of the National Space Grant College and Fellowship Program, and (3) revise the NASA Supplement to the Federal Acquisition Regulation to address the detection and avoidance of counterfeit electronic parts. </p> <p>Directs NASA to develop a policy on the use of operational commercial reusable suborbital flight vehicles for carrying out scientific and engineering investigations and educational activities. </p>]]></summary-text>
</summary>
</item>
<dublinCore xmlns:dc="http://purl.org/dc/elements/1.1/">
<dc:format>text/xml</dc:format>
<dc:language>EN</dc:language>
<dc:rights>Pursuant to Title 17 Section 105 of the United States Code, this file is not subject to copyright protection and is in the public domain.</dc:rights>
<dc:contributor>Congressional Research Service, Library of Congress</dc:contributor>
<dc:description>This file contains bill summaries for federal legislation. A bill summary describes the most significant provisions of a piece of legislation and details the effects the legislative text may have on current law and federal programs. Bill summaries are authored by the Congressional Research Service (CRS) of the Library of Congress. As stated in Public Law 91-510 (2 USC 166 (d)(6)), one of the duties of CRS is "to prepare summaries and digests of bills and resolutions of a public general nature introduced in the Senate or House of Representatives". For more information, refer to the User Guide that accompanies this file.</dc:description>
</dublinCore>
</BillSummaries>
