<?xml version="1.0" encoding="UTF-8"?>
<BillSummaries>
<item congress="114" measure-type="hr" measure-number="551" measure-id="id114hr551" originChamber="HOUSE" orig-publish-date="2015-01-27" update-date="2015-02-18">
<title>IDEA Full Funding Act</title>
<summary summary-id="id114hr551v00" currentChamber="HOUSE" update-date="2015-02-18">
<action-date>2015-01-27</action-date>
<action-desc>Introduced in House</action-desc>
<summary-text><![CDATA[<p> <strong>IDEA Full Funding Act</strong></p> <p>Amends the Individuals with Disabilities Education Act (IDEA) to reauthorize and make appropriations for the grant program to assist states and outlying areas in providing special education and related services to children with disabilities.</p> <p>Sets the amount to be authorized and the amount to be appropriated for each fiscal year from FY2016-FY2024 as the greater of: (1) a specified amount, or (2) a specified percentage of an amount determined pursuant to a formula that multiplies the number of children receiving special education services by the average per-pupil expenditure in public elementary and secondary schools. </p> <p>Authorizes and appropriates funds for FY2025 and each subsequent fiscal year equal to the greater of a specified amount or 40% of the amount determined using such formula. </p> <p>Requires amounts appropriated to be expended consistent with pay-as-you-go requirements.</p>]]></summary-text>
</summary>
</item>
<dublinCore xmlns:dc="http://purl.org/dc/elements/1.1/">
<dc:format>text/xml</dc:format>
<dc:language>EN</dc:language>
<dc:rights>Pursuant to Title 17 Section 105 of the United States Code, this file is not subject to copyright protection and is in the public domain.</dc:rights>
<dc:contributor>Congressional Research Service, Library of Congress</dc:contributor>
<dc:description>This file contains bill summaries for federal legislation. A bill summary describes the most significant provisions of a piece of legislation and details the effects the legislative text may have on current law and federal programs. Bill summaries are authored by the Congressional Research Service (CRS) of the Library of Congress. As stated in Public Law 91-510 (2 USC 166 (d)(6)), one of the duties of CRS is "to prepare summaries and digests of bills and resolutions of a public general nature introduced in the Senate or House of Representatives". For more information, refer to the User Guide that accompanies this file.</dc:description>
</dublinCore>
</BillSummaries>
