<?xml version="1.0" encoding="UTF-8"?>
<BillSummaries>
<item congress="114" measure-type="hr" measure-number="680" measure-id="id114hr680" originChamber="HOUSE" orig-publish-date="2015-02-03" update-date="2015-03-02">
<title>Update, Promote, and Develop America's Transportation Essentials Act of 2015</title>
<summary summary-id="id114hr680v00" currentChamber="HOUSE" update-date="2015-03-02">
<action-date>2015-02-03</action-date>
<action-desc>Introduced in House</action-desc>
<summary-text><![CDATA[<p><strong>Update, Promote, and Develop America's Transportation Essentials Act of 2015</strong></p> <p>Expresses the sense of Congress that by 2024&nbsp;the gas tax should be repealed and replaced with a more sustainable, stable funding source. </p> <p>Amends the Internal Revenue Code, with respect to the excise tax on motor fuels, to increase the rate of tax on: (1) gasoline other than aviation gasoline to 26.3 cents per gallon in 2016, 30.3 cents per gallon in 2017, and 33.3 cents per gallon after 2017 and before 2028; (2) diesel fuel or kerosene to 32.3 cents per gallon in 2016, 36.3 cents per gallon in 2017, and 39.3 cents per gallon after 2017 and before 2027; and (3) diesel-water fuel emulsion. Delays the termination of such increased rates from the end of FY2016 to December 31, 2026. Requires an adjustment for inflation to such increased rates beginning after 2017.</p> <p>Increases allocations in the Mass Transit Account of the Highway Trust Fund in 2016 and 2017 and after 2017. </p> <p>Imposes a floor stocks tax on&nbsp;rate increases for gasoline, diesel fuel, and&nbsp; kerosene (other than aviation-grade kerosene), subject to specified exemptions for exempt uses and low-volume producers. </p>]]></summary-text>
</summary>
</item>
<dublinCore xmlns:dc="http://purl.org/dc/elements/1.1/">
<dc:format>text/xml</dc:format>
<dc:language>EN</dc:language>
<dc:rights>Pursuant to Title 17 Section 105 of the United States Code, this file is not subject to copyright protection and is in the public domain.</dc:rights>
<dc:contributor>Congressional Research Service, Library of Congress</dc:contributor>
<dc:description>This file contains bill summaries for federal legislation. A bill summary describes the most significant provisions of a piece of legislation and details the effects the legislative text may have on current law and federal programs. Bill summaries are authored by the Congressional Research Service (CRS) of the Library of Congress. As stated in Public Law 91-510 (2 USC 166 (d)(6)), one of the duties of CRS is "to prepare summaries and digests of bills and resolutions of a public general nature introduced in the Senate or House of Representatives". For more information, refer to the User Guide that accompanies this file.</dc:description>
</dublinCore>
</BillSummaries>
