<?xml version="1.0" encoding="UTF-8"?>
<BillSummaries>
<item congress="114" measure-type="hr" measure-number="861" measure-id="id114hr861" originChamber="HOUSE" orig-publish-date="2015-02-11" update-date="2015-02-13">
<title>Department of Homeland Security Appropriations Act, 2015</title>
<summary summary-id="id114hr861v00" currentChamber="HOUSE" update-date="2015-02-13">
<action-date>2015-02-11</action-date>
<action-desc>Introduced in House</action-desc>
<summary-text><![CDATA[<p><b>Department of Homeland Security Appropriations Act, 2015</b></p> <p>Provides FY2015 appropriations to the Department of Homeland Security (DHS). </p> <p>Provides appropriations for Departmental Management and Operations for the Office of the Secretary and Executive Management, the Office of the Under Secretary for Management, the Office of the Chief Financial Officer, the Office of the Chief Information Officer, Analysis and Operations, and the Office of Inspector General. </p> <p>Provides appropriations for Security, Enforcement, and Investigations for U.S. Customs and Border Protection, U.S. Immigration and Customs Enforcement, the Transportation Security Administration, the Coast Guard, and the U.S. Secret Service. </p> <p>Provides appropriations for Protection, Preparedness, Response, and Recovery for the National Protection and Programs Directorate, the Office of Health Affairs, and the Federal Emergency Management Agency. </p> <p>Provides appropriations for Research, Development, Training, and Services for U.S. Citizen and Immigration Services, the Federal Law Enforcement Training Center, Science and Technology, and the Domestic Nuclear Detection Office. </p> <p>Sets forth permissible, restricted, and prohibited uses for funds provided by this Act. </p> <p>Rescinds specified amounts previously appropriated to DHS. </p>]]></summary-text>
</summary>
</item>
<dublinCore xmlns:dc="http://purl.org/dc/elements/1.1/">
<dc:format>text/xml</dc:format>
<dc:language>EN</dc:language>
<dc:rights>Pursuant to Title 17 Section 105 of the United States Code, this file is not subject to copyright protection and is in the public domain.</dc:rights>
<dc:contributor>Congressional Research Service, Library of Congress</dc:contributor>
<dc:description>This file contains bill summaries for federal legislation. A bill summary describes the most significant provisions of a piece of legislation and details the effects the legislative text may have on current law and federal programs. Bill summaries are authored by the Congressional Research Service (CRS) of the Library of Congress. As stated in Public Law 91-510 (2 USC 166 (d)(6)), one of the duties of CRS is "to prepare summaries and digests of bills and resolutions of a public general nature introduced in the Senate or House of Representatives". For more information, refer to the User Guide that accompanies this file.</dc:description>
</dublinCore>
</BillSummaries>
