<?xml version="1.0" encoding="UTF-8"?>
<BillSummaries>
<item congress="114" measure-type="hr" measure-number="83" measure-id="id114hr83" originChamber="HOUSE" orig-publish-date="2015-01-06" update-date="2015-01-29">
<title>CAMPER Act</title>
<summary summary-id="id114hr83v00" currentChamber="HOUSE" update-date="2015-01-29">
<action-date>2015-01-06</action-date>
<action-desc>Introduced in House</action-desc>
<summary-text><![CDATA[<p><b>Communication and Alert Maintenance Program for Early Response Act or the CAMPER Act</b></p> <p> Authorizes the Secretary of Homeland Security to: (1) provide technical assistance to a state or local government to develop and implement an emergency notification system to warn persons using public recreational lands administered by such government of emergency situations, and (2) make grants to state and local governments to procure and install such systems. </p> <p>Limits a grant to $50,000. Requires a recipient to match not less than 5% of the federal funds provided. Authorizes the Secretary to establish conditions under which the cost-sharing requirement may be reduced or waived.</p> <p>Directs the Secretary to report to specified congressional committees, for each fiscal year such assistance is provided, regarding: (1) the state of preparedness of state park and recreation departments to provide adequate emergency notification, and (2) recommendations for appropriate additional legislative action.</p>]]></summary-text>
</summary>
</item>
<dublinCore xmlns:dc="http://purl.org/dc/elements/1.1/">
<dc:format>text/xml</dc:format>
<dc:language>EN</dc:language>
<dc:rights>Pursuant to Title 17 Section 105 of the United States Code, this file is not subject to copyright protection and is in the public domain.</dc:rights>
<dc:contributor>Congressional Research Service, Library of Congress</dc:contributor>
<dc:description>This file contains bill summaries for federal legislation. A bill summary describes the most significant provisions of a piece of legislation and details the effects the legislative text may have on current law and federal programs. Bill summaries are authored by the Congressional Research Service (CRS) of the Library of Congress. As stated in Public Law 91-510 (2 USC 166 (d)(6)), one of the duties of CRS is "to prepare summaries and digests of bills and resolutions of a public general nature introduced in the Senate or House of Representatives". For more information, refer to the User Guide that accompanies this file.</dc:description>
</dublinCore>
</BillSummaries>
