<?xml version="1.0" encoding="UTF-8"?>
<BillSummaries>
<item congress="114" measure-type="hr" measure-number="238" measure-id="id114hr238" originChamber="HOUSE" orig-publish-date="2015-01-09" update-date="2015-01-20">
<title>Copyright and Marriage Equality Act</title>
<summary summary-id="id114hr238v00" currentChamber="HOUSE" update-date="2015-01-20">
<action-date>2015-01-09</action-date>
<action-desc>Introduced in House</action-desc>
<summary-text><![CDATA[<p><b>Copyright and Marriage Equality Act </b></p> <p>Amends federal copyright law to revise the definition of "widow" or "widower" for purposes of provisions concerning the transfer of a copyright to an author's spouse or other next of kin following the author's death. Declares that an individual is the widow or widower of an author if the courts of the state in which the individual and the author were married (or, if the individual and the author were not married in any state but were validly married in another jurisdiction, the courts of any state) would find that the individual and the author were validly married at the time of the author's death. (Currently, only the author's surviving spouse under the law of the author's domicile at the time of death is considered a widow.)</p>]]></summary-text>
</summary>
</item>
<dublinCore xmlns:dc="http://purl.org/dc/elements/1.1/">
<dc:format>text/xml</dc:format>
<dc:language>EN</dc:language>
<dc:rights>Pursuant to Title 17 Section 105 of the United States Code, this file is not subject to copyright protection and is in the public domain.</dc:rights>
<dc:contributor>Congressional Research Service, Library of Congress</dc:contributor>
<dc:description>This file contains bill summaries for federal legislation. A bill summary describes the most significant provisions of a piece of legislation and details the effects the legislative text may have on current law and federal programs. Bill summaries are authored by the Congressional Research Service (CRS) of the Library of Congress. As stated in Public Law 91-510 (2 USC 166 (d)(6)), one of the duties of CRS is "to prepare summaries and digests of bills and resolutions of a public general nature introduced in the Senate or House of Representatives". For more information, refer to the User Guide that accompanies this file.</dc:description>
</dublinCore>
</BillSummaries>
