<?xml version="1.0" encoding="UTF-8"?>
<BillSummaries>
<item congress="114" measure-type="hr" measure-number="694" measure-id="id114hr694" originChamber="HOUSE" orig-publish-date="2015-02-03" update-date="2015-02-19">
<title>Operation United Assistance Tax Exclusion Act of 2015</title>
<summary summary-id="id114hr694v00" currentChamber="HOUSE" update-date="2015-02-19">
<action-date>2015-02-03</action-date>
<action-desc>Introduced in House</action-desc>
<summary-text><![CDATA[<p><strong>Operation United Assistance Tax Exclusion Act of 2015</strong></p> <p>Provides for a tax exclusion of compensation paid to a member of the Armed Forces serving in Operation United Assistance in the Ebola virus disease outbreak area (i.e., Liberia, Sierra Leone, Guinea, and any other region designated as experiencing a widespread Ebola virus disease outbreak). Requires that such service member undergo a program of at least 21 days of controlled monitoring upon return from the outbreak area. </p>]]></summary-text>
</summary>
</item>
<dublinCore xmlns:dc="http://purl.org/dc/elements/1.1/">
<dc:format>text/xml</dc:format>
<dc:language>EN</dc:language>
<dc:rights>Pursuant to Title 17 Section 105 of the United States Code, this file is not subject to copyright protection and is in the public domain.</dc:rights>
<dc:contributor>Congressional Research Service, Library of Congress</dc:contributor>
<dc:description>This file contains bill summaries for federal legislation. A bill summary describes the most significant provisions of a piece of legislation and details the effects the legislative text may have on current law and federal programs. Bill summaries are authored by the Congressional Research Service (CRS) of the Library of Congress. As stated in Public Law 91-510 (2 USC 166 (d)(6)), one of the duties of CRS is "to prepare summaries and digests of bills and resolutions of a public general nature introduced in the Senate or House of Representatives". For more information, refer to the User Guide that accompanies this file.</dc:description>
</dublinCore>
</BillSummaries>
