<?xml version="1.0" encoding="UTF-8"?><BillSummaries>
<item congress="114" measure-type="hr" measure-number="223" measure-id="id114hr223" originChamber="HOUSE" orig-publish-date="2015-01-08" update-date="2017-01-24">
<title>Great Lakes Restoration Initiative Act of 2016</title>
<summary summary-id="id114hr223v36" currentChamber="HOUSE" update-date="2017-01-24">
<action-date>2016-04-26</action-date>
<action-desc>Passed House amended</action-desc>
<summary-text><![CDATA[<p>This measure has not been amended since it was reported to the House on March 23, 2016. The summary of that version is repeated here.</p> <p><b>Great Lakes Restoration Initiative Act of 201</b><strong>6</strong></p> <p>(Sec. 2) This bill amends the Federal Water Pollution Control Act (commonly known as the Clean Water Act) to revise and reauthorize the Environmental Protection Agency's (EPA) Great Lakes Restoration Initiative for FY2017-FY2021. </p> <p>The bill restates the initiative's priorities for Great Lakes protection and restoration programs and projects, including: (1) the remediation of toxic substances and areas of concern; (2) the prevention and control of invasive species and their impacts; (3) the protection and restoration of near-shore health and the prevention and mitigation of nonpoint source pollution (water pollution that comes from many diffuse sources, such as pollution on the ground picked up by rain or snow); (4) habitat and wildlife protection and restoration; and (5) accountability, monitoring, evaluation, communication, and partnership activities.</p> <p>In selecting the best combination of the initiative's programs and projects, the EPA must consult with the Great Lake states and Indian Tribes and solicit input from other non-federal stakeholders.</p> <p>The EPA must designate a point person from an appropriate federal partner to coordinate, with federal partners and non-federal stakeholders, the initiative's projects and activities involving harmful algal blooms in the Great Lakes.</p> <p>In addition to current requirements concerning the use of funds made available to carry out the initiative, the bill requires initiative funds to be used to strategically implement operations and activities of EPA's Great Lakes National Program Office, such as remediation of sediment contamination in areas of concern.</p> <p>The EPA or federal department or agency that receives funds under the initiative may make a grant to, or enter into an agreement with, a qualified nonfederal entity for planning, researching, monitoring, outreach, or implementation of a project that supports the Initiative Action Plan or the Great Lakes Water Quality Agreement.</p> <p>Projects may be carried out under the initiative on multiple levels, including at the local level.</p> <p>Funding made available to implement the initiative may not be used for any water infrastructure activity (other than a green infrastructure project that improves habitat and other ecosystem functions in the Great Lakes) for which funding is made available under the Water Infrastructure Finance and Innovation Act of 2014. </p> <p>The EPA must review, and revise, if appropriate, the Initiative Action Plan at least once every five years. The EPA must also: (1) establish a process for monitoring and periodically reporting to the public on the plan's progress, (2) make information about each project carried out under the plan available on a public website, and (3) provide to specified congressional committees a yearly detailed description of the initiative's progress and amounts transferred to participating federal departments and agencies for carrying out activities that support the initiative.</p>]]></summary-text>
</summary>
<summary summary-id="id114hr223v17" currentChamber="HOUSE" update-date="2017-01-24">
<action-date>2016-03-23</action-date>
<action-desc>Reported to House amended</action-desc>
<summary-text><![CDATA[<p><b>Great Lakes Restoration Initiative Act of 2015</b></p> <p>(Sec. 2) This bill amends the Federal Water Pollution Control Act (commonly known as the Clean Water Act) to revise and reauthorize the Environmental Protection Agency's (EPA) Great Lakes Restoration Initiative for FY2017-FY2021. </p> <p>The bill restates the initiative's priorities for Great Lakes protection and restoration programs and projects, including: (1) the remediation of toxic substances and areas of concern; (2) the prevention and control of invasive species and their impacts; (3) the protection and restoration of near-shore health and the prevention and mitigation of nonpoint source pollution (water pollution that comes from many diffuse sources, such as pollution on the ground picked up by rain or snow); (4) habitat and wildlife protection and restoration; and (5) accountability, monitoring, evaluation, communication, and partnership activities.</p> <p>In selecting the best combination of the initiative's programs and projects, the EPA must consult with the Great Lake states and Indian Tribes and solicit input from other non-federal stakeholders.</p> <p>The EPA must designate a point person from an appropriate federal partner to coordinate, with federal partners and non-federal stakeholders, the initiative's projects and activities involving harmful algal blooms in the Great Lakes.</p> <p>In addition to current requirements concerning the use of funds made available to carry out the initiative, the bill requires initiative funds to be used to strategically implement operations and activities of EPA's Great Lakes National Program Office, such as remediation of sediment contamination in areas of concern.</p> <p>The EPA or federal department or agency that receives funds under the initiative may make a grant to, or enter into an agreement with, a qualified nonfederal entity for planning, researching, monitoring, outreach, or implementation of a project that supports the Initiative Action Plan or the Great Lakes Water Quality Agreement.</p> <p>Projects may be carried out under the initiative on multiple levels, including at the local level.</p> <p>Funding made available to implement the initiative may not be used for any water infrastructure activity (other than a green infrastructure project that improves habitat and other ecosystem functions in the Great Lakes) for which funding is made available under the Water Infrastructure Finance and Innovation Act of 2014. </p> <p>The EPA must review, and revise if appropriate, the Initiative Action Plan at least once every five years. The EPA must also: (1) establish a process for monitoring and periodically reporting to the public on the plan's progress, (2) make information about each project carried out under the plan available on a public website, and (3) provide to specified congressional committees a yearly detailed description of the initiative's progress and amounts transferred to participating federal departments and agencies for carry out activities that support the initiative.</p>]]></summary-text>
</summary>
<summary summary-id="id114hr223v00" currentChamber="HOUSE" update-date="2015-03-02">
<action-date>2015-01-08</action-date>
<action-desc>Introduced in House</action-desc>
<summary-text><![CDATA[<p><b>Great Lakes Restoration Initiative Act of 2015</b></p> <p>This bill amends the Federal Water Pollution Control Act (commonly known as the Clean Water Act) to authorize the Environmental Protection Agency's Great Lakes Restoration Initiative for FY2016-FY2020. </p> <p>The Initiative must prioritize and carry out programs and projects for Great Lakes protection and restoration, including: (1) the remediation of toxic substances and areas of concern; (2) the prevention and control of invasive species and their impacts; (3) the protection and restoration of near-shore health and the prevention and mitigation of nonpoint source pollution (water pollution that comes from many diffuse sources, such as pollution on the ground picked up by rain or snow); and (4) habitat and wildlife protection and restoration.</p> <p>Funding made available to implement the Initiative may not be used for any water infrastructure activity (other than a green infrastructure project that improves habitat and other ecosystem functions in the Great Lakes) for which funding is made available under the clean water or drinking water state revolving fund program.</p> <p>Federal agencies must maintain the base level of funding for their Great Lakes activities without regard to funding under the Initiative and identify new activities to support the environmental goals of the Initiative.</p>]]></summary-text>
</summary>
</item>
<dublinCore xmlns:dc="http://purl.org/dc/elements/1.1/">
<dc:format>text/xml</dc:format>
<dc:language>EN</dc:language>
<dc:rights>Pursuant to Title 17 Section 105 of the United States Code, this file is not subject to copyright protection and is in the public domain.</dc:rights>
<dc:contributor>Congressional Research Service, Library of Congress</dc:contributor>
<dc:description>This file contains bill summaries for federal legislation. A bill summary describes the most significant provisions of a piece of legislation and details the effects the legislative text may have on current law and federal programs. Bill summaries are authored by the Congressional Research Service (CRS) of the Library of Congress. As stated in Public Law 91-510 (2 USC 166 (d)(6)), one of the duties of CRS is "to prepare summaries and digests of bills and resolutions of a public general nature introduced in the Senate or House of Representatives". For more information, refer to the User Guide that accompanies this file.</dc:description>
</dublinCore>
</BillSummaries>
