<?xml version="1.0" encoding="UTF-8"?>
<BillSummaries>
<item congress="114" measure-type="hr" measure-number="436" measure-id="id114hr436" originChamber="HOUSE" orig-publish-date="2015-01-21" update-date="2015-01-26">
<title>Longshore and Harbor Workers' Compensation Clarification Act of 2015</title>
<summary summary-id="id114hr436v00" currentChamber="HOUSE" update-date="2015-01-26">
<action-date>2015-01-21</action-date>
<action-desc>Introduced in House</action-desc>
<summary-text><![CDATA[<p><b>Longshore and Harbor Workers' Compensation Clarification Act of 2015</b></p> <p>Amends the Longshore and Harbor Workers' Compensation Act to define &quot;recreational vessel&quot; as a vessel:</p> <ul> <li>being manufactured or operated primarily for pleasure; or</li> <li>leased, rented, or chartered to another for the latter's pleasure.</li> </ul> <p>Prescribes the following rules in applying the definition:</p> <ul> <li>a vessel being manufactured or built, or being repaired under warranty by its manufacturer or builder, is a recreational vessel if the vessel appears intended, based on its design and construction, to be for ultimate recreational uses. Requires the manufacturer or builder to bear the burden of establishing that a vessel is recreational under this standard;</li> <li>a vessel being repaired, dismantled for repair, or dismantled at the end of its life will be treated as recreational at the time of repair, dismantling for repair, or dismantling, provided that such vessel shares elements of design and construction of traditional recreational vessels and is not normally engaged in a military, commercial or traditionally commercial undertaking; and</li> <li>a vessel will be treated as a recreational vessel if it is a public vessel, such as a vessel owned or chartered and operated by the United States, or by a state or local government, at the time of repair, dismantling for repair, or dismantling, provided that such vessel shares elements of design and construction with traditional recreational vessels and is not normally engaged in a military, commercial, or traditionally commercial undertaking.</li> </ul> <p>Requires the Secretary of Labor to revise a certain federal regulation to replace its definition of &quot;recreational vessel&quot; with the definition specified in this Act.</p>]]></summary-text>
</summary>
</item>
<dublinCore xmlns:dc="http://purl.org/dc/elements/1.1/">
<dc:format>text/xml</dc:format>
<dc:language>EN</dc:language>
<dc:rights>Pursuant to Title 17 Section 105 of the United States Code, this file is not subject to copyright protection and is in the public domain.</dc:rights>
<dc:contributor>Congressional Research Service, Library of Congress</dc:contributor>
<dc:description>This file contains bill summaries for federal legislation. A bill summary describes the most significant provisions of a piece of legislation and details the effects the legislative text may have on current law and federal programs. Bill summaries are authored by the Congressional Research Service (CRS) of the Library of Congress. As stated in Public Law 91-510 (2 USC 166 (d)(6)), one of the duties of CRS is "to prepare summaries and digests of bills and resolutions of a public general nature introduced in the Senate or House of Representatives". For more information, refer to the User Guide that accompanies this file.</dc:description>
</dublinCore>
</BillSummaries>
