<?xml version="1.0" encoding="UTF-8"?>
<BillSummaries>
<item congress="114" measure-type="hr" measure-number="92" measure-id="id114hr92" originChamber="HOUSE" orig-publish-date="2015-01-06" update-date="2015-01-20">
<title>To provide that rates of pay for Members of Congress shall not be adjusted under section 601(a)(2) of the Legislative Reorganization Act of 1946 in the year following any fiscal year in which outlays of the United States exceeded receipts of the United States.</title>
<summary summary-id="id114hr92v00" currentChamber="HOUSE" update-date="2015-01-20">
<action-date>2015-01-06</action-date>
<action-desc>Introduced in House</action-desc>
<summary-text><![CDATA[<p>Amends the Legislative Reorganization Act of 1946 to provide that pay for Members of Congress may not be increased by any adjustment scheduled to take effect in a calendar year if the Congressional Budget Office (CBO) determines that the federal aggregate outlays during the last completed fiscal year exceeded the federal aggregate receipts during such fiscal year.</p>]]></summary-text>
</summary>
</item>
<dublinCore xmlns:dc="http://purl.org/dc/elements/1.1/">
<dc:format>text/xml</dc:format>
<dc:language>EN</dc:language>
<dc:rights>Pursuant to Title 17 Section 105 of the United States Code, this file is not subject to copyright protection and is in the public domain.</dc:rights>
<dc:contributor>Congressional Research Service, Library of Congress</dc:contributor>
<dc:description>This file contains bill summaries for federal legislation. A bill summary describes the most significant provisions of a piece of legislation and details the effects the legislative text may have on current law and federal programs. Bill summaries are authored by the Congressional Research Service (CRS) of the Library of Congress. As stated in Public Law 91-510 (2 USC 166 (d)(6)), one of the duties of CRS is "to prepare summaries and digests of bills and resolutions of a public general nature introduced in the Senate or House of Representatives". For more information, refer to the User Guide that accompanies this file.</dc:description>
</dublinCore>
</BillSummaries>
