<?xml version="1.0" encoding="UTF-8"?>
<BillSummaries>
<item congress="114" measure-type="hr" measure-number="183" measure-id="id114hr183" originChamber="HOUSE" orig-publish-date="2015-01-07" update-date="2015-02-02">
<title>Federal Sunset Act of 2015</title>
<summary summary-id="id114hr183v00" currentChamber="HOUSE" update-date="2015-02-02">
<action-date>2015-01-07</action-date>
<action-desc>Introduced in House</action-desc>
<summary-text><![CDATA[<p><strong>Federal Sunset Act of 2015</strong></p> <p> Establishes the Federal Agency Sunset Commission to: (1) submit to Congress a schedule for review by the Commission, at least once every 12 years, of the abolishment or reorganization of each federal executive agency, including advisory committees; (2) review and evaluate the efficiency and public need for each agency using specified criteria; (3) recommend whether each agency should be abolished or reorganized; and (4) report to Congress on all legislation introduced that would establish a new agency or a new program to be carried out by an existing agency. Requires the abolishment of any agency within one year of the Commission's review, unless the agency is reauthorized by Congress. Authorizes the deadline for abolishing an agency to be extended for an additional two years by legislation enacted by a super majority of the House of Representatives and the Senate. </p> <p>Terminates the Commission on December 31, 2034.</p> <p>Directs the Comptroller General&nbsp;and the Director of the Congressional Budget Office, in cooperation with the Director of the Congressional Research Service, to prepare an inventory of federal programs within each agency, including the budget authority for each such program,&nbsp;to assist Congress and the Commission in carrying out the requirements of this Act.</p>]]></summary-text>
</summary>
</item>
<dublinCore xmlns:dc="http://purl.org/dc/elements/1.1/">
<dc:format>text/xml</dc:format>
<dc:language>EN</dc:language>
<dc:rights>Pursuant to Title 17 Section 105 of the United States Code, this file is not subject to copyright protection and is in the public domain.</dc:rights>
<dc:contributor>Congressional Research Service, Library of Congress</dc:contributor>
<dc:description>This file contains bill summaries for federal legislation. A bill summary describes the most significant provisions of a piece of legislation and details the effects the legislative text may have on current law and federal programs. Bill summaries are authored by the Congressional Research Service (CRS) of the Library of Congress. As stated in Public Law 91-510 (2 USC 166 (d)(6)), one of the duties of CRS is "to prepare summaries and digests of bills and resolutions of a public general nature introduced in the Senate or House of Representatives". For more information, refer to the User Guide that accompanies this file.</dc:description>
</dublinCore>
</BillSummaries>
