<?xml version="1.0" encoding="UTF-8"?>
<BillSummaries>
<item congress="114" measure-type="hr" measure-number="135" measure-id="id114hr135" originChamber="HOUSE" orig-publish-date="2015-01-06" update-date="2015-01-26">
<title>Military LAND Act</title>
<summary summary-id="id114hr135v00" currentChamber="HOUSE" update-date="2015-01-26">
<action-date>2015-01-06</action-date>
<action-desc>Introduced in House</action-desc>
<summary-text><![CDATA[<p><strong>Military Land and National Defense Act or the Military LAND Act</strong></p> <p>Amends the National Historic Preservation Act to require the Secretary of the Interior to notify the House Committee on Natural Resources and the Senate Committee on Energy and Natural Resources if a property owned by the federal government is being considered for inclusion on the National Register, for designation as a National Historic Landmark, or for nomination to the World Heritage List. Prohibits&nbsp;such inclusion or designation of federal property if the head of any federal agency managing such property objects to such inclusion or designation for national security reasons.</p>]]></summary-text>
</summary>
</item>
<dublinCore xmlns:dc="http://purl.org/dc/elements/1.1/">
<dc:format>text/xml</dc:format>
<dc:language>EN</dc:language>
<dc:rights>Pursuant to Title 17 Section 105 of the United States Code, this file is not subject to copyright protection and is in the public domain.</dc:rights>
<dc:contributor>Congressional Research Service, Library of Congress</dc:contributor>
<dc:description>This file contains bill summaries for federal legislation. A bill summary describes the most significant provisions of a piece of legislation and details the effects the legislative text may have on current law and federal programs. Bill summaries are authored by the Congressional Research Service (CRS) of the Library of Congress. As stated in Public Law 91-510 (2 USC 166 (d)(6)), one of the duties of CRS is "to prepare summaries and digests of bills and resolutions of a public general nature introduced in the Senate or House of Representatives". For more information, refer to the User Guide that accompanies this file.</dc:description>
</dublinCore>
</BillSummaries>
