<?xml version="1.0" encoding="UTF-8"?>
<BillSummaries>
<item congress="114" measure-type="hr" measure-number="764" measure-id="id114hr764" originChamber="HOUSE" orig-publish-date="2015-02-05" update-date="2015-02-13">
<title>Reciprocal Market Access Act of 2015</title>
<summary summary-id="id114hr764v00" currentChamber="HOUSE" update-date="2015-02-13">
<action-date>2015-02-05</action-date>
<action-desc>Introduced in House</action-desc>
<summary-text><![CDATA[<p><b>Reciprocal Market Access Act of 2015 </b></p> <p> Prohibits the President from agreeing to the reduction or elimination of the existing rate of duty on any product in order to carry out a trade agreement with a foreign country until the President certifies to Congress that: (1) the United States has obtained that country's reduction or elimination of tariff and nontariff barriers and policies and practices with respect to U.S. exports of any product that has the same physical characteristics and uses as the product for which the President seeks to modify its rate of duty, and (2) any violation of the trade agreement is immediately enforceable by withdrawal of the duty modification until the President certifies to Congress that the United States has obtained the country's reduction or elimination of the tariff or nontariff barrier or policy or practice.</p> <p>Requires the withdrawal of such a modification in specified circumstances determined by the Interagency Trade Enforcement Center until the President makes such a certification to Congress.</p> <p>Requires the U.S. International Trade Commission , with respect to any proposed trade agreement that seeks a modification that would reduce or eliminate an existing duty on any product in order to carry out a trade agreement with a foreign country, to investigate the possible market access opportunities for similar U.S. exports to that country if such barriers and policies are modified or eliminated.</p>]]></summary-text>
</summary>
</item>
<dublinCore xmlns:dc="http://purl.org/dc/elements/1.1/">
<dc:format>text/xml</dc:format>
<dc:language>EN</dc:language>
<dc:rights>Pursuant to Title 17 Section 105 of the United States Code, this file is not subject to copyright protection and is in the public domain.</dc:rights>
<dc:contributor>Congressional Research Service, Library of Congress</dc:contributor>
<dc:description>This file contains bill summaries for federal legislation. A bill summary describes the most significant provisions of a piece of legislation and details the effects the legislative text may have on current law and federal programs. Bill summaries are authored by the Congressional Research Service (CRS) of the Library of Congress. As stated in Public Law 91-510 (2 USC 166 (d)(6)), one of the duties of CRS is "to prepare summaries and digests of bills and resolutions of a public general nature introduced in the Senate or House of Representatives". For more information, refer to the User Guide that accompanies this file.</dc:description>
</dublinCore>
</BillSummaries>
