<?xml version="1.0" encoding="UTF-8"?><BillSummaries>
<item congress="114" measure-type="hr" measure-number="766" measure-id="id114hr766" originChamber="HOUSE" orig-publish-date="2015-02-05" update-date="2016-04-12">
<title>Financial Institution Customer Protection Act of 2016</title>
<summary summary-id="id114hr766v36" currentChamber="HOUSE" update-date="2016-04-12">
<action-date>2016-02-04</action-date>
<action-desc>Passed House amended</action-desc>
<summary-text><![CDATA[<p><b>Financial Institution Customer Protection Act of 2016</b></p> <p> (Sec. 2) This bill prohibits a federal banking agency from formally or informally suggesting, requesting, or ordering a depository institution to terminate either a specific customer account, or group of customer accounts, or otherwise restrict or discourage it from entering into or maintaining a banking relationship with a specific customer or group of customers, unless: (1) the agency has a material reason to do so, and (2) the reason is not based solely on reputation risk.</p> <p>The &quot;material reason&quot; criterion shall be satisfied if an agency believes that a specific customer or group of customers poses a threat to national security, including any belief that they are involved in terrorist financing. </p> <p>Unless the appropriate agency determines that the customer or group of customers has used due diligence to avoid doing business with any entity described below, the bill deems the criteria addressing &quot;material reason&quot; to be met if the agency believes a customer or group of customers is, or is acting as, a conduit for an entity which: </p> <ul> <li> poses a threat to national security; </li> <li> is involved in terrorist financing; </li> <li> is an agency of the government of Iran, North Korea, Syria, or any country listed from time to time on the State Sponsors of Terrorism list; </li> <li> is either located in, or subject to the jurisdiction of, any of such countries; or </li> <li> does business with any entity located in such countries.</li> </ul>  <p>If an appropriate federal banking agency orders a depository institution to terminate a specific customer account or a group of customer accounts, the depository institution shall inform the customer or customers of the justification for the termination.</p> <p>No notice may be given to the customer, however, if the agency requests or orders a depository institution to terminate a customer account (or a group of customer accounts) based upon a belief that customer or those customers pose a threat to national security or are otherwise described above.</p> <p>(Sec. 3) The Financial Institutions Reform, Recovery, and Enforcement Act of 1989 is amended to revise requirements for summoning witnesses and requiring production of books or other records the Attorney General deems relevant or material to a civil investigation in contemplation of a civil proceeding which may result in civil penalties for specified violations.</p>]]></summary-text>
</summary>
<summary summary-id="id114hr766v79" currentChamber="HOUSE" update-date="2016-04-12">
<action-date>2016-01-28</action-date>
<action-desc>Reported to House without amendment</action-desc>
<summary-text><![CDATA[<p>(This measure has not been amended since it was introduced. The summary has been expanded because action occurred on the measure.)</p> <p><b>Financial Institution Customer Protection Act of 2015</b></p> <p> (Sec. 2) This bill prohibits a federal banking agency from formally or informally suggesting, requesting, or ordering a depository institution to terminate either a specific customer account, or group of customer accounts, or otherwise restrict or discourage it from entering into or maintaining a banking relationship with a specific customer or group of customers, unless: (1) the agency has a material reason to do so, and (2) the reason is not based solely on reputation risk.</p> <p>The &quot;material reason&quot; criterion shall be satisfied if a federal banking agency believes that a specific customer or group of customers poses a threat to national security, including any belief that they are involved in terrorist financing. </p>  <p>Nothing shall be construed as requiring a depository institution or an appropriate federal banking agency to inform a customer or customers of the justification for the customer's account termination.</p> <p>No notice may be given to the customer, furthermore, if the federal banking agency requests or orders a depository institution to terminate a customer account (or a group of customer accounts) based upon a belief that customer or those customers pose a threat to national security.</p> <p>(Sec. 3) The Financial Institutions Reform, Recovery, and Enforcement Act of 1989 is amended to revise requirements for summoning witnesses and requiring production of books or other records the Attorney General deems relevant or material to a civil investigation in contemplation of a civil proceeding which may result in civil penalties for specified violations.</p>]]></summary-text>
</summary>
<summary summary-id="id114hr766v00" currentChamber="HOUSE" update-date="2015-02-13">
<action-date>2015-02-05</action-date>
<action-desc>Introduced in House</action-desc>
<summary-text><![CDATA[<p><b>Financial Institution Customer Protection Act of 2015</b></p> <p> Prohibits a federal banking agency from formally or informally suggesting, requesting, or ordering a depository institution to terminate either a specific customer account, or group of customer accounts, or otherwise restrict or discourage it from entering into or maintaining a banking relationship with a specific customer or group of customers, unless: (1) the agency has a material reason to do so, and (2) the reason is not based solely on reputation risk.</p> <p>Deems the &quot;material reason&quot; criterion satisfied if a federal banking agency believes that a specific customer or group of customers poses a threat to national security, including any belief that they are involved in terrorist financing. </p> <p>Prescribes notice requirements incumbent upon the federal banking agency to the depository institution regarding customer account restriction or termination, but states that the agency's notice to the customer is not required. </p> <p>Prohibits any notice to the customer if the federal banking agency requests or orders a depository institution to terminate a customer account (or a group of customer accounts) based upon a belief that customer or those customers pose a threat to national security.</p> <p>Amends the Financial Institutions Reform, Recovery, and Enforcement Act of 1989 to revise requirements for summoning witnesses and requiring production of books or other records the Attorney General deems relevant or material to a civil investigation in contemplation of a civil proceeding which may result in civil penalties for specified violations.</p>]]></summary-text>
</summary>
</item>
<dublinCore xmlns:dc="http://purl.org/dc/elements/1.1/">
<dc:format>text/xml</dc:format>
<dc:language>EN</dc:language>
<dc:rights>Pursuant to Title 17 Section 105 of the United States Code, this file is not subject to copyright protection and is in the public domain.</dc:rights>
<dc:contributor>Congressional Research Service, Library of Congress</dc:contributor>
<dc:description>This file contains bill summaries for federal legislation. A bill summary describes the most significant provisions of a piece of legislation and details the effects the legislative text may have on current law and federal programs. Bill summaries are authored by the Congressional Research Service (CRS) of the Library of Congress. As stated in Public Law 91-510 (2 USC 166 (d)(6)), one of the duties of CRS is "to prepare summaries and digests of bills and resolutions of a public general nature introduced in the Senate or House of Representatives". For more information, refer to the User Guide that accompanies this file.</dc:description>
</dublinCore>
</BillSummaries>
