<?xml version="1.0" encoding="UTF-8"?>
<BillSummaries>
<item congress="114" measure-type="hr" measure-number="480" measure-id="id114hr480" originChamber="HOUSE" orig-publish-date="2015-01-22" update-date="2015-02-24">
<title>Housing America's Workforce Act of 2015</title>
<summary summary-id="id114hr480v00" currentChamber="HOUSE" update-date="2015-02-24">
<action-date>2015-01-22</action-date>
<action-desc>Introduced in House</action-desc>
<summary-text><![CDATA[<p><strong>Housing America's Workforce Act of 2015</strong> </p> <p> Amends the Internal Revenue Code to allow employers a business-related tax credit for up to 50% (100% for small business employers) of the qualified housing expenses paid for the benefit of their employees. Defines &quot;qualified housing expenses&quot; to include homeownership assistance and rental assistance. Limits the amount of such credit to the lesser of $10,000 or 6% of an employee's home purchase price, or up to $5,000 for rental assistance. Excludes from employee gross income the value of employer-paid housing assistance.</p> <p>Authorizes the Secretary of Housing and Urban Development to award grants in FY2015-FY2017, on a competitive basis, to nonprofit housing organizations or local governments for certain costs, including operating costs and technical assistance costs, of employer-assisted housing programs. Requires the Secretary to establish a national clearinghouse, including a website, to provide information about employer-assisted housing programs to federal, state, and local governments and other interested entities. </p> <p>Directs the Comptroller General to conduct a study of employer-assisted housing programs and provide the Secretary with an interim report by January 1, 2018, and final report by December 31, 2019. </p>]]></summary-text>
</summary>
</item>
<dublinCore xmlns:dc="http://purl.org/dc/elements/1.1/">
<dc:format>text/xml</dc:format>
<dc:language>EN</dc:language>
<dc:rights>Pursuant to Title 17 Section 105 of the United States Code, this file is not subject to copyright protection and is in the public domain.</dc:rights>
<dc:contributor>Congressional Research Service, Library of Congress</dc:contributor>
<dc:description>This file contains bill summaries for federal legislation. A bill summary describes the most significant provisions of a piece of legislation and details the effects the legislative text may have on current law and federal programs. Bill summaries are authored by the Congressional Research Service (CRS) of the Library of Congress. As stated in Public Law 91-510 (2 USC 166 (d)(6)), one of the duties of CRS is "to prepare summaries and digests of bills and resolutions of a public general nature introduced in the Senate or House of Representatives". For more information, refer to the User Guide that accompanies this file.</dc:description>
</dublinCore>
</BillSummaries>
