<?xml version="1.0" encoding="UTF-8"?><BillSummaries>
<item congress="115" measure-type="hr" measure-number="347" measure-id="id115hr347" originChamber="HOUSE" orig-publish-date="2017-01-05" update-date="2017-03-15">
<title>DHS Acquisition Documentation Integrity Act of 2017</title>
<summary summary-id="id115hr347v81" currentChamber="HOUSE" update-date="2017-03-15">
<action-date>2017-01-31</action-date>
<action-desc>Passed House without amendment</action-desc>
<summary-text><![CDATA[<p>(This measure has not been amended since it was introduced. The summary has been expanded because action occurred on the measure.)</p> <p><strong>DHS Acquisition Documentation Integrity Act of 2017</strong></p> <p>(Sec. 2) This bill amends the Homeland Security Act of 2002 to direct the Department of Homeland Security (DHS) to require the head of a relevant component or office to:</p> <ul> <li> maintain acquisition documentation that is complete, accurate, timely, and valid and that includes operational requirements that are validated consistent with DHS policy, a complete lifecycle cost estimate, verification of such estimate against independent cost estimates, a cost-benefit analysis, and a schedule;</li> <li> prepare cost estimates and schedules for major acquisition programs in a manner consistent with best practices as identified by the Government Accountability Office; and </li> <li> submit certain acquisition documentation to DHS to produce an annual comprehensive report on the status of DHS acquisitions for submission to Congress. </li> </ul> <p> DHS may waive such submission requirement for such a program for a fiscal year if the program: (1) has not entered the full rate production phase in the acquisition lifecycle, had a reasonable cost estimate established, and had a system configuration defined fully; or (2) does not meet the definition of capital asset, as defined by the Office of Management and Budget.</p> <p> DHS shall make available to Congress, at the same time the President's budget is submitted for a fiscal year, information on the requirements of this Act in the prior fiscal year, including the following information regarding each program for which DHS has waived the submission requirement: </p> <ul> <li>the grounds for granting a waiver for that program;</li> <li>the projected cost of that program;</li> <li>the proportion of a component's or office's annual acquisition budget attributed to that program; and</li> <li>information on the significance of the program with respect to the component's operations and execution of its mission. </li> </ul> <p>The bill defines a "major acquisition program" as one that is estimated to require total expenditures of at least $300 million.</p>]]></summary-text>
</summary>
<summary summary-id="id115hr347v00" currentChamber="HOUSE" update-date="2017-02-04">
<action-date>2017-01-05</action-date>
<action-desc>Introduced in House</action-desc>
<summary-text><![CDATA[<p><strong>DHS Acquisition Documentation Integrity Act of 2017</strong></p> <p>This bill amends the Homeland Security Act of 2002 to direct the Department of Homeland Security (DHS) to require the head of a relevant component or office to:</p> <ul> <li> maintain acquisition documentation that is complete, accurate, timely, and valid and that includes operational requirements that are validated consistent with DHS policy, a complete lifecycle cost estimate, verification of such estimate against independent cost estimates, a cost-benefit analysis, and a schedule;</li> <li> prepare cost estimates and schedules for major acquisition programs in a manner consistent with best practices as identified by the Government Accountability Office; and </li> <li> submit certain acquisition documentation to DHS to produce an annual comprehensive report on the status of DHS acquisitions for submission to Congress. </li> </ul> <p> DHS may waive such submission requirement for such a program for a fiscal year if the program: (1) has not entered the full rate production phase in the acquisition lifecycle, had a reasonable cost estimate established, and had a system configuration defined fully; or (2) does not meet the definition of capital asset, as defined by the Office of Management and Budget.</p> <p> DHS shall make available to Congress, at the same time the President's budget is submitted for a fiscal year, information on the requirements of this Act in the prior fiscal year, including the following information regarding each program for which DHS has waived the submission requirement: </p> <ul> <li>the grounds for granting a waiver for that program;</li> <li>the projected cost of that program;</li> <li>the proportion of a component's or office's annual acquisition budget attributed to that program; and</li> <li>information on the significance of the program with respect to the component's operations and execution of its mission. </li> </ul> <p>The bill defines a "major acquisition program" as one that is estimated to require total expenditures of at least $300 million.</p>]]></summary-text>
</summary>
</item>
<dublinCore xmlns:dc="http://purl.org/dc/elements/1.1/">
<dc:format>text/xml</dc:format>
<dc:language>EN</dc:language>
<dc:rights>Pursuant to Title 17 Section 105 of the United States Code, this file is not subject to copyright protection and is in the public domain.</dc:rights>
<dc:contributor>Congressional Research Service, Library of Congress</dc:contributor>
<dc:description>This file contains bill summaries for federal legislation. A bill summary describes the most significant provisions of a piece of legislation and details the effects the legislative text may have on current law and federal programs. Bill summaries are authored by the Congressional Research Service (CRS) of the Library of Congress. As stated in Public Law 91-510 (2 USC 166 (d)(6)), one of the duties of CRS is "to prepare summaries and digests of bills and resolutions of a public general nature introduced in the Senate or House of Representatives". For more information, refer to the User Guide that accompanies this file.</dc:description>
</dublinCore>
</BillSummaries>
