<?xml version="1.0" encoding="UTF-8"?><BillSummaries>
<item congress="115" measure-type="hr" measure-number="157" measure-id="id115hr157" originChamber="HOUSE" orig-publish-date="2017-01-03" update-date="2017-01-13">
<title>Combatting Terrorism in Tunisia Emergency Support Act of 2017</title>
<summary summary-id="id115hr157v00" currentChamber="HOUSE" update-date="2017-01-13">
<action-date>2017-01-03</action-date>
<action-desc>Introduced in House</action-desc>
<summary-text><![CDATA[<p><strong>Combatting Terrorism in Tunisia Emergency Support Act of 2017</strong></p> <p>This bill declares that it is the policy of the United States to assist the government of Tunisia in eliminating terrorist organizations that operate in Tunisia and neighboring Libya and preventing fighters in Syria from returning to Tunisia.</p> <p>This bill expresses the sense of the Congress that: </p> <ul> <li>significant reform that protects fundamental human rights is necessary to enable the Tunisian security services to combat terrorism and reinforce the rule of law; </li> <li>expeditious consideration of sales, leases, grants, or transfers of defense articles, services, and equipment is consistent with U.S. policy to assist in eliminating terrorist organizations that threaten Tunisia's national security; </li> <li>Tunisia's peaceful pursuit of democracy should be fully supported by the United States; </li> <li> organizations such as Ansar al-Sharia and the Islamic State have created terrorist sanctuaries in Libya and represent a significant threat to Tunisia's democratic government; and </li> <li>supporting Tunisia's orderly reform of its economic and social sectors should be a U.S. priority.</li> </ul> <p>The bill authorizes the Department of State to: </p> <ul> <li>provide assistance to strengthen and reform Tunisia's security sector;</li> <li>support Tunisia's efforts to combat terrorism; </li> <li>provide assistance to support Tunisia's democracy and civil society; </li> <li>provide assistance to support Tunisia's border security by enhancing its capabilities to interdict illicit weapons trafficking; </li> <li>reprogram certain funds to support Tunisia's economic reforms; and </li> <li>enter into a memorandum of understanding with Tunisia to increase military cooperation, including joint military exercises, personnel exchanges, and enhanced strategic dialogue. </li> </ul> <p>The President is authorized to provide defense articles, services, and training to Tunisia to counter terrorist threats.</p> <p>The State Department shall submit a strategic plan within 90 days to carry out this bill.</p>]]></summary-text>
</summary>
</item>
<dublinCore xmlns:dc="http://purl.org/dc/elements/1.1/">
<dc:format>text/xml</dc:format>
<dc:language>EN</dc:language>
<dc:rights>Pursuant to Title 17 Section 105 of the United States Code, this file is not subject to copyright protection and is in the public domain.</dc:rights>
<dc:contributor>Congressional Research Service, Library of Congress</dc:contributor>
<dc:description>This file contains bill summaries for federal legislation. A bill summary describes the most significant provisions of a piece of legislation and details the effects the legislative text may have on current law and federal programs. Bill summaries are authored by the Congressional Research Service (CRS) of the Library of Congress. As stated in Public Law 91-510 (2 USC 166 (d)(6)), one of the duties of CRS is "to prepare summaries and digests of bills and resolutions of a public general nature introduced in the Senate or House of Representatives". For more information, refer to the User Guide that accompanies this file.</dc:description>
</dublinCore>
</BillSummaries>
