<?xml version="1.0" encoding="UTF-8"?><BillSummaries>
<item congress="115" measure-type="hr" measure-number="868" measure-id="id115hr868" originChamber="HOUSE" orig-publish-date="2017-02-03" update-date="2017-02-22">
<title>National Museum of Asian Pacific American History and Culture Act</title>
<summary summary-id="id115hr868v00" currentChamber="HOUSE" update-date="2017-02-22">
<action-date>2017-02-03</action-date>
<action-desc>Introduced in House</action-desc>
<summary-text><![CDATA[<p><b>National Museum of Asian Pacific American History and Culture Act</b></p> <p>This bill establishes a National Museum of Asian Pacific American History and Culture within the Smithsonian Institution to provide for the collection, study, and establishment of programs related to Asian Pacific American life, art, history, and culture. </p> <p>The bill also establishes a National Museum of Asian Pacific American History and Culture Council to: (1) make recommendations to the Board of Regents of the Smithsonian Institution concerning construction of the Museum, and (2) advise and assist the Board on all matters related to the Museum's administration and preservation. </p> <p>The Institute of Museum and Library Services shall establish: (1) a grant program for improving operations, care of collections, and development of professional management at Asian Pacific American museums; (2) a grant program that provides internship and fellowship opportunities at such museums; and (3) a scholarship program for assisting individuals who are pursuing careers or carrying out studies in the arts, humanities, and sciences in the study of Asian Pacific American life, art, history, and culture. </p> <p>The Board shall designate a site for the Museum within 12 months of this bill's enactment.</p>]]></summary-text>
</summary>
</item>
<dublinCore xmlns:dc="http://purl.org/dc/elements/1.1/">
<dc:format>text/xml</dc:format>
<dc:language>EN</dc:language>
<dc:rights>Pursuant to Title 17 Section 105 of the United States Code, this file is not subject to copyright protection and is in the public domain.</dc:rights>
<dc:contributor>Congressional Research Service, Library of Congress</dc:contributor>
<dc:description>This file contains bill summaries for federal legislation. A bill summary describes the most significant provisions of a piece of legislation and details the effects the legislative text may have on current law and federal programs. Bill summaries are authored by the Congressional Research Service (CRS) of the Library of Congress. As stated in Public Law 91-510 (2 USC 166 (d)(6)), one of the duties of CRS is "to prepare summaries and digests of bills and resolutions of a public general nature introduced in the Senate or House of Representatives". For more information, refer to the User Guide that accompanies this file.</dc:description>
</dublinCore>
</BillSummaries>
