<?xml version="1.0" encoding="UTF-8"?><BillSummaries>
<item congress="115" measure-type="hr" measure-number="569" measure-id="id115hr569" originChamber="HOUSE" orig-publish-date="2017-01-13" update-date="2017-02-09">
<title>Reserve Retirement Deployment Credit Correction Act</title>
<summary summary-id="id115hr569v00" currentChamber="HOUSE" update-date="2017-02-09">
<action-date>2017-01-13</action-date>
<action-desc>Introduced in House</action-desc>
<summary-text><![CDATA[<p><strong>Reserve Retirement Deployment Credit Correction Act</strong></p> <p>This bill provides for retroactive calculation as of October 7, 2001, (the start of combat operations in Afghanistan) of qualifying active duty or active service days as a member of the Ready Reserve in order to reduce the eligibility age for receipt of retired pay for non-regular service. The current calculation date is January 28, 2008.</p>]]></summary-text>
</summary>
</item>
<dublinCore xmlns:dc="http://purl.org/dc/elements/1.1/">
<dc:format>text/xml</dc:format>
<dc:language>EN</dc:language>
<dc:rights>Pursuant to Title 17 Section 105 of the United States Code, this file is not subject to copyright protection and is in the public domain.</dc:rights>
<dc:contributor>Congressional Research Service, Library of Congress</dc:contributor>
<dc:description>This file contains bill summaries for federal legislation. A bill summary describes the most significant provisions of a piece of legislation and details the effects the legislative text may have on current law and federal programs. Bill summaries are authored by the Congressional Research Service (CRS) of the Library of Congress. As stated in Public Law 91-510 (2 USC 166 (d)(6)), one of the duties of CRS is "to prepare summaries and digests of bills and resolutions of a public general nature introduced in the Senate or House of Representatives". For more information, refer to the User Guide that accompanies this file.</dc:description>
</dublinCore>
</BillSummaries>
