<?xml version="1.0" encoding="UTF-8"?><BillSummaries>
<item congress="115" measure-type="hr" measure-number="449" measure-id="id115hr449" originChamber="HOUSE" orig-publish-date="2017-01-11" update-date="2017-01-26">
<title>Synthetic Drug Awareness Act of 2017</title>
<summary summary-id="id115hr449v00" currentChamber="HOUSE" update-date="2017-01-26">
<action-date>2017-01-11</action-date>
<action-desc>Introduced in House</action-desc>
<summary-text><![CDATA[<p><b>Synthetic Drug Awareness Act of 2017</b></p> This bill requires the Surgeon General to report to Congress on the public health effects of the increased use since January 2010 by individuals who are 12 to 18 years old of drugs developed and manufactured to avoid control under the Controlled Substances Act (e.g., synthetic marijuana, also known as &quot;spice,&quot; and synthetic amphetamines, also known as &quot;bath salts&quot;).]]></summary-text>
</summary>
</item>
<dublinCore xmlns:dc="http://purl.org/dc/elements/1.1/">
<dc:format>text/xml</dc:format>
<dc:language>EN</dc:language>
<dc:rights>Pursuant to Title 17 Section 105 of the United States Code, this file is not subject to copyright protection and is in the public domain.</dc:rights>
<dc:contributor>Congressional Research Service, Library of Congress</dc:contributor>
<dc:description>This file contains bill summaries for federal legislation. A bill summary describes the most significant provisions of a piece of legislation and details the effects the legislative text may have on current law and federal programs. Bill summaries are authored by the Congressional Research Service (CRS) of the Library of Congress. As stated in Public Law 91-510 (2 USC 166 (d)(6)), one of the duties of CRS is "to prepare summaries and digests of bills and resolutions of a public general nature introduced in the Senate or House of Representatives". For more information, refer to the User Guide that accompanies this file.</dc:description>
</dublinCore>
</BillSummaries>
