<?xml version="1.0" encoding="UTF-8"?><BillSummaries>
<item congress="115" measure-type="hr" measure-number="1225" measure-id="id115hr1225" originChamber="HOUSE" orig-publish-date="2017-02-27" update-date="2017-04-04">
<title>To award a Congressional Gold Medal to Edwin Cole "Ed" Bearss, in recognition of his contributions to preservation of American Civil War history and continued efforts to bring our nation's history alive for new generations through his interpretive storytelling.</title>
<summary summary-id="id115hr1225v00" currentChamber="HOUSE" update-date="2017-04-04">
<action-date>2017-02-27</action-date>
<action-desc>Introduced in House</action-desc>
<summary-text><![CDATA[<p>This bill directs the Speaker of the House of Representatives and the President pro tempore of the Senate to arrange for the presentation of a Congressional Gold Medal to Edwin Cole &quot;Ed&quot; Bearss in recognition of his contributions to the preservation of American Civil War history and his continued efforts to bring our nation's history alive for new generations through his interpretive storytelling. </p>]]></summary-text>
</summary>
</item>
<dublinCore xmlns:dc="http://purl.org/dc/elements/1.1/">
<dc:format>text/xml</dc:format>
<dc:language>EN</dc:language>
<dc:rights>Pursuant to Title 17 Section 105 of the United States Code, this file is not subject to copyright protection and is in the public domain.</dc:rights>
<dc:contributor>Congressional Research Service, Library of Congress</dc:contributor>
<dc:description>This file contains bill summaries for federal legislation. A bill summary describes the most significant provisions of a piece of legislation and details the effects the legislative text may have on current law and federal programs. Bill summaries are authored by the Congressional Research Service (CRS) of the Library of Congress. As stated in Public Law 91-510 (2 USC 166 (d)(6)), one of the duties of CRS is "to prepare summaries and digests of bills and resolutions of a public general nature introduced in the Senate or House of Representatives". For more information, refer to the User Guide that accompanies this file.</dc:description>
</dublinCore>
</BillSummaries>
