<?xml version="1.0" encoding="UTF-8"?><BillSummaries>
<item congress="115" measure-type="hr" measure-number="1712" measure-id="id115hr1712" originChamber="HOUSE" orig-publish-date="2017-03-23" update-date="2017-04-08">
<title>Protection and Advocacy for Veterans Act</title>
<summary summary-id="id115hr1712v00" currentChamber="HOUSE" update-date="2017-04-08">
<action-date>2017-03-23</action-date>
<action-desc>Introduced in House</action-desc>
<summary-text><![CDATA[<p><strong>Protection and Advocacy for Veterans Act</strong></p> <p>This bill directs the Department of Veterans Affairs (VA) to establish a five-year grant program to improve the monitoring of VA mental health and substance abuse treatment programs. </p> <p>The VA shall award a grant to four protection and advocacy systems under which each recipient shall investigate and monitor VA facilities care and treatment of veterans with mental illness or substance abuse issues. Criteria for selecting recipients shall include whether the state in which the protection and advocacy system operates has low mental health, performance, and access scores. </p> <p>During each year in which a protection and advocacy system carries out a demonstration project, the VA shall award a joint grant to a national organization with extensive knowledge of the protection and advocacy system and a veterans service organization to: (1) coordinate training and technical assistance, and (2) provide for related data collection, reporting, and analysis.</p> <p> &quot;Protection and advocacy system&quot; means the state-established system to protect and advocate the rights of persons with developmental disabilities.</p>]]></summary-text>
</summary>
</item>
<dublinCore xmlns:dc="http://purl.org/dc/elements/1.1/">
<dc:format>text/xml</dc:format>
<dc:language>EN</dc:language>
<dc:rights>Pursuant to Title 17 Section 105 of the United States Code, this file is not subject to copyright protection and is in the public domain.</dc:rights>
<dc:contributor>Congressional Research Service, Library of Congress</dc:contributor>
<dc:description>This file contains bill summaries for federal legislation. A bill summary describes the most significant provisions of a piece of legislation and details the effects the legislative text may have on current law and federal programs. Bill summaries are authored by the Congressional Research Service (CRS) of the Library of Congress. As stated in Public Law 91-510 (2 USC 166 (d)(6)), one of the duties of CRS is "to prepare summaries and digests of bills and resolutions of a public general nature introduced in the Senate or House of Representatives". For more information, refer to the User Guide that accompanies this file.</dc:description>
</dublinCore>
</BillSummaries>
