<?xml version="1.0" encoding="UTF-8"?><BillSummaries>
<item congress="115" measure-type="hr" measure-number="82" measure-id="id115hr82" originChamber="HOUSE" orig-publish-date="2017-01-03" update-date="2017-01-12">
<title>Criminal Alien Deportation Enforcement Act of 2017</title>
<summary summary-id="id115hr82v00" currentChamber="HOUSE" update-date="2017-01-12">
<action-date>2017-01-03</action-date>
<action-desc>Introduced in House</action-desc>
<summary-text><![CDATA[<p><strong>Criminal Alien Deportation Enforcement Act of 2017</strong></p> <p>This bill amends the Foreign Assistance Act of 1961 to prohibit financial assistance to a foreign country that refuses or unreasonably delays the acceptance of an alien who: (1) is a citizen, subject, national, or resident of such country; and (2) has received a final order of removal from the United States.</p> <p>A country shall be deemed to have refused or unreasonably delayed acceptance of an alien if it does not accept such alien within 90 days of receiving an authorized repatriation request. </p> <p>The Department of Homeland Security shall submit a report to Congress every three months that: (1) lists the countries that refuse or unreasonably delay repatriation; and (2) includes the total number of aliens who were refused repatriation, organized by country, detention status, and criminal status.</p> <p> A listed country shall be subject to U.S. entry and financial assistance prohibitions unless it issues appropriate travel documents: (1) within 100 days after such report's submission for aliens convicted of a crime committed in the United States, and (2) within 200 days after such report's submission for all other aliens.</p> <p>A victim (or an immediate family member thereof) of a crime committed by any alien who has been issued a final order of removal shall have standing in federal district court to enforce entry and financial prohibitions. </p> <p>The Immigration and Nationality Act is amended to: (1) discontinue granting visas to a subject, national, or resident of a listed country unless the country has issued the appropriate travel documents pursuant to this bill; and (2) grant standing to enforce such provision in federal district court to a victim (or an immediate family member thereof) of a crime committed by any alien who has been issued a final order of removal.</p>]]></summary-text>
</summary>
</item>
<dublinCore xmlns:dc="http://purl.org/dc/elements/1.1/">
<dc:format>text/xml</dc:format>
<dc:language>EN</dc:language>
<dc:rights>Pursuant to Title 17 Section 105 of the United States Code, this file is not subject to copyright protection and is in the public domain.</dc:rights>
<dc:contributor>Congressional Research Service, Library of Congress</dc:contributor>
<dc:description>This file contains bill summaries for federal legislation. A bill summary describes the most significant provisions of a piece of legislation and details the effects the legislative text may have on current law and federal programs. Bill summaries are authored by the Congressional Research Service (CRS) of the Library of Congress. As stated in Public Law 91-510 (2 USC 166 (d)(6)), one of the duties of CRS is "to prepare summaries and digests of bills and resolutions of a public general nature introduced in the Senate or House of Representatives". For more information, refer to the User Guide that accompanies this file.</dc:description>
</dublinCore>
</BillSummaries>
