<?xml version="1.0" encoding="UTF-8"?><BillSummaries>
<item congress="115" measure-type="hr" measure-number="1500" measure-id="id115hr1500" originChamber="HOUSE" orig-publish-date="2017-03-10" update-date="2017-07-25">
<title>Robert Emmet Park Act of 2017</title>
<summary summary-id="id115hr1500v81" currentChamber="HOUSE" update-date="2017-07-25">
<action-date>2017-06-28</action-date>
<action-desc>Passed House without amendment</action-desc>
<summary-text><![CDATA[<p>(This measure has not been amended since it was introduced. The expanded summary of the House reported version is repeated here.)</p> <p><b>Robert Emmet Park Act of 2017</b></p> <p>(Sec. 3) This bill redesignates as &quot;Robert Emmet Park&quot; the small triangular property located at the corner of 24th Street and Massachusetts Avenue NW in Washington, DC, and designated by the National Park Service as reservation 302. </p> <p>The Department of the Interior may post signs on or near the park, including one or more on: (1) information about Robert Emmet, his contribution to Irish Independence, and his respect for the United States and the American Revolution; and (2) information about the history of the statue of Robert Emmet located in the park. </p> <p>]]></summary-text>
</summary>
<summary summary-id="id115hr1500v79" currentChamber="HOUSE" update-date="2017-05-25">
<action-date>2017-05-11</action-date>
<action-desc>Reported to House without amendment</action-desc>
<summary-text><![CDATA[<p>(This measure has not been amended since it was introduced. The summary has been expanded because action occurred on the measure.)</p> <p><b>Robert Emmet Park Act of 2017</b></p> <p>(Sec. 3) This bill redesignates as &quot;Robert Emmet Park&quot; the small triangular property located at the corner of 24th Street and Massachusetts Avenue NW in Washington, DC, and designated by the National Park Service as reservation 302. </p> <p>The Department of the Interior may post signs on or near the park, including one or more on: (1) information about Robert Emmet, his contribution to Irish Independence, and his respect for the United States and the American Revolution; and (2) information about the history of the statue of Robert Emmet located in the park. </p> <p>]]></summary-text>
</summary>
<summary summary-id="id115hr1500v00" currentChamber="HOUSE" update-date="2017-03-23">
<action-date>2017-03-10</action-date>
<action-desc>Introduced in House</action-desc>
<summary-text><![CDATA[<p><b>Robert Emmet Park Act of 2017</b></p> <p>This bill redesignates as &quot;Robert Emmet Park&quot; the small triangular property located at the corner of 24th Street and Massachusetts Avenue NW in Washington, DC, and designated by the National Park Service as reservation 302. </p>]]></summary-text>
</summary>
</item>
<dublinCore xmlns:dc="http://purl.org/dc/elements/1.1/">
<dc:format>text/xml</dc:format>
<dc:language>EN</dc:language>
<dc:rights>Pursuant to Title 17 Section 105 of the United States Code, this file is not subject to copyright protection and is in the public domain.</dc:rights>
<dc:contributor>Congressional Research Service, Library of Congress</dc:contributor>
<dc:description>This file contains bill summaries for federal legislation. A bill summary describes the most significant provisions of a piece of legislation and details the effects the legislative text may have on current law and federal programs. Bill summaries are authored by the Congressional Research Service (CRS) of the Library of Congress. As stated in Public Law 91-510 (2 USC 166 (d)(6)), one of the duties of CRS is "to prepare summaries and digests of bills and resolutions of a public general nature introduced in the Senate or House of Representatives". For more information, refer to the User Guide that accompanies this file.</dc:description>
</dublinCore>
</BillSummaries>
