<?xml version="1.0" encoding="UTF-8"?><BillSummaries>
<item congress="115" measure-type="hr" measure-number="299" measure-id="id115hr299" originChamber="HOUSE" orig-publish-date="2017-01-05" update-date="2018-11-29">
<title>Blue Water Navy Vietnam Veterans Act of 2017</title>
<summary summary-id="id115hr299v17" currentChamber="HOUSE" update-date="2018-11-29">
<action-date>2018-05-18</action-date>
<action-desc>Reported to House with amendment(s)</action-desc>
<summary-text><![CDATA[<p>This bill extends the presumption of service connection for certain diseases associated with herbicide exposure to veterans who served: (1) in the territorial seas of Vietnam between January 9, 1962, and May 7, 1975, or (2) in or near the Korean demilitarized zone between September 1, 1967, and August 31, 1971. Under a presumption of service-connection, specific disabilities diagnosed in certain veterans are presumed to have been caused by the circumstances of their military service. Health care benefits and disability compensation may then be awarded.</p>   <p>The bill extends eligibility for health care, vocational training and rehabilitation, and monetary allowance to children with spina bifida who have at least one veteran parent who may have been exposed to an herbicide agent while serving in Thailand between January 9, 1962, and May 7, 1975.</p> <p>The bill revises the VA's home loan guaranty program to adjust loan fee rates and eliminate the limit on guaranty amount that is based on the Federal Home Loan Mortgage Corporation (Freddie Mac) conforming loan limit.</p> <p>The VA shall permit a VA-approved appraiser to make a housing loan appraisal based solely on information gathered by a person with whom the appraiser has entered into an agreement for such services. </p>]]></summary-text>
</summary>
<summary summary-id="id115hr299v00" currentChamber="HOUSE" update-date="2017-01-26">
<action-date>2017-01-05</action-date>
<action-desc>Introduced in House</action-desc>
<summary-text><![CDATA[<p><strong>Blue Water Navy Vietnam Veterans Act of 2017</strong></p> <p> This bill includes as part of the Republic of Vietnam its territorial seas for purposes of the presumption of service connection for diseases associated with exposure by veterans to certain herbicide agents while in Vietnam.</p>]]></summary-text>
</summary>
</item>
<dublinCore xmlns:dc="http://purl.org/dc/elements/1.1/">
<dc:format>text/xml</dc:format>
<dc:language>EN</dc:language>
<dc:rights>Pursuant to Title 17 Section 105 of the United States Code, this file is not subject to copyright protection and is in the public domain.</dc:rights>
<dc:contributor>Congressional Research Service, Library of Congress</dc:contributor>
<dc:description>This file contains bill summaries for federal legislation. A bill summary describes the most significant provisions of a piece of legislation and details the effects the legislative text may have on current law and federal programs. Bill summaries are authored by the Congressional Research Service (CRS) of the Library of Congress. As stated in Public Law 91-510 (2 USC 166 (d)(6)), one of the duties of CRS is "to prepare summaries and digests of bills and resolutions of a public general nature introduced in the Senate or House of Representatives". For more information, refer to the User Guide that accompanies this file.</dc:description>
</dublinCore>
</BillSummaries>
