<?xml version="1.0" encoding="UTF-8"?><BillSummaries>
<item congress="115" measure-type="hr" measure-number="954" measure-id="id115hr954" originChamber="HOUSE" orig-publish-date="2017-02-07" update-date="2018-01-24">
<title>To remove the use restrictions on certain land transferred to Rockingham County, Virginia, and for other purposes.</title>
<summary summary-id="id115hr954v49" currentChamber="BOTH" update-date="2018-01-24">
<action-date>2018-01-12</action-date>
<action-desc>Public Law</action-desc>
<summary-text><![CDATA[<p>(This measure has not been amended since it was introduced. The expanded summary of the House passed version is repeated here.)</p> <p> (Sec. 1) This bill declares that the approximately one-acre portion of specified land transferred by the United States to Rockingham County, Virginia, that is used for purposes of a child care center, shall not be subject to the use restriction imposed in the deed for the transferred land. </p> <p>The bill eliminates the requirement that the county include information concerning the use of the transferred land for a child care center in biennial reports to the Department of the Interior. </p>]]></summary-text>
</summary>
<summary summary-id="id115hr954v82" currentChamber="SENATE" update-date="2018-01-19">
<action-date>2017-12-21</action-date>
<action-desc>Passed Senate without amendment</action-desc>
<summary-text><![CDATA[<p>(This measure has not been amended since it was introduced. The expanded summary of the House passed version is repeated here.)</p> <p> (Sec. 1) This bill declares that the approximately one-acre portion of specified land transferred by the United States to Rockingham County, Virginia, that is used for purposes of a child care center, shall not be subject to the use restriction imposed in the deed for the transferred land. </p> <p>The bill eliminates the requirement that the county include information concerning the use of the transferred land for a child care center in biennial reports to the Department of the Interior. </p>]]></summary-text>
</summary>
<summary summary-id="id115hr954v81" currentChamber="HOUSE" update-date="2017-07-27">
<action-date>2017-07-11</action-date>
<action-desc>Passed House without amendment</action-desc>
<summary-text><![CDATA[<p>(This measure has not been amended since it was introduced. The summary has been expanded because action occurred on the measure.)</p> <p> (Sec. 1) This bill declares that the approximately one-acre portion of specified land transferred by the United States to Rockingham County, Virginia, that is used for purposes of a child care center, shall not be subject to the use restriction imposed in the deed for the transferred land. </p> <p>The bill eliminates the requirement that the county include information concerning the use of the transferred land for a child care center in biennial reports to the Department of the Interior. </p>]]></summary-text>
</summary>
<summary summary-id="id115hr954v00" currentChamber="HOUSE" update-date="2017-02-22">
<action-date>2017-02-07</action-date>
<action-desc>Introduced in House</action-desc>
<summary-text><![CDATA[<p> This bill declares that the approximately one-acre portion of specified land transferred by the United States to Rockingham County, Virginia, that is used for purposes of a child care center, shall not be subject to the use restriction imposed in the deed for the transferred land. </p> <p>The bill eliminates the requirement that the county include information concerning the use of the transferred land for a child care center in biennial reports to the Department of the Interior. </p>]]></summary-text>
</summary>
</item>
<dublinCore xmlns:dc="http://purl.org/dc/elements/1.1/">
<dc:format>text/xml</dc:format>
<dc:language>EN</dc:language>
<dc:rights>Pursuant to Title 17 Section 105 of the United States Code, this file is not subject to copyright protection and is in the public domain.</dc:rights>
<dc:contributor>Congressional Research Service, Library of Congress</dc:contributor>
<dc:description>This file contains bill summaries for federal legislation. A bill summary describes the most significant provisions of a piece of legislation and details the effects the legislative text may have on current law and federal programs. Bill summaries are authored by the Congressional Research Service (CRS) of the Library of Congress. As stated in Public Law 91-510 (2 USC 166 (d)(6)), one of the duties of CRS is "to prepare summaries and digests of bills and resolutions of a public general nature introduced in the Senate or House of Representatives". For more information, refer to the User Guide that accompanies this file.</dc:description>
</dublinCore>
</BillSummaries>
