<?xml version="1.0" encoding="UTF-8"?><BillSummaries>
<item congress="115" measure-type="hr" measure-number="1003" measure-id="id115hr1003" originChamber="HOUSE" orig-publish-date="2017-02-13" update-date="2017-04-12">
<title>District of Columbia Courts and Public Defender Service Voluntary Separation Incentive Payments Act</title>
<summary summary-id="id115hr1003v79" currentChamber="HOUSE" update-date="2017-04-12">
<action-date>2017-04-06</action-date>
<action-desc>Reported to House without amendment</action-desc>
<summary-text><![CDATA[<p>(This measure has not been amended since it was introduced. The summary has been expanded because action occurred on the measure.)</p> <p><b>District of Columbia Courts and Public Defender Service Voluntary Separation Incentive Payments Act</b></p> <p>(Sec. 2) This bill amends the District of Columbia Code to authorize the Joint Committee on Judicial Administration to establish a voluntary separation incentive payments program for nonjudicial employees of the DC courts substantially similar to that for certain federal employees and members of the uniformed services, except that the maximum payment amount to any individual may not exceed $25,000.</p> <p>(Sec. 3) The District of Columbia Court Reform and Criminal Procedure Act of 1970 is amended to authorize the DC Public Defender Service also to establish such a program for the Service's employees, again limiting the maximum payment amount to any individual to $25,000.</p>]]></summary-text>
</summary>
<summary summary-id="id115hr1003v00" currentChamber="HOUSE" update-date="2017-04-12">
<action-date>2017-02-13</action-date>
<action-desc>Introduced in House</action-desc>
<summary-text><![CDATA[<p><b>District of Columbia Courts and Public Defender Service Voluntary Separation Incentive Payments Act</b></p> <p>This bill amends the District of Columbia Code to authorize the Joint Committee on Judicial Administration to establish a voluntary separation incentive payments program for nonjudicial employees of the DC courts substantially similar to that for certain federal employees and members of the uniformed services, except that the maximum payment amount to any individual may not exceed $25,000.</p> <p>The District of Columbia Court Reform and Criminal Procedure Act of 1970 is amended to authorize the DC Public Defender Service also to establish such a program for the Service's employees, again limiting the maximum payment amount to any individual to $25,000.</p>]]></summary-text>
</summary>
</item>
<dublinCore xmlns:dc="http://purl.org/dc/elements/1.1/">
<dc:format>text/xml</dc:format>
<dc:language>EN</dc:language>
<dc:rights>Pursuant to Title 17 Section 105 of the United States Code, this file is not subject to copyright protection and is in the public domain.</dc:rights>
<dc:contributor>Congressional Research Service, Library of Congress</dc:contributor>
<dc:description>This file contains bill summaries for federal legislation. A bill summary describes the most significant provisions of a piece of legislation and details the effects the legislative text may have on current law and federal programs. Bill summaries are authored by the Congressional Research Service (CRS) of the Library of Congress. As stated in Public Law 91-510 (2 USC 166 (d)(6)), one of the duties of CRS is "to prepare summaries and digests of bills and resolutions of a public general nature introduced in the Senate or House of Representatives". For more information, refer to the User Guide that accompanies this file.</dc:description>
</dublinCore>
</BillSummaries>
