<?xml version="1.0" encoding="UTF-8"?><BillSummaries>
<item congress="115" measure-type="hr" measure-number="90" measure-id="id115hr90" originChamber="HOUSE" orig-publish-date="2017-01-03" update-date="2017-01-17">
<title>Providing Veterans Overdue Care Act of 2017</title>
<summary summary-id="id115hr90v00" currentChamber="HOUSE" update-date="2017-01-17">
<action-date>2017-01-03</action-date>
<action-desc>Introduced in House</action-desc>
<summary-text><![CDATA[<p><strong>Providing Veterans Overdue Care Act of 2017</strong></p> <p>This bill authorizes the Department of Veterans Affairs to carry out major medical facility leases in specified amounts for:</p> <ul> <li> outpatient clinics in Ann Arbor, Michigan; Daytona Beach, Gainesville, and Ocala, Florida; Hampton Roads, Virginia; Missoula, Montana; Northern Colorado, Colorado; Oxnard and Santa Rosa, California; Pike County, Georgia; Portland, Maine; and Raleigh, North Carolina;</li> <li> an outpatient mental health clinic and an outpatient specialty clinic in Birmingham, Alabama;</li> <li>research space in Boston, Massachusetts; Charleston, South Carolina; and Mission Bay, California;</li> <li>Chief Business Office Purchased Care office space in Denver, Colorado; and</li> <li> replacement outpatient clinics in Corpus Christi, Texas; Jacksonville and Tampa, Florida; Pontiac, Michigan; Rochester, New York (phase II); and Terre Haute, Indiana. </li></ul>]]></summary-text>
</summary>
</item>
<dublinCore xmlns:dc="http://purl.org/dc/elements/1.1/">
<dc:format>text/xml</dc:format>
<dc:language>EN</dc:language>
<dc:rights>Pursuant to Title 17 Section 105 of the United States Code, this file is not subject to copyright protection and is in the public domain.</dc:rights>
<dc:contributor>Congressional Research Service, Library of Congress</dc:contributor>
<dc:description>This file contains bill summaries for federal legislation. A bill summary describes the most significant provisions of a piece of legislation and details the effects the legislative text may have on current law and federal programs. Bill summaries are authored by the Congressional Research Service (CRS) of the Library of Congress. As stated in Public Law 91-510 (2 USC 166 (d)(6)), one of the duties of CRS is "to prepare summaries and digests of bills and resolutions of a public general nature introduced in the Senate or House of Representatives". For more information, refer to the User Guide that accompanies this file.</dc:description>
</dublinCore>
</BillSummaries>
