<?xml version="1.0" encoding="UTF-8"?><BillSummaries>
<item congress="115" measure-type="hr" measure-number="575" measure-id="id115hr575" originChamber="HOUSE" orig-publish-date="2017-01-13" update-date="2017-02-01">
<title>Cosmetic Modernization Amendments of 2017</title>
<summary summary-id="id115hr575v00" currentChamber="HOUSE" update-date="2017-02-01">
<action-date>2017-01-13</action-date>
<action-desc>Introduced in House</action-desc>
<summary-text><![CDATA[<p><b>Cosmetic Modernization Amendments of 2017</b></p> <p>This bill amends the Federal Food, Drug, and Cosmetic Act to set forth provisions governing the regulation of cosmetics by the Food and Drug Administration (FDA), including requiring the registration of manufacturing establishments and the submission of a cosmetic and ingredient statement for each cosmetic. The FDA must publish a list of registered establishments and a list of cosmetics and their ingredients.</p> <p>Cosmetic manufacturers, packers, and distributors must report to the FDA any serious and unexpected adverse events likely caused by a cosmetic. Cosmetic labels must include contact information to report a serious adverse event.</p> <p>The FDA may establish principles and standards for good manufacturing practices for cosmetics. A cosmetic may not be sold if it presents a significant risk of serious adverse health consequences because it was not manufactured in accordance with good manufacturing practices.</p> <p>Certain ingredients are deemed safe for use in cosmetics unless restricted by the FDA. The FDA must establish a program to evaluate the safety of cosmetics and cosmetic ingredients.</p> <p>The FDA must establish and maintain a National Cosmetic Regulatory Databank that contains submitted information on cosmetics. Confidential business and trade secret information may be disclosed only to state agencies that request this information for good cause.</p> <p>The FDA may establish exemptions to requirements so that implementation and compliance is cost-effective.</p> <p>Color additives that the FDA has not listed as suitable and safe but that are generally recognized as safe may be used in cosmetics.</p> <p>States and local governments may not establish or continue in effect specified requirements relating to cosmetics.</p> Cosmetics may only be imported from registered establishments that have submitted a cosmetic and ingredient statement.]]></summary-text>
</summary>
</item>
<dublinCore xmlns:dc="http://purl.org/dc/elements/1.1/">
<dc:format>text/xml</dc:format>
<dc:language>EN</dc:language>
<dc:rights>Pursuant to Title 17 Section 105 of the United States Code, this file is not subject to copyright protection and is in the public domain.</dc:rights>
<dc:contributor>Congressional Research Service, Library of Congress</dc:contributor>
<dc:description>This file contains bill summaries for federal legislation. A bill summary describes the most significant provisions of a piece of legislation and details the effects the legislative text may have on current law and federal programs. Bill summaries are authored by the Congressional Research Service (CRS) of the Library of Congress. As stated in Public Law 91-510 (2 USC 166 (d)(6)), one of the duties of CRS is "to prepare summaries and digests of bills and resolutions of a public general nature introduced in the Senate or House of Representatives". For more information, refer to the User Guide that accompanies this file.</dc:description>
</dublinCore>
</BillSummaries>
