<?xml version="1.0" encoding="UTF-8"?><BillSummaries>
<item congress="115" measure-type="hr" measure-number="699" measure-id="id115hr699" originChamber="HOUSE" orig-publish-date="2017-01-24" update-date="2018-01-24">
<title>Mount Hood Cooper Spur Land Exchange Clarification Act</title>
<summary summary-id="id115hr699v49" currentChamber="BOTH" update-date="2018-01-24">
<action-date>2018-01-10</action-date>
<action-desc>Public Law</action-desc>
<summary-text><![CDATA[<p>(This measure has not been amended since it was introduced. The expanded summary of the House passed version is repeated here.)</p> <p><b>Mount Hood Cooper Spur Land Exchange Clarification Act</b></p> <p> (Sec. 2) This bill amends the Omnibus Public Land Management Act of 2009 to revise details of the Cooper Spur-Government Camp land exchange between the United States and Oregon. </p> <p>After the final appraised value of the federal and nonfederal lands is determined and approved by the Department of Agriculture (USDA), USDA shall not be required to reappraise or update that value for up to three years, unless the condition of any of the lands is significantly and substantially altered by fire, windstorm, or other events. </p> <p>The bill revises conveyance conditions regarding reservation of a conservation easement to protect identified wetland, reservation of a nonexclusive trail easement, and equalization of values of the exchange properties. </p>]]></summary-text>
</summary>
<summary summary-id="id115hr699v82" currentChamber="SENATE" update-date="2018-01-18">
<action-date>2017-12-21</action-date>
<action-desc>Passed Senate without amendment</action-desc>
<summary-text><![CDATA[<p>(This measure has not been amended since it was introduced. The expanded summary of the House passed version is repeated here.)</p> <p><b>Mount Hood Cooper Spur Land Exchange Clarification Act</b></p> <p> (Sec. 2) This bill amends the Omnibus Public Land Management Act of 2009 to revise details of the Cooper Spur-Government Camp land exchange between the United States and Oregon. </p> <p>After the final appraised value of the federal and nonfederal lands is determined and approved by the Department of Agriculture (USDA), USDA shall not be required to reappraise or update that value for up to three years, unless the condition of any of the lands is significantly and substantially altered by fire, windstorm, or other events. </p> <p>The bill revises conveyance conditions regarding reservation of a conservation easement to protect identified wetland, reservation of a nonexclusive trail easement, and equalization of values of the exchange properties. </p>]]></summary-text>
</summary>
<summary summary-id="id115hr699v80" currentChamber="SENATE" update-date="2018-01-18">
<action-date>2017-05-09</action-date>
<action-desc>Reported to Senate without amendment</action-desc>
<summary-text><![CDATA[<p>(This measure has not been amended since it was introduced. The expanded summary of the House passed version is repeated here.)</p> <p><b>Mount Hood Cooper Spur Land Exchange Clarification Act</b></p> <p> (Sec. 2) This bill amends the Omnibus Public Land Management Act of 2009 to revise details of the Cooper Spur-Government Camp land exchange between the United States and Oregon. </p> <p>After the final appraised value of the federal and nonfederal lands is determined and approved by the Department of Agriculture (USDA), USDA shall not be required to reappraise or update that value for up to three years, unless the condition of any of the lands is significantly and substantially altered by fire, windstorm, or other events. </p> <p>The bill revises conveyance conditions regarding reservation of a conservation easement to protect identified wetland, reservation of a nonexclusive trail easement, and equalization of values of the exchange properties. </p>]]></summary-text>
</summary>
<summary summary-id="id115hr699v81" currentChamber="HOUSE" update-date="2018-01-18">
<action-date>2017-02-27</action-date>
<action-desc>Passed House without amendment</action-desc>
<summary-text><![CDATA[<p>(This measure has not been amended since it was introduced. The summary has been expanded because action occurred on the measure.)</p> <p><b>Mount Hood Cooper Spur Land Exchange Clarification Act</b></p> <p> (Sec. 2) This bill amends the Omnibus Public Land Management Act of 2009 to revise details of the Cooper Spur-Government Camp land exchange between the United States and Oregon. </p> <p>After the final appraised value of the federal and nonfederal lands is determined and approved by the Department of Agriculture (USDA), USDA shall not be required to reappraise or update that value for up to three years, unless the condition of any of the lands is significantly and substantially altered by fire, windstorm, or other events. </p> <p>The bill revises conveyance conditions regarding reservation of a conservation easement to protect identified wetland, reservation of a nonexclusive trail easement, and equalization of values of the exchange properties. </p>]]></summary-text>
</summary>
<summary summary-id="id115hr699v00" currentChamber="HOUSE" update-date="2018-01-18">
<action-date>2017-01-24</action-date>
<action-desc>Introduced in House</action-desc>
<summary-text><![CDATA[<p><b>Mount Hood Cooper Spur Land Exchange Clarification Act</b></p> <p> This bill amends the Omnibus Public Land Management Act of 2009 to revise details of the Cooper Spur-Government Camp land exchange between the United States and Oregon. </p> <p>After the final appraised value of the federal and nonfederal lands is determined and approved by the Department of Agriculture (USDA), USDA shall not be required to reappraise or update that value for a period of up to three years, unless the condition of any of the lands is significantly and substantially altered by fire, windstorm, or other events. </p> <p>The bill revises conveyance conditions regarding reservation of a conservation easement to protect identified wetland, reservation of a nonexclusive trail easement, and equalization of values of the exchange properties. </p>]]></summary-text>
</summary>
</item>
<dublinCore xmlns:dc="http://purl.org/dc/elements/1.1/">
<dc:format>text/xml</dc:format>
<dc:language>EN</dc:language>
<dc:rights>Pursuant to Title 17 Section 105 of the United States Code, this file is not subject to copyright protection and is in the public domain.</dc:rights>
<dc:contributor>Congressional Research Service, Library of Congress</dc:contributor>
<dc:description>This file contains bill summaries for federal legislation. A bill summary describes the most significant provisions of a piece of legislation and details the effects the legislative text may have on current law and federal programs. Bill summaries are authored by the Congressional Research Service (CRS) of the Library of Congress. As stated in Public Law 91-510 (2 USC 166 (d)(6)), one of the duties of CRS is "to prepare summaries and digests of bills and resolutions of a public general nature introduced in the Senate or House of Representatives". For more information, refer to the User Guide that accompanies this file.</dc:description>
</dublinCore>
</BillSummaries>
