<?xml version="1.0" encoding="UTF-8"?><BillSummaries>
<item congress="115" measure-type="hr" measure-number="2047" measure-id="id115hr2047" originChamber="HOUSE" orig-publish-date="2017-04-06" update-date="2017-04-20">
<title>Behavioral Health Infrastructure Improvement Act</title>
<summary summary-id="id115hr2047v00" currentChamber="HOUSE" update-date="2017-04-20">
<action-date>2017-04-06</action-date>
<action-desc>Introduced in House</action-desc>
<summary-text><![CDATA[<p><strong>Behavioral Health Infrastructure Improvement Act</strong></p> <p>This bill amends title XIX (Medicaid) of the Social Security Act to&nbsp;temporarily increase the&nbsp;Federal Medical Assistance Percentage (FMAP) for behavioral health infrastructure and systems improvements under a state medical assistance program. For a period of five years,&nbsp;a state's&nbsp;FMAP for such improvements shall equal 90%. (Generally, a state's FMAP under Medicaid&nbsp;may range&nbsp;from 50% to 83%.)</p> <p>The bill also establishes a grant program for states to establish or support a behavioral health assistance office or ombudsman&nbsp;to&nbsp;coordinate behavioral health and other assistance for&nbsp;Medicaid beneficiaries. The office or ombudsman shall: (1) track, quantify, and report on&nbsp;problems and inquiries encountered by Medicaid beneficiaries with respect to access to&nbsp;behavioral health services; (2) educate Medicaid beneficiaries on their rights and responsibilities to such access; and&nbsp;(3) assist Medicaid beneficiaries in&nbsp;the enforcement of&nbsp;those rights and in accessing services.</p>]]></summary-text>
</summary>
</item>
<dublinCore xmlns:dc="http://purl.org/dc/elements/1.1/">
<dc:format>text/xml</dc:format>
<dc:language>EN</dc:language>
<dc:rights>Pursuant to Title 17 Section 105 of the United States Code, this file is not subject to copyright protection and is in the public domain.</dc:rights>
<dc:contributor>Congressional Research Service, Library of Congress</dc:contributor>
<dc:description>This file contains bill summaries for federal legislation. A bill summary describes the most significant provisions of a piece of legislation and details the effects the legislative text may have on current law and federal programs. Bill summaries are authored by the Congressional Research Service (CRS) of the Library of Congress. As stated in Public Law 91-510 (2 USC 166 (d)(6)), one of the duties of CRS is "to prepare summaries and digests of bills and resolutions of a public general nature introduced in the Senate or House of Representatives". For more information, refer to the User Guide that accompanies this file.</dc:description>
</dublinCore>
</BillSummaries>
