<?xml version="1.0" encoding="UTF-8"?><BillSummaries>
<item congress="115" measure-type="hr" measure-number="145" measure-id="id115hr145" originChamber="HOUSE" orig-publish-date="2017-01-03" update-date="2017-01-31">
<title>CLEAN Act</title>
<summary summary-id="id115hr145v00" currentChamber="HOUSE" update-date="2017-01-31">
<action-date>2017-01-03</action-date>
<action-desc>Introduced in House</action-desc>
<summary-text><![CDATA[<p><b>Citizen Legislature Anti-Corruption Reform Act or the CLEAN Act</b></p> <p> This bill amends the Civil Service Retirement System (CSRS) and the Federal Employees' Retirement System (FERS) to exclude Members of Congress, except the Vice President, from further CSRS and FERS retirement coverage.</p> <p>The bill prohibits further government contributions or deductions from such Member's basic pay for deposit in the Treasury to the credit of the Civil Service Retirement and Disability Fund.</p> <p>Nothing in this bill shall: (1) be considered to nullify, modify, or otherwise affect any right, entitlement, or benefit under CSRS or FERS for any Member covering any period before enactment of this bill; or (2) affect the eligibility of a Member to participate in the Thrift Savings Plan (TSP) in accordance with otherwise applicable law.</p> <p>The bill requires that each bill, order, resolution, or vote submitted by Congress to the President be limited to one subject which shall be clearly expressed in the measure's or vote's title.</p> <p> Any provision of law that provides an exception in its application to a Member of Congress or an employee of such Member shall have no effect. </p> <p>Each state must conduct congressional redistricting, beginning with the decennial census conducted during 2020, using a redistricting plan developed by a nonpartisan independent redistricting commission (NIRC). After such redistricting, no state may use federal funds directly for election administration purposes unless it certifies to the Election Assistance Commission (EAC) that it conducts redistricting for its legislative districts using an NIRC redistricting plan.</p> <p>Each state must hold open primaries for elections for federal office. A state may not use any federal funds provided directly for election administration purposes unless it certifies to the EAC that it holds open primaries for elections for state and local office.]]></summary-text>
</summary>
</item>
<dublinCore xmlns:dc="http://purl.org/dc/elements/1.1/">
<dc:format>text/xml</dc:format>
<dc:language>EN</dc:language>
<dc:rights>Pursuant to Title 17 Section 105 of the United States Code, this file is not subject to copyright protection and is in the public domain.</dc:rights>
<dc:contributor>Congressional Research Service, Library of Congress</dc:contributor>
<dc:description>This file contains bill summaries for federal legislation. A bill summary describes the most significant provisions of a piece of legislation and details the effects the legislative text may have on current law and federal programs. Bill summaries are authored by the Congressional Research Service (CRS) of the Library of Congress. As stated in Public Law 91-510 (2 USC 166 (d)(6)), one of the duties of CRS is "to prepare summaries and digests of bills and resolutions of a public general nature introduced in the Senate or House of Representatives". For more information, refer to the User Guide that accompanies this file.</dc:description>
</dublinCore>
</BillSummaries>
