<?xml version="1.0" encoding="UTF-8"?><BillSummaries>
<item congress="115" measure-type="hr" measure-number="1788" measure-id="id115hr1788" originChamber="HOUSE" orig-publish-date="2017-03-29" update-date="2017-08-30">
<title>Recognizing Mayaguez Veterans Act</title>
<summary summary-id="id115hr1788v00" currentChamber="HOUSE" update-date="2017-08-30">
<action-date>2017-03-29</action-date>
<action-desc>Introduced in House</action-desc>
<summary-text><![CDATA[<p><strong>Recognizing Mayaguez Veterans Act</strong></p> <p>This bill requires the military department concerned, upon application by or on behalf of a veteran who was awarded the Armed Forces Expeditionary Medal for participation in the Mayaguez rescue operation of May 12-May 15, 1975, or who otherwise participated in such operation, to award that veteran the Vietnam Service Medal, notwithstanding any otherwise applicable requirements. Such award shall be made in lieu of any Armed Forces Expeditionary Medal awarded for participation in such operation. </p>]]></summary-text>
</summary>
</item>
<dublinCore xmlns:dc="http://purl.org/dc/elements/1.1/">
<dc:format>text/xml</dc:format>
<dc:language>EN</dc:language>
<dc:rights>Pursuant to Title 17 Section 105 of the United States Code, this file is not subject to copyright protection and is in the public domain.</dc:rights>
<dc:contributor>Congressional Research Service, Library of Congress</dc:contributor>
<dc:description>This file contains bill summaries for federal legislation. A bill summary describes the most significant provisions of a piece of legislation and details the effects the legislative text may have on current law and federal programs. Bill summaries are authored by the Congressional Research Service (CRS) of the Library of Congress. As stated in Public Law 91-510 (2 USC 166 (d)(6)), one of the duties of CRS is "to prepare summaries and digests of bills and resolutions of a public general nature introduced in the Senate or House of Representatives". For more information, refer to the User Guide that accompanies this file.</dc:description>
</dublinCore>
</BillSummaries>
