<?xml version="1.0" encoding="UTF-8"?><BillSummaries>
<item congress="115" measure-type="hr" measure-number="858" measure-id="id115hr858" originChamber="HOUSE" orig-publish-date="2017-02-03" update-date="2017-02-21">
<title>DREAMers, Immigrants, and Refugees (DIRe) Legal Aid Act</title>
<summary summary-id="id115hr858v00" currentChamber="HOUSE" update-date="2017-02-21">
<action-date>2017-02-03</action-date>
<action-desc>Introduced in House</action-desc>
<summary-text><![CDATA[<p><strong>DREAMers, Immigrants, and Refugees (DIRe) Legal Aid Act</strong></p> <p>This bill directs the Department of Justice to <o > make grants to nonprofit legal services providers with immigration law expertise to provide immigration-related legal services and advice to an alien who: (1) is present in the United States as a lawful permanent resident; (2) has received a grant of deferred action under the Deferred Action for Childhood Arrivals program, has been admitted as a refugee (or the alien's spouse or parent has been so admitted), or has been determined to be qualified for such admission; and (3) has been ordered removed, is in removal proceedings, or is at risk of being denied U.S. entry or admission. </p> <p>The Department of Homeland Security shall provide such aliens: (1) with provider contact information; and (2) if in detention, with an opportunity to arrange representation by such a provider. </p> <p>The Under Secretary for Science and Technology shall carry out a study on the outcomes for individuals in removal proceedings with legal representation compared to the outcomes for such individuals without legal representation.</p>]]></summary-text>
</summary>
</item>
<dublinCore xmlns:dc="http://purl.org/dc/elements/1.1/">
<dc:format>text/xml</dc:format>
<dc:language>EN</dc:language>
<dc:rights>Pursuant to Title 17 Section 105 of the United States Code, this file is not subject to copyright protection and is in the public domain.</dc:rights>
<dc:contributor>Congressional Research Service, Library of Congress</dc:contributor>
<dc:description>This file contains bill summaries for federal legislation. A bill summary describes the most significant provisions of a piece of legislation and details the effects the legislative text may have on current law and federal programs. Bill summaries are authored by the Congressional Research Service (CRS) of the Library of Congress. As stated in Public Law 91-510 (2 USC 166 (d)(6)), one of the duties of CRS is "to prepare summaries and digests of bills and resolutions of a public general nature introduced in the Senate or House of Representatives". For more information, refer to the User Guide that accompanies this file.</dc:description>
</dublinCore>
</BillSummaries>
