<?xml version="1.0" encoding="UTF-8"?><BillSummaries>
<item congress="115" measure-type="hr" measure-number="1459" measure-id="id115hr1459" originChamber="HOUSE" orig-publish-date="2017-03-09" update-date="2017-03-27">
<title>Financial Stability Oversight Council Reform Act</title>
<summary summary-id="id115hr1459v00" currentChamber="HOUSE" update-date="2017-03-27">
<action-date>2017-03-09</action-date>
<action-desc>Introduced in House</action-desc>
<summary-text><![CDATA[<p><b>Financial Stability Oversight Council Reform Act </b></p> <p>This bill amends the Financial Stability Act of 2010 to make the budgets of the Financial Stability Oversight Council (FSOC) and the Office of Financial Research (OFR) subject to the annual appropriations process and to establish requirements for reports and a public notice and comment period. </p> <p> The budgets of the FSOC and the OFR are funded by assessments on financial institutions which are deposited into the Financial Research Fund and, under current law, are immediately available to be spent. This bill requires the funding from the Financial Research Fund to be made available by appropriations Acts. </p> <p> The OFR must submit quarterly reports to Congress regarding its: </p> <ul> <li>finances;</li> <li>workforce; and</li> <li>actions taken to achieve the goals, objectives, and performance measures of the office. </li> </ul> <p> The OFR must provide a public notice and comment period of at least 90 days before issuing any proposed report, rule, or regulation. </p> <p> The bill expands the duties of the OFR to include: </p> <ul> <li>publishing an annual work plan; </li> <li> consulting with other federal departments and agencies with relevant expertise prior to preparing any public report with respect to a specified entity, class of entities, or financial product or service; and </li> <li> developing and implementing a cybersecurity plan. </li> </ul> <p>The Government Accountability Office must annually audit the cybersecurity plan and its implementation. </p>]]></summary-text>
</summary>
</item>
<dublinCore xmlns:dc="http://purl.org/dc/elements/1.1/">
<dc:format>text/xml</dc:format>
<dc:language>EN</dc:language>
<dc:rights>Pursuant to Title 17 Section 105 of the United States Code, this file is not subject to copyright protection and is in the public domain.</dc:rights>
<dc:contributor>Congressional Research Service, Library of Congress</dc:contributor>
<dc:description>This file contains bill summaries for federal legislation. A bill summary describes the most significant provisions of a piece of legislation and details the effects the legislative text may have on current law and federal programs. Bill summaries are authored by the Congressional Research Service (CRS) of the Library of Congress. As stated in Public Law 91-510 (2 USC 166 (d)(6)), one of the duties of CRS is "to prepare summaries and digests of bills and resolutions of a public general nature introduced in the Senate or House of Representatives". For more information, refer to the User Guide that accompanies this file.</dc:description>
</dublinCore>
</BillSummaries>
