<?xml version="1.0" encoding="UTF-8"?><BillSummaries>
<item congress="115" measure-type="hr" measure-number="326" measure-id="id115hr326" originChamber="HOUSE" orig-publish-date="2017-01-05" update-date="2017-02-01">
<title>Neuromyelitis Optica Consortium Act</title>
<summary summary-id="id115hr326v00" currentChamber="HOUSE" update-date="2017-02-01">
<action-date>2017-01-05</action-date>
<action-desc>Introduced in House</action-desc>
<summary-text><![CDATA[<p><b>Neuromyelitis Optica Consortium Act</b></p> <p>This bill amends the Public Health Service Act to require the National Institutes of Health to establish, administer, and coordinate a national consortium on neuromyelitis optica (NMO), which is a neurological disease that can cause blindness and paralysis. The consortium must:</p> <ul> <li> award grants for research on the causes of, and the risk factors and biomarkers associated with, NMO;</li> <li> assemble a panel of experts to provide guidance and recommendations on research design and protocols; and</li> <li> designate a central laboratory to collect and analyze data from this research and to make the data and analysis available to researchers.</li> </ul>]]></summary-text>
</summary>
</item>
<dublinCore xmlns:dc="http://purl.org/dc/elements/1.1/">
<dc:format>text/xml</dc:format>
<dc:language>EN</dc:language>
<dc:rights>Pursuant to Title 17 Section 105 of the United States Code, this file is not subject to copyright protection and is in the public domain.</dc:rights>
<dc:contributor>Congressional Research Service, Library of Congress</dc:contributor>
<dc:description>This file contains bill summaries for federal legislation. A bill summary describes the most significant provisions of a piece of legislation and details the effects the legislative text may have on current law and federal programs. Bill summaries are authored by the Congressional Research Service (CRS) of the Library of Congress. As stated in Public Law 91-510 (2 USC 166 (d)(6)), one of the duties of CRS is "to prepare summaries and digests of bills and resolutions of a public general nature introduced in the Senate or House of Representatives". For more information, refer to the User Guide that accompanies this file.</dc:description>
</dublinCore>
</BillSummaries>
