<?xml version="1.0" encoding="UTF-8"?><BillSummaries>
<item congress="115" measure-type="hr" measure-number="950" measure-id="id115hr950" originChamber="HOUSE" orig-publish-date="2017-02-07" update-date="2017-03-28">
<title>SAFETI Act</title>
<summary summary-id="id115hr950v00" currentChamber="HOUSE" update-date="2017-03-28">
<action-date>2017-02-07</action-date>
<action-desc>Introduced in House</action-desc>
<summary-text><![CDATA[<p><strong>Security for the Administration of Federal Election from Terrorists Intervention Act of 2017 or the SAFETI Act</strong></p> <p>This bill requires the Department of Homeland Security (DHS) to submit to the Government Accountability Office (GAO) and Congress a report on actions taken by DHS relating to terrorist threats to the integrity of the 2016 federal elections. The GAO shall conduct an assessment of the effectiveness of such actions and include recommendations for improvements.</p>]]></summary-text>
</summary>
</item>
<dublinCore xmlns:dc="http://purl.org/dc/elements/1.1/">
<dc:format>text/xml</dc:format>
<dc:language>EN</dc:language>
<dc:rights>Pursuant to Title 17 Section 105 of the United States Code, this file is not subject to copyright protection and is in the public domain.</dc:rights>
<dc:contributor>Congressional Research Service, Library of Congress</dc:contributor>
<dc:description>This file contains bill summaries for federal legislation. A bill summary describes the most significant provisions of a piece of legislation and details the effects the legislative text may have on current law and federal programs. Bill summaries are authored by the Congressional Research Service (CRS) of the Library of Congress. As stated in Public Law 91-510 (2 USC 166 (d)(6)), one of the duties of CRS is "to prepare summaries and digests of bills and resolutions of a public general nature introduced in the Senate or House of Representatives". For more information, refer to the User Guide that accompanies this file.</dc:description>
</dublinCore>
</BillSummaries>
