<?xml version="1.0" encoding="UTF-8"?><BillSummaries>
<item congress="115" measure-type="hr" measure-number="671" measure-id="id115hr671" originChamber="HOUSE" orig-publish-date="2017-01-24" update-date="2017-02-14">
<title>HER Act</title>
<summary summary-id="id115hr671v00" currentChamber="HOUSE" update-date="2017-02-14">
<action-date>2017-01-24</action-date>
<action-desc>Introduced in House</action-desc>
<summary-text><![CDATA[<p><strong>Global Health, Empowerment, and Rights Act or the HER Act</strong></p> <p>This bill states that foreign nongovernmental organizations shall not be ineligible for U.S. international development assistance under the Foreign Assistance Act of 1961 solely on the basis of health or medical services provided by such organizations with non-U.S. government funds if such services do not violate the laws of the country in which they are being provided and would not violate U.S. federal law if provided in the United States. Such organizations also shall not be subject to requirements relating to the use of non-U.S. government funds for advocacy and lobbying activities other than those that apply to U.S. nongovernmental organizations receiving such assistance under such Act.</p>]]></summary-text>
</summary>
</item>
<dublinCore xmlns:dc="http://purl.org/dc/elements/1.1/">
<dc:format>text/xml</dc:format>
<dc:language>EN</dc:language>
<dc:rights>Pursuant to Title 17 Section 105 of the United States Code, this file is not subject to copyright protection and is in the public domain.</dc:rights>
<dc:contributor>Congressional Research Service, Library of Congress</dc:contributor>
<dc:description>This file contains bill summaries for federal legislation. A bill summary describes the most significant provisions of a piece of legislation and details the effects the legislative text may have on current law and federal programs. Bill summaries are authored by the Congressional Research Service (CRS) of the Library of Congress. As stated in Public Law 91-510 (2 USC 166 (d)(6)), one of the duties of CRS is "to prepare summaries and digests of bills and resolutions of a public general nature introduced in the Senate or House of Representatives". For more information, refer to the User Guide that accompanies this file.</dc:description>
</dublinCore>
</BillSummaries>
