<?xml version="1.0" encoding="UTF-8"?><BillSummaries>
<item congress="115" measure-type="hr" measure-number="1790" measure-id="id115hr1790" originChamber="HOUSE" orig-publish-date="2017-03-29" update-date="2017-04-07">
<title>Veterans Health Care Trust Fund Act</title>
<summary summary-id="id115hr1790v00" currentChamber="HOUSE" update-date="2017-04-07">
<action-date>2017-03-29</action-date>
<action-desc>Introduced in House</action-desc>
<summary-text><![CDATA[<p><strong>Veterans Health Care Trust Fund Act</strong></p> <p>This bill requires the Department of Veterans Affairs (VA), upon the commencement of any war, to establish a trust fund to be named for that war. </p> <p>Amounts collected pursuant to a war tax (required by this bill) shall be deposited into such fund and may be used by the VA to provide for veterans who serve on active duty during that war programs and benefits directly related to their health care. </p> <p>For any fiscal year during which the VA makes a withdrawal from such a fund, the Government Accountability Office shall conduct an audit of the consolidated financial statements relating to the fund. </p> <p>The bill amends the Internal Revenue Code to provide for the imposition upon individuals who have not served on active duty in the Armed Forces of a graduated income tax with respect to each war occurring at any time during the taxable year.</p>]]></summary-text>
</summary>
</item>
<dublinCore xmlns:dc="http://purl.org/dc/elements/1.1/">
<dc:format>text/xml</dc:format>
<dc:language>EN</dc:language>
<dc:rights>Pursuant to Title 17 Section 105 of the United States Code, this file is not subject to copyright protection and is in the public domain.</dc:rights>
<dc:contributor>Congressional Research Service, Library of Congress</dc:contributor>
<dc:description>This file contains bill summaries for federal legislation. A bill summary describes the most significant provisions of a piece of legislation and details the effects the legislative text may have on current law and federal programs. Bill summaries are authored by the Congressional Research Service (CRS) of the Library of Congress. As stated in Public Law 91-510 (2 USC 166 (d)(6)), one of the duties of CRS is "to prepare summaries and digests of bills and resolutions of a public general nature introduced in the Senate or House of Representatives". For more information, refer to the User Guide that accompanies this file.</dc:description>
</dublinCore>
</BillSummaries>
