<?xml version="1.0" encoding="UTF-8"?><BillSummaries>
<item congress="115" measure-type="hr" measure-number="1440" measure-id="id115hr1440" originChamber="HOUSE" orig-publish-date="2017-03-08" update-date="2017-03-28">
<title>Fair and Clear Campaign Transparency Act</title>
<summary summary-id="id115hr1440v00" currentChamber="HOUSE" update-date="2017-03-28">
<action-date>2017-03-08</action-date>
<action-desc>Introduced in House</action-desc>
<summary-text><![CDATA[<p><b>Fair and Clear Campaign Transparency Act</b></p> <p>This bill directs the Federal Communications Commission to require online public inspection files that must be uploaded to the Internet by television broadcast stations, AM or FM radio broadcast stations, cable operators, direct broadcast satellite service providers, or satellite digital audio radio service providers to be made available to the public in a machine-readable format that supports automated searching, bulk downloading, aggregation, manipulation, and sorting.</p> <p>Public inspection files include political files that contain records of requests to purchase broadcast time by or on behalf of candidates for public office or to communicate a message relating to a political matter of national importance.</p>]]></summary-text>
</summary>
</item>
<dublinCore xmlns:dc="http://purl.org/dc/elements/1.1/">
<dc:format>text/xml</dc:format>
<dc:language>EN</dc:language>
<dc:rights>Pursuant to Title 17 Section 105 of the United States Code, this file is not subject to copyright protection and is in the public domain.</dc:rights>
<dc:contributor>Congressional Research Service, Library of Congress</dc:contributor>
<dc:description>This file contains bill summaries for federal legislation. A bill summary describes the most significant provisions of a piece of legislation and details the effects the legislative text may have on current law and federal programs. Bill summaries are authored by the Congressional Research Service (CRS) of the Library of Congress. As stated in Public Law 91-510 (2 USC 166 (d)(6)), one of the duties of CRS is "to prepare summaries and digests of bills and resolutions of a public general nature introduced in the Senate or House of Representatives". For more information, refer to the User Guide that accompanies this file.</dc:description>
</dublinCore>
</BillSummaries>
