<?xml version="1.0" encoding="UTF-8"?><BillSummaries>
<item congress="115" measure-type="hr" measure-number="1040" measure-id="id115hr1040" originChamber="HOUSE" orig-publish-date="2017-02-14" update-date="2019-11-08">
<title>Flat Tax Act</title>
<summary summary-id="id115hr1040v00" currentChamber="HOUSE" update-date="2019-11-08">
<action-date>2017-02-14</action-date>
<action-desc>Introduced in House</action-desc>
<summary-text><![CDATA[<p><strong>Flat Tax Act </strong></p> <p>This bill amends the Internal Revenue Code to authorize an individual or a person engaged in business activity to make an irrevocable election to be subject to a flat tax (in lieu of the existing income tax provisions) of 19% for the first two years after an election is made, and 17% thereafter. </p> <p>The bill calculates taxable income for individual taxpayers by subtracting a basic standard deduction and an additional standard deduction for each dependent from the total of wages, retirement distributions, and unemployment compensation. "Business taxable income" is gross active income reduced by certain deductions for the cost of business inputs, wages, and retirement contributions. </p> <p>The bill imposes an employer tax on the value of excludable compensation provided to employees not engaged in business activity of 19% for the first two years after an election is made under this bill and 17% thereafter. </p> <p>The bill also repeals the estate, gift, and generation-skipping transfer taxes. </p> <p> A two-thirds vote of the House of Representatives and the Senate is required to increase the flat tax rate proposed by this bill or to reduce the amount of the standard deduction or business-related deductions allowed by this bill. </p>]]></summary-text>
</summary>
</item>
<dublinCore xmlns:dc="http://purl.org/dc/elements/1.1/">
<dc:format>text/xml</dc:format>
<dc:language>EN</dc:language>
<dc:rights>Pursuant to Title 17 Section 105 of the United States Code, this file is not subject to copyright protection and is in the public domain.</dc:rights>
<dc:contributor>Congressional Research Service, Library of Congress</dc:contributor>
<dc:description>This file contains bill summaries for federal legislation. A bill summary describes the most significant provisions of a piece of legislation and details the effects the legislative text may have on current law and federal programs. Bill summaries are authored by the Congressional Research Service (CRS) of the Library of Congress. As stated in Public Law 91-510 (2 USC 166 (d)(6)), one of the duties of CRS is "to prepare summaries and digests of bills and resolutions of a public general nature introduced in the Senate or House of Representatives". For more information, refer to the User Guide that accompanies this file.</dc:description>
</dublinCore>
</BillSummaries>
