<?xml version="1.0" encoding="UTF-8"?><BillSummaries>
<item congress="115" measure-type="hr" measure-number="936" measure-id="id115hr936" originChamber="HOUSE" orig-publish-date="2017-02-07" update-date="2017-03-28">
<title>SPACE-A</title>
<summary summary-id="id115hr936v00" currentChamber="HOUSE" update-date="2017-03-28">
<action-date>2017-02-07</action-date>
<action-desc>Introduced in House</action-desc>
<summary-text><![CDATA[<p><strong>Special Priority on Aircrafts and Coverage Equity Act of 2017 or SPACE-A </strong></p> <p>This bill directs the Department of Defense to provide transportation on scheduled and unscheduled military flights within the continental United States and on scheduled overseas flights on a space-available basis for veterans with a service-connected, permanent disability rated as total on the same basis as such transportation is provided to members of the Armed Forces entitled to retired or retainer pay.</p>]]></summary-text>
</summary>
</item>
<dublinCore xmlns:dc="http://purl.org/dc/elements/1.1/">
<dc:format>text/xml</dc:format>
<dc:language>EN</dc:language>
<dc:rights>Pursuant to Title 17 Section 105 of the United States Code, this file is not subject to copyright protection and is in the public domain.</dc:rights>
<dc:contributor>Congressional Research Service, Library of Congress</dc:contributor>
<dc:description>This file contains bill summaries for federal legislation. A bill summary describes the most significant provisions of a piece of legislation and details the effects the legislative text may have on current law and federal programs. Bill summaries are authored by the Congressional Research Service (CRS) of the Library of Congress. As stated in Public Law 91-510 (2 USC 166 (d)(6)), one of the duties of CRS is "to prepare summaries and digests of bills and resolutions of a public general nature introduced in the Senate or House of Representatives". For more information, refer to the User Guide that accompanies this file.</dc:description>
</dublinCore>
</BillSummaries>
