<?xml version="1.0" encoding="UTF-8"?><BillSummaries>
<item congress="115" measure-type="hr" measure-number="408" measure-id="id115hr408" originChamber="HOUSE" orig-publish-date="2017-01-10" update-date="2017-03-27">
<title>American Future Healthcare Act of 2017</title>
<summary summary-id="id115hr408v00" currentChamber="HOUSE" update-date="2017-03-27">
<action-date>2017-01-10</action-date>
<action-desc>Introduced in House</action-desc>
<summary-text><![CDATA[<p><b>American Future Healthcare Act of 2017</b></p> <p>This bill amends the Internal Revenue Code, with respect to health savings accounts (HSAs), to: </p> <ul> <li> repeal the requirement that an individual making a tax deductible contribution to an HSA be covered by a high deductible health care plan; </li> <li> increase the maximum HSA contribution level; </li> <li> allow Medicare eligible individuals to contribute to an HSA; </li> <li> allow HSAs to be used to purchase health insurance; </li> <li> provide a cost-of-living adjustment for the limits on additional contributions for individuals 55 or older (catch-up contributions); </li> <li> require the cost-of-living adjustments to be indexed to the CPI medical care component (the medical care component for the Consumer Price Index for All Urban Consumers published by the Department of Labor); and </li> <li> allow a rollover of HSA amounts to a Medicare Advantage Medical Savings Account (MSA). </li> </ul>]]></summary-text>
</summary>
</item>
<dublinCore xmlns:dc="http://purl.org/dc/elements/1.1/">
<dc:format>text/xml</dc:format>
<dc:language>EN</dc:language>
<dc:rights>Pursuant to Title 17 Section 105 of the United States Code, this file is not subject to copyright protection and is in the public domain.</dc:rights>
<dc:contributor>Congressional Research Service, Library of Congress</dc:contributor>
<dc:description>This file contains bill summaries for federal legislation. A bill summary describes the most significant provisions of a piece of legislation and details the effects the legislative text may have on current law and federal programs. Bill summaries are authored by the Congressional Research Service (CRS) of the Library of Congress. As stated in Public Law 91-510 (2 USC 166 (d)(6)), one of the duties of CRS is "to prepare summaries and digests of bills and resolutions of a public general nature introduced in the Senate or House of Representatives". For more information, refer to the User Guide that accompanies this file.</dc:description>
</dublinCore>
</BillSummaries>
