<?xml version="1.0" encoding="UTF-8"?><BillSummaries>
<item congress="115" measure-type="hr" measure-number="614" measure-id="id115hr614" originChamber="HOUSE" orig-publish-date="2017-01-23" update-date="2017-02-01">
<title>To require each owner of a dwelling unit assisted under the section 8 rental assistance voucher program to remain current with respect to local property and school taxes and to authorize a public housing agency to use such rental assistance amounts to pay such tax debt of such an owner, and for other purposes.</title>
<summary summary-id="id115hr614v00" currentChamber="HOUSE" update-date="2017-02-01">
<action-date>2017-01-23</action-date>
<action-desc>Introduced in House</action-desc>
<summary-text><![CDATA[<p><b>Protect Our Schools from Tax Delinquents Act of 201</b><b>7</b></p> <p>This bill amends the United States Housing Act of 1937 to require that each housing assistance payments contract entered into under the Section 8 rental assistance voucher program by a public housing agency (PHA) and the owner of a dwelling unit provide that such owner pay, on a timely basis, all covered taxes validly assessed against the property in which the unit is located. </p> <p>A "covered tax" is any tax under state or local law assessed upon real property or the revenue of which is dedicated for use only for schools or for costs of education.</p> <p>The bill allows a contract to provide that, upon notification and identification of a tax delinquency by a taxing authority, the PHA shall abate all of the rental assistance amounts for the property, transferring them monthly to the taxing authority, until the delinquency is eliminated.</p> <p>The bill does not authorize or establish any cause or grounds for the termination of the tenancy of any tenant from any dwelling unit assisted under the rental assistance voucher program.</p> <p>The Department of Housing and Urban Development must maintain a database of information regarding owners of dwelling units: (1) assisted under the program whose housing assistance payments contracts have been terminated for noncompliance with the requirements of this bill, and (2) with respect to whom assistance amounts have been abated and transferred to a taxing authority.</p>]]></summary-text>
</summary>
</item>
<dublinCore xmlns:dc="http://purl.org/dc/elements/1.1/">
<dc:format>text/xml</dc:format>
<dc:language>EN</dc:language>
<dc:rights>Pursuant to Title 17 Section 105 of the United States Code, this file is not subject to copyright protection and is in the public domain.</dc:rights>
<dc:contributor>Congressional Research Service, Library of Congress</dc:contributor>
<dc:description>This file contains bill summaries for federal legislation. A bill summary describes the most significant provisions of a piece of legislation and details the effects the legislative text may have on current law and federal programs. Bill summaries are authored by the Congressional Research Service (CRS) of the Library of Congress. As stated in Public Law 91-510 (2 USC 166 (d)(6)), one of the duties of CRS is "to prepare summaries and digests of bills and resolutions of a public general nature introduced in the Senate or House of Representatives". For more information, refer to the User Guide that accompanies this file.</dc:description>
</dublinCore>
</BillSummaries>
