<?xml version="1.0" encoding="UTF-8"?><BillSummaries>
<item congress="115" measure-type="hr" measure-number="1482" measure-id="id115hr1482" originChamber="HOUSE" orig-publish-date="2017-03-09" update-date="2017-06-01">
<title>To authorize the Secretary of Agriculture to maintain or replace certain facilities and structures for commercial recreation services at Smith Gulch in Idaho, and for other purposes.</title>
<summary summary-id="id115hr1482v00" currentChamber="HOUSE" update-date="2017-06-01">
<action-date>2017-03-09</action-date>
<action-desc>Introduced in House</action-desc>
<summary-text><![CDATA[<p>This bill states that the authorization of the Department of Agriculture (USDA) under the Wild and Scenic Rivers Act, with respect to the Salmon River in Idaho, to maintain or replace facilities or structures for commercial recreation services at Smith Gulch may include improvements or replacements that: </p> <ul> <li>are consistent with the management of a specified river segment of the main Salmon River pursuant to the Central Idaho Wilderness Act of 1980, and </li> <li>would reduce the impact of commercial recreation facilities or services on wilderness or wild and scenic river resources and values.</li> </ul> <p>USDA may also consider other specified facilities and equipment.</p>]]></summary-text>
</summary>
</item>
<dublinCore xmlns:dc="http://purl.org/dc/elements/1.1/">
<dc:format>text/xml</dc:format>
<dc:language>EN</dc:language>
<dc:rights>Pursuant to Title 17 Section 105 of the United States Code, this file is not subject to copyright protection and is in the public domain.</dc:rights>
<dc:contributor>Congressional Research Service, Library of Congress</dc:contributor>
<dc:description>This file contains bill summaries for federal legislation. A bill summary describes the most significant provisions of a piece of legislation and details the effects the legislative text may have on current law and federal programs. Bill summaries are authored by the Congressional Research Service (CRS) of the Library of Congress. As stated in Public Law 91-510 (2 USC 166 (d)(6)), one of the duties of CRS is "to prepare summaries and digests of bills and resolutions of a public general nature introduced in the Senate or House of Representatives". For more information, refer to the User Guide that accompanies this file.</dc:description>
</dublinCore>
</BillSummaries>
