<?xml version="1.0" encoding="UTF-8"?><BillSummaries>
<item congress="115" measure-type="hr" measure-number="873" measure-id="id115hr873" originChamber="HOUSE" orig-publish-date="2017-02-06" update-date="2017-09-19">
<title>Global War on Terrorism War Memorial Act</title>
<summary summary-id="id115hr873v49" currentChamber="BOTH" update-date="2017-09-19">
<action-date>2017-08-18</action-date>
<action-desc>Public Law</action-desc>
<summary-text><![CDATA[<p>(This measure has not been amended since it was introduced. The expanded summary of the House passed version is repeated here.)</p> <p><b>Global War on Terrorism War Memorial Act</b></p> <p>(Sec. 2) This bill allows the Global War on Terror Memorial Foundation to establish the National Global War on Terrorism Memorial as a commemorative work on federal land in the District of Columbia to commemorate and honor the members of the Armed Forces who served on active duty in support of the Global War on Terrorism. </p> <p>The memorial shall be established in accordance with the Commemorative Works Act. </p> <p>The bill prohibits the use of federal funds to pay any expenses for the establishment of the memorial. <p>The Foundation shall be solely responsible for accepting contributions and paying expenses to establish the memorial. <p>If, upon payment of all expenses for the establishment of the memorial or upon the expiration of the legislative authority for the memorial, there remains a balance of funds that was received to establish it, the Foundation shall transmit such funds to the Department of the Interior for deposit into the National Park Foundation account.]]></summary-text>
</summary>
<summary summary-id="id115hr873v82" currentChamber="SENATE" update-date="2017-09-14">
<action-date>2017-08-03</action-date>
<action-desc>Passed Senate without amendment</action-desc>
<summary-text><![CDATA[<p>(This measure has not been amended since it was introduced. The expanded summary of the House passed version is repeated here.)</p> <p><b>Global War on Terrorism War Memorial Act</b></p> <p>(Sec. 2) This bill allows the Global War on Terror Memorial Foundation to establish the National Global War on Terrorism Memorial as a commemorative work on federal land in the District of Columbia to commemorate and honor the members of the Armed Forces who served on active duty in support of the Global War on Terrorism. </p> <p>The memorial shall be established in accordance with the Commemorative Works Act. </p> <p>The bill prohibits the use of federal funds to pay any expenses for the establishment of the memorial. <p>The Foundation shall be solely responsible for accepting contributions and paying expenses to establish the memorial. <p>If, upon payment of all expenses for the establishment of the memorial or upon the expiration of the legislative authority for the memorial, there remains a balance of funds that was received to establish it, the Foundation shall transmit such funds to the Department of the Interior for deposit into the National Park Foundation account.]]></summary-text>
</summary>
<summary summary-id="id115hr873v81" currentChamber="HOUSE" update-date="2017-09-14">
<action-date>2017-07-28</action-date>
<action-desc>Passed House without amendment</action-desc>
<summary-text><![CDATA[<p>(This measure has not been amended since it was introduced. The summary has been expanded because action occurred on the measure.)</p> <p><b>Global War on Terrorism War Memorial Act</b></p> <p>(Sec. 2) This bill allows the Global War on Terror Memorial Foundation to establish the National Global War on Terrorism Memorial as a commemorative work on federal land in the District of Columbia to commemorate and honor the members of the Armed Forces who served on active duty in support of the Global War on Terrorism. </p> <p>The memorial shall be established in accordance with the Commemorative Works Act. </p> <p>The bill prohibits the use of federal funds to pay any expenses for the establishment of the memorial. <p>The Foundation shall be solely responsible for accepting contributions and paying expenses to establish the memorial. <p>If, upon payment of all expenses for the establishment of the memorial or upon the expiration of the legislative authority for the memorial, there remains a balance of funds that was received to establish it, the Foundation shall transmit such funds to the Department of the Interior for deposit into the National Park Foundation account.]]></summary-text>
</summary>
<summary summary-id="id115hr873v00" currentChamber="HOUSE" update-date="2017-03-15">
<action-date>2017-02-06</action-date>
<action-desc>Introduced in House</action-desc>
<summary-text><![CDATA[<p><b>Global War on Terrorism War Memorial Act</b></p> <p>This bill allows the Global War on Terror Memorial Foundation to establish the National Global War on Terrorism Memorial as a commemorative work on federal land in the District of Columbia to commemorate and honor the members of the Armed Forces who served on active duty in support of the Global War on Terrorism. </p> <p>]]></summary-text>
</summary>
</item>
<dublinCore xmlns:dc="http://purl.org/dc/elements/1.1/">
<dc:format>text/xml</dc:format>
<dc:language>EN</dc:language>
<dc:rights>Pursuant to Title 17 Section 105 of the United States Code, this file is not subject to copyright protection and is in the public domain.</dc:rights>
<dc:contributor>Congressional Research Service, Library of Congress</dc:contributor>
<dc:description>This file contains bill summaries for federal legislation. A bill summary describes the most significant provisions of a piece of legislation and details the effects the legislative text may have on current law and federal programs. Bill summaries are authored by the Congressional Research Service (CRS) of the Library of Congress. As stated in Public Law 91-510 (2 USC 166 (d)(6)), one of the duties of CRS is "to prepare summaries and digests of bills and resolutions of a public general nature introduced in the Senate or House of Representatives". For more information, refer to the User Guide that accompanies this file.</dc:description>
</dublinCore>
</BillSummaries>
