<?xml version="1.0" encoding="UTF-8"?><BillSummaries>
<item congress="115" measure-type="hr" measure-number="1238" measure-id="id115hr1238" originChamber="HOUSE" orig-publish-date="2017-02-28" update-date="2017-07-19">
<title>Securing our Agriculture and Food Act</title>
<summary summary-id="id115hr1238v49" currentChamber="BOTH" update-date="2017-07-19">
<action-date>2017-06-30</action-date>
<action-desc>Public Law</action-desc>
<summary-text><![CDATA[<p>(This measure has not been amended since it was passed by the Senate on May 24, 2017. The summary of that version is repeated here.)</p> <p><strong>Securing our Agriculture and Food Act</strong></p> <p>(Sec. 2) This bill amends the Homeland Security Act of 2002 to direct the Assistant Secretary for Health Affairs for the Department of Homeland Security (DHS) to carry out a program to coordinate DHS efforts related to defending the food, agriculture, and veterinary systems of the United States against terrorism and other high-consequence events that pose a high risk to homeland security.</p> <p>Such program shall:</p> <ul> <li>provide oversight and management of DHS's responsibilities pursuant to Homeland Security Presidential Directive 9 - Defense of United States Agriculture and Food;</li> <li> provide oversight and integration of DHS activities related to veterinary public health, food defense, and agricultural security;</li> <li>lead DHS policy initiatives related to food, animal, and agricultural incidents and to overall domestic preparedness for, and collective response to, agricultural terrorism;</li> <li> coordinate with other DHS components on activities related to food and agriculture security and screening procedures for domestic and imported products; and</li> <li> coordinate with appropriate federal departments and agencies.</li> </ul>]]></summary-text>
</summary>
<summary summary-id="id115hr1238v35" currentChamber="SENATE" update-date="2017-07-19">
<action-date>2017-05-24</action-date>
<action-desc>Passed Senate amended</action-desc>
<summary-text><![CDATA[<p><strong>Securing our Agriculture and Food Act</strong></p> <p>(Sec. 2) This bill amends the Homeland Security Act of 2002 to direct the Assistant Secretary for Health Affairs for the Department of Homeland Security (DHS) to carry out a program to coordinate DHS efforts related to defending the food, agriculture, and veterinary systems of the United States against terrorism and other high-consequence events that pose a high risk to homeland security.</p> <p>Such program shall:</p> <ul> <li>provide oversight and management of DHS's responsibilities pursuant to Homeland Security Presidential Directive 9 - Defense of United States Agriculture and Food;</li> <li> provide oversight and integration of DHS activities related to veterinary public health, food defense, and agricultural security;</li> <li>lead DHS policy initiatives related to food, animal, and agricultural incidents and to overall domestic preparedness for, and collective response to, agricultural terrorism;</li> <li> coordinate with other DHS components on activities related to food and agriculture security and screening procedures for domestic and imported products; and</li> <li> coordinate with appropriate federal departments and agencies.</li> </ul>]]></summary-text>
</summary>
<summary summary-id="id115hr1238v81" currentChamber="HOUSE" update-date="2017-03-27">
<action-date>2017-03-22</action-date>
<action-desc>Passed House without amendment</action-desc>
<summary-text><![CDATA[<p>(This measure has not been amended since it was introduced. The expanded summary of the House reported version is repeated here.)</p> <p><strong>Securing our Agriculture and Food Act</strong></p> <p>(Sec. 2) This bill amends the Homeland Security Act of 2002 to direct the Assistant Secretary for Health Affairs for the Department of Homeland Security (DHS) to carry out a program to coordinate DHS efforts related to defending the food, agriculture, and veterinary systems of the United States against terrorism and other high-consequence events that pose a high risk to homeland security.</p> <p>Such program shall:</p> <ul> <li>provide oversight and management of DHS's responsibilities pursuant to Homeland Security Presidential Directive 9 - Defense of United States Agriculture and Food;</li> <li> provide oversight and integration of DHS activities related to veterinary public health, food defense, and agricultural security;</li> <li>lead DHS policy initiatives related to food, animal, and agricultural incidents and to overall domestic preparedness for, and collective response to, agricultural terrorism;</li> <li> coordinate with other DHS components on activities related to food and agriculture security and screening procedures for domestic and imported products; and</li> <li> coordinate with appropriate federal departments and agencies.</li> </ul>]]></summary-text>
</summary>
<summary summary-id="id115hr1238v28" currentChamber="HOUSE" update-date="2017-03-27">
<action-date>2017-03-16</action-date>
<action-desc>Reported to House without amendment, Part I</action-desc>
<summary-text><![CDATA[<p>(This measure has not been amended since it was introduced. The summary has been expanded because action occurred on the measure.)</p> <p><strong>Securing our Agriculture and Food Act</strong></p> <p>(Sec. 2) This bill amends the Homeland Security Act of 2002 to direct the Assistant Secretary for Health Affairs for the Department of Homeland Security (DHS) to carry out a program to coordinate DHS efforts related to defending the food, agriculture, and veterinary systems of the United States against terrorism and other high-consequence events that pose a high risk to homeland security.</p> <p>Such program shall:</p> <ul> <li>provide oversight and management of DHS's responsibilities pursuant to Homeland Security Presidential Directive 9 - Defense of United States Agriculture and Food;</li> <li> provide oversight and integration of DHS activities related to veterinary public health, food defense, and agricultural security;</li> <li>lead DHS policy initiatives related to food, animal, and agricultural incidents and to overall domestic preparedness for, and collective response to, agricultural terrorism;</li> <li> coordinate with other DHS components on activities related to food and agriculture security and screening procedures for domestic and imported products; and</li> <li> coordinate with appropriate federal departments and agencies.</li> </ul>]]></summary-text>
</summary>
<summary summary-id="id115hr1238v00" currentChamber="HOUSE" update-date="2017-03-27">
<action-date>2017-02-28</action-date>
<action-desc>Introduced in House</action-desc>
<summary-text><![CDATA[<p><strong>Securing our Agriculture and Food Act</strong></p> <p>This bill amends the Homeland Security Act of 2002 to direct the Assistant Secretary for Health Affairs for the Department of Homeland Security (DHS) to carry out a program to coordinate DHS efforts related to defending the food, agriculture, and veterinary systems of the United States against terrorism and other high-consequence events that pose a high risk to homeland security.</p> <p>Such program shall:</p> <ul> <li>provide oversight and management of DHS's responsibilities pursuant to Homeland Security Presidential Directive 9 - Defense of United States Agriculture and Food;</li> <li> provide oversight and integration of DHS activities related to veterinary public health, food defense, and agricultural security;</li> <li>lead DHS policy initiatives related to food, animal, and agricultural incidents and to overall domestic preparedness for, and collective response to, agricultural terrorism;</li> <li> coordinate with other DHS components on activities related to food and agriculture security and screening procedures for domestic and imported products; and</li> <li> coordinate with appropriate federal departments and agencies.</li> </ul>]]></summary-text>
</summary>
</item>
<dublinCore xmlns:dc="http://purl.org/dc/elements/1.1/">
<dc:format>text/xml</dc:format>
<dc:language>EN</dc:language>
<dc:rights>Pursuant to Title 17 Section 105 of the United States Code, this file is not subject to copyright protection and is in the public domain.</dc:rights>
<dc:contributor>Congressional Research Service, Library of Congress</dc:contributor>
<dc:description>This file contains bill summaries for federal legislation. A bill summary describes the most significant provisions of a piece of legislation and details the effects the legislative text may have on current law and federal programs. Bill summaries are authored by the Congressional Research Service (CRS) of the Library of Congress. As stated in Public Law 91-510 (2 USC 166 (d)(6)), one of the duties of CRS is "to prepare summaries and digests of bills and resolutions of a public general nature introduced in the Senate or House of Representatives". For more information, refer to the User Guide that accompanies this file.</dc:description>
</dublinCore>
</BillSummaries>
