<?xml version="1.0" encoding="UTF-8"?><BillSummaries>
<item congress="115" measure-type="hr" measure-number="206" measure-id="id115hr206" originChamber="HOUSE" orig-publish-date="2017-01-03" update-date="2017-01-12">
<title>Prevention of Escapement of Genetically Altered Salmon in the United States Act</title>
<summary summary-id="id115hr206v00" currentChamber="HOUSE" update-date="2017-01-12">
<action-date>2017-01-03</action-date>
<action-desc>Introduced in House</action-desc>
<summary-text><![CDATA[<p><b>Prevention of Escapement of Genetically Altered Salmon in the United States Act </b></p> <p>This bill prohibits a person from: </p> <ul> <li>shipping, transporting, offering for sale, selling, or purchasing a genetically altered finfish, or a food product containing those fish, in commerce; </li> <li>having custody, control, or possession of those fish or food products with the intent to ship, transport, offer for sale, sell, or purchase them in commerce; </li> <li>engaging in net-pen aquaculture (pens of fish contained by nets) of those fish; </li> <li>releasing those fish into a natural environment; or </li> <li>having custody, control, or possession of those fish with the intent to release them into a natural environment. </li> </ul> <p> Fish, fish parts, or products confined for scientific research or collected to enforce this bill are exempted from the prohibition. An additional exemption is established if the National Oceanic and Atmospheric Administration (NOAA): (1) prepares a finding of no significant impact in accordance with the National Environmental Policy Act of 1969 after reviewing an application requesting a federal agency to permit activity prohibited by this bill, or (2) finds the application to be consistent with an environmental impact statement that includes an environmental risk analysis and specified assessments of costs and potential economic damage.</p> <p>Each federal agency must promptly notify NOAA when an action involving those fish or food products is first identified by the agency.</p> <p>The Department of Commerce may enforce penalties for violations of this bill under specified provisions of the Magnuson-Stevens Fishery Conservation and Management Act.</p>]]></summary-text>
</summary>
</item>
<dublinCore xmlns:dc="http://purl.org/dc/elements/1.1/">
<dc:format>text/xml</dc:format>
<dc:language>EN</dc:language>
<dc:rights>Pursuant to Title 17 Section 105 of the United States Code, this file is not subject to copyright protection and is in the public domain.</dc:rights>
<dc:contributor>Congressional Research Service, Library of Congress</dc:contributor>
<dc:description>This file contains bill summaries for federal legislation. A bill summary describes the most significant provisions of a piece of legislation and details the effects the legislative text may have on current law and federal programs. Bill summaries are authored by the Congressional Research Service (CRS) of the Library of Congress. As stated in Public Law 91-510 (2 USC 166 (d)(6)), one of the duties of CRS is "to prepare summaries and digests of bills and resolutions of a public general nature introduced in the Senate or House of Representatives". For more information, refer to the User Guide that accompanies this file.</dc:description>
</dublinCore>
</BillSummaries>
