<?xml version="1.0" encoding="UTF-8"?><BillSummaries>
<item congress="115" measure-type="hr" measure-number="686" measure-id="id115hr686" originChamber="HOUSE" orig-publish-date="2017-01-24" update-date="2017-02-23">
<title>DIGIT Act</title>
<summary summary-id="id115hr686v00" currentChamber="HOUSE" update-date="2017-02-23">
<action-date>2017-01-24</action-date>
<action-desc>Introduced in House</action-desc>
<summary-text><![CDATA[<p><b>Developing Innovation and Growing the Internet of Things Act or the DIGIT Act</b></p> <p>This bill requires the Department of Commerce to convene a working group of federal stakeholders to provide recommendations and a report to Congress regarding the growing number of connected and interconnected devices known as the Internet of Things (IoT). The bill establishes a steering committee to be composed of stakeholders outside the federal government to advise the working group.</p> <p>The Federal Communications Commission must: (1) seek public comment on the IoT's spectrum needs, regulatory barriers, and growth with licensed and unlicensed spectrum; and (2) submit a summary of those comments to Congress.</p>]]></summary-text>
</summary>
</item>
<dublinCore xmlns:dc="http://purl.org/dc/elements/1.1/">
<dc:format>text/xml</dc:format>
<dc:language>EN</dc:language>
<dc:rights>Pursuant to Title 17 Section 105 of the United States Code, this file is not subject to copyright protection and is in the public domain.</dc:rights>
<dc:contributor>Congressional Research Service, Library of Congress</dc:contributor>
<dc:description>This file contains bill summaries for federal legislation. A bill summary describes the most significant provisions of a piece of legislation and details the effects the legislative text may have on current law and federal programs. Bill summaries are authored by the Congressional Research Service (CRS) of the Library of Congress. As stated in Public Law 91-510 (2 USC 166 (d)(6)), one of the duties of CRS is "to prepare summaries and digests of bills and resolutions of a public general nature introduced in the Senate or House of Representatives". For more information, refer to the User Guide that accompanies this file.</dc:description>
</dublinCore>
</BillSummaries>
