<?xml version="1.0" encoding="UTF-8"?><BillSummaries>
<item congress="115" measure-type="hr" measure-number="333" measure-id="id115hr333" originChamber="HOUSE" orig-publish-date="2017-01-05" update-date="2017-02-04">
<title>Disabled Veterans Tax Termination Act</title>
<summary summary-id="id115hr333v00" currentChamber="HOUSE" update-date="2017-02-04">
<action-date>2017-01-05</action-date>
<action-desc>Introduced in House</action-desc>
<summary-text><![CDATA[<p><strong>Disabled Veterans Tax Termination Act</strong></p> <p>This bill amends federal military retired pay provisions to: (1) permit veterans with a service-connected disability of less than 50% to concurrently receive both retired pay and disability compensation; (2) eliminate provisions requiring a phase-in between January 1, 2004, and December 31, 2013, of concurrent receipt of retired pay and disability compensation; (3) eliminate a phase-in of concurrent receipt of retired pay and disability compensation for disabled veterans determined to be individually unemployable; and (4) require a limited reduction in retired pay for qualified disability retirees with less than 20 years of retirement-creditable service.</p>]]></summary-text>
</summary>
</item>
<dublinCore xmlns:dc="http://purl.org/dc/elements/1.1/">
<dc:format>text/xml</dc:format>
<dc:language>EN</dc:language>
<dc:rights>Pursuant to Title 17 Section 105 of the United States Code, this file is not subject to copyright protection and is in the public domain.</dc:rights>
<dc:contributor>Congressional Research Service, Library of Congress</dc:contributor>
<dc:description>This file contains bill summaries for federal legislation. A bill summary describes the most significant provisions of a piece of legislation and details the effects the legislative text may have on current law and federal programs. Bill summaries are authored by the Congressional Research Service (CRS) of the Library of Congress. As stated in Public Law 91-510 (2 USC 166 (d)(6)), one of the duties of CRS is "to prepare summaries and digests of bills and resolutions of a public general nature introduced in the Senate or House of Representatives". For more information, refer to the User Guide that accompanies this file.</dc:description>
</dublinCore>
</BillSummaries>
