<?xml version="1.0" encoding="UTF-8"?><BillSummaries>
<item congress="115" measure-type="hr" measure-number="890" measure-id="id115hr890" originChamber="HOUSE" orig-publish-date="2017-02-06" update-date="2017-02-22">
<title>Copyright Office for the Digital Economy Act</title>
<summary summary-id="id115hr890v00" currentChamber="HOUSE" update-date="2017-02-22">
<action-date>2017-02-06</action-date>
<action-desc>Introduced in House</action-desc>
<summary-text><![CDATA[<p><b>Copyright Office for the Digital Economy Act</b></p> <p>This bill establishes the U.S. Copyright Office as a separate independent agency in the legislative branch, to be headed by a director appointed by the President with the advice and consent of the Senate. (Currently, the Copyright Office is part of the Library of Congress [LOC] and is headed by the Register of Copyrights.) </p> <p>The director's term of office is limited to 10 years without eligibility for reappointment. The director must appoint officers and employees responsible for administering the Copyright Office's technology and data systems. </p> <p>The Copyright Office shall: (1) provide services in a manner that reflects technological needs and developments, and (2) promptly register copyright claims within a period that does not adversely impact the timely enforcement of rights and remedies.</p> <p>No U.S. agency is authorized to require the Copyright Office to obtain an agency's approval before the Copyright Office submits legislative recommendations to Congress.</p> <p>Copyright owners may register their copyright claims by delivering examination copies of their works to the Copyright Office. The Copyright Office must then provide the LOC access to such examination copies and related data solely for the LOC's determination of whether to demand a deposit of the material or to otherwise engage with copyright owners regarding works of authorship that may be of curatorial and collection interest to the national library. The Copyright Office must also consult with the LOC on other matters of common interest. </p> <p>The director must establish a Copyright Advisory Board to advise the Copyright Office and to provide information on emerging technology practices. </p> <p>The Copyright Office must also: (1) submit a report on the future administration of mandatory deposit provisions and their application to the digital era, and (2) conduct studies to ensure that it has the technology and staff to establish and maintain a modern copyright system.</p>]]></summary-text>
</summary>
</item>
<dublinCore xmlns:dc="http://purl.org/dc/elements/1.1/">
<dc:format>text/xml</dc:format>
<dc:language>EN</dc:language>
<dc:rights>Pursuant to Title 17 Section 105 of the United States Code, this file is not subject to copyright protection and is in the public domain.</dc:rights>
<dc:contributor>Congressional Research Service, Library of Congress</dc:contributor>
<dc:description>This file contains bill summaries for federal legislation. A bill summary describes the most significant provisions of a piece of legislation and details the effects the legislative text may have on current law and federal programs. Bill summaries are authored by the Congressional Research Service (CRS) of the Library of Congress. As stated in Public Law 91-510 (2 USC 166 (d)(6)), one of the duties of CRS is "to prepare summaries and digests of bills and resolutions of a public general nature introduced in the Senate or House of Representatives". For more information, refer to the User Guide that accompanies this file.</dc:description>
</dublinCore>
</BillSummaries>
