<?xml version="1.0" encoding="UTF-8"?><BillSummaries>
<item congress="115" measure-type="hr" measure-number="648" measure-id="id115hr648" originChamber="HOUSE" orig-publish-date="2017-01-24" update-date="2018-11-02">
<title>To authorize the Secretary of the Interior to amend the Definite Plan Report for the Seedskadee Project to enable the use of the active capacity of the Fontenelle Reservoir.</title>
<summary summary-id="id115hr648v80" currentChamber="SENATE" update-date="2018-11-02">
<action-date>2018-04-25</action-date>
<action-desc>Reported to Senate without amendment</action-desc>
<summary-text><![CDATA[<p>(Sec. 1) This bill authorizes the Department of the Interior, in cooperation with the state of Wyoming, to amend the Definite Plan Report for the Seedskadee Project (authorized under the Colorado River Storage Project Act) to provide for the study, design, planning, and construction activities that will enable the use of all active storage capacity of Fontenelle Dam and Reservoir, including the placement of sufficient riprap on the upstream face of the dam to allow such storage capacity to be used for authorized project purposes.</p> <p>Interior&nbsp;may enter into: (1) any contract, grant, cooperative agreement, or other agreement that is necessary to carry out this bill; and (2) contracts with Wyoming for division of any additional active capacity made available under this bill.</p> <p>Interior must enter into a cooperative agreement with Wyoming for planning, design, related preconstruction activities, and construction of any modification of the Fontenelle Dam, which shall specify the responsibilities of Interior and Wyoming regarding: (1) completing the planning and final design of the modification of the dam, (2) any environmental and cultural resource compliance activities required for the modification of the dam, and (3) the construction of the modification of the dam.</p>]]></summary-text>
</summary>
<summary summary-id="id115hr648v81" currentChamber="HOUSE" update-date="2017-03-23">
<action-date>2017-03-15</action-date>
<action-desc>Passed House without amendment</action-desc>
<summary-text><![CDATA[<p>(This measure has not been amended since it was introduced. The summary has been expanded because action occurred on the measure.)</p> <p>(Sec. 1) This bill authorizes the Department of the Interior, in cooperation with the state of Wyoming, to amend the Definite Plan Report for the Seedskadee Project (authorized under the Colorado River Storage Project Act) to provide for the study, design, planning, and construction activities that will enable the use of all active storage capacity of Fontenelle Dam and Reservoir, including the placement of sufficient riprap on the upstream face of the dam to allow such storage capacity to be used for authorized project purposes.</p> <p>Interior&nbsp;may enter into: (1) any contract, grant, cooperative agreement, or other agreement that is necessary to carry out this bill; and (2) contracts with Wyoming for division of any additional active capacity made available under this bill.</p> <p>Interior must enter into a cooperative agreement with Wyoming for planning, design, related preconstruction activities, and construction of any modification of the Fontenelle Dam, which shall specify the responsibilities of Interior and Wyoming regarding: (1) completing the planning and final design of the modification of the dam, (2) any environmental and cultural resource compliance activities required for the modification of the dam, and (3) the construction of the modification of the dam.</p>]]></summary-text>
</summary>
<summary summary-id="id115hr648v00" currentChamber="HOUSE" update-date="2017-02-09">
<action-date>2017-01-24</action-date>
<action-desc>Introduced in House</action-desc>
<summary-text><![CDATA[<p>This bill authorizes the Department of the Interior, in cooperation with the state of Wyoming, to amend the Definite Plan Report for the Seedskadee Project (authorized under the Colorado River Storage Project Act) to provide for the study, design, planning, and construction activities that will enable the use of all active storage capacity of Fontenelle Dam and Reservoir, including the placement of sufficient riprap on the upstream face of the dam to allow such storage capacity to be used for authorized project purposes.</p> <p>Interior&nbsp;may enter into: (1) any contract, grant, cooperative agreement, or other agreement that is necessary to carry out this bill; and (2) contracts with Wyoming for division of any additional active capacity made available under this bill.</p> <p>Interior must enter into a cooperative agreement with Wyoming for planning, design, related preconstruction activities, and construction of any modification of the Fontenelle Dam, which shall specify the responsibilities of Interior and Wyoming regarding: (1) completing the planning and final design of the modification of the dam, (2) any environmental and cultural resource compliance activities required for the modification of the dam, and (3) the construction of the modification of the dam.</p>]]></summary-text>
</summary>
</item>
<dublinCore xmlns:dc="http://purl.org/dc/elements/1.1/">
<dc:format>text/xml</dc:format>
<dc:language>EN</dc:language>
<dc:rights>Pursuant to Title 17 Section 105 of the United States Code, this file is not subject to copyright protection and is in the public domain.</dc:rights>
<dc:contributor>Congressional Research Service, Library of Congress</dc:contributor>
<dc:description>This file contains bill summaries for federal legislation. A bill summary describes the most significant provisions of a piece of legislation and details the effects the legislative text may have on current law and federal programs. Bill summaries are authored by the Congressional Research Service (CRS) of the Library of Congress. As stated in Public Law 91-510 (2 USC 166 (d)(6)), one of the duties of CRS is "to prepare summaries and digests of bills and resolutions of a public general nature introduced in the Senate or House of Representatives". For more information, refer to the User Guide that accompanies this file.</dc:description>
</dublinCore>
</BillSummaries>
