<?xml version="1.0" encoding="UTF-8"?><BillSummaries>
<item congress="115" measure-type="hr" measure-number="146" measure-id="id115hr146" originChamber="HOUSE" orig-publish-date="2017-01-03" update-date="2018-04-26">
<title>Eastern Band of Cherokee Historic Lands Reacquisition Act</title>
<summary summary-id="id115hr146v36" currentChamber="HOUSE" update-date="2018-04-26">
<action-date>2018-04-16</action-date>
<action-desc>Passed House amended</action-desc>
<summary-text><![CDATA[<p><b>Eastern Band Cherokee Historic Lands Reacquisition Act</b></p> <p>This bill takes specified lands and easements in Monroe County, Tennessee, into trust for the use and benefit of the Eastern Band of Cherokee Indians. These lands include the Sequoyah Museum, the Chota Memorial, the Tanasi Memorial, and land to provide support for these properties and cultural programs.</p> <p>The Tennessee Valley Authority (TVA) maintains its right to carry out river control and development on these lands, including temporarily and intermittently flooding certain lands. The bill specifies the structures that may be constructed with the TVA's consent on certain lands subject to flooding.</p> <p>The TVA must be compensated for lost hydropower capacity from future development of these lands.</p> <p>The bill prohibits the United States from being liable for loss or damage resulting from certain activities, such as the flooding of certain lands.</p> <p>The bill outlines TVA's continuing responsibilities.</p> Gaming on these lands is prohibited.]]></summary-text>
</summary>
<summary summary-id="id115hr146v17" currentChamber="HOUSE" update-date="2018-04-13">
<action-date>2018-02-27</action-date>
<action-desc>Reported to House with amendment(s)</action-desc>
<summary-text><![CDATA[<p><b>Eastern Band Cherokee Historic Lands Reacquisition Act</b></p> <p>This bill takes specified lands and easements in Monroe County, Tennessee, into trust for the use and benefit of the Eastern Band of Cherokee Indians. These lands include the Sequoyah Museum, the Chota Memorial, the Tanasi Memorial, and land to provide support for these properties and cultural programs.</p> <p>The Tennessee Valley Authority (TVA) maintains its right to carry out river control and development on these lands, including temporarily and intermittently flooding certain lands. The bill specifies the structures that may be constructed with the TVA's consent on certain lands subject to flooding.</p> <p>The TVA must be compensated for lost hydropower capacity from future development of these lands.</p> <p>The bill prohibits the United States from being liable for loss or damage resulting from certain activities, such as the flooding of certain lands.</p> <p>The bill outlines TVA's continuing responsibilities.</p> Gaming on these lands is prohibited.]]></summary-text>
</summary>
<summary summary-id="id115hr146v00" currentChamber="HOUSE" update-date="2018-04-13">
<action-date>2017-01-03</action-date>
<action-desc>Introduced in House</action-desc>
<summary-text><![CDATA[<p><b>Eastern Band Cherokee Historic Lands Reacquisition Act</b></p> <p>This bill takes specified lands and easements in Monroe County, Tennessee, into trust for the benefit of the Eastern Band of Cherokee Indians. These lands include the Sequoyah Museum, the Chota Memorial, the Tanasi Memorial, and land to provide support for these properties and cultural programs.</p> <p>The Tennessee Valley Authority (TVA) maintains its right to carry out river control and development on these lands, including temporarily and intermittently flooding certain lands. The bill specifies the structures that may be constructed with the TVA's consent on certain lands subject to flooding.</p> <p>The TVA must be compensated for lost hydropower capacity from future development of these lands.</p> Gaming on these lands is prohibited.]]></summary-text>
</summary>
</item>
<dublinCore xmlns:dc="http://purl.org/dc/elements/1.1/">
<dc:format>text/xml</dc:format>
<dc:language>EN</dc:language>
<dc:rights>Pursuant to Title 17 Section 105 of the United States Code, this file is not subject to copyright protection and is in the public domain.</dc:rights>
<dc:contributor>Congressional Research Service, Library of Congress</dc:contributor>
<dc:description>This file contains bill summaries for federal legislation. A bill summary describes the most significant provisions of a piece of legislation and details the effects the legislative text may have on current law and federal programs. Bill summaries are authored by the Congressional Research Service (CRS) of the Library of Congress. As stated in Public Law 91-510 (2 USC 166 (d)(6)), one of the duties of CRS is "to prepare summaries and digests of bills and resolutions of a public general nature introduced in the Senate or House of Representatives". For more information, refer to the User Guide that accompanies this file.</dc:description>
</dublinCore>
</BillSummaries>
