<?xml version="1.0" encoding="UTF-8"?><BillSummaries>
<item congress="115" measure-type="hr" measure-number="1752" measure-id="id115hr1752" originChamber="HOUSE" orig-publish-date="2017-03-28" update-date="2017-04-18">
<title>Voluntary Checkoff Program Participation Act</title>
<summary summary-id="id115hr1752v00" currentChamber="HOUSE" update-date="2017-04-18">
<action-date>2017-03-28</action-date>
<action-desc>Introduced in House</action-desc>
<summary-text><![CDATA[<p><b>Voluntary Checkoff Program Participation Act </b></p> <p>This bill prohibits mandatory or compulsory checkoff programs and requires producer participation in the programs to be voluntary at the point of sale. (A checkoff program is a program to promote and provide research and information for a particular agricultural commodity without reference to specific producers or brands. The Department of Agriculture oversees the programs, which are requested and funded by industry.) </p>]]></summary-text>
</summary>
</item>
<dublinCore xmlns:dc="http://purl.org/dc/elements/1.1/">
<dc:format>text/xml</dc:format>
<dc:language>EN</dc:language>
<dc:rights>Pursuant to Title 17 Section 105 of the United States Code, this file is not subject to copyright protection and is in the public domain.</dc:rights>
<dc:contributor>Congressional Research Service, Library of Congress</dc:contributor>
<dc:description>This file contains bill summaries for federal legislation. A bill summary describes the most significant provisions of a piece of legislation and details the effects the legislative text may have on current law and federal programs. Bill summaries are authored by the Congressional Research Service (CRS) of the Library of Congress. As stated in Public Law 91-510 (2 USC 166 (d)(6)), one of the duties of CRS is "to prepare summaries and digests of bills and resolutions of a public general nature introduced in the Senate or House of Representatives". For more information, refer to the User Guide that accompanies this file.</dc:description>
</dublinCore>
</BillSummaries>
