<?xml version="1.0" encoding="UTF-8"?><BillSummaries>
<item congress="115" measure-type="hr" measure-number="154" measure-id="id115hr154" originChamber="HOUSE" orig-publish-date="2017-01-03" update-date="2017-01-12">
<title>Honoring Our WWII Merchant Mariners Act of 2017</title>
<summary summary-id="id115hr154v00" currentChamber="HOUSE" update-date="2017-01-12">
<action-date>2017-01-03</action-date>
<action-desc>Introduced in House</action-desc>
<summary-text><![CDATA[<p> <strong>Honoring Our WWII Merchant Mariners Act of 2017</strong></p> <p>This bill establishes in the Treasury the Merchant Mariner Equity Compensation Fund from which the Department of Veterans Affairs (VA) is to make one payment of $25,000 to each individual who, between December 7, 1941, and December 31, 1946, was a documented member of the U.S. merchant marine (including the Army Transport Service and the Naval Transport Service) serving as a crewmember of a vessel that was operated in U.S. waters by the War Shipping Administration or the Office of Defense Transportation and under contract to, or the property of, the United States. Such individuals must: (1) apply for such benefit within one year after the enactment of this Act, and (2) not have received benefits under the Servicemen's Readjustment Act of 1944.</p> <p>The VA shall include, in annual budget documents submitted to Congress, detailed information on the Fund's operation.</p>]]></summary-text>
</summary>
</item>
<dublinCore xmlns:dc="http://purl.org/dc/elements/1.1/">
<dc:format>text/xml</dc:format>
<dc:language>EN</dc:language>
<dc:rights>Pursuant to Title 17 Section 105 of the United States Code, this file is not subject to copyright protection and is in the public domain.</dc:rights>
<dc:contributor>Congressional Research Service, Library of Congress</dc:contributor>
<dc:description>This file contains bill summaries for federal legislation. A bill summary describes the most significant provisions of a piece of legislation and details the effects the legislative text may have on current law and federal programs. Bill summaries are authored by the Congressional Research Service (CRS) of the Library of Congress. As stated in Public Law 91-510 (2 USC 166 (d)(6)), one of the duties of CRS is "to prepare summaries and digests of bills and resolutions of a public general nature introduced in the Senate or House of Representatives". For more information, refer to the User Guide that accompanies this file.</dc:description>
</dublinCore>
</BillSummaries>
