<?xml version="1.0" encoding="UTF-8"?><BillSummaries>
<item congress="115" measure-type="hr" measure-number="1503" measure-id="id115hr1503" originChamber="HOUSE" orig-publish-date="2017-03-10" update-date="2017-03-25">
<title>SOLVE Act 2.0 of 2017</title>
<summary summary-id="id115hr1503v00" currentChamber="HOUSE" update-date="2017-03-25">
<action-date>2017-03-10</action-date>
<action-desc>Introduced in House</action-desc>
<summary-text><![CDATA[<p><strong>Statue of Liberty Values Act 2.0 of 2017 or the SOLVE Act 2.0 of 2017</strong></p> <p>This bill states that: (1) beginning on March 6, 2017, Executive Order 13780, entitled &quot;Protecting the Nation from Foreign Terrorist Entry into the United States,&quot; is null and void, shall have no force and effect, and may not be implemented or enforced; and (2) no federal funds may be used to implement or enforce any of the policy changes set forth in such order. Among the order's major provisions are restrictions on the entry of nationals from sixcountries (Iran, Libya, Somalia, Sudan, Syria, and Yemen) and additional limitations on refugee admissions to the United States.</p>]]></summary-text>
</summary>
</item>
<dublinCore xmlns:dc="http://purl.org/dc/elements/1.1/">
<dc:format>text/xml</dc:format>
<dc:language>EN</dc:language>
<dc:rights>Pursuant to Title 17 Section 105 of the United States Code, this file is not subject to copyright protection and is in the public domain.</dc:rights>
<dc:contributor>Congressional Research Service, Library of Congress</dc:contributor>
<dc:description>This file contains bill summaries for federal legislation. A bill summary describes the most significant provisions of a piece of legislation and details the effects the legislative text may have on current law and federal programs. Bill summaries are authored by the Congressional Research Service (CRS) of the Library of Congress. As stated in Public Law 91-510 (2 USC 166 (d)(6)), one of the duties of CRS is "to prepare summaries and digests of bills and resolutions of a public general nature introduced in the Senate or House of Representatives". For more information, refer to the User Guide that accompanies this file.</dc:description>
</dublinCore>
</BillSummaries>
