<?xml version="1.0" encoding="UTF-8"?><BillSummaries>
<item congress="115" measure-type="hr" measure-number="1843" measure-id="id115hr1843" originChamber="HOUSE" orig-publish-date="2017-03-30" update-date="2017-09-08">
<title>Restraining Excessive Seizure of Property through the Exploitation of Civil Asset Forfeiture Tools Act</title>
<summary summary-id="id115hr1843v36" currentChamber="HOUSE" update-date="2017-09-08">
<action-date>2017-09-05</action-date>
<action-desc>Passed House amended</action-desc>
<summary-text><![CDATA[<p><b>Clyde-Hirsch-Sowers RESPECT Act or the Restraining Excessive Seizure of Property through the Exploitation of Civil Asset Forfeiture Tools Act </b></p> <p>(Sec. 2) This bill revises the authority and procedures that the Internal Revenue Service (IRS) uses to seize property that has been structured to avoid Bank Secrecy Act (BSA) reporting requirements. </p> <p> The IRS may only seize property it suspects has been structured to avoid BSA reporting requirements if the property was derived from an illegal source or the funds were structured for the purpose of concealing the violation of a criminal law or regulation other than structuring transactions to evade BSA reporting requirements. </p> <p>Within 30 days of seizing property, the IRS must: (1) make a good faith effort to find all owners of the property, and (2) notify the owners of the seizure and the post-seizure hearing rights established by this bill. The IRS may apply to a court for one 30-day extension of the notice requirement if it can establish probable cause of an imminent threat to national security or personal safety. </p> <p>If the owner of the property requests a court hearing within 30 days after the date on which notice is provided, the property must be returned unless the court holds a hearing within 30 days after notice is provided and finds that there is probable cause to believe that the property was derived from an illegal source or the funds were structured to conceal the violation of a criminal law or regulation other than a structuring violation. </p> <p> (Sec. 3) The bill amends the Internal Revenue Code to exclude from gross income any interest received from the federal government with respect to an action to recover property seized by the IRS pursuant to a claimed violation of the structuring provisions of the BSA. </p>]]></summary-text>
</summary>
<summary summary-id="id115hr1843v00" currentChamber="HOUSE" update-date="2017-04-07">
<action-date>2017-03-30</action-date>
<action-desc>Introduced in House</action-desc>
<summary-text><![CDATA[<p><b>Clyde-Hirsch-Sowers RESPECT Act or the Restraining Excessive Seizure of Property through the Exploitation of Civil Asset Forfeiture Tools Act </b></p> <p>This bill revises the authority and procedures that the Internal Revenue Service (IRS) uses to seize property that has been structured to avoid Bank Secrecy Act (BSA) reporting requirements. </p> <p> The IRS may only seize property it suspects has been structured to avoid BSA reporting requirements if the property was derived from an illegal source or the funds were structured for the purpose of concealing the violation of a criminal law or regulation other than structuring transactions to evade BSA reporting requirements. </p> <p>Within 30 days of seizing property, the IRS must: (1) make a good faith effort to find all owners of the property, and (2) notify the owners of the post-seizure hearing rights established by this bill. The IRS may apply to a court for one 30-day extension of the notice requirement if it can establish probable cause of an imminent threat to national security or personal safety. </p> <p>If the owner of the property requests a court hearing within 30 days after the date on which notice is provided, the property must be returned unless the court holds a hearing within 30 days after notice is provided and finds that there is probable cause to believe that the property was derived from an illegal source or the funds were structured to conceal the violation of a criminal law or regulation other than a structuring violation. </p> <p> The bill amends the Internal Revenue Code to exclude from gross income any interest received from the federal government with respect to an action to recover property seized by the IRS pursuant to a claimed violation of the structuring provisions of the BSA. </p>]]></summary-text>
</summary>
</item>
<dublinCore xmlns:dc="http://purl.org/dc/elements/1.1/">
<dc:format>text/xml</dc:format>
<dc:language>EN</dc:language>
<dc:rights>Pursuant to Title 17 Section 105 of the United States Code, this file is not subject to copyright protection and is in the public domain.</dc:rights>
<dc:contributor>Congressional Research Service, Library of Congress</dc:contributor>
<dc:description>This file contains bill summaries for federal legislation. A bill summary describes the most significant provisions of a piece of legislation and details the effects the legislative text may have on current law and federal programs. Bill summaries are authored by the Congressional Research Service (CRS) of the Library of Congress. As stated in Public Law 91-510 (2 USC 166 (d)(6)), one of the duties of CRS is "to prepare summaries and digests of bills and resolutions of a public general nature introduced in the Senate or House of Representatives". For more information, refer to the User Guide that accompanies this file.</dc:description>
</dublinCore>
</BillSummaries>
