<?xml version="1.0" encoding="UTF-8"?><BillSummaries>
<item congress="115" measure-type="hr" measure-number="735" measure-id="id115hr735" originChamber="HOUSE" orig-publish-date="2017-01-30" update-date="2017-02-09">
<title>USA Values Act of 2017</title>
<summary summary-id="id115hr735v00" currentChamber="HOUSE" update-date="2017-02-09">
<action-date>2017-01-30</action-date>
<action-desc>Introduced in House</action-desc>
<summary-text><![CDATA[<p><strong>Universal Security of American Values Act of 2017 or the USA Values Act of 2017</strong></p> <p>This bill prohibits enforcement of any executive order that would be in direct violation of an existing executive order, public law, or fully executed regulatory agency process as it relates to: </p> <ul> <li>Fourth Amendment due process; </li> <li>Fourteenth Amendment protections of citizenship rights; </li> <li>the Immigration and Nationality Act; </li> <li> laws intended to protect the civil liberties, civil rights, or human rights of persons lawfully admitted into the United States or natural born or naturalized U.S. citizens; or </li> <li>the impact on individuals based upon race, religion, ethnicity, place of birth or residence, gender, sexual orientation and identity, age, or statuses that pose no undue health threat to the general population. </li> </ul> <p>No amounts made available to any federal agency may be used to implement or enforce any of the policy changes set forth in Executive Order 13769, entitled &quot;Protecting the Nation from Foreign Terrorist Entry into the United States.&quot; Among the order's major provisions are restrictions on the entry of immigrants and nonimmigrants from seven countries (Iran, Iraq, Libya, Somalia, Sudan, Syria, and Yemen) and additional limitations on refugee admissions to the United States.</p>]]></summary-text>
</summary>
</item>
<dublinCore xmlns:dc="http://purl.org/dc/elements/1.1/">
<dc:format>text/xml</dc:format>
<dc:language>EN</dc:language>
<dc:rights>Pursuant to Title 17 Section 105 of the United States Code, this file is not subject to copyright protection and is in the public domain.</dc:rights>
<dc:contributor>Congressional Research Service, Library of Congress</dc:contributor>
<dc:description>This file contains bill summaries for federal legislation. A bill summary describes the most significant provisions of a piece of legislation and details the effects the legislative text may have on current law and federal programs. Bill summaries are authored by the Congressional Research Service (CRS) of the Library of Congress. As stated in Public Law 91-510 (2 USC 166 (d)(6)), one of the duties of CRS is "to prepare summaries and digests of bills and resolutions of a public general nature introduced in the Senate or House of Representatives". For more information, refer to the User Guide that accompanies this file.</dc:description>
</dublinCore>
</BillSummaries>
