<?xml version="1.0" encoding="UTF-8"?><BillSummaries>
<item congress="115" measure-type="hr" measure-number="1957" measure-id="id115hr1957" originChamber="HOUSE" orig-publish-date="2017-04-05" update-date="2017-04-18">
<title>Safe Schools Improvement Act of 2017</title>
<summary summary-id="id115hr1957v00" currentChamber="HOUSE" update-date="2017-04-18">
<action-date>2017-04-05</action-date>
<action-desc>Introduced in House</action-desc>
<summary-text><![CDATA[<p><strong>Safe Schools Improvement Act of 2017</strong></p> <p>This bill amends the Elementary and Secondary Education Act of 1965 to require states to direct their local educational agencies (LEAs) to establish policies that prevent and prohibit conduct, including bullying and harassment, that is sufficiently severe, persistent, or pervasive to: (1) limit students' ability to participate in, or benefit from, school programs; or (2) create a hostile or abusive educational environment that adversely affects&nbsp;students' education.</p> <p>LEAs shall also provide: (1) students, parents, and educational professionals with annual notice of the conduct prohibited in their disciplinary policies; (2) students and parents with grievance procedures that target such conduct; and (3) the public with annual data on the incidence and frequency of that conduct at the school and LEA level.</p> <p>The Department&nbsp;of Education must conduct, and report on, an independent biennial evaluation of programs and policies to combat bullying and harassment in elementary and secondary schools. The National Center for Education Statistics shall collect state data to determine the incidence and frequency of the conduct prohibited by LEA disciplinary policies. </p>]]></summary-text>
</summary>
</item>
<dublinCore xmlns:dc="http://purl.org/dc/elements/1.1/">
<dc:format>text/xml</dc:format>
<dc:language>EN</dc:language>
<dc:rights>Pursuant to Title 17 Section 105 of the United States Code, this file is not subject to copyright protection and is in the public domain.</dc:rights>
<dc:contributor>Congressional Research Service, Library of Congress</dc:contributor>
<dc:description>This file contains bill summaries for federal legislation. A bill summary describes the most significant provisions of a piece of legislation and details the effects the legislative text may have on current law and federal programs. Bill summaries are authored by the Congressional Research Service (CRS) of the Library of Congress. As stated in Public Law 91-510 (2 USC 166 (d)(6)), one of the duties of CRS is "to prepare summaries and digests of bills and resolutions of a public general nature introduced in the Senate or House of Representatives". For more information, refer to the User Guide that accompanies this file.</dc:description>
</dublinCore>
</BillSummaries>
