<?xml version="1.0" encoding="UTF-8"?><BillSummaries>
<item congress="115" measure-type="hr" measure-number="1822" measure-id="id115hr1822" originChamber="HOUSE" orig-publish-date="2017-03-30" update-date="2017-04-06">
<title>Good Samaritan Health Professionals Act of 2017</title>
<summary summary-id="id115hr1822v00" currentChamber="HOUSE" update-date="2017-04-06">
<action-date>2017-03-30</action-date>
<action-desc>Introduced in House</action-desc>
<summary-text><![CDATA[<p><b>Good Samaritan Health Professionals Act of 2017</b></p> <p>This bill amends the Public Health Service Act to shield a health care professional from liability under federal or state law for harm caused by any act or omission if: (1) the professional is serving as a volunteer in response to a disaster; and (2) the act or omission occurs during the period of the disaster, in the professional's capacity as a volunteer, and in a good faith belief that the individual being treated is in need of health care services.</p> <p>This protection from liability does not apply if: (1) the harm was caused by an act or omission constituting willful or criminal misconduct, gross negligence, reckless misconduct, or a conscious flagrant indifference to the rights or safety of the individual harmed; or (2) the professional rendered the health care services under the influence of alcohol or an intoxicating drug.</p> <p>]]></summary-text>
</summary>
</item>
<dublinCore xmlns:dc="http://purl.org/dc/elements/1.1/">
<dc:format>text/xml</dc:format>
<dc:language>EN</dc:language>
<dc:rights>Pursuant to Title 17 Section 105 of the United States Code, this file is not subject to copyright protection and is in the public domain.</dc:rights>
<dc:contributor>Congressional Research Service, Library of Congress</dc:contributor>
<dc:description>This file contains bill summaries for federal legislation. A bill summary describes the most significant provisions of a piece of legislation and details the effects the legislative text may have on current law and federal programs. Bill summaries are authored by the Congressional Research Service (CRS) of the Library of Congress. As stated in Public Law 91-510 (2 USC 166 (d)(6)), one of the duties of CRS is "to prepare summaries and digests of bills and resolutions of a public general nature introduced in the Senate or House of Representatives". For more information, refer to the User Guide that accompanies this file.</dc:description>
</dublinCore>
</BillSummaries>
