<?xml version="1.0" encoding="UTF-8"?><BillSummaries>
<item congress="115" measure-type="hr" measure-number="534" measure-id="id115hr534" originChamber="HOUSE" orig-publish-date="2017-01-13" update-date="2017-07-06">
<title>U.S. Wants to Compete for a World Expo Act</title>
<summary summary-id="id115hr534v49" currentChamber="BOTH" update-date="2017-07-06">
<action-date>2017-05-08</action-date>
<action-desc>Public Law</action-desc>
<summary-text><![CDATA[<p>(This measure has not been amended since it was reported to the Senate on May 3, 2017. The summary of that version is repeated here.)</p> <p><strong>U.S. Wants to Compete for a World Expo Act</strong></p> <p>(Sec. 3) This bill calls for: (1) the United States to rejoin the Bureau of International Expositions (BIE) to promote global branding, domestic job creation, and U.S. tourism; and (2) the Department of State to facilitate the timely submission of a request to rejoin the BIE. </p> <p>(Sec. 4) The bill authorizes the State Department to: (1) take necessary actions for the United States to rejoin the BIE, and (2) accept contributions for such purpose. </p> <p>(Sec. 5) Nothing in this bill may be construed to authorize any obligation or expenditure prohibited by provisions of the Admiral James W. Nance and Meg Donovan Foreign Relations Authorization Act, Fiscal Years 2000 and 2001 relating to limitations on the obligation or expenditure of funds by the State Department for a U.S. pavilion or exhibit at an international exposition or world's fair registered by the BIE. Such Act is amended to prohibit State Department employees in their official capacity from soliciting funds to pay expenses for such a U.S. pavilion or exhibit. </p>]]></summary-text>
</summary>
<summary summary-id="id115hr534v35" currentChamber="SENATE" update-date="2017-07-06">
<action-date>2017-05-04</action-date>
<action-desc>Passed Senate amended</action-desc>
<summary-text><![CDATA[<p>(This measure has not been amended since it was reported to the Senate on May 3, 2017. The summary of that version is repeated here.)</p> <p><strong>U.S. Wants to Compete for a World Expo Act</strong></p> <p> (Sec. 3) This bill calls for: (1) the United States to rejoin the Bureau of International Expositions (BIE) to promote global branding, domestic job creation, and U.S. tourism; and (2) the Department of State to facilitate the timely submission of a request to rejoin the BIE. </p> <p>(Sec. 4) The bill authorizes the State Department to: (1) take necessary actions for the United States to rejoin the BIE, and (2) accept contributions for such purpose. </p> <p>(Sec. 5) Nothing in this bill may be construed to authorize any obligation or expenditure prohibited by provisions of the Admiral James W. Nance and Meg Donovan Foreign Relations Authorization Act, Fiscal Years 2000 and 2001 relating to limitations on the obligation or expenditure of funds by the State Department for a U.S. pavilion or exhibit at an international exposition or world's fair registered by the BIE. Such Act is amended to prohibit State Department employees in their official capacity from soliciting funds to pay expenses for such a U.S. pavilion or exhibit. </p>]]></summary-text>
</summary>
<summary summary-id="id115hr534v01" currentChamber="SENATE" update-date="2017-07-06">
<action-date>2017-05-03</action-date>
<action-desc>Reported to Senate with amendment(s)</action-desc>
<summary-text><![CDATA[<p><strong>U.S. Wants to Compete for a World Expo Act</strong></p> <p> (Sec. 3) This bill calls for: (1) the United States to rejoin the Bureau of International Expositions (BIE) to promote global branding, domestic job creation, and U.S. tourism; and (2) the Department of State to facilitate the timely submission of a request to rejoin the BIE. </p> <p>(Sec. 4) The bill authorizes the State Department to: (1) take necessary actions for the United States to rejoin the BIE, and (2) accept contributions for such purpose. </p> <p>(Sec. 5) Nothing in this bill may be construed to authorize any obligation or expenditure prohibited by provisions of the Admiral James W. Nance and Meg Donovan Foreign Relations Authorization Act, Fiscal Years 2000 and 2001 relating to limitations on the obligation or expenditure of funds by the State Department for a U.S. pavilion or exhibit at an international exposition or world's fair registered by the BIE. Such Act is amended to prohibit State Department employees in their official capacity from soliciting funds to pay expenses for such a U.S. pavilion or exhibit. </p>]]></summary-text>
</summary>
<summary summary-id="id115hr534v36" currentChamber="HOUSE" update-date="2017-07-06">
<action-date>2017-04-25</action-date>
<action-desc>Passed House amended</action-desc>
<summary-text><![CDATA[<p><strong>U.S. Wants to Compete for a World Expo Act</strong></p> <p>(Sec. 3) This bill calls for: (1) the United States to rejoin the Bureau of International Expositions (BIE) to promote global branding, domestic job creation, and U.S. tourism; (2) the Department of State to facilitate the timely submission of a request to rejoin the BIE; and (3) funding for U.S. participation in international expositions or other BIE-facilitated events to continue to be privately solicited and sourced. </p> <p>(Sec. 4) The bill authorizes the State Department to: (1) take necessary actions for the United States to rejoin the BIE, and (2) accept contributions for such purpose. </p> <p>(Sec. 5) Nothing in this bill may be construed to authorize any obligation or expenditure prohibited by provisions of the Admiral James W. Nance and Meg Donovan Foreign Relations Authorization Act, Fiscal Years 2000 and 2001 relating to limitations on the obligation or expenditure of funds by the State Department for a U.S. pavilion or exhibit at an international exposition or world's fair registered by the BIE. </p>]]></summary-text>
</summary>
<summary summary-id="id115hr534v00" currentChamber="HOUSE" update-date="2017-02-08">
<action-date>2017-01-13</action-date>
<action-desc>Introduced in House</action-desc>
<summary-text><![CDATA[<p><strong>U.S. Wants to Compete for a World Expo Act</strong></p> <p>This bill expresses the sense of Congress that the United States should rejoin the Bureau of International Expositions (BIE) to promote public diplomacy, global branding, and tourism to the United States.</p> <p> The Department of State shall take necessary action within 90 days for the United States to rejoin the BIE.</p>]]></summary-text>
</summary>
</item>
<dublinCore xmlns:dc="http://purl.org/dc/elements/1.1/">
<dc:format>text/xml</dc:format>
<dc:language>EN</dc:language>
<dc:rights>Pursuant to Title 17 Section 105 of the United States Code, this file is not subject to copyright protection and is in the public domain.</dc:rights>
<dc:contributor>Congressional Research Service, Library of Congress</dc:contributor>
<dc:description>This file contains bill summaries for federal legislation. A bill summary describes the most significant provisions of a piece of legislation and details the effects the legislative text may have on current law and federal programs. Bill summaries are authored by the Congressional Research Service (CRS) of the Library of Congress. As stated in Public Law 91-510 (2 USC 166 (d)(6)), one of the duties of CRS is "to prepare summaries and digests of bills and resolutions of a public general nature introduced in the Senate or House of Representatives". For more information, refer to the User Guide that accompanies this file.</dc:description>
</dublinCore>
</BillSummaries>
