<?xml version="1.0" encoding="UTF-8"?><BillSummaries>
<item congress="115" measure-type="hr" measure-number="2008" measure-id="id115hr2008" originChamber="HOUSE" orig-publish-date="2017-04-06" update-date="2017-04-18">
<title>Kids First Research Act 2.0</title>
<summary summary-id="id115hr2008v00" currentChamber="HOUSE" update-date="2017-04-18">
<action-date>2017-04-06</action-date>
<action-desc>Introduced in House</action-desc>
<summary-text><![CDATA[<p><b>Kids First Research Act 2.0</b></p> <p>This bill amends the Internal Revenue Code to terminate: (1) the taxpayer election to designate $3 of income tax liability for financing of presidential election campaigns for taxable years beginning after December 31, 2016, (2) the Presidential Election Campaign Fund, and (3) the Presidential Primary Matching Payment Account.</p> <p>The Department of the Treasury must transfer amounts in the fund as of the date of the enactment of this bill to the 10-Year Pediatric Research Initiative Fund.</p> <p>The bill expresses the sense of Congress that the Director of the National Institutes of Health (NIH) should oversee and coordinate research that is conducted or supported by the NIH for research on pediatric cancer and other pediatric diseases and conditions, including through the 10-Year Pediatric Research Initiative Fund.</p> <p>The bill also amends the Public Health Service Act to require the NIH to prioritize pediatric research that does not replicate existing NIH research activities. </p>]]></summary-text>
</summary>
</item>
<dublinCore xmlns:dc="http://purl.org/dc/elements/1.1/">
<dc:format>text/xml</dc:format>
<dc:language>EN</dc:language>
<dc:rights>Pursuant to Title 17 Section 105 of the United States Code, this file is not subject to copyright protection and is in the public domain.</dc:rights>
<dc:contributor>Congressional Research Service, Library of Congress</dc:contributor>
<dc:description>This file contains bill summaries for federal legislation. A bill summary describes the most significant provisions of a piece of legislation and details the effects the legislative text may have on current law and federal programs. Bill summaries are authored by the Congressional Research Service (CRS) of the Library of Congress. As stated in Public Law 91-510 (2 USC 166 (d)(6)), one of the duties of CRS is "to prepare summaries and digests of bills and resolutions of a public general nature introduced in the Senate or House of Representatives". For more information, refer to the User Guide that accompanies this file.</dc:description>
</dublinCore>
</BillSummaries>
