<?xml version="1.0" encoding="UTF-8"?><BillSummaries>
<item congress="115" measure-type="hr" measure-number="215" measure-id="id115hr215" originChamber="HOUSE" orig-publish-date="2017-01-03" update-date="2017-01-17">
<title>American Indian Empowerment Act of 2017</title>
<summary summary-id="id115hr215v00" currentChamber="HOUSE" update-date="2017-01-17">
<action-date>2017-01-03</action-date>
<action-desc>Introduced in House</action-desc>
<summary-text><![CDATA[<p><b>American Indian Empowerment Act of 2017</b></p> <p> This bill requires the Department of the Interior, upon the request of an Indian tribe, to transfer land held in trust for the tribe to the tribe as restricted fee tribal land. (Restricted fee tribal land is land that is owned by a tribe and has restrictions against alienation and taxation.)</p> <p>Tribes may lease, or grant an easement or right-of-way on, restricted fee land for any period of time without Interior's review and approval.</p> <p>Tribal laws that establish a system of land tenure governing the use of restricted fee land have precedence over federal laws and regulations governing the use of such land, except the restriction against the land's alienation and taxation.</p>]]></summary-text>
</summary>
</item>
<dublinCore xmlns:dc="http://purl.org/dc/elements/1.1/">
<dc:format>text/xml</dc:format>
<dc:language>EN</dc:language>
<dc:rights>Pursuant to Title 17 Section 105 of the United States Code, this file is not subject to copyright protection and is in the public domain.</dc:rights>
<dc:contributor>Congressional Research Service, Library of Congress</dc:contributor>
<dc:description>This file contains bill summaries for federal legislation. A bill summary describes the most significant provisions of a piece of legislation and details the effects the legislative text may have on current law and federal programs. Bill summaries are authored by the Congressional Research Service (CRS) of the Library of Congress. As stated in Public Law 91-510 (2 USC 166 (d)(6)), one of the duties of CRS is "to prepare summaries and digests of bills and resolutions of a public general nature introduced in the Senate or House of Representatives". For more information, refer to the User Guide that accompanies this file.</dc:description>
</dublinCore>
</BillSummaries>
