<?xml version="1.0" encoding="UTF-8"?><BillSummaries>
<item congress="115" measure-type="hr" measure-number="372" measure-id="id115hr372" originChamber="HOUSE" orig-publish-date="2017-01-09" update-date="2017-07-03">
<title>Competitive Health Insurance Reform Act of 2017</title>
<summary summary-id="id115hr372v36" currentChamber="HOUSE" update-date="2017-07-03">
<action-date>2017-03-22</action-date>
<action-desc>Passed House amended</action-desc>
<summary-text><![CDATA[<p>(This measure has not been amended since it was reported to the House on March 15, 2017. The summary of that version is repeated here.)</p> <p><b>Competitive Health Insurance Reform Act of 2017</b></p> <p>(Sec. 2) This bill amends the McCarran-Ferguson Act to declare that nothing in that Act modifies, impairs, or supersedes the operation of antitrust laws with respect to the business of health insurance, including the business of dental insurance. This declaration does not apply to a contract, combination, or conspiracy to: (1) collect, compile, or disseminate historical loss data; (2) determine a loss development factor for historical loss data; (3) perform actuarial services if the collaboration does not involve a restraint of trade; or (4) develop or disseminate a standard insurance policy form if adherence to the form is not required.</p> <p>Prohibitions against unfair methods of competition apply to the business of health insurance without regard to whether the business is for profit.</p>]]></summary-text>
</summary>
<summary summary-id="id115hr372v17" currentChamber="HOUSE" update-date="2017-04-03">
<action-date>2017-03-15</action-date>
<action-desc>Reported to House amended</action-desc>
<summary-text><![CDATA[<p><b>Competitive Health Insurance Reform Act of 2017</b></p> <p>(Sec. 2) This bill amends the McCarran-Ferguson Act to declare that nothing in that Act modifies, impairs, or supersedes the operation of antitrust laws with respect to the business of health insurance, including the business of dental insurance. This declaration does not apply to a contract, combination, or conspiracy to: (1) collect, compile, or disseminate historical loss data; (2) determine a loss development factor for historical loss data; (3) perform actuarial services if the collaboration does not involve a restraint of trade; or (4) develop or disseminate a standard insurance policy form if adherence to the form is not required.</p> <p>Prohibitions against unfair methods of competition apply to the business of health insurance without regard to whether the business is for profit.</p>]]></summary-text>
</summary>
<summary summary-id="id115hr372v00" currentChamber="HOUSE" update-date="2017-02-01">
<action-date>2017-01-09</action-date>
<action-desc>Introduced in House</action-desc>
<summary-text><![CDATA[<p><b>Competitive Health Insurance Reform Act of 2017</b></p> <p>This bill amends the McCarran-Ferguson Act to declare that nothing in that Act modifies, impairs, or supersedes the operation of antitrust laws with respect to the business of health insurance, including the business of dental insurance.</p> <p>Prohibitions against unfair methods of competition apply to the business of health insurance without regard to whether the business is for profit.</p>]]></summary-text>
</summary>
</item>
<dublinCore xmlns:dc="http://purl.org/dc/elements/1.1/">
<dc:format>text/xml</dc:format>
<dc:language>EN</dc:language>
<dc:rights>Pursuant to Title 17 Section 105 of the United States Code, this file is not subject to copyright protection and is in the public domain.</dc:rights>
<dc:contributor>Congressional Research Service, Library of Congress</dc:contributor>
<dc:description>This file contains bill summaries for federal legislation. A bill summary describes the most significant provisions of a piece of legislation and details the effects the legislative text may have on current law and federal programs. Bill summaries are authored by the Congressional Research Service (CRS) of the Library of Congress. As stated in Public Law 91-510 (2 USC 166 (d)(6)), one of the duties of CRS is "to prepare summaries and digests of bills and resolutions of a public general nature introduced in the Senate or House of Representatives". For more information, refer to the User Guide that accompanies this file.</dc:description>
</dublinCore>
</BillSummaries>
