<?xml version="1.0" encoding="UTF-8"?><BillSummaries>
<item congress="115" measure-type="hr" measure-number="828" measure-id="id115hr828" originChamber="HOUSE" orig-publish-date="2017-02-02" update-date="2017-04-18">
<title>Investing in Opportunity Act</title>
<summary summary-id="id115hr828v00" currentChamber="HOUSE" update-date="2017-04-18">
<action-date>2017-02-02</action-date>
<action-desc>Introduced in House</action-desc>
<summary-text><![CDATA[<p><b>Investing in Opportunity Act </b></p> <p>This bill amends the Internal Revenue Code to authorize the designation of opportunity zones in low-income communities and to provide tax incentives for investments in the zones, including deferring the recognition of capital gains that are reinvested in the zones. </p> <p>Governors may submit nominations for a limited number of opportunity zones to the Department of the Treasury for certification and designation. Governors must give particular consideration to areas that: </p> <ul> <li> are currently the focus of mutually reinforcing state, local, or private economic development initiatives to attract investment and foster startup activity; </li> <li> have demonstrated success in geographically targeted development programs such as promise zones, the new markets tax credit, empowerment zones, and renewal communities; and </li> <li> have recently experienced significant layoffs due to business closures or relocations. </li> </ul> <p>Treasury must designate zones if a governor fails to submit nominations within a specified period of time. </p> <p>An &quot;opportunity fund&quot; is any investment vehicle organized as a corporation or a partnership to invest in opportunity zones that holds at least 90% of its assets in opportunity zone assets. </p> <p>Taxpayers may temporarily defer the recognition of capital gains that are invested in opportunity zones. Investments in opportunity zones or opportunity funds that are held for at least five years are eligible for capital gains tax reductions or exemptions, depending on how long the investment is held. </p> <p>Treasury must report to Congress on the opportunity zone incentives enacted in this bill, including an assessment of opportunity fund investments at the national and state levels. </p>]]></summary-text>
</summary>
</item>
<dublinCore xmlns:dc="http://purl.org/dc/elements/1.1/">
<dc:format>text/xml</dc:format>
<dc:language>EN</dc:language>
<dc:rights>Pursuant to Title 17 Section 105 of the United States Code, this file is not subject to copyright protection and is in the public domain.</dc:rights>
<dc:contributor>Congressional Research Service, Library of Congress</dc:contributor>
<dc:description>This file contains bill summaries for federal legislation. A bill summary describes the most significant provisions of a piece of legislation and details the effects the legislative text may have on current law and federal programs. Bill summaries are authored by the Congressional Research Service (CRS) of the Library of Congress. As stated in Public Law 91-510 (2 USC 166 (d)(6)), one of the duties of CRS is "to prepare summaries and digests of bills and resolutions of a public general nature introduced in the Senate or House of Representatives". For more information, refer to the User Guide that accompanies this file.</dc:description>
</dublinCore>
</BillSummaries>
