<?xml version="1.0" encoding="UTF-8"?><BillSummaries>
<item congress="115" measure-type="hr" measure-number="305" measure-id="id115hr305" originChamber="HOUSE" orig-publish-date="2017-01-05" update-date="2017-04-05">
<title>Presidential Tax Transparency Act</title>
<summary summary-id="id115hr305v00" currentChamber="HOUSE" update-date="2017-04-05">
<action-date>2017-01-05</action-date>
<action-desc>Introduced in House</action-desc>
<summary-text><![CDATA[<p><b>Presidential Tax Transparency Act </b></p> <p>This bill amends the Ethics in Government Act of 1978 to require the President and certain candidates for President to disclose federal income tax returns for the three most recent taxable years in reports filed with either the Office of Government Ethics (OGE) or the Federal Election Commission (FEC), in the case of a candidate. </p> <p>The OGE or the FEC must make the disclosed tax returns publicly available after making appropriate redactions. If the income tax returns are not disclosed as required by this bill, the OGE or the FEC must request the returns from the Internal Revenue Service (IRS). </p> <p>The bill amends the Internal Revenue Code to require the IRS, upon receiving a written request from the FEC or the OGE, to provide any income tax return that is required to be disclosed under this bill. </p> <p>The bill also establishes civil and criminal penalties for failing to file or falsifying income tax returns that are required to be disclosed pursuant to this bill. </p>]]></summary-text>
</summary>
</item>
<dublinCore xmlns:dc="http://purl.org/dc/elements/1.1/">
<dc:format>text/xml</dc:format>
<dc:language>EN</dc:language>
<dc:rights>Pursuant to Title 17 Section 105 of the United States Code, this file is not subject to copyright protection and is in the public domain.</dc:rights>
<dc:contributor>Congressional Research Service, Library of Congress</dc:contributor>
<dc:description>This file contains bill summaries for federal legislation. A bill summary describes the most significant provisions of a piece of legislation and details the effects the legislative text may have on current law and federal programs. Bill summaries are authored by the Congressional Research Service (CRS) of the Library of Congress. As stated in Public Law 91-510 (2 USC 166 (d)(6)), one of the duties of CRS is "to prepare summaries and digests of bills and resolutions of a public general nature introduced in the Senate or House of Representatives". For more information, refer to the User Guide that accompanies this file.</dc:description>
</dublinCore>
</BillSummaries>
