<?xml version="1.0" encoding="UTF-8"?><BillSummaries>
<item congress="115" measure-type="hr" measure-number="255" measure-id="id115hr255" originChamber="HOUSE" orig-publish-date="2017-01-04" update-date="2017-03-15">
<title>Promoting Women in Entrepreneurship Act</title>
<summary summary-id="id115hr255v49" currentChamber="BOTH" update-date="2017-03-15">
<action-date>2017-02-28</action-date>
<action-desc>Public Law</action-desc>
<summary-text><![CDATA[<p>(This measure has not been amended since it was introduced. The expanded summary of the House passed version is repeated here.)</p> <p><b>Promoting Women in Entrepreneurship Act</b></p> <p> (Sec. 3) This bill amends the Science and Engineering Equal Opportunities Act to authorize the National Science Foundation to encourage its entrepreneurial programs to recruit and support women to extend their focus beyond the laboratory and into the commercial world. </p>]]></summary-text>
</summary>
<summary summary-id="id115hr255v82" currentChamber="SENATE" update-date="2017-03-15">
<action-date>2017-02-14</action-date>
<action-desc>Passed Senate without amendment</action-desc>
<summary-text><![CDATA[<p>(This measure has not been amended since it was introduced. The expanded summary of the House passed version is repeated here.)</p> <p><b>Promoting Women in Entrepreneurship Act</b></p> <p> (Sec. 3) This bill amends the Science and Engineering Equal Opportunities Act to authorize the National Science Foundation to encourage its entrepreneurial programs to recruit and support women to extend their focus beyond the laboratory and into the commercial world. </p>]]></summary-text>
</summary>
<summary summary-id="id115hr255v80" currentChamber="SENATE" update-date="2017-03-15">
<action-date>2017-02-01</action-date>
<action-desc>Reported to Senate without amendment</action-desc>
<summary-text><![CDATA[<p>(This measure has not been amended since it was introduced. The expanded summary of the House passed version is repeated here.)</p> <p><b>Promoting Women in Entrepreneurship Act</b></p> <p> (Sec. 3) This bill amends the Science and Engineering Equal Opportunities Act to authorize the National Science Foundation to encourage its entrepreneurial programs to recruit and support women to extend their focus beyond the laboratory and into the commercial world. </p>]]></summary-text>
</summary>
<summary summary-id="id115hr255v81" currentChamber="HOUSE" update-date="2017-01-26">
<action-date>2017-01-10</action-date>
<action-desc>Passed House without amendment</action-desc>
<summary-text><![CDATA[<p>(This measure has not been amended since it was introduced. The summary has been expanded because action occurred on the measure.)</p> <p><b>Promoting Women in Entrepreneurship Act</b></p> <p> (Sec. 3) This bill amends the Science and Engineering Equal Opportunities Act to authorize the National Science Foundation to encourage its entrepreneurial programs to recruit and support women to extend their focus beyond the laboratory and into the commercial world. </p>]]></summary-text>
</summary>
<summary summary-id="id115hr255v00" currentChamber="HOUSE" update-date="2017-01-26">
<action-date>2017-01-04</action-date>
<action-desc>Introduced in House</action-desc>
<summary-text><![CDATA[<p><b>Promoting Women in Entrepreneurship Act</b></p> <p> This bill amends the Science and Engineering Equal Opportunities Act to authorize the National Science Foundation to encourage its entrepreneurial programs to recruit and support women to extend their focus beyond the laboratory and into the commercial world. </p>]]></summary-text>
</summary>
</item>
<dublinCore xmlns:dc="http://purl.org/dc/elements/1.1/">
<dc:format>text/xml</dc:format>
<dc:language>EN</dc:language>
<dc:rights>Pursuant to Title 17 Section 105 of the United States Code, this file is not subject to copyright protection and is in the public domain.</dc:rights>
<dc:contributor>Congressional Research Service, Library of Congress</dc:contributor>
<dc:description>This file contains bill summaries for federal legislation. A bill summary describes the most significant provisions of a piece of legislation and details the effects the legislative text may have on current law and federal programs. Bill summaries are authored by the Congressional Research Service (CRS) of the Library of Congress. As stated in Public Law 91-510 (2 USC 166 (d)(6)), one of the duties of CRS is "to prepare summaries and digests of bills and resolutions of a public general nature introduced in the Senate or House of Representatives". For more information, refer to the User Guide that accompanies this file.</dc:description>
</dublinCore>
</BillSummaries>
