<?xml version="1.0" encoding="UTF-8"?><BillSummaries>
<item congress="115" measure-type="hr" measure-number="543" measure-id="id115hr543" originChamber="HOUSE" orig-publish-date="2017-01-13" update-date="2017-02-01">
<title>Prioritizing the Most Vulnerable Americans Act</title>
<summary summary-id="id115hr543v00" currentChamber="HOUSE" update-date="2017-02-01">
<action-date>2017-01-13</action-date>
<action-desc>Introduced in House</action-desc>
<summary-text><![CDATA[<p><strong>Prioritizing the Most Vulnerable Medicaid Patients</strong></p> <p>This bill amend title XI (General Provisions) of the Social Security Act to require the Centers for Medicare &amp; Medicaid Services, in approving Medicaid demonstration projects, to:</p> <ul> <li>prioritize projects that have been proven effective in improving care and outcomes with respect to uninsured, Medicaid-eligible, or low-income individuals;</li> <li>require participating states to make publicly available data regarding the health outcomes for individuals to be served;</li> <li>ensure that projects are not duplicative of any federal program or funding opportunity; and</li> <li>require participating states to make publicly available an analysis of the degree to which such projects preclude private and charitable sector efforts to improve&nbsp;care and outcomes&nbsp;with respect to uninsured, Medicaid-eligible, or&nbsp;low-income individuals.&nbsp;</li></ul>]]></summary-text>
</summary>
</item>
<dublinCore xmlns:dc="http://purl.org/dc/elements/1.1/">
<dc:format>text/xml</dc:format>
<dc:language>EN</dc:language>
<dc:rights>Pursuant to Title 17 Section 105 of the United States Code, this file is not subject to copyright protection and is in the public domain.</dc:rights>
<dc:contributor>Congressional Research Service, Library of Congress</dc:contributor>
<dc:description>This file contains bill summaries for federal legislation. A bill summary describes the most significant provisions of a piece of legislation and details the effects the legislative text may have on current law and federal programs. Bill summaries are authored by the Congressional Research Service (CRS) of the Library of Congress. As stated in Public Law 91-510 (2 USC 166 (d)(6)), one of the duties of CRS is "to prepare summaries and digests of bills and resolutions of a public general nature introduced in the Senate or House of Representatives". For more information, refer to the User Guide that accompanies this file.</dc:description>
</dublinCore>
</BillSummaries>
