<?xml version="1.0" encoding="UTF-8"?><BillSummaries>
<item congress="115" measure-type="hr" measure-number="56" measure-id="id115hr56" originChamber="HOUSE" orig-publish-date="2017-01-03" update-date="2017-01-26">
<title>America RISING Act of 2017</title>
<summary summary-id="id115hr56v00" currentChamber="HOUSE" update-date="2017-01-26">
<action-date>2017-01-03</action-date>
<action-desc>Introduced in House</action-desc>
<summary-text><![CDATA[<p><strong></strong></p> <p></s></p> <p> <p><b>America Realizing the Informational Skills and Initiative of New Graduates Act of 2017 or America RISING Act of 2017</b> <p>This bill directs the Department of Labor and the Department of Health and Human Services to jointly establish a grant program to defray the costs paid by: (1) employers to compensate recent college graduates; and (2) recent college graduates to enroll in postsecondary education courses in mathematics, science, engineering, or technology.]]></summary-text>
</summary>
</item>
<dublinCore xmlns:dc="http://purl.org/dc/elements/1.1/">
<dc:format>text/xml</dc:format>
<dc:language>EN</dc:language>
<dc:rights>Pursuant to Title 17 Section 105 of the United States Code, this file is not subject to copyright protection and is in the public domain.</dc:rights>
<dc:contributor>Congressional Research Service, Library of Congress</dc:contributor>
<dc:description>This file contains bill summaries for federal legislation. A bill summary describes the most significant provisions of a piece of legislation and details the effects the legislative text may have on current law and federal programs. Bill summaries are authored by the Congressional Research Service (CRS) of the Library of Congress. As stated in Public Law 91-510 (2 USC 166 (d)(6)), one of the duties of CRS is "to prepare summaries and digests of bills and resolutions of a public general nature introduced in the Senate or House of Representatives". For more information, refer to the User Guide that accompanies this file.</dc:description>
</dublinCore>
</BillSummaries>
