<?xml version="1.0" encoding="UTF-8"?><BillSummaries>
<item congress="115" measure-type="hr" measure-number="1658" measure-id="id115hr1658" originChamber="HOUSE" orig-publish-date="2017-03-21" update-date="2017-03-25">
<title>District of Columbia National Guard Home Rule Act</title>
<summary summary-id="id115hr1658v00" currentChamber="HOUSE" update-date="2017-03-25">
<action-date>2017-03-21</action-date>
<action-desc>Introduced in House</action-desc>
<summary-text><![CDATA[<p><b>District of Columbia National Guard Home Rule Act </b> <p>This bill amends the District of Columbia Code to make the Mayor of the District of Columbia (under current law, the President of the United States) the Commander-in-Chief of the National Guard of the District. <p>Notwithstanding the authority of the Mayor of the District of Columbia as such Commander-in-Chief, the President shall retain control over units and members of the District of Columbia National Guard to conduct necessary and appropriate homeland defense activities.]]></summary-text>
</summary>
</item>
<dublinCore xmlns:dc="http://purl.org/dc/elements/1.1/">
<dc:format>text/xml</dc:format>
<dc:language>EN</dc:language>
<dc:rights>Pursuant to Title 17 Section 105 of the United States Code, this file is not subject to copyright protection and is in the public domain.</dc:rights>
<dc:contributor>Congressional Research Service, Library of Congress</dc:contributor>
<dc:description>This file contains bill summaries for federal legislation. A bill summary describes the most significant provisions of a piece of legislation and details the effects the legislative text may have on current law and federal programs. Bill summaries are authored by the Congressional Research Service (CRS) of the Library of Congress. As stated in Public Law 91-510 (2 USC 166 (d)(6)), one of the duties of CRS is "to prepare summaries and digests of bills and resolutions of a public general nature introduced in the Senate or House of Representatives". For more information, refer to the User Guide that accompanies this file.</dc:description>
</dublinCore>
</BillSummaries>
