<?xml version="1.0" encoding="UTF-8"?><BillSummaries>
<item congress="115" measure-type="hr" measure-number="486" measure-id="id115hr486" originChamber="HOUSE" orig-publish-date="2017-01-12" update-date="2017-02-07">
<title>Grant's Law</title>
<summary summary-id="id115hr486v00" currentChamber="HOUSE" update-date="2017-02-07">
<action-date>2017-01-12</action-date>
<action-desc>Introduced in House</action-desc>
<summary-text><![CDATA[<p><b>Grant's Law</b></p> <p>This bill amends the Immigration and Nationality Act to require mandatory detention of any alien who is unlawfully present in the United States and arrested for inadmissible or deportable crimes. </p> <p>The bill transfers release authority from the Department of Justice to the Department of Homeland Security (DHS). DHS may release the alien to an appropriate authority for proceedings related to the arrest, but DHS must resume custody for any period that the alien is not in custody of the appropriate authority. If the alien is not convicted of crimes for which the alien was arrested, DHS must continue to detain the alien until removal proceedings are completed. </p> <p>DHS must complete the removal proceedings within 90 days. </p>]]></summary-text>
</summary>
</item>
<dublinCore xmlns:dc="http://purl.org/dc/elements/1.1/">
<dc:format>text/xml</dc:format>
<dc:language>EN</dc:language>
<dc:rights>Pursuant to Title 17 Section 105 of the United States Code, this file is not subject to copyright protection and is in the public domain.</dc:rights>
<dc:contributor>Congressional Research Service, Library of Congress</dc:contributor>
<dc:description>This file contains bill summaries for federal legislation. A bill summary describes the most significant provisions of a piece of legislation and details the effects the legislative text may have on current law and federal programs. Bill summaries are authored by the Congressional Research Service (CRS) of the Library of Congress. As stated in Public Law 91-510 (2 USC 166 (d)(6)), one of the duties of CRS is "to prepare summaries and digests of bills and resolutions of a public general nature introduced in the Senate or House of Representatives". For more information, refer to the User Guide that accompanies this file.</dc:description>
</dublinCore>
</BillSummaries>
