<?xml version="1.0" encoding="UTF-8"?><BillSummaries>
<item congress="115" measure-type="hr" measure-number="546" measure-id="id115hr546" originChamber="HOUSE" orig-publish-date="2017-01-13" update-date="2017-01-31">
<title>No Resettlement Without Consent Act</title>
<summary summary-id="id115hr546v00" currentChamber="HOUSE" update-date="2017-01-31">
<action-date>2017-01-13</action-date>
<action-desc>Introduced in House</action-desc>
<summary-text><![CDATA[<p><strong>No Resettlement Without Consent Act</strong></p> <p>This bill amends the Immigration and Nationality Act to provide that: (1) the Office of Refugee Resettlement shall not place or resettle a refugee within a state without the governor's approval; and (2) notwithstanding such approval, the office shall not place or resettle a refugee in any locality within a state if the locality has in effect a law, or a policy with the effect of law, disapproving of refugee resettlement in that locality.</p>]]></summary-text>
</summary>
</item>
<dublinCore xmlns:dc="http://purl.org/dc/elements/1.1/">
<dc:format>text/xml</dc:format>
<dc:language>EN</dc:language>
<dc:rights>Pursuant to Title 17 Section 105 of the United States Code, this file is not subject to copyright protection and is in the public domain.</dc:rights>
<dc:contributor>Congressional Research Service, Library of Congress</dc:contributor>
<dc:description>This file contains bill summaries for federal legislation. A bill summary describes the most significant provisions of a piece of legislation and details the effects the legislative text may have on current law and federal programs. Bill summaries are authored by the Congressional Research Service (CRS) of the Library of Congress. As stated in Public Law 91-510 (2 USC 166 (d)(6)), one of the duties of CRS is "to prepare summaries and digests of bills and resolutions of a public general nature introduced in the Senate or House of Representatives". For more information, refer to the User Guide that accompanies this file.</dc:description>
</dublinCore>
</BillSummaries>
