<?xml version="1.0" encoding="UTF-8"?><BillSummaries>
<item congress="115" measure-type="hr" measure-number="1396" measure-id="id115hr1396" originChamber="HOUSE" orig-publish-date="2017-03-07" update-date="2017-03-23">
<title>Restoring Statutory Rights and Interests of the States Act of 2017</title>
<summary summary-id="id115hr1396v00" currentChamber="HOUSE" update-date="2017-03-23">
<action-date>2017-03-07</action-date>
<action-desc>Introduced in House</action-desc>
<summary-text><![CDATA[<p><b>Restoring Statutory Rights and Interests of the States Act of</b> <b>2017</b></p> <p>This bill amends the Federal Arbitration Act to invalidate arbitration agreements between parties in certain commercial contracts or transactions if they require arbitration of a claim for damages or injunctive relief brought by an individual or small business arising from the alleged violation of a federal or state statute, the U.S. Constitution, or a state constitution, unless the written agreement to arbitrate is entered into by both parties after the claim has arisen and pertains solely to an existing claim.</p> <p>The grounds upon which a contract with an arbitration agreement is revocable shall include federal or state statutes or court findings that prohibit an agreement to arbitrate if the agreement is unconscionable, invalid because there was no meeting of the minds, or otherwise unenforceable as a matter of contract law or public policy.</p> <p>A court, rather than an arbitrator, shall determine whether an arbitration agreement is enforceable.</p>]]></summary-text>
</summary>
</item>
<dublinCore xmlns:dc="http://purl.org/dc/elements/1.1/">
<dc:format>text/xml</dc:format>
<dc:language>EN</dc:language>
<dc:rights>Pursuant to Title 17 Section 105 of the United States Code, this file is not subject to copyright protection and is in the public domain.</dc:rights>
<dc:contributor>Congressional Research Service, Library of Congress</dc:contributor>
<dc:description>This file contains bill summaries for federal legislation. A bill summary describes the most significant provisions of a piece of legislation and details the effects the legislative text may have on current law and federal programs. Bill summaries are authored by the Congressional Research Service (CRS) of the Library of Congress. As stated in Public Law 91-510 (2 USC 166 (d)(6)), one of the duties of CRS is "to prepare summaries and digests of bills and resolutions of a public general nature introduced in the Senate or House of Representatives". For more information, refer to the User Guide that accompanies this file.</dc:description>
</dublinCore>
</BillSummaries>
