<?xml version="1.0" encoding="UTF-8"?><BillSummaries>
<item congress="115" measure-type="hr" measure-number="664" measure-id="id115hr664" originChamber="HOUSE" orig-publish-date="2017-01-24" update-date="2017-03-21">
<title>STOP OD Act of 2017</title>
<summary summary-id="id115hr664v00" currentChamber="HOUSE" update-date="2017-03-21">
<action-date>2017-01-24</action-date>
<action-desc>Introduced in House</action-desc>
<summary-text><![CDATA[<p><b>Stem the Tide of Overdose Prevalence from Opiate Drugs Act of 2017 or as the STOP OD Act of 2017</b></p> <p>This bill permits the Centers for Disease Control and Prevention (CDC) to award grants: (1) to expand educational efforts to prevent abuse of opioids, which are drugs with effects similar to opium, such as heroin; (2) to promote treatment of persons who abuse opioids; and (3) to promote understanding of addiction.</p> <p>The Department of Health and Human Services (HHS) may award grants to: (1) support first responders carrying and administering naloxone, which is a prescription drug used to rapidly reverse an opioid overdose; (2) establish processes for referral to treatment for opioid abuse; and (3) reimburse for testing for fentanyl in opioid overdoses and reporting the results to the CDC.</p> <p>This bill amends the Controlled Substances Act to impose a fee on persons convicted of drug offenses. Collected amounts are made available for the HHS grants in this bill.</p> <p>Specified agencies must submit to the Office of E-Government and Information Technology of the Office of Management and Budget an inventory of agency data centers and a strategy to consolidate and optimize the data centers.</p> <p>The bill revises reporting requirements for the Department of Defense (DOD) regarding data centers. DOD and the Director of National Intelligence may waive this bill's data center requirements for any national security system.</p> <p>The bill sets forth requirements for the Office of E-Government and Information Technology, including that the office must publish a goal for cost savings and optimization.</p> The bill's provisions regarding data centers are repealed at the start of FY2021.]]></summary-text>
</summary>
</item>
<dublinCore xmlns:dc="http://purl.org/dc/elements/1.1/">
<dc:format>text/xml</dc:format>
<dc:language>EN</dc:language>
<dc:rights>Pursuant to Title 17 Section 105 of the United States Code, this file is not subject to copyright protection and is in the public domain.</dc:rights>
<dc:contributor>Congressional Research Service, Library of Congress</dc:contributor>
<dc:description>This file contains bill summaries for federal legislation. A bill summary describes the most significant provisions of a piece of legislation and details the effects the legislative text may have on current law and federal programs. Bill summaries are authored by the Congressional Research Service (CRS) of the Library of Congress. As stated in Public Law 91-510 (2 USC 166 (d)(6)), one of the duties of CRS is "to prepare summaries and digests of bills and resolutions of a public general nature introduced in the Senate or House of Representatives". For more information, refer to the User Guide that accompanies this file.</dc:description>
</dublinCore>
</BillSummaries>
