<?xml version="1.0" encoding="UTF-8"?><BillSummaries>
<item congress="115" measure-type="hr" measure-number="1913" measure-id="id115hr1913" originChamber="HOUSE" orig-publish-date="2017-04-05" update-date="2017-09-05">
<title>Clear Creek National Recreation Area and Conservation Act</title>
<summary summary-id="id115hr1913v81" currentChamber="HOUSE" update-date="2017-09-05">
<action-date>2017-07-11</action-date>
<action-desc>Passed House without amendment</action-desc>
<summary-text><![CDATA[<p>(This measure has not been amended since it was introduced. The summary has been expanded because action occurred on the measure.)</p><p><b>Clear Creek National Recreation Area and Conservation Act </b></p> <p>(Sec. 3) This bill establishes the Clear Creek National Recreation Area in California to promote environmentally responsible off-highway vehicle recreation and support other public recreational uses, including hunting, hiking, and rock and gem collecting. </p> <p>(Sec. 4) The Department of the Interior shall: </p> <ul> <li>prioritize environmentally responsible off-highway vehicle recreation and also facilitate hunting, hiking, gem collecting, and the use of motorized vehicles, mountain bikes, and horses; </li> <li>issue special recreation permits for motorized and nonmotorized events; and </li> <li>reopen the Clear Creek Management Area to such uses. </li> </ul> <p>Interior shall use the 2006 Clear Creek Management Area Resource Management Plan Amendment and Route Designation Record of Decision, as modified by this bill or by Interior, to incorporate natural resource protection information unavailable in 2006 as the basis for an interim management plan to govern off-highway vehicle recreation in the recreation area. </p> <p>Interior shall create a comprehensive management plan for the recreation area, which shall include: </p> <ul> <li>a hazards education program to inform people entering the recreation area of the asbestos-related risks associated with various activities within the recreation area, including off-highway vehicle recreation; and </li> <li>a user fee program for motorized vehicle use and guidelines for the use of the funds collected for the management and improvement of the recreation area. </li> </ul> <p>Interior may acquire by purchase from willing sellers, donation, or exchange: </p> <ul> <li>lands adjacent to the recreation area, and </li> <li>lands or interests in land to improve public safety in allowing access to the recreation area. </li> </ul> <p>Landowners must be given adequate access to inholdings within the recreation area. Private land adjacent to the recreation area to which there is no practicable access except through the recreation area shall be managed as an inholding. </p> <p>Nothing in this bill: </p> <ul> <li>creates a protective perimeter or buffer zone around the recreation area, </li> <li>constitutes a reservation by the United States of any water or water rights, </li> <li>limits hunting or fishing, or </li> <li>affects state authority to manage or regulated fish and resident wildlife. </li> </ul> <p>The use of motorized vehicles on public land in the recreation area shall be permitted only on roads, trails, and areas designated by the management plan. </p> <p>Livestock grazing shall be allowed to continue in certain parts of the recreation area. </p> <p>The bill withdraws all federal land within the recreation area from: (1) all forms of entry, appropriations, and disposal under the public land laws; (2) location, entry, and patenting under the mining laws; and (3) operation of the mineral leasing, mineral materials, and geothermal leasing laws. </p> <p>The National Oil and Hazardous Substances Pollution Contingency Plan shall not apply to Interior's management of asbestos exposure risks faced by the public when recreating within the recreation area. </p> <p>(Sec. 5) The bill designates approximately 21,000 acres of identified federal lands in Fresno and San Benito Counties, California, as the Joaquin Rocks Wilderness and as a component of the National Wilderness Preservation System. </p> <p>(Sec. 6) The bill also releases the San Benito Mountain Wilderness Study Area from specified requirements applicable to public lands subject to a wilderness review. </p> <p>(Sec. 7) No additional funds are authorized to carry out this bill's requirements, and those requirements shall be carried out using amounts otherwise authorized. </p>]]></summary-text>
</summary>
<summary summary-id="id115hr1913v00" currentChamber="HOUSE" update-date="2017-04-20">
<action-date>2017-04-05</action-date>
<action-desc>Introduced in House</action-desc>
<summary-text><![CDATA[<p><b>Clear Creek National Recreation Area and Conservation Act</b></p> This bill establishes the Clear Creek National Recreation Area in California to promote environmentally responsible off-highway vehicle recreation and support other public recreational uses, including hunting, hiking, and rock and gem collecting. <p>The Department of the Interior shall: (1) use the 2006 Clear Creek Management Area Travel Management Plan, as modified by this bill or by Interior, to incorporate natural resource protection information unavailable in 2006 as the basis for an interim management plan to govern off-highway vehicle recreation in the area; and (2) create a comprehensive management plan for the area, which shall include a hazards education program and a user fee program for motorized vehicle use. </p> <p>Landowners must be given adequate access to inholdings within the area. The use of motorized vehicles on public land in the area shall be permitted only on roads, trails, and areas designated by the management plan. Livestock grazing shall be allowed to continue in certain parts of the area.</p> <p>The bill designates approximately 21,000 acres of identified federal lands in Fresno and San Benito Counties, California, as the Joaquin Rocks Wilderness and as a component of the National Wilderness Preservation System. </p> <p> The bill releases the San Benito Mountain wilderness study area from specified requirements applicable to public lands subject to a wilderness review.</p>]]></summary-text>
</summary>
</item>
<dublinCore xmlns:dc="http://purl.org/dc/elements/1.1/">
<dc:format>text/xml</dc:format>
<dc:language>EN</dc:language>
<dc:rights>Pursuant to Title 17 Section 105 of the United States Code, this file is not subject to copyright protection and is in the public domain.</dc:rights>
<dc:contributor>Congressional Research Service, Library of Congress</dc:contributor>
<dc:description>This file contains bill summaries for federal legislation. A bill summary describes the most significant provisions of a piece of legislation and details the effects the legislative text may have on current law and federal programs. Bill summaries are authored by the Congressional Research Service (CRS) of the Library of Congress. As stated in Public Law 91-510 (2 USC 166 (d)(6)), one of the duties of CRS is "to prepare summaries and digests of bills and resolutions of a public general nature introduced in the Senate or House of Representatives". For more information, refer to the User Guide that accompanies this file.</dc:description>
</dublinCore>
</BillSummaries>
