<?xml version="1.0" encoding="UTF-8"?><BillSummaries>
<item congress="115" measure-type="hr" measure-number="498" measure-id="id115hr498" originChamber="HOUSE" orig-publish-date="2017-01-12" update-date="2017-02-08">
<title>Cuba DATA Act</title>
<summary summary-id="id115hr498v00" currentChamber="HOUSE" update-date="2017-02-08">
<action-date>2017-01-12</action-date>
<action-desc>Introduced in House</action-desc>
<summary-text><![CDATA[<p><strong>Cuba Digital and Telecommunications Advancement Act of 2017 or the Cuba DATA Act</strong></p> <p>This bill authorizes the President to permit any person subject to U.S. jurisdiction to: </p> <ul> <li>export consumer communication devices and other telecommunications equipment to Cuba; </li> <li>provide telecommunications services involving Cuba or persons in Cuba; </li> <li>establish facilities to provide telecommunications services connecting Cuba with another country or to provide telecommunications services in Cuba; </li> <li>conduct any transaction incident to carrying out such activities; and </li> <li>enter into, perform, and make and receive payments under a contract with any individual or entity in Cuba regarding the provision of telecommunications services involving Cuba or persons in Cuba.</li> </ul> <p>The bill repeals or amends specified requirements and prohibitions of: (1) the Cuban Democracy Act of 1992, and (2) the Cuban Liberty and Democratic Solidarity (LIBERTAD) Act of 1996.</p>]]></summary-text>
</summary>
</item>
<dublinCore xmlns:dc="http://purl.org/dc/elements/1.1/">
<dc:format>text/xml</dc:format>
<dc:language>EN</dc:language>
<dc:rights>Pursuant to Title 17 Section 105 of the United States Code, this file is not subject to copyright protection and is in the public domain.</dc:rights>
<dc:contributor>Congressional Research Service, Library of Congress</dc:contributor>
<dc:description>This file contains bill summaries for federal legislation. A bill summary describes the most significant provisions of a piece of legislation and details the effects the legislative text may have on current law and federal programs. Bill summaries are authored by the Congressional Research Service (CRS) of the Library of Congress. As stated in Public Law 91-510 (2 USC 166 (d)(6)), one of the duties of CRS is "to prepare summaries and digests of bills and resolutions of a public general nature introduced in the Senate or House of Representatives". For more information, refer to the User Guide that accompanies this file.</dc:description>
</dublinCore>
</BillSummaries>
