<?xml version="1.0" encoding="UTF-8"?><BillSummaries>
<item congress="115" measure-type="hr" measure-number="519" measure-id="id115hr519" originChamber="HOUSE" orig-publish-date="2017-01-13" update-date="2018-07-30">
<title>Water and Agriculture Tax Reform Act of 2018</title>
<summary summary-id="id115hr519v17" currentChamber="HOUSE" update-date="2018-07-30">
<action-date>2018-07-23</action-date>
<action-desc>Reported to House with amendment(s)</action-desc>
<summary-text><![CDATA[<p><strong>Water and Agriculture Tax Reform Act of 201</strong><b>8</b></p> <p>This bill amends the Internal Revenue Code to permit tax-exempt mutual ditch or irrigation companies to earn income from dispositions of certain real property and stock interests without affecting their tax-exempt status, but&nbsp;requires that such income be used to pay the costs of operations, maintenance, and capital improvements of such a company.</p> <p>The bill also establishes a rule regarding the organizational governance of mutual ditch or irrigation companies. Where state law provides that such a company may be organized in a manner that permits voting on a basis that is pro rata to share ownership on corporate governance matters, the tax-exempt status of the mutual ditch or irrigation company must be determined without taking into account whether its member shareholders have one vote on corporate governance matters per share held in the corporation. </p>]]></summary-text>
</summary>
<summary summary-id="id115hr519v00" currentChamber="HOUSE" update-date="2017-01-27">
<action-date>2017-01-13</action-date>
<action-desc>Introduced in House</action-desc>
<summary-text><![CDATA[<p><strong>Water and Agriculture Tax Reform Act of 201</strong><b>7</b></p> <p>This bill amends the Internal Revenue Code to permit tax-exempt mutual ditch or irrigation companies to earn income from dispositions of certain real property and stock interests without affecting their tax-exempt status, but&nbsp;requires that such income be used to pay the costs of operations, maintenance, and capital improvements of such a company.</p> <p>The bill also establishes a rule regarding the organizational governance of mutual ditch or irrigation companies. Where state law provides that such a company may be organized in a manner that permits voting on a basis that is pro rata to share ownership on corporate governance matters, the tax-exempt status of the mutual ditch or irrigation company must be determined without taking into account whether its member shareholders have one vote on corporate governance matters per share held in the corporation. </p>]]></summary-text>
</summary>
</item>
<dublinCore xmlns:dc="http://purl.org/dc/elements/1.1/">
<dc:format>text/xml</dc:format>
<dc:language>EN</dc:language>
<dc:rights>Pursuant to Title 17 Section 105 of the United States Code, this file is not subject to copyright protection and is in the public domain.</dc:rights>
<dc:contributor>Congressional Research Service, Library of Congress</dc:contributor>
<dc:description>This file contains bill summaries for federal legislation. A bill summary describes the most significant provisions of a piece of legislation and details the effects the legislative text may have on current law and federal programs. Bill summaries are authored by the Congressional Research Service (CRS) of the Library of Congress. As stated in Public Law 91-510 (2 USC 166 (d)(6)), one of the duties of CRS is "to prepare summaries and digests of bills and resolutions of a public general nature introduced in the Senate or House of Representatives". For more information, refer to the User Guide that accompanies this file.</dc:description>
</dublinCore>
</BillSummaries>
