<?xml version="1.0" encoding="UTF-8"?><BillSummaries>
<item congress="115" measure-type="hr" measure-number="565" measure-id="id115hr565" originChamber="HOUSE" orig-publish-date="2017-01-13" update-date="2017-02-09">
<title>Save Christians from Genocide Act</title>
<summary summary-id="id115hr565v00" currentChamber="HOUSE" update-date="2017-02-09">
<action-date>2017-01-13</action-date>
<action-desc>Introduced in House</action-desc>
<summary-text><![CDATA[<p><strong>Save Christians from Genocide Act</strong></p> <p>This bill recognizes that Christians and Yazidis in Iraq, Syria, Pakistan, Iran, and Libya are targets of genocide. </p> <p>The Department of Homeland Security shall provide for expedited visa processing and shall ensure that such applications receive first priority among refugee and (family- or employment-based) immigrant applications for an alien who: </p> <ul> <li>is a citizen or national of Iraq, Syria, Pakistan, Iran, or Libya, or in the case of an alien having no nationality, whose country of last habitual residence was Iraq, Syria, Pakistan, Iran, or Libya; </li> <li>is a Christian or Yazidi; and </li> <li>is seeking refugee or immigrant admission to the United States.</li></ul>]]></summary-text>
</summary>
</item>
<dublinCore xmlns:dc="http://purl.org/dc/elements/1.1/">
<dc:format>text/xml</dc:format>
<dc:language>EN</dc:language>
<dc:rights>Pursuant to Title 17 Section 105 of the United States Code, this file is not subject to copyright protection and is in the public domain.</dc:rights>
<dc:contributor>Congressional Research Service, Library of Congress</dc:contributor>
<dc:description>This file contains bill summaries for federal legislation. A bill summary describes the most significant provisions of a piece of legislation and details the effects the legislative text may have on current law and federal programs. Bill summaries are authored by the Congressional Research Service (CRS) of the Library of Congress. As stated in Public Law 91-510 (2 USC 166 (d)(6)), one of the duties of CRS is "to prepare summaries and digests of bills and resolutions of a public general nature introduced in the Senate or House of Representatives". For more information, refer to the User Guide that accompanies this file.</dc:description>
</dublinCore>
</BillSummaries>
