<?xml version="1.0" encoding="UTF-8"?><BillSummaries>
<item congress="115" measure-type="hr" measure-number="1508" measure-id="id115hr1508" originChamber="HOUSE" orig-publish-date="2017-03-10" update-date="2017-03-25">
<title>Get Veterans a Doctor Now Act</title>
<summary summary-id="id115hr1508v00" currentChamber="HOUSE" update-date="2017-03-25">
<action-date>2017-03-10</action-date>
<action-desc>Introduced in House</action-desc>
<summary-text><![CDATA[<p><strong>Get Veterans a Doctor Now Act</strong></p> <p>This bill authorizes the Department of Veterans Affairs (VA) to offer a contingent physician's appointment to a person who, upon completion of a post-graduate training program, completes a residency program within two years after the VA offer.</p> <p>Eligibility requirements for a VA physician's appointment, including a contingency appointment, are revised to require completion of a residency program rather than an internship.</p> <p> The VA shall ensure that a recruiter or other similar official of each Veterans Integrated Service Network visits, at least annually, each allopathic and osteopathic teaching institution with a graduate medical education program within the Network to recruit individuals for the Veterans Health Administration.</p>]]></summary-text>
</summary>
</item>
<dublinCore xmlns:dc="http://purl.org/dc/elements/1.1/">
<dc:format>text/xml</dc:format>
<dc:language>EN</dc:language>
<dc:rights>Pursuant to Title 17 Section 105 of the United States Code, this file is not subject to copyright protection and is in the public domain.</dc:rights>
<dc:contributor>Congressional Research Service, Library of Congress</dc:contributor>
<dc:description>This file contains bill summaries for federal legislation. A bill summary describes the most significant provisions of a piece of legislation and details the effects the legislative text may have on current law and federal programs. Bill summaries are authored by the Congressional Research Service (CRS) of the Library of Congress. As stated in Public Law 91-510 (2 USC 166 (d)(6)), one of the duties of CRS is "to prepare summaries and digests of bills and resolutions of a public general nature introduced in the Senate or House of Representatives". For more information, refer to the User Guide that accompanies this file.</dc:description>
</dublinCore>
</BillSummaries>
