<?xml version="1.0" encoding="UTF-8"?><BillSummaries>
<item congress="115" measure-type="hr" measure-number="1807" measure-id="id115hr1807" originChamber="HOUSE" orig-publish-date="2017-03-30" update-date="2017-09-25">
<title>Public Water Supply Invasive Species Compliance Act of 2017</title>
<summary summary-id="id115hr1807v28" currentChamber="HOUSE" update-date="2017-09-25">
<action-date>2017-08-25</action-date>
<action-desc>Reported to House without amendment, Part I</action-desc>
<summary-text><![CDATA[<p>(This measure has not been amended since it was introduced. The summary has been expanded because action occurred on the measure.)</p> <p><b>Public Water Supply Invasive Species Compliance Act of 2017</b></p> <p>(Sec. 2) This bill amends the Lacey Act and the Lacey Act Amendments of 1981 to exempt certain water transfers between public water supplies located on, along, or across the boundaries of Texas, Arkansas, and Louisiana from prohibitions on illegal trade of plants and wildlife. Specifically, the prohibitions do not apply to covered water transfers containing a prohibited species if: (1) the species are present in both public water supplies before the transfer and the water is transferred directly between them; or (2) the water is transferred in a closed conveyance system (a closed system that collects, contains, and transports the flow of water, such as pipe systems) and sent directly to treatment facilities where the species will be destroyed.</p>]]></summary-text>
</summary>
<summary summary-id="id115hr1807v00" currentChamber="HOUSE" update-date="2017-04-14">
<action-date>2017-03-30</action-date>
<action-desc>Introduced in House</action-desc>
<summary-text><![CDATA[<p><b>Public Water Supply Invasive Species Compliance Act of 2017</b></p> <p>This bill amends the Lacey Act and the Lacey Act Amendments of 1981 by exempting certain water transfers between public water supplies located on, along, or across the boundaries of Texas, Arkansas, and Louisiana from prohibitions on illegal trade of plants and wildlife. Specifically, the prohibitions do not apply to covered water transfers containing a prohibited species if: (1) the species are present in both public water supplies before the transfer and the water is transferred directly between them; or (2) the water is transferred in a closed conveyance system (a closed system that collects, contains, and transports the flow of water, such as pipe systems) and sent directly to treatment facilities where the species will be destroyed.</p>]]></summary-text>
</summary>
</item>
<dublinCore xmlns:dc="http://purl.org/dc/elements/1.1/">
<dc:format>text/xml</dc:format>
<dc:language>EN</dc:language>
<dc:rights>Pursuant to Title 17 Section 105 of the United States Code, this file is not subject to copyright protection and is in the public domain.</dc:rights>
<dc:contributor>Congressional Research Service, Library of Congress</dc:contributor>
<dc:description>This file contains bill summaries for federal legislation. A bill summary describes the most significant provisions of a piece of legislation and details the effects the legislative text may have on current law and federal programs. Bill summaries are authored by the Congressional Research Service (CRS) of the Library of Congress. As stated in Public Law 91-510 (2 USC 166 (d)(6)), one of the duties of CRS is "to prepare summaries and digests of bills and resolutions of a public general nature introduced in the Senate or House of Representatives". For more information, refer to the User Guide that accompanies this file.</dc:description>
</dublinCore>
</BillSummaries>
