<?xml version="1.0" encoding="UTF-8"?><BillSummaries>
<item congress="115" measure-type="hr" measure-number="1419" measure-id="id115hr1419" originChamber="HOUSE" orig-publish-date="2017-03-07" update-date="2017-03-18">
<title>Cold War Service Medal Act</title>
<summary summary-id="id115hr1419v00" currentChamber="HOUSE" update-date="2017-03-18">
<action-date>2017-03-07</action-date>
<action-desc>Introduced in House</action-desc>
<summary-text><![CDATA[<p><strong>Cold War Service Medal Act</strong></p> <p>This bill authorizes the military department concerned to issue the Cold War Service Medal to members of the Armed Forces who: (1) served on active duty for at least 24 consecutive months during the Cold War (September 2, 1945, through December 26, 1991), (2) were deployed outside the continental United States for at least 30 days during such period, (3) were members of a reserve component of the Armed Forces and were called or ordered to active duty to participate in exercises or operations directly related to the Cold War, or (4) performed other Cold War service as DOD may prescribe. Any such person who is already discharged or released from the Armed Forces shall be eligible only if the discharge or release was under honorable conditions.</p>]]></summary-text>
</summary>
</item>
<dublinCore xmlns:dc="http://purl.org/dc/elements/1.1/">
<dc:format>text/xml</dc:format>
<dc:language>EN</dc:language>
<dc:rights>Pursuant to Title 17 Section 105 of the United States Code, this file is not subject to copyright protection and is in the public domain.</dc:rights>
<dc:contributor>Congressional Research Service, Library of Congress</dc:contributor>
<dc:description>This file contains bill summaries for federal legislation. A bill summary describes the most significant provisions of a piece of legislation and details the effects the legislative text may have on current law and federal programs. Bill summaries are authored by the Congressional Research Service (CRS) of the Library of Congress. As stated in Public Law 91-510 (2 USC 166 (d)(6)), one of the duties of CRS is "to prepare summaries and digests of bills and resolutions of a public general nature introduced in the Senate or House of Representatives". For more information, refer to the User Guide that accompanies this file.</dc:description>
</dublinCore>
</BillSummaries>
