<?xml version="1.0" encoding="UTF-8"?><BillSummaries>
<item congress="115" measure-type="hr" measure-number="1638" measure-id="id115hr1638" originChamber="HOUSE" orig-publish-date="2017-03-20" update-date="2018-12-12">
<title>Iranian Leadership Asset Transparency Act</title>
<summary summary-id="id115hr1638v36" currentChamber="HOUSE" update-date="2018-12-12">
<action-date>2017-12-13</action-date>
<action-desc>Passed House amended</action-desc>
<summary-text><![CDATA[<p><strong>Iranian Leadership Asset Transparency Act</strong></p> <p> (Sec. 3) This bill requires the Department of the Treasury, in furtherance of efforts to prevent terrorism financing, money laundering, or illicit finance and to make financial institutions' sanctions compliance more easily understood, to report to Congress within 270 days and annually thereafter for the next two years regarding: </p> <ul> <li>the funds or assets held in U.S. and foreign financial institutions that are controlled by specified Iranian officials; </li> <li>any equity stake such official has in an entity on Treasury's list of Specially Designated Nationals or in any other sanctioned entity; </li> <li>how such funds, assets, or equity interests were acquired and used; </li> <li>new methods used to evade anti-money laundering and related laws, including recommendations to improve techniques to combat illicit uses of the U.S. financial system by each such official;</li> <li> recommendations for revising U.S. economic sanctions against Iran to prevent Iranian officials from using funds or assets to develop and procure ballistic missile technology; </li> <li> how Treasury assesses the effectiveness of U.S. economic sanctions against Iran; and</li> <li> recommendations for improving Treasury's ability to develop and enforce additional economic sanctions against Iran.</li> </ul> <p>The unclassified portion of the report shall be made available to the public and posted on Treasury's website in downloadable English, Farsi, Arabic, and Azeri versions.</p> <p> (Sec. 4) It is the sense of Congress that in preparing the reports pursuant to this bill Treasury should consider acquiring information from sources that: (1) collect high-veracity official records; or (2) provide search and analysis tools that enable law enforcement to have new insights into commercial and financial relationships. </p>]]></summary-text>
</summary>
<summary summary-id="id115hr1638v00" currentChamber="HOUSE" update-date="2018-12-12">
<action-date>2017-03-20</action-date>
<action-desc>Introduced in House</action-desc>
<summary-text><![CDATA[<p><strong>Iranian Leadership Asset Transparency Act</strong></p> <p>This bill requires the Department of the Treasury, in furtherance of efforts to prevent the financing of terrorism, money laundering, or related illicit finance and to make financial institutions' required compliance with remaining sanctions more easily understood, to submit within 270 days and annually thereafter for the next two years a report regarding: </p> <ul> <li>the funds or assets held in U.S. and foreign financial institutions that are directly or indirectly controlled by specified Iranian officials; </li> <li>any equity stake such official has in an entity on Treasury's list of Specially Designated Nationals or in any other sanctioned entity; </li> <li>how such funds, assets, or equity interests were acquired and used; </li> <li>new methods used to evade anti-money laundering and related laws, including recommendations to improve techniques to combat illicit uses of the U.S. financial system by each such official;</li> <li> recommendations for revising U.S. economic sanctions against Iran to prevent Iranian officials from using funds or assets to develop and procure ballistic missile technology; </li> <li> how Treasury assesses the effectiveness of U.S. economic sanctions against Iran; and</li> <li> recommendations for improving Treasury's ability to develop and enforce additional economic sanctions against Iran if so ordered by the President. </li> </ul> <p>The unclassified portion of the report shall be made available to the public and posted on Treasury's website in downloadable English, Farsi, Arabic, and Azeri versions.</p>]]></summary-text>
</summary>
</item>
<dublinCore xmlns:dc="http://purl.org/dc/elements/1.1/">
<dc:format>text/xml</dc:format>
<dc:language>EN</dc:language>
<dc:rights>Pursuant to Title 17 Section 105 of the United States Code, this file is not subject to copyright protection and is in the public domain.</dc:rights>
<dc:contributor>Congressional Research Service, Library of Congress</dc:contributor>
<dc:description>This file contains bill summaries for federal legislation. A bill summary describes the most significant provisions of a piece of legislation and details the effects the legislative text may have on current law and federal programs. Bill summaries are authored by the Congressional Research Service (CRS) of the Library of Congress. As stated in Public Law 91-510 (2 USC 166 (d)(6)), one of the duties of CRS is "to prepare summaries and digests of bills and resolutions of a public general nature introduced in the Senate or House of Representatives". For more information, refer to the User Guide that accompanies this file.</dc:description>
</dublinCore>
</BillSummaries>
