<?xml version="1.0" encoding="UTF-8"?><BillSummaries>
<item congress="115" measure-type="hr" measure-number="621" measure-id="id115hr621" originChamber="HOUSE" orig-publish-date="2017-01-24" update-date="2017-02-08">
<title>Disposal of Excess Federal Lands Act of 2017</title>
<summary summary-id="id115hr621v00" currentChamber="HOUSE" update-date="2017-02-08">
<action-date>2017-01-24</action-date>
<action-desc>Introduced in House</action-desc>
<summary-text><![CDATA[<p><b>Disposal of Excess Federal Lands Act of 2017</b></p> <p> This bill directs the Department of the Interior: (1) to offer for disposal by competitive sale for not less that fair market value certain federal lands in Arizona, Colorado, Idaho, Montana, Nebraska, Nevada, New Mexico, Oregon, Utah, and Wyoming, previously identified in the report submitted to Congress on May 27, 1997, pursuant to the Federal Agriculture Improvement and Reform Act of 1996, as suitable for disposal or exchange for the purpose of conducting restoration activities in the Everglades region of Florida; and (2) within four years after enactment of this bill, to submit a list of such lands that have not been sold and the reasons why. </p> <p>All net proceeds from the sale of such lands shall be deposited into the Treasury for reduction of the public debt.</p>]]></summary-text>
</summary>
</item>
<dublinCore xmlns:dc="http://purl.org/dc/elements/1.1/">
<dc:format>text/xml</dc:format>
<dc:language>EN</dc:language>
<dc:rights>Pursuant to Title 17 Section 105 of the United States Code, this file is not subject to copyright protection and is in the public domain.</dc:rights>
<dc:contributor>Congressional Research Service, Library of Congress</dc:contributor>
<dc:description>This file contains bill summaries for federal legislation. A bill summary describes the most significant provisions of a piece of legislation and details the effects the legislative text may have on current law and federal programs. Bill summaries are authored by the Congressional Research Service (CRS) of the Library of Congress. As stated in Public Law 91-510 (2 USC 166 (d)(6)), one of the duties of CRS is "to prepare summaries and digests of bills and resolutions of a public general nature introduced in the Senate or House of Representatives". For more information, refer to the User Guide that accompanies this file.</dc:description>
</dublinCore>
</BillSummaries>
