<?xml version="1.0" encoding="UTF-8"?><BillSummaries>
<item congress="115" measure-type="hr" measure-number="636" measure-id="id115hr636" originChamber="HOUSE" orig-publish-date="2017-01-24" update-date="2017-02-01">
<title>To amend the Internal Revenue Code of 1986 to impose increased rates of tax with respect to taxpayers with more than $1,000,000 taxable income, and for other purposes.</title>
<summary summary-id="id115hr636v00" currentChamber="HOUSE" update-date="2017-02-01">
<action-date>2017-01-24</action-date>
<action-desc>Introduced in House</action-desc>
<summary-text><![CDATA[<p><strong>Fairness in Taxation Act of 201</strong><b>7</b></p> <p>This bill amends the Internal Revenue Code to: (1) increase individual income tax rates for taxpayers whose taxable income exceeds $1 million, and (2) provide for an adjustment in the capital gains tax of taxpayers whose taxable income is subject to the 45% tax bracket. </p>]]></summary-text>
</summary>
</item>
<dublinCore xmlns:dc="http://purl.org/dc/elements/1.1/">
<dc:format>text/xml</dc:format>
<dc:language>EN</dc:language>
<dc:rights>Pursuant to Title 17 Section 105 of the United States Code, this file is not subject to copyright protection and is in the public domain.</dc:rights>
<dc:contributor>Congressional Research Service, Library of Congress</dc:contributor>
<dc:description>This file contains bill summaries for federal legislation. A bill summary describes the most significant provisions of a piece of legislation and details the effects the legislative text may have on current law and federal programs. Bill summaries are authored by the Congressional Research Service (CRS) of the Library of Congress. As stated in Public Law 91-510 (2 USC 166 (d)(6)), one of the duties of CRS is "to prepare summaries and digests of bills and resolutions of a public general nature introduced in the Senate or House of Representatives". For more information, refer to the User Guide that accompanies this file.</dc:description>
</dublinCore>
</BillSummaries>
