<?xml version="1.0" encoding="UTF-8"?><BillSummaries>
<item congress="115" measure-type="hr" measure-number="526" measure-id="id115hr526" originChamber="HOUSE" orig-publish-date="2017-01-13" update-date="2017-05-03">
<title>Counterterrorism Advisory Board Act of 2017</title>
<summary summary-id="id115hr526v36" currentChamber="HOUSE" update-date="2017-05-03">
<action-date>2017-01-31</action-date>
<action-desc>Passed House amended</action-desc>
<summary-text><![CDATA[<p><strong>Counterterrorism Advisory Board Act of 2017</strong></p> <p>(Sec. 2) This bill amends the Homeland Security Act of 2002 to establish in the Department of Homeland Security (DHS) a board to coordinate and integrate DHS's intelligence, activities, and policy related to its counterterrorism mission and functions. The board shall: (1) advise the Secretary of DHS on the issuance of terrorism alerts, and (2) meet on a regular basis to discuss intelligence and coordinate ongoing threat mitigation efforts and departmental activities. </p> <p>The board's charter shall direct it to focus on the current threat environment and the importance of aligning departmental counterterrorism activities under the Secretary's guidance. </p> <p>The Secretary shall appoint a Coordinator for Counterterrorism within DHS who shall: (1) serve as the chair of the board, and (2) report on the board's status and activities.</p>]]></summary-text>
</summary>
<summary summary-id="id115hr526v00" currentChamber="HOUSE" update-date="2017-02-08">
<action-date>2017-01-13</action-date>
<action-desc>Introduced in House</action-desc>
<summary-text><![CDATA[<p><strong>Counterterrorism Advisory Board Act of 2017</strong></p> <p>This bill amends the Homeland Security Act of 2002 to establish in the Department of Homeland Security (DHS) a board to coordinate and integrate DHS's intelligence, activities, and policy related to its counterterrorism mission and functions. The board shall: (1) advise the Secretary of DHS on the issuance of terrorism alerts, and (2) meet on a regular basis to discuss intelligence and coordinate ongoing threat mitigation efforts and departmental activities. </p> <p>The board's charter shall direct it to focus on the current threat environment and the importance of aligning departmental counterterrorism activities under the Secretary's guidance. </p> <p>The Secretary shall appoint a Coordinator for Counterterrorism within DHS who shall: (1) serve as the chair of the board, and (2) report on the board's status and activities.</p>]]></summary-text>
</summary>
</item>
<dublinCore xmlns:dc="http://purl.org/dc/elements/1.1/">
<dc:format>text/xml</dc:format>
<dc:language>EN</dc:language>
<dc:rights>Pursuant to Title 17 Section 105 of the United States Code, this file is not subject to copyright protection and is in the public domain.</dc:rights>
<dc:contributor>Congressional Research Service, Library of Congress</dc:contributor>
<dc:description>This file contains bill summaries for federal legislation. A bill summary describes the most significant provisions of a piece of legislation and details the effects the legislative text may have on current law and federal programs. Bill summaries are authored by the Congressional Research Service (CRS) of the Library of Congress. As stated in Public Law 91-510 (2 USC 166 (d)(6)), one of the duties of CRS is "to prepare summaries and digests of bills and resolutions of a public general nature introduced in the Senate or House of Representatives". For more information, refer to the User Guide that accompanies this file.</dc:description>
</dublinCore>
</BillSummaries>
