<?xml version="1.0" encoding="UTF-8"?><BillSummaries>
<item congress="115" measure-type="hr" measure-number="805" measure-id="id115hr805" originChamber="HOUSE" orig-publish-date="2017-02-01" update-date="2017-02-22">
<title>Tulare Youth Recreation and Women's History Enhancement Act</title>
<summary summary-id="id115hr805v00" currentChamber="HOUSE" update-date="2017-02-22">
<action-date>2017-02-01</action-date>
<action-desc>Introduced in House</action-desc>
<summary-text><![CDATA[<p><b>Tulare Youth Recreation and Women's History Enhancement Act</b></p> <p>This bill declares that, in order to promote recreational opportunities for youth and commemorate women's history in the city of Tulare, California, the United States authorizes the conveyance of, and relinquishes its reversionary interest in, specified Tulare Railroad Proposed Parcels that were retained as a right-of-way for the construction of a railroad and telegraph to the Pacific coast in 1866. </p> <p>The relinquishment of the U.S. reversionary interest shall be effective when Union Pacific Railroad conveys the parcels to the city of Tulare.</p>]]></summary-text>
</summary>
</item>
<dublinCore xmlns:dc="http://purl.org/dc/elements/1.1/">
<dc:format>text/xml</dc:format>
<dc:language>EN</dc:language>
<dc:rights>Pursuant to Title 17 Section 105 of the United States Code, this file is not subject to copyright protection and is in the public domain.</dc:rights>
<dc:contributor>Congressional Research Service, Library of Congress</dc:contributor>
<dc:description>This file contains bill summaries for federal legislation. A bill summary describes the most significant provisions of a piece of legislation and details the effects the legislative text may have on current law and federal programs. Bill summaries are authored by the Congressional Research Service (CRS) of the Library of Congress. As stated in Public Law 91-510 (2 USC 166 (d)(6)), one of the duties of CRS is "to prepare summaries and digests of bills and resolutions of a public general nature introduced in the Senate or House of Representatives". For more information, refer to the User Guide that accompanies this file.</dc:description>
</dublinCore>
</BillSummaries>
