<?xml version="1.0" encoding="UTF-8"?><BillSummaries>
<item congress="115" measure-type="hr" measure-number="510" measure-id="id115hr510" originChamber="HOUSE" orig-publish-date="2017-01-12" update-date="2017-09-25">
<title>Rapid DNA Act of 2017</title>
<summary summary-id="id115hr510v49" currentChamber="BOTH" update-date="2017-09-25">
<action-date>2017-08-18</action-date>
<action-desc>Public Law</action-desc>
<summary-text><![CDATA[<p>(This measure has not been amended since it was introduced. The expanded summary of the House reported version is repeated here.)</p> <p><b>Rapid DNA Act of 2017</b></p> <p>(Sec. 2) This bill amends the DNA Identification Act of 1994 to require the Federal Bureau of Investigation (FBI) to issue standards and procedures for using Rapid DNA instruments to analyze DNA samples of criminal offenders.</p> <p>Rapid DNA instruments carry out a fully automated process to create a DNA analysis from a DNA sample.</p> <p>DNA samples prepared by criminal justice agencies using Rapid DNA instruments in compliance the FBI-issued standards and procedures may be included in the Combined DNA Index System (CODIS).</p> <p>(Sec. 3) The bill amends the DNA Analysis Backlog Elimination Act of 2000 to allow the FBI to waive certain existing requirements if a DNA sample is analyzed using Rapid DNA instruments and the results are included in CODIS.</p> <p><br> </p>]]></summary-text>
</summary>
<summary summary-id="id115hr510v82" currentChamber="SENATE" update-date="2017-09-05">
<action-date>2017-08-01</action-date>
<action-desc>Passed Senate without amendment</action-desc>
<summary-text><![CDATA[<p>(This measure has not been amended since it was introduced. The expanded summary of the House reported version is repeated here.)</p> <p><b>Rapid DNA Act of 2017</b></p> <p>(Sec. 2) This bill amends the DNA Identification Act of 1994 to require the Federal Bureau of Investigation (FBI) to issue standards and procedures for using Rapid DNA instruments to analyze DNA samples of criminal offenders.</p> <p>Rapid DNA instruments carry out a fully automated process to create a DNA analysis from a DNA sample.</p> <p>DNA samples prepared by criminal justice agencies using Rapid DNA instruments in compliance the FBI-issued standards and procedures may be included in the Combined DNA Index System (CODIS).</p> <p>(Sec. 3) The bill amends the DNA Analysis Backlog Elimination Act of 2000 to allow the FBI to waive certain existing requirements if a DNA sample is analyzed using Rapid DNA instruments and the results are included in CODIS.</p> <p><br> </p>]]></summary-text>
</summary>
<summary summary-id="id115hr510v81" currentChamber="HOUSE" update-date="2017-05-22">
<action-date>2017-05-16</action-date>
<action-desc>Passed House without amendment</action-desc>
<summary-text><![CDATA[<p>(This measure has not been amended since it was introduced. The expanded summary of the House reported version is repeated here.)</p> <p><b>Rapid DNA Act of 2017</b></p> <p>(Sec. 2) This bill amends the DNA Identification Act of 1994 to require the Federal Bureau of Investigation (FBI) to issue standards and procedures for using Rapid DNA instruments to analyze DNA samples of criminal offenders.</p> <p>Rapid DNA instruments carry out a fully automated process to create a DNA analysis from a DNA sample.</p> <p>DNA samples prepared by criminal justice agencies using Rapid DNA instruments in compliance the FBI-issued standards and procedures may be included in the Combined DNA Index System (CODIS).</p> <p>(Sec. 3) The bill amends the DNA Analysis Backlog Elimination Act of 2000 to allow the FBI to waive certain existing requirements if a DNA sample is analyzed using Rapid DNA instruments and the results are included in CODIS.</p> <p><br> </p>]]></summary-text>
</summary>
<summary summary-id="id115hr510v79" currentChamber="HOUSE" update-date="2017-05-17">
<action-date>2017-05-11</action-date>
<action-desc>Reported to House without amendment</action-desc>
<summary-text><![CDATA[<p>(This measure has not been amended since it was introduced. The summary has been expanded because action occurred on the measure.)</p> <p><b>Rapid DNA Act of 2017</b></p> <p>(Sec. 2) This bill amends the DNA Identification Act of 1994 to require the Federal Bureau of Investigation (FBI) to issue standards and procedures for using Rapid DNA instruments to analyze DNA samples of criminal offenders.</p> <p>Rapid DNA instruments carry out a fully automated process to create a DNA analysis from a DNA sample.</p> <p>DNA samples prepared by criminal justice agencies using Rapid DNA instruments in compliance the FBI-issued standards and procedures may be included in the Combined DNA Index System (CODIS).</p> <p>(Sec. 3) The bill amends the DNA Analysis Backlog Elimination Act of 2000 to allow the FBI to waive certain existing requirements if a DNA sample is analyzed using Rapid DNA instruments and the results are included in CODIS.</p> <p><br> </p>]]></summary-text>
</summary>
<summary summary-id="id115hr510v00" currentChamber="HOUSE" update-date="2017-02-01">
<action-date>2017-01-12</action-date>
<action-desc>Introduced in House</action-desc>
<summary-text><![CDATA[<p><b>Rapid DNA Act of 2017</b></p> <p>This bill amends the DNA Identification Act of 1994 to require the Federal Bureau of Investigation (FBI) to issue standards and procedures for using Rapid DNA instruments to analyze DNA samples of criminal offenders. </p> <p>Rapid DNA instruments carry out a fully automated process to create a DNA analysis from a DNA sample.</p> <p>DNA samples prepared by criminal justice agencies using Rapid DNA instruments in compliance the FBI-issued standards and procedures may be included in the Combined DNA Index System (CODIS).</p> <p>The bill amends the DNA Analysis Backlog Elimination Act of 2000 to allow the FBI to waive certain existing requirements if a DNA sample is analyzed using Rapid DNA instruments and the results are included in CODIS.</p> <p><br> </p>]]></summary-text>
</summary>
</item>
<dublinCore xmlns:dc="http://purl.org/dc/elements/1.1/">
<dc:format>text/xml</dc:format>
<dc:language>EN</dc:language>
<dc:rights>Pursuant to Title 17 Section 105 of the United States Code, this file is not subject to copyright protection and is in the public domain.</dc:rights>
<dc:contributor>Congressional Research Service, Library of Congress</dc:contributor>
<dc:description>This file contains bill summaries for federal legislation. A bill summary describes the most significant provisions of a piece of legislation and details the effects the legislative text may have on current law and federal programs. Bill summaries are authored by the Congressional Research Service (CRS) of the Library of Congress. As stated in Public Law 91-510 (2 USC 166 (d)(6)), one of the duties of CRS is "to prepare summaries and digests of bills and resolutions of a public general nature introduced in the Senate or House of Representatives". For more information, refer to the User Guide that accompanies this file.</dc:description>
</dublinCore>
</BillSummaries>
