<?xml version="1.0" encoding="UTF-8"?><BillSummaries>
<item congress="115" measure-type="hr" measure-number="2056" measure-id="id115hr2056" originChamber="HOUSE" orig-publish-date="2017-04-06" update-date="2017-07-27">
<title>Microloan Modernization Act of 2017</title>
<summary summary-id="id115hr2056v36" currentChamber="HOUSE" update-date="2017-07-27">
<action-date>2017-07-24</action-date>
<action-desc>Passed House amended</action-desc>
<summary-text><![CDATA[<p>(This measure has not been amended since it was reported to the House on July 12, 2017. The summary of that version is repeated here.)</p> <p><b>Microloan Modernization Act of 2017</b></p> <p>(Sec. 3) This bill amends the Small Business Act, with respect to the Small Business Administration (SBA) Microloan Program (assisting low-income individuals to start and operate a small business), to increase from $5 million to $6 million the total amount of loans outstanding and committed to any particular intermediary (excluding outstanding grants) from the SBA business loan and investment fund for the remaining years of the intermediary's participation in the program.</p> (Sec. 4) SBA-designated microloan intermediary lenders may expend up to 50% (currently, 25%) of the intensive marketing, management, and technical assistance grant funds they receive from the SBA to provide information and technical assistance to small business concerns that are their prospective borrowers. <p>(Sec. 5) The SBA shall:</p> <ul> <li>compare the operations of a representative sample of eligible intermediaries that participate in the microloan program and of eligible intermediaries that do not,</li> <li>study the reasons why the latter do not participate,</li> <li>recommend how to encourage increased participation by intermediaries in the microloan program, and </li> <li>recommend how to decrease the associated costs for intermediary participation.</li> </ul> <p>(Sec. 6) The Government Accountability Office shall evaluate:</p> <ul> <li> SBA oversight of the microloan program, including oversight of participating intermediaries; and</li> <li>the specific processes the SBA uses to ensure program compliance by participating intermediaries and overall microloan program performance.</li></ul>]]></summary-text>
</summary>
<summary summary-id="id115hr2056v17" currentChamber="HOUSE" update-date="2017-07-25">
<action-date>2017-07-12</action-date>
<action-desc>Reported to House with amendment(s)</action-desc>
<summary-text><![CDATA[<p><b>Microloan Modernization Act of 2017</b></p> <p>(Sec. 3) This bill amends the Small Business Act, with respect to the Small Business Administration (SBA) Microloan Program (assisting low-income individuals to start and operate a small business), to increase from $5 million to $6 million the total amount of loans outstanding and committed to any particular intermediary (excluding outstanding grants) from the SBA business loan and investment fund for the remaining years of the intermediary's participation in the program.</p> (Sec. 4) SBA-designated microloan intermediary lenders may expend up to 50% (currently, 25%) of the intensive marketing, management, and technical assistance grant funds they receive from the SBA to provide information and technical assistance to small business concerns that are their prospective borrowers. <p>(Sec. 5) The SBA shall:</p> <ul> <li>compare the operations of a representative sample of eligible intermediaries that participate in the microloan program and of eligible intermediaries that do not,</li> <li>study the reasons why the latter do not participate,</li> <li>recommend how to encourage increased participation by intermediaries in the microloan program, and </li> <li>recommend how to decrease the associated costs for intermediary participation.</li> </ul> <p>(Sec. 6) The Government Accountability Office shall evaluate:</p> <ul> <li> SBA oversight of the microloan program, including oversight of participating intermediaries; and</li> <li>the specific processes the SBA uses to ensure program compliance by participating intermediaries and overall microloan program performance.</li></ul>]]></summary-text>
</summary>
<summary summary-id="id115hr2056v00" currentChamber="HOUSE" update-date="2017-04-20">
<action-date>2017-04-06</action-date>
<action-desc>Introduced in House</action-desc>
<summary-text><![CDATA[<p><b>Microloan Modernization Act of 2017</b></p> <p>This bill amends the Small Business Act to repeal the &quot;25/75&quot; rule under the Small Business Administration (SBA) Microloan Program (assisting low-income individuals to start and operate a small business) that permits SBA-designated microloan intermediary lenders to expend up to 25% of the intensive marketing, management, and technical assistance grant funds they receive from the SBA to provide information and technical assistance to small business concerns that are their prospective borrowers.</p> <p>The total amount of loans outstanding and committed to any particular intermediary (excluding outstanding grants) from the SBA business loan and investment fund shall be increased from $5 million to $6 million for the remaining years of the intermediary's participation in the program. </p> <p>The SBA shall:</p> <ul> <li>compare the operations of a representative sample of eligible intermediaries that participate in the microloan program and of eligible intermediaries that do not,</li> <li>study the reasons why the latter do not participate,</li> <li>recommend how to encourage increased participation by intermediaries in the microloan program, and </li> <li>recommend how to decrease the associated costs for intermediary participation.</li> </ul> <p>The Government Accountability Office shall evaluate:</p> <ul> <li> SBA oversight of the microloan program, including oversight of participating intermediaries; and</li> <li>the specific processes the SBA uses to ensure program compliance by participating intermediaries and overall microloan program performance.</li></ul>]]></summary-text>
</summary>
</item>
<dublinCore xmlns:dc="http://purl.org/dc/elements/1.1/">
<dc:format>text/xml</dc:format>
<dc:language>EN</dc:language>
<dc:rights>Pursuant to Title 17 Section 105 of the United States Code, this file is not subject to copyright protection and is in the public domain.</dc:rights>
<dc:contributor>Congressional Research Service, Library of Congress</dc:contributor>
<dc:description>This file contains bill summaries for federal legislation. A bill summary describes the most significant provisions of a piece of legislation and details the effects the legislative text may have on current law and federal programs. Bill summaries are authored by the Congressional Research Service (CRS) of the Library of Congress. As stated in Public Law 91-510 (2 USC 166 (d)(6)), one of the duties of CRS is "to prepare summaries and digests of bills and resolutions of a public general nature introduced in the Senate or House of Representatives". For more information, refer to the User Guide that accompanies this file.</dc:description>
</dublinCore>
</BillSummaries>
