<?xml version="1.0" encoding="UTF-8"?><BillSummaries>
<item congress="115" measure-type="hr" measure-number="219" measure-id="id115hr219" originChamber="HOUSE" orig-publish-date="2017-01-03" update-date="2018-08-03">
<title>Swan Lake Hydroelectric Project Boundary Correction Act</title>
<summary summary-id="id115hr219v49" currentChamber="BOTH" update-date="2018-08-03">
<action-date>2018-07-20</action-date>
<action-desc>Public Law</action-desc>
<summary-text><![CDATA[<p><b>Swan Lake Hydroelectric Project Boundary Correction Act</b></p> <p>(Sec.2)This bill directs the Department of the Interior, after consulting with the U.S. Forest Service, to modify the boundary of the Swan Lake Hydroelectric Project (FERC No. 2911) in southeast Alaska and to convey any additional land necessary for the project to the State of Alaska.</p>]]></summary-text>
</summary>
<summary summary-id="id115hr219v82" currentChamber="SENATE" update-date="2018-08-01">
<action-date>2018-06-28</action-date>
<action-desc>Passed Senate without amendment</action-desc>
<summary-text><![CDATA[<p><b>Swan Lake Hydroelectric Project Boundary Correction Act</b></p> <p>(Sec.2)This bill directs the Department of the Interior, after consulting with the U.S. Forest Service, to modify the boundary of the Swan Lake Hydroelectric Project (FERC No. 2911) in southeast Alaska and to convey any additional land necessary for the project to the State of Alaska.</p>]]></summary-text>
</summary>
<summary summary-id="id115hr219v81" currentChamber="HOUSE" update-date="2018-02-12">
<action-date>2018-02-06</action-date>
<action-desc>Passed House without amendment</action-desc>
<summary-text><![CDATA[<p>(This measure has not been amended since it was introduced. The expanded summary of the House reported version is repeated here.) </p> <p><b>Swan Lake Hydroelectric Project Boundary Correction Act</b></p> <p>(Sec.2)This bill directs the Department of the Interior, after consulting with the U.S. Forest Service, to modify the boundary of the Swan Lake Hydroelectric Project (FERC No. 2911) in southeast Alaska and to convey any additional land necessary for the project to the state of Alaska.</p>]]></summary-text>
</summary>
<summary summary-id="id115hr219v79" currentChamber="HOUSE" update-date="2018-02-02">
<action-date>2018-01-29</action-date>
<action-desc>Reported to House without amendment</action-desc>
<summary-text><![CDATA[<p>(This measure has not been amended since it was introduced. The summary has been expanded because action occurred on the measure.)</p> <p><b>Swan Lake Hydroelectric Project Boundary Correction Act</b></p> <p>(Sec.2)This bill directs the Department of the Interior, after consulting with the U.S. Forest Service, to modify the boundary of the Swan Lake Hydroelectric Project (FERC No. 2911) in southeast Alaska and to convey any additional land necessary for the project to the state of Alaska.</p>]]></summary-text>
</summary>
<summary summary-id="id115hr219v00" currentChamber="HOUSE" update-date="2017-01-17">
<action-date>2017-01-03</action-date>
<action-desc>Introduced in House</action-desc>
<summary-text><![CDATA[<p><b>Swan Lake Hydroelectric Project Boundary Correction Act</b></p> <p>This bill directs the Department of the Interior, after consulting with the U.S. Forest Service, to modify the boundary of the Swan Lake Hydroelectric Project (FERC No. 2911) in southeast Alaska and to convey any additional land necessary for the project to the state of Alaska.</p>]]></summary-text>
</summary>
</item>
<dublinCore xmlns:dc="http://purl.org/dc/elements/1.1/">
<dc:format>text/xml</dc:format>
<dc:language>EN</dc:language>
<dc:rights>Pursuant to Title 17 Section 105 of the United States Code, this file is not subject to copyright protection and is in the public domain.</dc:rights>
<dc:contributor>Congressional Research Service, Library of Congress</dc:contributor>
<dc:description>This file contains bill summaries for federal legislation. A bill summary describes the most significant provisions of a piece of legislation and details the effects the legislative text may have on current law and federal programs. Bill summaries are authored by the Congressional Research Service (CRS) of the Library of Congress. As stated in Public Law 91-510 (2 USC 166 (d)(6)), one of the duties of CRS is "to prepare summaries and digests of bills and resolutions of a public general nature introduced in the Senate or House of Representatives". For more information, refer to the User Guide that accompanies this file.</dc:description>
</dublinCore>
</BillSummaries>
