<?xml version="1.0" encoding="UTF-8"?><BillSummaries>
<item congress="115" measure-type="hr" measure-number="1162" measure-id="id115hr1162" originChamber="HOUSE" orig-publish-date="2017-02-16" update-date="2019-07-25">
<title>No Hero Left Untreated Act</title>
<summary summary-id="id115hr1162v49" currentChamber="BOTH" update-date="2019-07-25">
<action-date>2018-12-21</action-date>
<action-desc>Public Law</action-desc>
<summary-text><![CDATA[<p><strong>No Hero Left Untreated Act</strong></p> <p>This bill requires the Department of Veterans Affairs (VA) to carry out a one-year pilot program to provide access to magnetic EEG/EKG-guided resonance therapy to treat veterans suffering from post-traumatic stress disorder, traumatic brain injury, military sexual trauma, chronic pain, or opiate addiction.</p> <p>The VA shall carry out the program at up to two VA facilities, and provide access to such therapy to not more than 50 veterans.</p>]]></summary-text>
</summary>
<summary summary-id="id115hr1162v81" currentChamber="HOUSE" update-date="2017-06-10">
<action-date>2017-05-23</action-date>
<action-desc>Passed House without amendment</action-desc>
<summary-text><![CDATA[<p>(This measure has not been amended since it was introduced. The summary of that version is repeated here.)</p> <p><strong>No Hero Left Untreated Act</strong></p> <p>This bill requires the Department of Veterans Affairs (VA) to carry out a one-year pilot program to provide access to magnetic EEG/EKG-guided resonance therapy to treat veterans suffering from post-traumatic stress disorder, traumatic brain injury, military sexual trauma, chronic pain, or opiate addiction.</p> <p>The VA shall: (1) carry out the program at up to two VA facilities, and (2) provide access to such therapy to more than 50 veterans.</p>]]></summary-text>
</summary>
<summary summary-id="id115hr1162v00" currentChamber="HOUSE" update-date="2017-04-20">
<action-date>2017-02-16</action-date>
<action-desc>Introduced in House</action-desc>
<summary-text><![CDATA[<p><strong>No Hero Left Untreated Act</strong></p> <p>This bill requires the Department of Veterans Affairs (VA) to carry out a one-year pilot program to provide access to magnetic EEG/EKG-guided resonance therapy to treat veterans suffering from post-traumatic stress disorder, traumatic brain injury, military sexual trauma, chronic pain, or opiate addiction.</p> <p>The VA shall: (1) carry out the program at up to two VA facilities, and (2) provide access to such therapy to more than 50 veterans.</p>]]></summary-text>
</summary>
</item>
<dublinCore xmlns:dc="http://purl.org/dc/elements/1.1/">
<dc:format>text/xml</dc:format>
<dc:language>EN</dc:language>
<dc:rights>Pursuant to Title 17 Section 105 of the United States Code, this file is not subject to copyright protection and is in the public domain.</dc:rights>
<dc:contributor>Congressional Research Service, Library of Congress</dc:contributor>
<dc:description>This file contains bill summaries for federal legislation. A bill summary describes the most significant provisions of a piece of legislation and details the effects the legislative text may have on current law and federal programs. Bill summaries are authored by the Congressional Research Service (CRS) of the Library of Congress. As stated in Public Law 91-510 (2 USC 166 (d)(6)), one of the duties of CRS is "to prepare summaries and digests of bills and resolutions of a public general nature introduced in the Senate or House of Representatives". For more information, refer to the User Guide that accompanies this file.</dc:description>
</dublinCore>
</BillSummaries>
