<?xml version="1.0" encoding="UTF-8"?><BillSummaries>
<item congress="115" measure-type="hr" measure-number="88" measure-id="id115hr88" originChamber="HOUSE" orig-publish-date="2017-01-03" update-date="2019-06-14">
<title>Shiloh National Military Park Boundary Adjustment and Parker's Crossroads Battlefield Designation Act</title>
<summary summary-id="id115hr88v70" currentChamber="HOUSE" update-date="2019-06-14">
<action-date>2018-12-20</action-date>
<action-desc>House agreed to Senate amendment without amendment</action-desc>
<summary-text><![CDATA[<p>This bill amends the Internal Revenue Code to make several changes to Internal Revenue Service (IRS) administrative policies and various tax deductions, tax credits, and requirements for tax-favored savings accounts. </p> <p>The bill includes provisions that: </p> <ul> <li> allow various tax credits, deductions, and modifications to existing rules for individuals and businesses affected by recent natural disasters; </li> <li> modify the requirements for employer-provided retirement plans and Individual Retirement Accounts; </li> <li>expand the purposes for which qualified tuition programs (known as 529 plans) may be used; </li> <li> repeal or delay several health-related taxes; </li> <li> make several technical and other modifications to P.L. 115-97 (commonly known as the Tax Cuts and Jobs Act); </li> <li> modify requirements for the IRS regarding its organizational structure, customer service, whistle-blowers, tax enforcement procedures, management of information technology, and use of electronic systems; </li> <li>prohibit the rehiring of certain IRS employees who were removed for misconduct; </li> <li>establish requirements for cybersecurity and identify protection; and</li> <li>make Tax Court judges subject to the same grounds for disqualification as other federal judges.</li> </ul>]]></summary-text>
</summary>
<summary summary-id="id115hr88v01" currentChamber="SENATE" update-date="2017-07-20">
<action-date>2017-05-09</action-date>
<action-desc>Reported to Senate with amendment(s)</action-desc>
<summary-text><![CDATA[<p><b>Shiloh National Military Park Boundary Adjustment and Parker's Crossroads Battlefield Designation Act</b> </p> <p>(Sec. 3) This bill modifies the boundary of Shiloh National Military Park in Tennessee and Mississippi to include the Fallen Timbers Battlefield, the Russell House Battlefield, and the Davis Bridge Battlefield. The Department of the Interior may acquire such lands, which shall be administered as part of the park. </p> <p> (Sec. 4) The bill establishes the Parker's Crossroads Battlefield in Tennessee as an affiliated area of the National Park System. The city of Parkers Crossroads and the Tennessee Historical Commission shall jointly be the management entity for such area. Interior may provide technical assistance and enter into cooperative agreements with such entity to financially assist with the marketing, marking, interpretation, and preservation of such area. Interior shall develop a general management plan for such area. </p>]]></summary-text>
</summary>
<summary summary-id="id115hr88v81" currentChamber="HOUSE" update-date="2017-03-29">
<action-date>2017-02-27</action-date>
<action-desc>Passed House without amendment</action-desc>
<summary-text><![CDATA[<p>(This measure has not been amended since it was introduced. The summary has been expanded because action occurred on the measure.)</p> <p><b>Shiloh National Military Park Boundary Adjustment and Parker's Crossroads Battlefield Designation Act</b> </p> <p>(Sec. 3) This bill modifies the boundary of Shiloh National Military Park in Tennessee and Mississippi to include the Fallen Timbers Battlefield, the Russell House Battlefield, and the Davis Bridge Battlefield. The Department of the Interior may acquire such lands, which shall be administered as part of the park. </p> <p> (Sec. 4) The bill establishes the Parker's Crossroads Battlefield in Tennessee as an affiliated area of the National Park System. The city of Parkers Crossroads and the Tennessee Historical Commission shall jointly be the management entity for such area. Interior may provide technical assistance and enter into cooperative agreements with such entity to financially assist with the marketing, marking, interpretation, and preservation of such area. Interior shall develop a general management plan for such area. </p> <p>(Sec. 5) Interior may not acquire by condemnation any lands or interests in lands under this bill. No non-federal property may be included in the park without the owner's written consent. </p>]]></summary-text>
</summary>
<summary summary-id="id115hr88v00" currentChamber="HOUSE" update-date="2017-02-23">
<action-date>2017-01-03</action-date>
<action-desc>Introduced in House</action-desc>
<summary-text><![CDATA[<p><b>Shiloh National Military Park Boundary Adjustment and Parker's Crossroads Battlefield Designation Act</b> </p> <p>This bill modifies the boundary of Shiloh National Military Park to include the Fallen Timbers Battlefield, the Russell House Battlefield, and the Davis Bridge Battlefield. The Department of the Interior may acquire lands by donation, purchase from willing sellers, or exchange.</p> <p> The bill establishes the Parker's Crossroads Battlefield in Tennessee as an affiliated area of the National Park System. </p> <p>Interior may not acquire by condemnation any lands or interests in lands under this bill or for this bill's purposes.</p> <p>No nonfederal property may be included in the park without the owner's written consent.</p> <p>Nothing in this bill, the establishment of the park, or the management plan for it shall be construed as creating buffer zones outside of it. </p>]]></summary-text>
</summary>
</item>
<dublinCore xmlns:dc="http://purl.org/dc/elements/1.1/">
<dc:format>text/xml</dc:format>
<dc:language>EN</dc:language>
<dc:rights>Pursuant to Title 17 Section 105 of the United States Code, this file is not subject to copyright protection and is in the public domain.</dc:rights>
<dc:contributor>Congressional Research Service, Library of Congress</dc:contributor>
<dc:description>This file contains bill summaries for federal legislation. A bill summary describes the most significant provisions of a piece of legislation and details the effects the legislative text may have on current law and federal programs. Bill summaries are authored by the Congressional Research Service (CRS) of the Library of Congress. As stated in Public Law 91-510 (2 USC 166 (d)(6)), one of the duties of CRS is "to prepare summaries and digests of bills and resolutions of a public general nature introduced in the Senate or House of Representatives". For more information, refer to the User Guide that accompanies this file.</dc:description>
</dublinCore>
</BillSummaries>
