<?xml version="1.0" encoding="UTF-8"?><BillSummaries>
<item congress="115" measure-type="hr" measure-number="1570" measure-id="id115hr1570" originChamber="HOUSE" orig-publish-date="2017-03-16" update-date="2017-03-25">
<title>African Descent Affairs Act of 2017</title>
<summary summary-id="id115hr1570v00" currentChamber="HOUSE" update-date="2017-03-25">
<action-date>2017-03-16</action-date>
<action-desc>Introduced in House</action-desc>
<summary-text><![CDATA[<p><strong>African Descent Affairs Act of 2017</strong></p> <p>This bill amends the State Department Basic Authorities Act of 1956 to direct the Department of State to establish within an Office of Global African Descent Affairs, to be headed by the Director and Special Advisor to the Secretary on Global African Descent Affairs.</p> <p>Office functions shall include: </p> <ul> <li>advising the Secretary of State and directing policies, programs, and funding relating to the human rights and the advancement of people of African descent internationally; </li> <li>developing and managing the Fund for African Descent Affairs to invest in solutions to combat racial discrimination and create economic and other opportunities for people of African descent internationally; </li> <li> directing U.S. government resources to respond to needs for protection, integration, resettlement, and empowerment of people of African descent in U.S. policies and international programs; and </li> <li>compiling an annual report on U.S. government activities relating to people of African descent. </li> </ul> <p>The bill amends the Foreign Assistance Act of 1961 to include in the annual human rights report for countries in the Americas, Europe, Asia, and the Middle East a description of the status and the people of African descent in each country. </p> <p>The U.S. Agency for International Development (AID) shall appoint a Senior Advisor to the Administrator on Global African Descent Affairs who shall: (1) advise the AID Administrator and direct policies, programs, and funding relating to the human rights and advancement of people of African descent internationally; and (2) develop a uniform set of indicators and standards for monitoring and evaluating foreign assistance for people of African descent. </p> <p>The Director and Special Advisor to the Secretary on Global African Descent Affairs shall develop or update annually (for 10 years after the initial report) a U.S. global strategy to empower, prevent, and respond to discrimination and violence against people of African descent.</p>]]></summary-text>
</summary>
</item>
<dublinCore xmlns:dc="http://purl.org/dc/elements/1.1/">
<dc:format>text/xml</dc:format>
<dc:language>EN</dc:language>
<dc:rights>Pursuant to Title 17 Section 105 of the United States Code, this file is not subject to copyright protection and is in the public domain.</dc:rights>
<dc:contributor>Congressional Research Service, Library of Congress</dc:contributor>
<dc:description>This file contains bill summaries for federal legislation. A bill summary describes the most significant provisions of a piece of legislation and details the effects the legislative text may have on current law and federal programs. Bill summaries are authored by the Congressional Research Service (CRS) of the Library of Congress. As stated in Public Law 91-510 (2 USC 166 (d)(6)), one of the duties of CRS is "to prepare summaries and digests of bills and resolutions of a public general nature introduced in the Senate or House of Representatives". For more information, refer to the User Guide that accompanies this file.</dc:description>
</dublinCore>
</BillSummaries>
