<?xml version="1.0" encoding="UTF-8"?><BillSummaries>
<item congress="115" measure-type="hr" measure-number="1474" measure-id="id115hr1474" originChamber="HOUSE" orig-publish-date="2017-03-09" update-date="2017-04-20">
<title>Simon Wiesenthal Holocaust Education Assistance Act</title>
<summary summary-id="id115hr1474v00" currentChamber="HOUSE" update-date="2017-04-20">
<action-date>2017-03-09</action-date>
<action-desc>Introduced in House</action-desc>
<summary-text><![CDATA[<p><b>Simon Wiesenthal Holocaust Education Assistance Act</b></p> <p>This bill amends the Elementary and Secondary Education Act of 1965 to authorize the Department of Education (ED) to award competitive grants to educational organizations to carry out proposed or existing Holocaust education programs.</p> <p>ED may contract with a nonprofit organization to encourage, accept, and administer private donations and gifts for funding the education programs.</p> <p>Grants may not be used to supplant nonfederal funds the grantees would otherwise have used for Holocaust education programs.</p>]]></summary-text>
</summary>
</item>
<dublinCore xmlns:dc="http://purl.org/dc/elements/1.1/">
<dc:format>text/xml</dc:format>
<dc:language>EN</dc:language>
<dc:rights>Pursuant to Title 17 Section 105 of the United States Code, this file is not subject to copyright protection and is in the public domain.</dc:rights>
<dc:contributor>Congressional Research Service, Library of Congress</dc:contributor>
<dc:description>This file contains bill summaries for federal legislation. A bill summary describes the most significant provisions of a piece of legislation and details the effects the legislative text may have on current law and federal programs. Bill summaries are authored by the Congressional Research Service (CRS) of the Library of Congress. As stated in Public Law 91-510 (2 USC 166 (d)(6)), one of the duties of CRS is "to prepare summaries and digests of bills and resolutions of a public general nature introduced in the Senate or House of Representatives". For more information, refer to the User Guide that accompanies this file.</dc:description>
</dublinCore>
</BillSummaries>
