<?xml version="1.0" encoding="UTF-8"?><BillSummaries>
<item congress="115" measure-type="hr" measure-number="220" measure-id="id115hr220" originChamber="HOUSE" orig-publish-date="2017-01-03" update-date="2018-07-31">
<title>To authorize the expansion of an existing hydroelectric project, and for other purposes.</title>
<summary summary-id="id115hr220v49" currentChamber="BOTH" update-date="2018-07-31">
<action-date>2018-07-20</action-date>
<action-desc>Public Law</action-desc>
<summary-text><![CDATA[<p>(Sec.1)This bill authorizes the licensee for the Terror Lake Hydroelectric Project in Kodiak Island, Alaska, to occupy not more than 20 acres of federal land to construct, operate, and maintain the Upper Hidden Basin Diversion Expansion without further authorization under the Alaska National Interest Lands Conservation Act or from the Department of the Interior.</p>]]></summary-text>
</summary>
<summary summary-id="id115hr220v82" currentChamber="SENATE" update-date="2018-07-17">
<action-date>2018-06-28</action-date>
<action-desc>Passed Senate without amendment</action-desc>
<summary-text><![CDATA[<p>(Sec.1)This bill authorizes the licensee for the Terror Lake Hydroelectric Project in Kodiak Island, Alaska, to occupy not more than 20 acres of federal land to construct, operate, and maintain the Upper Hidden Basin Diversion Expansion without further authorization under the Alaska National Interest Lands Conservation Act or from the Department of the Interior.</p>]]></summary-text>
</summary>
<summary summary-id="id115hr220v36" currentChamber="HOUSE" update-date="2017-08-29">
<action-date>2017-06-27</action-date>
<action-desc>Passed House amended</action-desc>
<summary-text><![CDATA[<p>(This measure has not been amended since it was reported to the House on June 2, 2017. The summary of that version is repeated here.)</p> <p>(Sec.1)This bill authorizes the licensee for the Terror Lake Hydroelectric Project in Kodiak Island, Alaska, to occupy not more than 20 acres of federal land to construct, operate, and maintain the Upper Hidden Basin Diversion Expansion without further authorization under the Alaska National Interest Lands Conservation Act or from the Department of the Interior.</p>]]></summary-text>
</summary>
<summary summary-id="id115hr220v17" currentChamber="HOUSE" update-date="2017-07-06">
<action-date>2017-06-02</action-date>
<action-desc>Reported to House with amendment(s)</action-desc>
<summary-text><![CDATA[<p>(Sec.1)This bill authorizes the licensee for the Terror Lake Hydroelectric Project in Kodiak Island, Alaska, to occupy not more than 20 acres of federal land to construct, operate, and maintain the Upper Hidden Basin Diversion Expansion without further authorization under the Alaska National Interest Lands Conservation Act or from the Department of the Interior.</p>]]></summary-text>
</summary>
<summary summary-id="id115hr220v00" currentChamber="HOUSE" update-date="2017-04-07">
<action-date>2017-01-03</action-date>
<action-desc>Introduced in House</action-desc>
<summary-text><![CDATA[<p>This bill authorizes the licensee for the Terror Lake Hydroelectric Project in Kodiak Island, Alaska, to occupy not more than 20 acres of federal land to construct, operate, and maintain the Upper Hidden Basin Diversion Expansion without further authorization under the Alaska National Interest Lands Conservation Act or from the Department of the Interior.</p>]]></summary-text>
</summary>
</item>
<dublinCore xmlns:dc="http://purl.org/dc/elements/1.1/">
<dc:format>text/xml</dc:format>
<dc:language>EN</dc:language>
<dc:rights>Pursuant to Title 17 Section 105 of the United States Code, this file is not subject to copyright protection and is in the public domain.</dc:rights>
<dc:contributor>Congressional Research Service, Library of Congress</dc:contributor>
<dc:description>This file contains bill summaries for federal legislation. A bill summary describes the most significant provisions of a piece of legislation and details the effects the legislative text may have on current law and federal programs. Bill summaries are authored by the Congressional Research Service (CRS) of the Library of Congress. As stated in Public Law 91-510 (2 USC 166 (d)(6)), one of the duties of CRS is "to prepare summaries and digests of bills and resolutions of a public general nature introduced in the Senate or House of Representatives". For more information, refer to the User Guide that accompanies this file.</dc:description>
</dublinCore>
</BillSummaries>
