<?xml version="1.0" encoding="UTF-8"?><BillSummaries>
<item congress="115" measure-type="hr" measure-number="47" measure-id="id115hr47" originChamber="HOUSE" orig-publish-date="2017-01-03" update-date="2017-01-26">
<title>Kalief's Law</title>
<summary summary-id="id115hr47v00" currentChamber="HOUSE" update-date="2017-01-26">
<action-date>2017-01-03</action-date>
<action-desc>Introduced in House</action-desc>
<summary-text><![CDATA[<p><b>Effective and Humane Treatment of Youth Act of 2017 or Kalief's Law</b></p> <p>This legislation amends the Omnibus Crime Control and Safe Streets Act of 1968 to reauthorize the Juvenile Accountability Block Grant (JABG) program for FY2018-FY2022.</p> <p> It requires a state or local government that receives JABG funding to implement policies that, with respect to youth: (1) provide a right to speedy trial; (2) provide a right to timely bail consideration; and (3) restrict solitary confinement. The term "youth" means an individual who is 21 years of age or younger. </p> <p> Additionally, it requires a state or local government that receives funding under the Edward Byrne Memorial Justice Assistance Grant program or the Community Oriented Policing Services program to implement policies and training on police-youth interaction. </p> <p> The legislation amends the federal criminal code to: (1) require youth custodial interrogations to be recorded; (2) prohibit youth solitary confinement, except as a temporary response to serious and harmful behavior; and (3) prohibit youth restraints during courtroom proceedings, except in certain circumstances. </p> <p>DOJ must report to Congress on youth solitary confinement, including: (1) types and conditions; and (2) number of instances broken down by age, race, ethnicity, gender, and unique circumstances.</p> <p>The bill directs DOJ to award grants to states and local governments to record youth custodial interrogations.&nbsp; </p>]]></summary-text>
</summary>
</item>
<dublinCore xmlns:dc="http://purl.org/dc/elements/1.1/">
<dc:format>text/xml</dc:format>
<dc:language>EN</dc:language>
<dc:rights>Pursuant to Title 17 Section 105 of the United States Code, this file is not subject to copyright protection and is in the public domain.</dc:rights>
<dc:contributor>Congressional Research Service, Library of Congress</dc:contributor>
<dc:description>This file contains bill summaries for federal legislation. A bill summary describes the most significant provisions of a piece of legislation and details the effects the legislative text may have on current law and federal programs. Bill summaries are authored by the Congressional Research Service (CRS) of the Library of Congress. As stated in Public Law 91-510 (2 USC 166 (d)(6)), one of the duties of CRS is "to prepare summaries and digests of bills and resolutions of a public general nature introduced in the Senate or House of Representatives". For more information, refer to the User Guide that accompanies this file.</dc:description>
</dublinCore>
</BillSummaries>
