<?xml version="1.0" encoding="UTF-8"?><BillSummaries>
<item congress="115" measure-type="hr" measure-number="2018" measure-id="id115hr2018" originChamber="HOUSE" orig-publish-date="2017-04-06" update-date="2017-04-18">
<title>Autofill Act of 2017</title>
<summary summary-id="id115hr2018v00" currentChamber="HOUSE" update-date="2017-04-18">
<action-date>2017-04-06</action-date>
<action-desc>Introduced in House</action-desc>
<summary-text><![CDATA[<p><strong>Autofill Act of 201</strong><b>7</b></p> <p>This bill amends the Internal Revenue Code to require the Department of the Treasury to establish a program to allow taxpayers to download income tax forms that are populated with tax return information (e.g., wages, withholding, and self-employment income) previously reported to Treasury for the taxable year.</p> <p>By October 31, 2017, Treasury must: (1) establish standards for data download to tax preparation software, and (2) provide a demonstration server for downloading the partially populated printable document file.</p> <p>By February 15, 2018, and annually thereafter, Treasury must a provide a secure function on its website that allows a taxpayer to download, as both a printable document file and in a form suitable for input to automatic tax preparation software, the 1040, 1040A, and 1040EZ forms that are populated with tax return information previously reported to Treasury. </p> <p>The bill also establishes deadlines for reporting tax return information to Treasury and for making such information available for populating tax returns.</p>]]></summary-text>
</summary>
</item>
<dublinCore xmlns:dc="http://purl.org/dc/elements/1.1/">
<dc:format>text/xml</dc:format>
<dc:language>EN</dc:language>
<dc:rights>Pursuant to Title 17 Section 105 of the United States Code, this file is not subject to copyright protection and is in the public domain.</dc:rights>
<dc:contributor>Congressional Research Service, Library of Congress</dc:contributor>
<dc:description>This file contains bill summaries for federal legislation. A bill summary describes the most significant provisions of a piece of legislation and details the effects the legislative text may have on current law and federal programs. Bill summaries are authored by the Congressional Research Service (CRS) of the Library of Congress. As stated in Public Law 91-510 (2 USC 166 (d)(6)), one of the duties of CRS is "to prepare summaries and digests of bills and resolutions of a public general nature introduced in the Senate or House of Representatives". For more information, refer to the User Guide that accompanies this file.</dc:description>
</dublinCore>
</BillSummaries>
