<?xml version="1.0" encoding="UTF-8"?><BillSummaries>
<item congress="115" measure-type="hr" measure-number="411" measure-id="id115hr411" originChamber="HOUSE" orig-publish-date="2017-01-10" update-date="2017-02-04">
<title>Veteran Suicide Prevention Act</title>
<summary summary-id="id115hr411v00" currentChamber="HOUSE" update-date="2017-02-04">
<action-date>2017-01-10</action-date>
<action-desc>Introduced in House</action-desc>
<summary-text><![CDATA[<p><strong>Veteran Suicide Prevention Act</strong></p> <p>This bill directs the Department of Veterans Affairs (VA) to complete a publicly available review of the deaths of all covered veterans who died by suicide during the preceding five-year period.</p> <p> Such review shall include: </p> <ul> <li>the total number of veterans who died by suicide during the five-year period; </li> <li>a summary that includes age, gender, and race; </li> <li>a list of the medications prescribed to, and found in the systems of, such veterans at the time of their deaths, and a summary of medical diagnoses by VA physicians which led to the prescribing of such medications; </li> <li>the number of instances in which the veteran was concurrently on multiple medications prescribed by VA physicians; </li> <li>the percentage of veterans who were not taking any medication prescribed by a VA physician; </li> <li>the percentage of veterans with combat experience or trauma; </li> <li>Veterans Health Administration facilities with markedly high prescription and patient suicide rates; </li> <li>a description of VA policies governing the prescribing of medications; and </li> <li> recommendations to improve the safety and well-being of veterans.</li> </ul> <p>"Covered veteran" means any veteran who received VA hospital care or medical services during the five-year period preceding the veteran's death. </p>]]></summary-text>
</summary>
</item>
<dublinCore xmlns:dc="http://purl.org/dc/elements/1.1/">
<dc:format>text/xml</dc:format>
<dc:language>EN</dc:language>
<dc:rights>Pursuant to Title 17 Section 105 of the United States Code, this file is not subject to copyright protection and is in the public domain.</dc:rights>
<dc:contributor>Congressional Research Service, Library of Congress</dc:contributor>
<dc:description>This file contains bill summaries for federal legislation. A bill summary describes the most significant provisions of a piece of legislation and details the effects the legislative text may have on current law and federal programs. Bill summaries are authored by the Congressional Research Service (CRS) of the Library of Congress. As stated in Public Law 91-510 (2 USC 166 (d)(6)), one of the duties of CRS is "to prepare summaries and digests of bills and resolutions of a public general nature introduced in the Senate or House of Representatives". For more information, refer to the User Guide that accompanies this file.</dc:description>
</dublinCore>
</BillSummaries>
