<?xml version="1.0" encoding="UTF-8"?><BillSummaries>
<item congress="115" measure-type="hr" measure-number="230" measure-id="id115hr230" originChamber="HOUSE" orig-publish-date="2017-01-03" update-date="2017-03-23">
<title>SALE Act</title>
<summary summary-id="id115hr230v00" currentChamber="HOUSE" update-date="2017-03-23">
<action-date>2017-01-03</action-date>
<action-desc>Introduced in House</action-desc>
<summary-text><![CDATA[<p><b>Shee Atika Land Entitlement Act or the SALE Act</b></p> <p>This bill declares that consideration received by the urban Native corporation of Shee Atika under the agreement between Shee Atika and the United States must be treated as the receipt of land or interest in land pursuant to the Alaska Native Claims Settlement Act or as cash to equalize the values of properties exchanged pursuant to that Act. (Under the Act, these considerations are not taxed.)</p> <p>Shee Atika may elect to accept payment from the Department of Agriculture for Cube Cove lands into an account that may be used to purchase property sold at public sale by a federal agency. Purchases made through that account must be considered to be conveyances under the Alaska Native Claims Settlement Act.</p>]]></summary-text>
</summary>
</item>
<dublinCore xmlns:dc="http://purl.org/dc/elements/1.1/">
<dc:format>text/xml</dc:format>
<dc:language>EN</dc:language>
<dc:rights>Pursuant to Title 17 Section 105 of the United States Code, this file is not subject to copyright protection and is in the public domain.</dc:rights>
<dc:contributor>Congressional Research Service, Library of Congress</dc:contributor>
<dc:description>This file contains bill summaries for federal legislation. A bill summary describes the most significant provisions of a piece of legislation and details the effects the legislative text may have on current law and federal programs. Bill summaries are authored by the Congressional Research Service (CRS) of the Library of Congress. As stated in Public Law 91-510 (2 USC 166 (d)(6)), one of the duties of CRS is "to prepare summaries and digests of bills and resolutions of a public general nature introduced in the Senate or House of Representatives". For more information, refer to the User Guide that accompanies this file.</dc:description>
</dublinCore>
</BillSummaries>
