<?xml version="1.0" encoding="UTF-8"?><BillSummaries>
<item congress="115" measure-type="hr" measure-number="558" measure-id="id115hr558" originChamber="HOUSE" orig-publish-date="2017-01-13" update-date="2017-11-30">
<title>Kennesaw Mountain National Battlefield Park Boundary Adjustment Act</title>
<summary summary-id="id115hr558v01" currentChamber="SENATE" update-date="2017-11-30">
<action-date>2017-05-16</action-date>
<action-desc>Reported to Senate with amendment(s)</action-desc>
<summary-text><![CDATA[<p><b>Kennesaw Mountain National Battlefield Park Boundary Adjustment Act</b></p> <p>(Sec. 3) This bill modifies the boundary of the Kennesaw Mountain National Battlefield Park in Georgia to include approximately eight acres of land or interests in land identified as Wallis House and Harriston Hill. </p> <p> The Department of the Interior may acquire such land or interests by donation, purchase from willing sellers, or exchange.</p> <p>Interior shall administer acquired lands and interests as part of the park. </p> <p>]]></summary-text>
</summary>
<summary summary-id="id115hr558v81" currentChamber="HOUSE" update-date="2017-03-15">
<action-date>2017-01-30</action-date>
<action-desc>Passed House without amendment</action-desc>
<summary-text><![CDATA[<p>(This measure has not been amended since it was introduced. The summary has been expanded because action occurred on the measure.)</p> <p><b>Kennesaw Mountain National Battlefield Park Boundary Adjustment Act</b></p> <p>(Sec. 3) This bill modifies the boundary of the Kennesaw Mountain National Battlefield Park in Georgia to include approximately eight acres identified as Wallis House and Harriston Hill. </p> <p> The Department of the Interior may acquire land or interests, by donation or exchange, from willing owners only.</p> <p> The written consent of property owners is required before the land is included in the park. Interior may not acquire the land by condemnation. </p> <p>]]></summary-text>
</summary>
<summary summary-id="id115hr558v00" currentChamber="HOUSE" update-date="2017-02-22">
<action-date>2017-01-13</action-date>
<action-desc>Introduced in House</action-desc>
<summary-text><![CDATA[<p><b>Kennesaw Mountain National Battlefield Park Boundary Adjustment Act</b></p> <p>This bill modifies the boundary of the Kennesaw Mountain National Battlefield Park in Georgia to include approximately eight acres identified as Wallis House and Harriston Hill. </p> <p> The Department of the Interior may acquire land or interests, by donation or exchange, from willing sellers only.</p> <p> The written consent of property owners is required before the land is included in the park. Interior may not acquire the land by condemnation. </p> <p>]]></summary-text>
</summary>
</item>
<dublinCore xmlns:dc="http://purl.org/dc/elements/1.1/">
<dc:format>text/xml</dc:format>
<dc:language>EN</dc:language>
<dc:rights>Pursuant to Title 17 Section 105 of the United States Code, this file is not subject to copyright protection and is in the public domain.</dc:rights>
<dc:contributor>Congressional Research Service, Library of Congress</dc:contributor>
<dc:description>This file contains bill summaries for federal legislation. A bill summary describes the most significant provisions of a piece of legislation and details the effects the legislative text may have on current law and federal programs. Bill summaries are authored by the Congressional Research Service (CRS) of the Library of Congress. As stated in Public Law 91-510 (2 USC 166 (d)(6)), one of the duties of CRS is "to prepare summaries and digests of bills and resolutions of a public general nature introduced in the Senate or House of Representatives". For more information, refer to the User Guide that accompanies this file.</dc:description>
</dublinCore>
</BillSummaries>
