<?xml version="1.0" encoding="UTF-8"?><BillSummaries>
<item congress="115" measure-type="hr" measure-number="788" measure-id="id115hr788" originChamber="HOUSE" orig-publish-date="2017-02-01" update-date="2017-02-22">
<title>Target Practice and Marksmanship Training Support Act</title>
<summary summary-id="id115hr788v00" currentChamber="HOUSE" update-date="2017-02-22">
<action-date>2017-02-01</action-date>
<action-desc>Introduced in House</action-desc>
<summary-text><![CDATA[<p><b>Target Practice and Marksmanship Training Support Act </b></p> <p> This bill amends the Pittman-Robertson Wildlife Restoration Act to facilitate the construction and expansion of public target ranges by: (1) authorizing a state to pay up to 90% of the costs of acquiring land for, expanding, or constructing a public target range; (2) authorizing a state to elect to allocate 10% of a specified amount apportioned to it from the federal aid to wildlife restoration fund for those costs; (3) limiting the federal share of those costs under such Act to 90%; and (4) requiring amounts provided for those costs under such Act to remain available for expenditure and obligation for five fiscal years.</p> <p>The United States shall be shielded from any civil action or claim for money damages for injury to or loss of property, personal injury, or death caused by an activity occurring at a public target range that is funded by the federal government pursuant to such Act or located on federal land, except to the extent provided under the Federal Tort Claims Act with respect to the exercise or performance of a discretionary function. </p> <p>The bill urges the Forest Service and the Bureau of Land Management to cooperate with state and local authorities and other entities to carry out waste removal and other activities on any federal land used as a public target range to encourage its continued use for target practice or marksmanship training.</p>]]></summary-text>
</summary>
</item>
<dublinCore xmlns:dc="http://purl.org/dc/elements/1.1/">
<dc:format>text/xml</dc:format>
<dc:language>EN</dc:language>
<dc:rights>Pursuant to Title 17 Section 105 of the United States Code, this file is not subject to copyright protection and is in the public domain.</dc:rights>
<dc:contributor>Congressional Research Service, Library of Congress</dc:contributor>
<dc:description>This file contains bill summaries for federal legislation. A bill summary describes the most significant provisions of a piece of legislation and details the effects the legislative text may have on current law and federal programs. Bill summaries are authored by the Congressional Research Service (CRS) of the Library of Congress. As stated in Public Law 91-510 (2 USC 166 (d)(6)), one of the duties of CRS is "to prepare summaries and digests of bills and resolutions of a public general nature introduced in the Senate or House of Representatives". For more information, refer to the User Guide that accompanies this file.</dc:description>
</dublinCore>
</BillSummaries>
