<?xml version="1.0" encoding="UTF-8"?><BillSummaries>
<item congress="115" measure-type="hr" measure-number="1725" measure-id="id115hr1725" originChamber="HOUSE" orig-publish-date="2017-03-24" update-date="2018-03-15">
<title>To direct the Secretary of Veterans Affairs to submit certain reports relating to medical evidence submitted in support of claims for benefits under the laws administered by the Secretary.</title>
<summary summary-id="id115hr1725v49" currentChamber="BOTH" update-date="2018-03-15">
<action-date>2018-03-09</action-date>
<action-desc>Public Law</action-desc>
<summary-text><![CDATA[<p>(This measure has not been amended since it was reported to the House on May 19, 2017. The summary of that version is repeated here.)</p> <p>(Sec. 1) This bill requires the Department of Veterans Affairs (VA), within 180 days of enactment of this bill, to submit a report on the progress of the VA's Acceptable Clinical Evidence initiative in reducing the necessity for in-person disability examinations.</p> <p> Such report shall include: (1) the number of claims eligible for the initiative, disaggregated by fiscal year; (2) the total number of claims eligible for the initiative that required a VA medical examiner to supplement the evidence with information obtained during a telephone interview with the claimant; (3) information on other VA initiatives to encourage the use of private medical evidence; (4) the anticipated impact on the time line and accuracy of processing claims if the VA were prohibited from requesting a private medical examination that is adequate for a claims decision; and (5) recommendations on how the VA can measure, track, and prevent the ordering of unnecessary medical examinations when a private examination has been administered.</p> <p> (Sec. 2) The VA shall submit by March 1 of FY2018-FY2024 an annual report that includes for each VA regional office: (1) the number of times a veteran who submitted private medical evidence in support of a claim for compensation or pension was scheduled for an examination by VA personnel because the private medical evidence was determined to be unacceptable, (2) the most common reasons for such determinations, and (3) the types of disabilities for which claims were most commonly denied when private medical evidence was submitted. </p>]]></summary-text>
</summary>
<summary summary-id="id115hr1725v82" currentChamber="SENATE" update-date="2018-03-15">
<action-date>2018-02-15</action-date>
<action-desc>Passed Senate without amendment</action-desc>
<summary-text><![CDATA[<p>(This measure has not been amended since it was reported to the House on May 19, 2017. The summary of that version is repeated here.)</p> <p>(Sec. 1) This bill requires the Department of Veterans Affairs (VA), within 180 days of enactment of this bill, to submit a report on the progress of the VA's Acceptable Clinical Evidence initiative in reducing the necessity for in-person disability examinations.</p> <p> Such report shall include: (1) the number of claims eligible for the initiative, disaggregated by fiscal year; (2) the total number of claims eligible for the initiative that required a VA medical examiner to supplement the evidence with information obtained during a telephone interview with the claimant; (3) information on other VA initiatives to encourage the use of private medical evidence; (4) the anticipated impact on the time line and accuracy of processing claims if the VA were prohibited from requesting a private medical examination that is adequate for a claims decision; and (5) recommendations on how the VA can measure, track, and prevent the ordering of unnecessary medical examinations when a private examination has been administered.</p> <p> (Sec. 2) The VA shall submit by March 1 of FY2018-FY2024 an annual report that includes for each VA regional office: (1) the number of times a veteran who submitted private medical evidence in support of a claim for compensation or pension was scheduled for an examination by VA personnel because the private medical evidence was determined to be unacceptable, (2) the most common reasons for such determinations, and (3) the types of disabilities for which claims were most commonly denied when private medical evidence was submitted. </p>]]></summary-text>
</summary>
<summary summary-id="id115hr1725v36" currentChamber="HOUSE" update-date="2017-09-19">
<action-date>2017-05-23</action-date>
<action-desc>Passed House amended</action-desc>
<summary-text><![CDATA[<p>(This measure has not been amended since it was reported to the House on May 19, 2017. The summary of that version is repeated here.)</p> <p>(Sec. 1) This bill requires the Department of Veterans Affairs (VA), within 180 days of enactment of this bill, to submit a report on the progress of the VA's Acceptable Clinical Evidence initiative in reducing the necessity for in-person disability examinations.</p> <p> Such report shall include: (1) the number of claims eligible for the initiative, disaggregated by fiscal year; (2) the total number of claims eligible for the initiative that required a VA medical examiner to supplement the evidence with information obtained during a telephone interview with the claimant; (3) information on other VA initiatives to encourage the use of private medical evidence; (4) the anticipated impact on the time line and accuracy of processing claims if the VA were prohibited from requesting a private medical examination that is adequate for a claims decision; and (5) recommendations on how the VA can measure, track, and prevent the ordering of unnecessary medical examinations when a private examination has been administered.</p> <p> (Sec. 2) The VA shall submit by March 1 of FY2018-FY2024 an annual report that includes for each VA regional office: (1) the number of times a veteran who submitted private medical evidence in support of a claim for compensation or pension was scheduled for an examination by VA personnel because the private medical evidence was determined to be unacceptable, (2) the most common reasons for such determinations, and (3) the types of disabilities for which claims were most commonly denied when private medical evidence was submitted. </p>]]></summary-text>
</summary>
<summary summary-id="id115hr1725v17" currentChamber="HOUSE" update-date="2017-09-19">
<action-date>2017-05-19</action-date>
<action-desc>Reported to House with amendment(s)</action-desc>
<summary-text><![CDATA[<p> (Sec. 1) This bill requires the Department of Veterans Affairs (VA), within 180 days of enactment of this bill, to submit a report on the progress of the VA's Acceptable Clinical Evidence initiative in reducing the necessity for in-person disability examinations.</p> <p> Such report shall include: (1) the number of claims eligible for the initiative, disaggregated by fiscal year; (2) the total number of claims eligible for the initiative that required a VA medical examiner to supplement the evidence with information obtained during a telephone interview with the claimant; (3) information on other VA initiatives to encourage the use of private medical evidence; (4) the anticipated impact on the time line and accuracy of processing claims if the VA were prohibited from requesting a private medical examination that is adequate for a claims decision; and (5) recommendations on how the VA can measure, track, and prevent the ordering of unnecessary medical examinations when a private examination has been administered.</p> <p> (Sec. 2) The VA shall submit by March 1 of FY2018-FY2024 an annual report that includes for each VA regional office: (1) the number of times a veteran who submitted private medical evidence in support of a claim for compensation or pension was scheduled for an examination by VA personnel because the private medical evidence was determined to be unacceptable, (2) the most common reasons for such determinations, and (3) the types of disabilities for which claims were most commonly denied when private medical evidence was submitted. </p>]]></summary-text>
</summary>
<summary summary-id="id115hr1725v00" currentChamber="HOUSE" update-date="2017-04-08">
<action-date>2017-03-24</action-date>
<action-desc>Introduced in House</action-desc>
<summary-text><![CDATA[<p><strong>Quicker Veterans Benefits Delivery Act of 2017</strong></p> <p>This bill requires (current law authorizes) the Department of Veterans Affairs (VA) to accept, for purposes of establishing a claim for veterans disability benefits, a report of a medical examination administered by a private physician without requiring confirmation by a Veterans Health Administration physician if the report is sufficiently complete (defined as competent, credible, probative, and containing such information as required to make a decision on the claim for which the report is provided).</p> <p>The VA is required to submit: (1) a report on the progress of the VA's Acceptable Clinical Evidence initiative in reducing the necessity for in-person disability examinations, and (2) an annual report for each VA regional office regarding claims for which private medical evidence was determined to be unacceptable.</p>]]></summary-text>
</summary>
</item>
<dublinCore xmlns:dc="http://purl.org/dc/elements/1.1/">
<dc:format>text/xml</dc:format>
<dc:language>EN</dc:language>
<dc:rights>Pursuant to Title 17 Section 105 of the United States Code, this file is not subject to copyright protection and is in the public domain.</dc:rights>
<dc:contributor>Congressional Research Service, Library of Congress</dc:contributor>
<dc:description>This file contains bill summaries for federal legislation. A bill summary describes the most significant provisions of a piece of legislation and details the effects the legislative text may have on current law and federal programs. Bill summaries are authored by the Congressional Research Service (CRS) of the Library of Congress. As stated in Public Law 91-510 (2 USC 166 (d)(6)), one of the duties of CRS is "to prepare summaries and digests of bills and resolutions of a public general nature introduced in the Senate or House of Representatives". For more information, refer to the User Guide that accompanies this file.</dc:description>
</dublinCore>
</BillSummaries>
