<?xml version="1.0" encoding="UTF-8"?><BillSummaries>
<item congress="115" measure-type="hr" measure-number="1927" measure-id="id115hr1927" originChamber="HOUSE" orig-publish-date="2017-04-05" update-date="2018-01-24">
<title>African American Civil Rights Network Act of 2017</title>
<summary summary-id="id115hr1927v49" currentChamber="BOTH" update-date="2018-01-24">
<action-date>2018-01-08</action-date>
<action-desc>Public Law</action-desc>
<summary-text><![CDATA[<p>(This measure has not been amended since it was passed by the House on July 26, 2017. The summary of that version is repeated here.)</p> <p><b>African American Civil Rights Network Act of 2017</b></p> <p>(Sec. 3) This bill requires the Department of the Interior to establish within the National Park Service (NPS) a U.S. Civil Rights Network that encompasses: (1) all NPS units and programs that relate to the African American civil rights movement from 1939 through 1968; (2) with the property owner's consent, other federal, state, local, and privately owned properties that relate or have a verifiable connection to such movement and that are included in, or eligible for, the National Register of Historic Places; and (3) other governmental and nongovernmental facilities and programs of an educational, research, or interpretive nature that are directly related to such movement. </p> <p>In carrying out the network, Interior must: (1) review civil rights movement studies and reports, such as the Civil Rights Framework Study; (2) produce and disseminate educational materials relating to such movement; (3) provide technical assistance; and (4) adopt an official, uniform symbol or device for the Network and issue regulations for the symbol's use. </p> <p>The network shall expire seven years after enactment of this bill. </p>]]></summary-text>
</summary>
<summary summary-id="id115hr1927v82" currentChamber="SENATE" update-date="2018-01-17">
<action-date>2017-12-21</action-date>
<action-desc>Passed Senate without amendment</action-desc>
<summary-text><![CDATA[<p>(This measure has not been amended since it was passed by the House on July 26, 2017. The summary of that version is repeated here.)</p> <p><b>African American Civil Rights Network Act of 2017</b></p> <p>(Sec. 3) This bill requires the Department of the Interior to establish within the National Park Service (NPS) a U.S. Civil Rights Network that encompasses: (1) all NPS units and programs that relate to the African American civil rights movement from 1939 through 1968; (2) with the property owner's consent, other federal, state, local, and privately owned properties that relate or have a verifiable connection to such movement and that are included in, or eligible for, the National Register of Historic Places; and (3) other governmental and nongovernmental facilities and programs of an educational, research, or interpretive nature that are directly related to such movement. </p> <p>In carrying out the network, Interior must: (1) review civil rights movement studies and reports, such as the Civil Rights Framework Study; (2) produce and disseminate educational materials relating to such movement; (3) provide technical assistance; and (4) adopt an official, uniform symbol or device for the Network and issue regulations for the symbol's use. </p> <p>The network shall expire seven years after enactment of this bill. </p>]]></summary-text>
</summary>
<summary summary-id="id115hr1927v36" currentChamber="HOUSE" update-date="2017-09-19">
<action-date>2017-07-26</action-date>
<action-desc>Passed House amended</action-desc>
<summary-text><![CDATA[<p><b>African American Civil Rights Network Act of 2017</b></p> <p>(Sec. 3) This bill requires the Department of the Interior to establish within the National Park Service (NPS) a U.S. Civil Rights Network that encompasses: (1) all NPS units and programs that relate to the African American civil rights movement from 1939 through 1968; (2) with the property owner's consent, other federal, state, local, and privately owned properties that relate or have a verifiable connection to such movement and that are included in, or eligible for, the National Register of Historic Places; and (3) other governmental and nongovernmental facilities and programs of an educational, research, or interpretive nature that are directly related to such movement. </p> <p>In carrying out the network, Interior must: (1) review civil rights movement studies and reports, such as the Civil Rights Framework Study; (2) produce and disseminate educational materials relating to such movement; (3) provide technical assistance; and (4) adopt an official, uniform symbol or device for the Network and issue regulations for the symbol's use. </p> <p>The network shall expire seven years after enactment of this bill. </p>]]></summary-text>
</summary>
<summary summary-id="id115hr1927v17" currentChamber="HOUSE" update-date="2017-09-19">
<action-date>2017-07-24</action-date>
<action-desc>Reported to House with amendment(s)</action-desc>
<summary-text><![CDATA[<p><b>African American Civil Rights Network Act of 2017</b></p> <p>(Sec. 3) This bill requires the Department of the Interior to establish within the National Park Service (NPS) a U.S. Civil Rights Network that encompasses: (1) all NPS units and programs that relate to the African American civil rights movement from 1939 through 1968; (2) with the property owner's consent, other federal, state, local, and privately owned properties that relate or have a verifiable connection to such movement and that are included in, or eligible for, the National Register of Historic Places; and (3) other governmental and nongovernmental facilities and programs of an educational, research, or interpretive nature that are directly related to such movement. </p> <p>In carrying out the Network, Interior must: (1) review civil rights movement studies and reports, such as the Civil Rights Framework Study; (2) produce and disseminate educational materials relating to such movement; (3) provide technical assistance; and (4) adopt an official, uniform symbol or device for the Network and issue regulations for the symbol's use. </p>]]></summary-text>
</summary>
<summary summary-id="id115hr1927v00" currentChamber="HOUSE" update-date="2017-04-20">
<action-date>2017-04-05</action-date>
<action-desc>Introduced in House</action-desc>
<summary-text><![CDATA[<p><b>African American Civil Rights Network Act of 2017</b></p> <p>This bill requires the Department of the Interior to establish within the National Park Service (NPS) a U.S. Civil Rights Network that encompasses: (1) all NPS units and programs that relate to the African American civil rights movement during the period from 1939 through 1968; (2) other federal, state, local, and privately owned properties that relate to the African American civil rights movement and that are included in, or eligible for, the National Register of Historic Places; and (3) other governmental and nongovernmental facilities and programs of an educational, research, or interpretive nature that are directly related to such movement. </p> <p>In carrying out the Network, Interior must: (1) review civil rights movement studies and reports that may already be underway or completed, such as the Civil Rights Framework Study; (2) produce and disseminate educational materials, such as handbooks, maps, interpretive guides, or electronic information; (3) provide technical assistance; and (4) adopt an official, uniform symbol or device for the Network and issue regulations for the symbol's use.</p>]]></summary-text>
</summary>
</item>
<dublinCore xmlns:dc="http://purl.org/dc/elements/1.1/">
<dc:format>text/xml</dc:format>
<dc:language>EN</dc:language>
<dc:rights>Pursuant to Title 17 Section 105 of the United States Code, this file is not subject to copyright protection and is in the public domain.</dc:rights>
<dc:contributor>Congressional Research Service, Library of Congress</dc:contributor>
<dc:description>This file contains bill summaries for federal legislation. A bill summary describes the most significant provisions of a piece of legislation and details the effects the legislative text may have on current law and federal programs. Bill summaries are authored by the Congressional Research Service (CRS) of the Library of Congress. As stated in Public Law 91-510 (2 USC 166 (d)(6)), one of the duties of CRS is "to prepare summaries and digests of bills and resolutions of a public general nature introduced in the Senate or House of Representatives". For more information, refer to the User Guide that accompanies this file.</dc:description>
</dublinCore>
</BillSummaries>
