<?xml version="1.0" encoding="UTF-8"?><BillSummaries>
<item congress="115" measure-type="hr" measure-number="1796" measure-id="id115hr1796" originChamber="HOUSE" orig-publish-date="2017-03-29" update-date="2017-04-08">
<title>Lift the Relocation Burden from Military Spouses Act</title>
<summary summary-id="id115hr1796v00" currentChamber="HOUSE" update-date="2017-04-08">
<action-date>2017-03-29</action-date>
<action-desc>Introduced in House</action-desc>
<summary-text><![CDATA[<p><strong>Lift the Relocation Burden from Military Spouses Act</strong></p> <p>This bill authorizes the military department concerned to reimburse a member of the Armed Forces who is reassigned for a permanent change of station or assignment from one state to another for qualified relicensing costs of the member's spouse.</p> <p>Reimbursement may not exceed $500 for each change of station or assignment. </p> <p>The Department of Defense and the Department of Homeland Security (with respect to the Coast Guard) shall work with states to improve license portability. </p> <p>&quot;Qualified relicensing costs&quot; are the costs, including exam and registration fees, needed to secure a license or certification to engage in the same profession in the new state.</p>]]></summary-text>
</summary>
</item>
<dublinCore xmlns:dc="http://purl.org/dc/elements/1.1/">
<dc:format>text/xml</dc:format>
<dc:language>EN</dc:language>
<dc:rights>Pursuant to Title 17 Section 105 of the United States Code, this file is not subject to copyright protection and is in the public domain.</dc:rights>
<dc:contributor>Congressional Research Service, Library of Congress</dc:contributor>
<dc:description>This file contains bill summaries for federal legislation. A bill summary describes the most significant provisions of a piece of legislation and details the effects the legislative text may have on current law and federal programs. Bill summaries are authored by the Congressional Research Service (CRS) of the Library of Congress. As stated in Public Law 91-510 (2 USC 166 (d)(6)), one of the duties of CRS is "to prepare summaries and digests of bills and resolutions of a public general nature introduced in the Senate or House of Representatives". For more information, refer to the User Guide that accompanies this file.</dc:description>
</dublinCore>
</BillSummaries>
