<?xml version="1.0" encoding="UTF-8"?><BillSummaries>
<item congress="115" measure-type="hr" measure-number="276" measure-id="id115hr276" originChamber="HOUSE" orig-publish-date="2017-01-04" update-date="2017-05-03">
<title>To amend title 49, United States Code, to ensure reliable air service in American Samoa.</title>
<summary summary-id="id115hr276v36" currentChamber="HOUSE" update-date="2017-05-03">
<action-date>2017-01-31</action-date>
<action-desc>Passed House amended</action-desc>
<summary-text><![CDATA[<p>(Sec. 1) This bill declares that in order to provide and sustain air transportation in American Samoa between the islands of Tutuila and Manu'a, the Department of Transportation may renew a foreign air carrier's emergency air transportation exemption every 180 days (instead of the current 30-day renewal period that applies to other areas). </p>]]></summary-text>
</summary>
<summary summary-id="id115hr276v00" currentChamber="HOUSE" update-date="2017-04-07">
<action-date>2017-01-04</action-date>
<action-desc>Introduced in House</action-desc>
<summary-text><![CDATA[<p>This bill declares that in order to provide and sustain air transportation in American Samoa between the islands of Tutuila and Manu'a, the Department of Transportation may renew a foreign air carrier's emergency air transportation exemption every 180 days (instead of the current 30-day renewal period that applies to other areas). </p>]]></summary-text>
</summary>
</item>
<dublinCore xmlns:dc="http://purl.org/dc/elements/1.1/">
<dc:format>text/xml</dc:format>
<dc:language>EN</dc:language>
<dc:rights>Pursuant to Title 17 Section 105 of the United States Code, this file is not subject to copyright protection and is in the public domain.</dc:rights>
<dc:contributor>Congressional Research Service, Library of Congress</dc:contributor>
<dc:description>This file contains bill summaries for federal legislation. A bill summary describes the most significant provisions of a piece of legislation and details the effects the legislative text may have on current law and federal programs. Bill summaries are authored by the Congressional Research Service (CRS) of the Library of Congress. As stated in Public Law 91-510 (2 USC 166 (d)(6)), one of the duties of CRS is "to prepare summaries and digests of bills and resolutions of a public general nature introduced in the Senate or House of Representatives". For more information, refer to the User Guide that accompanies this file.</dc:description>
</dublinCore>
</BillSummaries>
