<?xml version="1.0" encoding="UTF-8"?><BillSummaries>
<item congress="115" measure-type="hr" measure-number="187" measure-id="id115hr187" originChamber="HOUSE" orig-publish-date="2017-01-03" update-date="2017-01-13">
<title>Virgin Islands Visa Waiver Act of 2017</title>
<summary summary-id="id115hr187v00" currentChamber="HOUSE" update-date="2017-01-13">
<action-date>2017-01-03</action-date>
<action-desc>Introduced in House</action-desc>
<summary-text><![CDATA[<p><strong>Virgin Islands Visa Waiver Act of 2017</strong></p> <p>This bill amends the Immigration and Nationality Act to establish a visa waiver program for the United States Virgin Islands for individuals who are a national of a country that is a member or an associate member of the Caribbean Community (CARICOM) listed in regulations under this Act and who apply for admission as a nonimmigrant business or pleasure visitor solely for entry into and stay in the United States Virgin Islands for not more than 30 days, if the Department of Homeland Security (DHS) determines that such waiver does not represent a threat to the welfare or security of the United States or its territories and commonwealths.</p> <p>DHS shall suspend the admission of nationals of a country if DHS determines that: (1) such admissions have resulted in an unacceptable number of visitors remaining unlawfully in the United States Virgin Islands, unlawfully obtaining entry to other parts of the United States, or seeking withholding of removal or asylum; or (2) visitors from such country pose a risk to law enforcement or security interests of the United States Virgin Islands or of the United States. </p> <p>DHS is authorized to suspend the program at any time, on a country-by-country basis, for other good cause.</p> <p>The bill provides for the addition of program countries.</p>]]></summary-text>
</summary>
</item>
<dublinCore xmlns:dc="http://purl.org/dc/elements/1.1/">
<dc:format>text/xml</dc:format>
<dc:language>EN</dc:language>
<dc:rights>Pursuant to Title 17 Section 105 of the United States Code, this file is not subject to copyright protection and is in the public domain.</dc:rights>
<dc:contributor>Congressional Research Service, Library of Congress</dc:contributor>
<dc:description>This file contains bill summaries for federal legislation. A bill summary describes the most significant provisions of a piece of legislation and details the effects the legislative text may have on current law and federal programs. Bill summaries are authored by the Congressional Research Service (CRS) of the Library of Congress. As stated in Public Law 91-510 (2 USC 166 (d)(6)), one of the duties of CRS is "to prepare summaries and digests of bills and resolutions of a public general nature introduced in the Senate or House of Representatives". For more information, refer to the User Guide that accompanies this file.</dc:description>
</dublinCore>
</BillSummaries>
