<?xml version="1.0" encoding="UTF-8"?><BillSummaries>
<item congress="115" measure-type="hr" measure-number="743" measure-id="id115hr743" originChamber="HOUSE" orig-publish-date="2017-01-30" update-date="2017-02-22">
<title>Davis-Bacon Repeal Act</title>
<summary summary-id="id115hr743v00" currentChamber="HOUSE" update-date="2017-02-22">
<action-date>2017-01-30</action-date>
<action-desc>Introduced in House</action-desc>
<summary-text><![CDATA[<p><b>Davis-Bacon Repeal Act</b></p> <p> This bill repeals the Davis-Bacon Act (which requires that the locally prevailing wage rate be paid to various classes of laborers and mechanics working under federally-financed or federally-assisted contracts for construction, alteration, and repair of public buildings or public works).</p> <p>The bill states that references in any law to a wage requirement of the Davis-Bacon Act after enactment of this bill shall be null and void. </p>]]></summary-text>
</summary>
</item>
<dublinCore xmlns:dc="http://purl.org/dc/elements/1.1/">
<dc:format>text/xml</dc:format>
<dc:language>EN</dc:language>
<dc:rights>Pursuant to Title 17 Section 105 of the United States Code, this file is not subject to copyright protection and is in the public domain.</dc:rights>
<dc:contributor>Congressional Research Service, Library of Congress</dc:contributor>
<dc:description>This file contains bill summaries for federal legislation. A bill summary describes the most significant provisions of a piece of legislation and details the effects the legislative text may have on current law and federal programs. Bill summaries are authored by the Congressional Research Service (CRS) of the Library of Congress. As stated in Public Law 91-510 (2 USC 166 (d)(6)), one of the duties of CRS is "to prepare summaries and digests of bills and resolutions of a public general nature introduced in the Senate or House of Representatives". For more information, refer to the User Guide that accompanies this file.</dc:description>
</dublinCore>
</BillSummaries>
