<?xml version="1.0" encoding="UTF-8"?><BillSummaries>
<item congress="115" measure-type="hr" measure-number="887" measure-id="id115hr887" originChamber="HOUSE" orig-publish-date="2017-02-06" update-date="2017-02-22">
<title>To amend the Immigration and Nationality Act to extend honorary citizenship to otherwise qualified noncitizens who enlisted in the Philippines and died while serving on active duty with the United States Armed Forces during certain periods of hostilities, and for other purposes.</title>
<summary summary-id="id115hr887v00" currentChamber="HOUSE" update-date="2017-02-22">
<action-date>2017-02-06</action-date>
<action-desc>Introduced in House</action-desc>
<summary-text><![CDATA[<p>This bill amends the Immigration and Nationality Act to extend posthumous citizenship to an otherwise qualified noncitizen who enlisted, reenlisted, extended enlistment, or was inducted into the U.S. Armed Forces in the Philippines and died as a result of such active duty service during the period September 1, 1939-December 31, 1946.</p> <p>The executive department under which a person served shall determine whether the person satisfied the requirements for posthumous citizenship.</p> <p>Specified naturalization and other posthumous benefit provisions shall not apply to the surviving spouse, child, or parent of such a person.</p>]]></summary-text>
</summary>
</item>
<dublinCore xmlns:dc="http://purl.org/dc/elements/1.1/">
<dc:format>text/xml</dc:format>
<dc:language>EN</dc:language>
<dc:rights>Pursuant to Title 17 Section 105 of the United States Code, this file is not subject to copyright protection and is in the public domain.</dc:rights>
<dc:contributor>Congressional Research Service, Library of Congress</dc:contributor>
<dc:description>This file contains bill summaries for federal legislation. A bill summary describes the most significant provisions of a piece of legislation and details the effects the legislative text may have on current law and federal programs. Bill summaries are authored by the Congressional Research Service (CRS) of the Library of Congress. As stated in Public Law 91-510 (2 USC 166 (d)(6)), one of the duties of CRS is "to prepare summaries and digests of bills and resolutions of a public general nature introduced in the Senate or House of Representatives". For more information, refer to the User Guide that accompanies this file.</dc:description>
</dublinCore>
</BillSummaries>
