<?xml version="1.0" encoding="UTF-8"?><BillSummaries>
<item congress="115" measure-type="hr" measure-number="1505" measure-id="id115hr1505" originChamber="HOUSE" orig-publish-date="2017-03-10" update-date="2017-03-25">
<title>VA Provider Pay Modernization Act of 2017</title>
<summary summary-id="id115hr1505v00" currentChamber="HOUSE" update-date="2017-03-25">
<action-date>2017-03-10</action-date>
<action-desc>Introduced in House</action-desc>
<summary-text><![CDATA[<p><strong>VA Provider Pay Modernization Act of 2017</strong></p> <p>This bill provides that market pay (one of the three salary components of Veterans Health Administration [VHA] physicians and dentists) shall be the same for each physician or dentist with the same specialty or assignment in the same Integrated Service Network (VISN). </p> <p>The market pay of a physician or dentist may exceed the market pay generally available to a physician or dentist with the same specialty or assignment in the same VISN by up to 5%.</p> <p>Such amount shall take into account the pay in the relevant health service area, as designated by the Department of Health and Human Services. </p> <p>Market pay in a health professional shortage area for a physician's or dentist's specialty may exceed by up to 25% the market pay for a physician or dentist in a health service area with a specialty or assignment not relevant to the health professional shortage area.</p> <p>The VA shall: (1) evaluate the market pay of a physician or dentist every 12 months; and (2) in implementing a promotion system, create parity between the grades and annual rates of basic pay for VHA employees performing similar duties in the same facility, regardless of service time.</p>]]></summary-text>
</summary>
</item>
<dublinCore xmlns:dc="http://purl.org/dc/elements/1.1/">
<dc:format>text/xml</dc:format>
<dc:language>EN</dc:language>
<dc:rights>Pursuant to Title 17 Section 105 of the United States Code, this file is not subject to copyright protection and is in the public domain.</dc:rights>
<dc:contributor>Congressional Research Service, Library of Congress</dc:contributor>
<dc:description>This file contains bill summaries for federal legislation. A bill summary describes the most significant provisions of a piece of legislation and details the effects the legislative text may have on current law and federal programs. Bill summaries are authored by the Congressional Research Service (CRS) of the Library of Congress. As stated in Public Law 91-510 (2 USC 166 (d)(6)), one of the duties of CRS is "to prepare summaries and digests of bills and resolutions of a public general nature introduced in the Senate or House of Representatives". For more information, refer to the User Guide that accompanies this file.</dc:description>
</dublinCore>
</BillSummaries>
