<?xml version="1.0" encoding="UTF-8"?><BillSummaries>
<item congress="115" measure-type="hr" measure-number="1004" measure-id="id115hr1004" originChamber="HOUSE" orig-publish-date="2017-02-13" update-date="2017-03-27">
<title>Regulatory Integrity Act of 2017</title>
<summary summary-id="id115hr1004v36" currentChamber="HOUSE" update-date="2017-03-27">
<action-date>2017-03-02</action-date>
<action-desc>Passed House amended</action-desc>
<summary-text><![CDATA[<p><strong>Regulatory Integrity Act of 2017</strong></p> <p>(Sec. 2) This bill directs each executive agency to make publicly available on the agency website or in the rulemaking docket on Regulations.gov a list of pending agency regulatory actions and for each such action: </p> <ul> <li> the date the agency began to develop or consider the action, its status, an estimate of the date it will be final and in effect, a brief description of such action, and a list of any applicable agency regulatory actions issued by the agency, or any other executive agency, that duplicate or overlap with the regulatory action; and </li> <li> a list of each public communication about the action issued by the agency, including the date of the communication, its intended audience, the method of communication, and a copy of the original communication.</li> </ul> <p> Each agency shall publish the information required within 24 hours after such communication is issued and maintain the public availability of such information for at least five years after the action is finalized.</p> <p>Any public communication issued by an agency that refers to a pending agency regulatory action shall specify whether the agency is considering alternatives and accepting comments and must expressly disclose that the agency is the source of the information to the intended recipients. Except for impartial communications that request comment on or provide information regarding the pending regulatory action, such a public communication referring to a pending action may not: (1) directly advocate, in support of or against the pending action, for the submission of information; (2) appeal to the public, or solicit a third party, to undertake such advocacy; or (3) be for publicity or propaganda purposes unless authorized by law. </p> <p>An agency that communicated about a pending agency regulatory action during the previous fiscal year shall submit to each congressional committee with jurisdiction over the agency's activities, by January 15 of each year, a report indicating:</p> <ul> <li> the number of pending agency regulatory actions the agency issued public communications about during that fiscal year,</li> <li> the average number of public communications issued by the agency for each such action, and </li> <li> the five pending actions with the highest number of public communications issued by the agency in that fiscal year and a copy of each such communication.</li> </ul> <p>The report shall be made publicly available on the agency's website.</p>]]></summary-text>
</summary>
<summary summary-id="id115hr1004v79" currentChamber="HOUSE" update-date="2017-03-27">
<action-date>2017-02-21</action-date>
<action-desc>Reported to House without amendment</action-desc>
<summary-text><![CDATA[<p>(This measure has not been amended since it was introduced. The summary has been expanded because action occurred on the measure.)</p> <p><strong>Regulatory Integrity Act of 2017</strong></p> <p>(Sec. 2) This bill directs each executive agency to make publicly available on the agency website or in the rulemaking docket on Regulations.gov a list of pending agency regulatory actions and for each such action: </p> <ul> <li> the date the agency began to develop or consider the action, its status, an estimate of the date it will be final and in effect, and a brief description of such action; and </li> <li> a list of each public communication about the action issued by the agency, including the date of the communication, its intended audience, the method of communication, and a copy of the original communication.</li> </ul> <p> Each agency shall publish the information required within 24 hours after such communication is issued and maintain the public availability of such information for at least 5 years after the action is finalized.</p> <p>Any public communication issued by an agency that refers to a pending agency regulatory action shall specify whether the agency is considering alternatives and accepting comments and must expressly disclose that the agency is the source of the information to the intended recipients. Except for impartial communications that request comment on or provide information regarding the pending regulatory action, such a public communication referring to a pending action may not: (1) directly advocate, in support of or against the pending action, for the submission of information; (2) appeal to the public, or solicit a third party, to undertake such advocacy; or (3) be for publicity or propaganda purposes unless authorized by law. </p> <p>An agency that communicated about a pending agency regulatory action during the previous fiscal year shall submit to each congressional committee with jurisdiction over the agency's activities, by January 15 of each year, a report indicating:</p> <ul> <li> the number of pending agency regulatory actions the agency issued public communications about during that fiscal year,</li> <li> the average number of public communications issued by the agency for each such action, and </li> <li> the five pending actions with the highest number of public communications issued by the agency in that fiscal year and a copy of each such communication.</li> </ul> <p>The report shall be made publicly available on the agency's website.</p>]]></summary-text>
</summary>
<summary summary-id="id115hr1004v00" currentChamber="HOUSE" update-date="2017-03-28">
<action-date>2017-02-13</action-date>
<action-desc>Introduced in House</action-desc>
<summary-text><![CDATA[<p><strong>Regulatory Integrity Act of 2017</strong></p> <p>This bill directs each executive agency to make publicly available on the agency website or in the rulemaking docket on Regulations.gov a list of pending agency regulatory actions and for each such action: </p> <ul> <li> the date the agency began to develop or consider the action, its status, an estimate of the date it will be final and in effect, and a brief description of such action; and </li> <li> a list of each public communication about the action issued by the agency, including the date of the communication, its intended audience, the method of communication, and a copy of the original communication.</li> </ul> <p> Each agency shall publish the information required within 24 hours after such communication is issued and maintain the public availability of such information for at least 5 years after the action is finalized.</p> <p>Any public communication issued by an agency that refers to a pending agency regulatory action shall specify whether the agency is considering alternatives and accepting comments and must expressly disclose that the agency is the source of the information to the intended recipients. Except for impartial communications that request comment on or provide information regarding the pending regulatory action, such a public communication referring to a pending action may not: (1) directly advocate, in support of or against the pending action, for the submission of information; (2) appeal to the public, or solicit a third party, to undertake such advocacy; or (3) be for publicity or propaganda purposes unless authorized by law. </p> <p>An agency that communicated about a pending agency regulatory action during the previous fiscal year shall submit to each congressional committee with jurisdiction over the agency's activities, by January 15 of each year, a report indicating:</p> <ul> <li> the number of pending agency regulatory actions the agency issued public communications about during that fiscal year;</li> <li> the average number of public communications issued by the agency for each such action; and </li> <li> the five pending actions with the highest number of public communications issued by the agency in that fiscal year and a copy of each such communication.</li> </ul> <p>The report shall be made publicly available on the agency's website.</p>]]></summary-text>
</summary>
</item>
<dublinCore xmlns:dc="http://purl.org/dc/elements/1.1/">
<dc:format>text/xml</dc:format>
<dc:language>EN</dc:language>
<dc:rights>Pursuant to Title 17 Section 105 of the United States Code, this file is not subject to copyright protection and is in the public domain.</dc:rights>
<dc:contributor>Congressional Research Service, Library of Congress</dc:contributor>
<dc:description>This file contains bill summaries for federal legislation. A bill summary describes the most significant provisions of a piece of legislation and details the effects the legislative text may have on current law and federal programs. Bill summaries are authored by the Congressional Research Service (CRS) of the Library of Congress. As stated in Public Law 91-510 (2 USC 166 (d)(6)), one of the duties of CRS is "to prepare summaries and digests of bills and resolutions of a public general nature introduced in the Senate or House of Representatives". For more information, refer to the User Guide that accompanies this file.</dc:description>
</dublinCore>
</BillSummaries>
