<?xml version="1.0" encoding="UTF-8"?><BillSummaries>
<item congress="115" measure-type="hr" measure-number="1509" measure-id="id115hr1509" originChamber="HOUSE" orig-publish-date="2017-03-10" update-date="2017-03-25">
<title>Better Informing Veterans' Healthcare Decisions Act</title>
<summary summary-id="id115hr1509v00" currentChamber="HOUSE" update-date="2017-03-25">
<action-date>2017-03-10</action-date>
<action-desc>Introduced in House</action-desc>
<summary-text><![CDATA[<p><strong>Better Informing Veterans' Healthcare Decisions Act</strong></p> <p>This bill urges the Department of Veterans Affairs (VA) to ensure that preventing veteran suicide and providing veterans access to mental health care is its top reform priority. </p> <p>The VA shall, every 30 days, determine and provide to the Department of Defense, with respect to the previous year:</p> <ul> <li>the average national wait times (in days) for veterans enrolled in the VA health care system to receive appointments for mental health care and primary health care at VA medical facilities, </li> <li>the average time for the VA to process a claim for disability compensation, and </li> <li>the average time for the VA to decide an appeal of such a claim. </li> </ul> <p>The VA shall place a sign displaying the most current such times in a conspicuous location at each career counselor or career assistance advisor office.</p>]]></summary-text>
</summary>
</item>
<dublinCore xmlns:dc="http://purl.org/dc/elements/1.1/">
<dc:format>text/xml</dc:format>
<dc:language>EN</dc:language>
<dc:rights>Pursuant to Title 17 Section 105 of the United States Code, this file is not subject to copyright protection and is in the public domain.</dc:rights>
<dc:contributor>Congressional Research Service, Library of Congress</dc:contributor>
<dc:description>This file contains bill summaries for federal legislation. A bill summary describes the most significant provisions of a piece of legislation and details the effects the legislative text may have on current law and federal programs. Bill summaries are authored by the Congressional Research Service (CRS) of the Library of Congress. As stated in Public Law 91-510 (2 USC 166 (d)(6)), one of the duties of CRS is "to prepare summaries and digests of bills and resolutions of a public general nature introduced in the Senate or House of Representatives". For more information, refer to the User Guide that accompanies this file.</dc:description>
</dublinCore>
</BillSummaries>
