<?xml version="1.0" encoding="UTF-8"?><BillSummaries>
<item congress="115" measure-type="hr" measure-number="706" measure-id="id115hr706" originChamber="HOUSE" orig-publish-date="2017-01-27" update-date="2017-02-07">
<title>Plan Verification and Fairness Act of 2017</title>
<summary summary-id="id115hr706v00" currentChamber="HOUSE" update-date="2017-02-07">
<action-date>2017-01-27</action-date>
<action-desc>Introduced in House</action-desc>
<summary-text><![CDATA[<p><b>Plan Verification and Fairness Act of 2017</b></p> <p>This bill amends the Patient Protection and Affordable Care Act to require health insurance exchanges to verify an individual's eligibility for a special enrollment period before coverage is made effective.</p> <p>Individuals seeking coverage through an exchange during a special enrollment period must submit to the exchange the documents necessary to verify their eligibility for the special enrollment period.</p> The Office of the Inspector General of the Department of Health and Human Services must report on enrollment during special enrollment periods for plan year 2016. The report must include the number of individuals who: (1) sought to enroll during a special enrollment period but were prohibited, (2) were prohibited because they did not provide documentation supporting eligibility, and (3) were prohibited because they provided invalid documentation.]]></summary-text>
</summary>
</item>
<dublinCore xmlns:dc="http://purl.org/dc/elements/1.1/">
<dc:format>text/xml</dc:format>
<dc:language>EN</dc:language>
<dc:rights>Pursuant to Title 17 Section 105 of the United States Code, this file is not subject to copyright protection and is in the public domain.</dc:rights>
<dc:contributor>Congressional Research Service, Library of Congress</dc:contributor>
<dc:description>This file contains bill summaries for federal legislation. A bill summary describes the most significant provisions of a piece of legislation and details the effects the legislative text may have on current law and federal programs. Bill summaries are authored by the Congressional Research Service (CRS) of the Library of Congress. As stated in Public Law 91-510 (2 USC 166 (d)(6)), one of the duties of CRS is "to prepare summaries and digests of bills and resolutions of a public general nature introduced in the Senate or House of Representatives". For more information, refer to the User Guide that accompanies this file.</dc:description>
</dublinCore>
</BillSummaries>
