<?xml version="1.0" encoding="UTF-8"?><BillSummaries>
<item congress="115" measure-type="hr" measure-number="442" measure-id="id115hr442" originChamber="HOUSE" orig-publish-date="2017-01-11" update-date="2017-02-07">
<title>Cuba Trade Act of 2017</title>
<summary summary-id="id115hr442v00" currentChamber="HOUSE" update-date="2017-02-07">
<action-date>2017-01-11</action-date>
<action-desc>Introduced in House</action-desc>
<summary-text><![CDATA[<p><b>Cuba Trade Act of 2017</b></p> <p>This bill repeals or amends current laws restricting trade with Cuba. </p> <p>The prohibition on assistance to Cuba, and the President's authority for the embargo on Cuba, under the Foreign Assistance Act of 1961 are eliminated. </p> <p>The Cuban Democracy Act of 1992 is amended to eliminate: </p> <ul> <li>presidential authority to impose sanctions against Cuban trading partners, </li> <li>restrictions on transactions between U.S.-owned or controlled firms and Cuba, </li> <li>limitations on direct shipping between Cuban and U.S. ports, and </li> <li>restrictions on remittances. </li> </ul> <p> The Cuban Liberty and Democratic Solidarity (LIBERTAD) Act of 1996 is amended to eliminate: </p> <ul> <li>the enforcement of an economic embargo of Cuban provisions, and </li> <li>the prohibition on indirect financing of Cuba.</li> </ul> <p> The Trade Sanctions Reform and Export Enhancement Act of 2000 is amended to:</p> <ul> <li>remove Cuba from the list of state sponsors of terrorism subject to agricultural and medical export restrictions; </li> <li>eliminate the prohibition on U.S. assistance, including foreign assistance, export assistance, and any credit or guarantees being made available for exports to Cuba; </li> <li>eliminate the prohibition against a U.S. person's providing payment or financing terms for sales of agricultural commodities or products to Cuba; </li> <li>prohibit the United States from providing any foreign assistance to Cuba or any financial assistance, loans, loan guarantees, extension of credit, or other financing for exports to Cuba; and </li> <li>eliminate the prohibition on the U.S. entry of merchandise that is of Cuban origin, is or has been located in or transported from or through Cuba, or is made or derived in whole or in part of any article which is the growth, produce, or manufacture of Cuba.</li> </ul> <p>The federal government may not obligate or expend any funds to promote trade with or develop markets in Cuba, except through certain commodity promotion programs.</p><strong> </strong>]]></summary-text>
</summary>
</item>
<dublinCore xmlns:dc="http://purl.org/dc/elements/1.1/">
<dc:format>text/xml</dc:format>
<dc:language>EN</dc:language>
<dc:rights>Pursuant to Title 17 Section 105 of the United States Code, this file is not subject to copyright protection and is in the public domain.</dc:rights>
<dc:contributor>Congressional Research Service, Library of Congress</dc:contributor>
<dc:description>This file contains bill summaries for federal legislation. A bill summary describes the most significant provisions of a piece of legislation and details the effects the legislative text may have on current law and federal programs. Bill summaries are authored by the Congressional Research Service (CRS) of the Library of Congress. As stated in Public Law 91-510 (2 USC 166 (d)(6)), one of the duties of CRS is "to prepare summaries and digests of bills and resolutions of a public general nature introduced in the Senate or House of Representatives". For more information, refer to the User Guide that accompanies this file.</dc:description>
</dublinCore>
</BillSummaries>
