<?xml version="1.0" encoding="UTF-8"?><BillSummaries>
<item congress="115" measure-type="hr" measure-number="374" measure-id="id115hr374" originChamber="HOUSE" orig-publish-date="2017-01-09" update-date="2017-08-26">
<title>To remove the sunset provision of section 203 of Public Law 105-384, and for other purposes.</title>
<summary summary-id="id115hr374v49" currentChamber="BOTH" update-date="2017-08-26">
<action-date>2017-08-18</action-date>
<action-desc>Public Law</action-desc>
<summary-text><![CDATA[<p>(This measure has not been amended since it was introduced. The expanded summary of the House passed version is repeated here.) </p> <p>(Sec.1)This bill makes permanent the authority of Washington, Oregon, and California to adopt and enforce state laws governing fishing and processing in the exclusive economic zone adjacent to their state in any Dungeness crab fishery for which there is no fishery management plan in effect under the Magnuson-Stevens Fishery Conservation and Management Act.</p>]]></summary-text>
</summary>
<summary summary-id="id115hr374v82" currentChamber="SENATE" update-date="2017-08-24">
<action-date>2017-08-03</action-date>
<action-desc>Passed Senate without amendment</action-desc>
<summary-text><![CDATA[<p>(This measure has not been amended since it was introduced. The expanded summary of the House passed version is repeated here.) </p> <p>(Sec.1)This bill makes permanent the authority of Washington, Oregon, and California to adopt and enforce state laws governing fishing and processing in the exclusive economic zone adjacent to their state in any Dungeness crab fishery for which there is no fishery management plan in effect under the Magnuson-Stevens Fishery Conservation and Management Act.</p>]]></summary-text>
</summary>
<summary summary-id="id115hr374v81" currentChamber="HOUSE" update-date="2017-02-01">
<action-date>2017-01-30</action-date>
<action-desc>Passed House without amendment</action-desc>
<summary-text><![CDATA[<p>(This measure has not been amended since it was introduced. The summary has been expanded because action occurred on the measure.)</p> <p>(Sec.1)This bill makes permanent the authority of Washington, Oregon, and California to adopt and enforce state laws governing fishing and processing in the exclusive economic zone adjacent to their state in any Dungeness crab fishery for which there is no fishery management plan in effect under the Magnuson-Stevens Fishery Conservation and Management Act.</p>]]></summary-text>
</summary>
<summary summary-id="id115hr374v00" currentChamber="HOUSE" update-date="2017-01-27">
<action-date>2017-01-09</action-date>
<action-desc>Introduced in House</action-desc>
<summary-text><![CDATA[<p>This bill makes permanent the authority of Washington, Oregon, and California to adopt and enforce state laws governing fishing and processing in the exclusive economic zone adjacent to their state in any Dungeness crab fishery for which there is no fishery management plan in effect under the Magnuson-Stevens Fishery Conservation and Management Act.</p>]]></summary-text>
</summary>
</item>
<dublinCore xmlns:dc="http://purl.org/dc/elements/1.1/">
<dc:format>text/xml</dc:format>
<dc:language>EN</dc:language>
<dc:rights>Pursuant to Title 17 Section 105 of the United States Code, this file is not subject to copyright protection and is in the public domain.</dc:rights>
<dc:contributor>Congressional Research Service, Library of Congress</dc:contributor>
<dc:description>This file contains bill summaries for federal legislation. A bill summary describes the most significant provisions of a piece of legislation and details the effects the legislative text may have on current law and federal programs. Bill summaries are authored by the Congressional Research Service (CRS) of the Library of Congress. As stated in Public Law 91-510 (2 USC 166 (d)(6)), one of the duties of CRS is "to prepare summaries and digests of bills and resolutions of a public general nature introduced in the Senate or House of Representatives". For more information, refer to the User Guide that accompanies this file.</dc:description>
</dublinCore>
</BillSummaries>
