<?xml version="1.0" encoding="UTF-8"?><BillSummaries>
<item congress="115" measure-type="hr" measure-number="1445" measure-id="id115hr1445" originChamber="HOUSE" orig-publish-date="2017-03-09" update-date="2017-03-18">
<title>VREASA</title>
<summary summary-id="id115hr1445v00" currentChamber="HOUSE" update-date="2017-03-18">
<action-date>2017-03-09</action-date>
<action-desc>Introduced in House</action-desc>
<summary-text><![CDATA[<p><b>Veterans Reimbursement for Emergency Ambulance Services Act or the VREASA</b></p> <p>This bill directs the Department of Veterans Affairs to treat ambulance services as reimbursable emergency services if: </p> <ul> <li>the ambulance request was made because of the sudden onset of a medical condition of such nature that a prudent layperson would have reasonably expected that a delay in seeking immediate medical attention would have been hazardous to the individual or could reasonably expect the absence of immediate medical attention to result in placing the individual in serious jeopardy, and </li> <li>the individual is transported to the closest and most appropriate medical facility capable of treating such emergency medical condition. </li> </ul>]]></summary-text>
</summary>
</item>
<dublinCore xmlns:dc="http://purl.org/dc/elements/1.1/">
<dc:format>text/xml</dc:format>
<dc:language>EN</dc:language>
<dc:rights>Pursuant to Title 17 Section 105 of the United States Code, this file is not subject to copyright protection and is in the public domain.</dc:rights>
<dc:contributor>Congressional Research Service, Library of Congress</dc:contributor>
<dc:description>This file contains bill summaries for federal legislation. A bill summary describes the most significant provisions of a piece of legislation and details the effects the legislative text may have on current law and federal programs. Bill summaries are authored by the Congressional Research Service (CRS) of the Library of Congress. As stated in Public Law 91-510 (2 USC 166 (d)(6)), one of the duties of CRS is "to prepare summaries and digests of bills and resolutions of a public general nature introduced in the Senate or House of Representatives". For more information, refer to the User Guide that accompanies this file.</dc:description>
</dublinCore>
</BillSummaries>
