<?xml version="1.0" encoding="UTF-8"?><BillSummaries>
<item congress="115" measure-type="hr" measure-number="1087" measure-id="id115hr1087" originChamber="HOUSE" orig-publish-date="2017-02-15" update-date="2017-02-23">
<title>Federal Property Low Hanging Fruit Act</title>
<summary summary-id="id115hr1087v00" currentChamber="HOUSE" update-date="2017-02-23">
<action-date>2017-02-15</action-date>
<action-desc>Introduced in House</action-desc>
<summary-text><![CDATA[<p><strong>Federal Property Low Hanging Fruit Act</strong></p> <p> This bill authorizes the Department of Agriculture, the Department of Energy, and the General Services Administration (covered agencies) to develop and carry out a plan to enter into agreements with eligible entities (defined to include a limited liability company, limited partnership, corporation, business trust, or nonprofit entity) to: (1) lease underutilized or excess federal real properties; and (2) develop, rehabilitate, or renovate facilities on such leased properties for the benefit of such agencies. Each covered agency shall identify between 5 and 10 federal real properties to be offered for lease under such agreements.</p> <p>Each agreement shall: (1) have as its primary purpose the enhancement of the functional and economic efficiency of federal real property; and (2) provide a fair market value lease option to the United States to occupy space in the facilities acquired, constructed, or rehabilitated under the agreement but shall not guarantee occupancy by the United States. </p> <p>A covered agency may: (1) provide services to the eligible entity that is party to the agreement, and (2) retain and use any revenues derived from such agreements for federal property management activities.</p> <p>The plan of a covered agency shall: (1) identify the federal real properties that the agency proposes to make available under such agreements, and (2) include project performance measures.</p> <p>A covered agency must submit to Congress: (1) all agreements to be entered into under the agency's plan within 3 years after enactment of this bill; and (2) the final draft of each agreement at least 30 days before entering into it. </p> <p>The Government Accountability Office shall submit to Congress reports on the effectiveness of the public-private agreement pilot program under this bill.</p>]]></summary-text>
</summary>
</item>
<dublinCore xmlns:dc="http://purl.org/dc/elements/1.1/">
<dc:format>text/xml</dc:format>
<dc:language>EN</dc:language>
<dc:rights>Pursuant to Title 17 Section 105 of the United States Code, this file is not subject to copyright protection and is in the public domain.</dc:rights>
<dc:contributor>Congressional Research Service, Library of Congress</dc:contributor>
<dc:description>This file contains bill summaries for federal legislation. A bill summary describes the most significant provisions of a piece of legislation and details the effects the legislative text may have on current law and federal programs. Bill summaries are authored by the Congressional Research Service (CRS) of the Library of Congress. As stated in Public Law 91-510 (2 USC 166 (d)(6)), one of the duties of CRS is "to prepare summaries and digests of bills and resolutions of a public general nature introduced in the Senate or House of Representatives". For more information, refer to the User Guide that accompanies this file.</dc:description>
</dublinCore>
</BillSummaries>
