<?xml version="1.0" encoding="UTF-8"?><BillSummaries>
<item congress="115" measure-type="hr" measure-number="279" measure-id="id115hr279" originChamber="HOUSE" orig-publish-date="2017-01-04" update-date="2017-01-31">
<title>Military Family Stability Act of 2017</title>
<summary summary-id="id115hr279v00" currentChamber="HOUSE" update-date="2017-01-31">
<action-date>2017-01-04</action-date>
<action-desc>Introduced in House</action-desc>
<summary-text><![CDATA[<p><strong>Military Family Stability Act of 2017</strong></p> <p>This bill allows a member of the Armed Forces undergoing a permanent change of station and the member's spouse to elect jointly that the spouse may relocate to the new location at the time during the covered relocation period as the member and spouse jointly select.</p> <p>A member and spouse may make such an election if: </p> <ul> <li>the spouse is employed, or enrolled in a degree-, certificate-, or license-granting program, at the beginning of the covered relocation period; </li> <li>the member and spouse have one or more children in school; </li> <li>the spouse or children are covered under the Exceptional Family Member Program; </li> <li>the member and spouse are caring for an immediate family member with a chronic or long-term illness; or </li> <li>the member is undergoing a permanent change of station as an individual augmentee or other deployment arrangement.</li> </ul> <p>Families with other needs may receive exceptions granted by military commanders on a case-by-case basis.</p> <p>A member undergoing a permanent change of station who has one or more specified dependents and is no longer married to the individual who is or was the parent of such dependents at the beginning of the covered period of relocation may make an election that such dependents relocate to the new location: </p> <ul> <li>by the member alone, if the former spouse is dead or has no custodial rights, or </li> <li>by the member and the former spouse jointly in all other circumstances.</li> </ul> <p> A member may not make: </p> <ul> <li> more than three elections; or </li> <li>any election unless the member's period of obligated service, or the time remaining under the member's enlistment contract, at the time of election is at least 24 months.</li> </ul> <p>The bill prescribes related housing and housing allowance requirements. </p> <p>Transportation allowances authorized for personal property of a member and spouse may be allocated as the member and spouse select.</p> <p>The Department of Defense shall establish a single application approval process for coverage under this bill, which shall apply uniformly among the Armed Forces.</p>]]></summary-text>
</summary>
</item>
<dublinCore xmlns:dc="http://purl.org/dc/elements/1.1/">
<dc:format>text/xml</dc:format>
<dc:language>EN</dc:language>
<dc:rights>Pursuant to Title 17 Section 105 of the United States Code, this file is not subject to copyright protection and is in the public domain.</dc:rights>
<dc:contributor>Congressional Research Service, Library of Congress</dc:contributor>
<dc:description>This file contains bill summaries for federal legislation. A bill summary describes the most significant provisions of a piece of legislation and details the effects the legislative text may have on current law and federal programs. Bill summaries are authored by the Congressional Research Service (CRS) of the Library of Congress. As stated in Public Law 91-510 (2 USC 166 (d)(6)), one of the duties of CRS is "to prepare summaries and digests of bills and resolutions of a public general nature introduced in the Senate or House of Representatives". For more information, refer to the User Guide that accompanies this file.</dc:description>
</dublinCore>
</BillSummaries>
