<?xml version="1.0" encoding="UTF-8"?><BillSummaries>
<item congress="115" measure-type="hr" measure-number="640" measure-id="id115hr640" originChamber="HOUSE" orig-publish-date="2017-01-24" update-date="2017-02-03">
<title>Transparency and Accountability of Failed Exchanges Act</title>
<summary summary-id="id115hr640v00" currentChamber="HOUSE" update-date="2017-02-03">
<action-date>2017-01-24</action-date>
<action-desc>Introduced in House</action-desc>
<summary-text><![CDATA[<p><b>Transparency and Accountability of Failed Exchanges Act</b></p> <p>This bill amends the Patient Protection and Affordable Care Act (PPACA) to require the Department of Health and Human Services, for certain states awarded a grant to establish a health insurance exchange, to report on how awarded amounts were used and rescind unobligated amounts. This applies to any state that terminates operation of its exchange or transfers operation to another entity. Such a state must provide to the General Services Administration any property acquired through the grant and refer matters involving fraud, waste, and abuse of funds issued pursuant to PPACA to the Department of Justice. Funds rescinded must be retained for federal budget deficit reduction.</p>]]></summary-text>
</summary>
</item>
<dublinCore xmlns:dc="http://purl.org/dc/elements/1.1/">
<dc:format>text/xml</dc:format>
<dc:language>EN</dc:language>
<dc:rights>Pursuant to Title 17 Section 105 of the United States Code, this file is not subject to copyright protection and is in the public domain.</dc:rights>
<dc:contributor>Congressional Research Service, Library of Congress</dc:contributor>
<dc:description>This file contains bill summaries for federal legislation. A bill summary describes the most significant provisions of a piece of legislation and details the effects the legislative text may have on current law and federal programs. Bill summaries are authored by the Congressional Research Service (CRS) of the Library of Congress. As stated in Public Law 91-510 (2 USC 166 (d)(6)), one of the duties of CRS is "to prepare summaries and digests of bills and resolutions of a public general nature introduced in the Senate or House of Representatives". For more information, refer to the User Guide that accompanies this file.</dc:description>
</dublinCore>
</BillSummaries>
