<?xml version="1.0" encoding="UTF-8"?><BillSummaries>
<item congress="115" measure-type="hr" measure-number="262" measure-id="id115hr262" originChamber="HOUSE" orig-publish-date="2017-01-04" update-date="2017-01-27">
<title>Buffalo Bayou National Heritage Area Act</title>
<summary summary-id="id115hr262v00" currentChamber="HOUSE" update-date="2017-01-27">
<action-date>2017-01-04</action-date>
<action-desc>Introduced in House</action-desc>
<summary-text><![CDATA[<p><b>Buffalo Bayou National Heritage Area Act</b></p> <p> This bill establishes the Buffalo Bayou National Heritage Area in Texas. The Buffalo Bayou National Heritage Area Corporation is designated as the management entity for the heritage area. The corporation shall submit a management plan for the heritage area. The bill sets forth requirements for the approval or disapproval of the plan. </p> <p>The bill specifies its effect on private property protections and water rights with regard to the heritage area. Nothing in this bill is meant to modify the Rio Grande Natural Area Act. </p>]]></summary-text>
</summary>
</item>
<dublinCore xmlns:dc="http://purl.org/dc/elements/1.1/">
<dc:format>text/xml</dc:format>
<dc:language>EN</dc:language>
<dc:rights>Pursuant to Title 17 Section 105 of the United States Code, this file is not subject to copyright protection and is in the public domain.</dc:rights>
<dc:contributor>Congressional Research Service, Library of Congress</dc:contributor>
<dc:description>This file contains bill summaries for federal legislation. A bill summary describes the most significant provisions of a piece of legislation and details the effects the legislative text may have on current law and federal programs. Bill summaries are authored by the Congressional Research Service (CRS) of the Library of Congress. As stated in Public Law 91-510 (2 USC 166 (d)(6)), one of the duties of CRS is "to prepare summaries and digests of bills and resolutions of a public general nature introduced in the Senate or House of Representatives". For more information, refer to the User Guide that accompanies this file.</dc:description>
</dublinCore>
</BillSummaries>
