<?xml version="1.0" encoding="UTF-8"?><BillSummaries>
<item congress="115" measure-type="hr" measure-number="1659" measure-id="id115hr1659" originChamber="HOUSE" orig-publish-date="2017-03-21" update-date="2017-03-27">
<title>Stop Taxing Death and Disability Act</title>
<summary summary-id="id115hr1659v00" currentChamber="HOUSE" update-date="2017-03-27">
<action-date>2017-03-21</action-date>
<action-desc>Introduced in House</action-desc>
<summary-text><![CDATA[<p><b>Stop Taxing Death and Disability Act </b></p> <p>This bill amends the Internal Revenue Code to exclude from the gross income of an individual the discharge of student loans or private education loans due to the death or disability of the student.</p> <p>The bill also amends the Higher Education Act of 1965 to require the Department of Education (ED) to discharge the liability on loans that parents received on behalf of a student who: (1) has become permanently and totally disabled, or (2) is unable to engage in any substantial gainful activity due to a physical or mental impairment that can be expected to result in death or has lasted or is expected to last continuously for at least 60 months. (Under current law, ED is required to discharge the loans to parents if the student dies.) </p>]]></summary-text>
</summary>
</item>
<dublinCore xmlns:dc="http://purl.org/dc/elements/1.1/">
<dc:format>text/xml</dc:format>
<dc:language>EN</dc:language>
<dc:rights>Pursuant to Title 17 Section 105 of the United States Code, this file is not subject to copyright protection and is in the public domain.</dc:rights>
<dc:contributor>Congressional Research Service, Library of Congress</dc:contributor>
<dc:description>This file contains bill summaries for federal legislation. A bill summary describes the most significant provisions of a piece of legislation and details the effects the legislative text may have on current law and federal programs. Bill summaries are authored by the Congressional Research Service (CRS) of the Library of Congress. As stated in Public Law 91-510 (2 USC 166 (d)(6)), one of the duties of CRS is "to prepare summaries and digests of bills and resolutions of a public general nature introduced in the Senate or House of Representatives". For more information, refer to the User Guide that accompanies this file.</dc:description>
</dublinCore>
</BillSummaries>
