<?xml version="1.0" encoding="UTF-8"?><BillSummaries>
<item congress="115" measure-type="hr" measure-number="1804" measure-id="id115hr1804" originChamber="HOUSE" orig-publish-date="2017-03-30" update-date="2017-04-05">
<title>Race Horse Cost Recovery Act of 2017</title>
<summary summary-id="id115hr1804v00" currentChamber="HOUSE" update-date="2017-04-05">
<action-date>2017-03-30</action-date>
<action-desc>Introduced in House</action-desc>
<summary-text><![CDATA[<p><strong>Race Horse Cost Recovery Act of 201</strong><b>7</b></p> <p> This bill amends the Internal Revenue Code to modify the accelerated depreciation allowance for race horses to allow a three-year recovery period for any race horse. (Current law limits the three-year recovery period to race horses placed in service before January 1, 2017, and race horses placed in service after December 31, 2016, that are more than two years old when placed in service by the purchaser.) </p>]]></summary-text>
</summary>
</item>
<dublinCore xmlns:dc="http://purl.org/dc/elements/1.1/">
<dc:format>text/xml</dc:format>
<dc:language>EN</dc:language>
<dc:rights>Pursuant to Title 17 Section 105 of the United States Code, this file is not subject to copyright protection and is in the public domain.</dc:rights>
<dc:contributor>Congressional Research Service, Library of Congress</dc:contributor>
<dc:description>This file contains bill summaries for federal legislation. A bill summary describes the most significant provisions of a piece of legislation and details the effects the legislative text may have on current law and federal programs. Bill summaries are authored by the Congressional Research Service (CRS) of the Library of Congress. As stated in Public Law 91-510 (2 USC 166 (d)(6)), one of the duties of CRS is "to prepare summaries and digests of bills and resolutions of a public general nature introduced in the Senate or House of Representatives". For more information, refer to the User Guide that accompanies this file.</dc:description>
</dublinCore>
</BillSummaries>
