<?xml version="1.0" encoding="UTF-8"?><BillSummaries>
<item congress="115" measure-type="hr" measure-number="5761" measure-id="id115hr5761" originChamber="HOUSE" orig-publish-date="2018-05-10" update-date="2018-05-30">
<title>Ending Maternal Mortality Act of 2018</title>
<summary summary-id="id115hr5761v00" currentChamber="HOUSE" update-date="2018-05-30">
<action-date>2018-05-10</action-date>
<action-desc>Introduced in House</action-desc>
<summary-text><![CDATA[<p><b>Ending Maternal Mortality Act of 2018</b></p> <p>This bill amends the Public Health Service Act to require the Department of Health and Human Services to publish every two years a national plan to reduce the rate of preventable maternal mortality (maternal deaths that occur during or within 12 months of pregnancy). Each plan must address specific issues relating to maternal mortality and severe maternal morbidity (unexpected outcomes of labor and delivery that result in significant short- or long-term consequences to a woman's health), such as issues surrounding public awareness, at-risk populations and disparities, and quality of care.</p>]]></summary-text>
</summary>
</item>
<dublinCore xmlns:dc="http://purl.org/dc/elements/1.1/">
<dc:format>text/xml</dc:format>
<dc:language>EN</dc:language>
<dc:rights>Pursuant to Title 17 Section 105 of the United States Code, this file is not subject to copyright protection and is in the public domain.</dc:rights>
<dc:contributor>Congressional Research Service, Library of Congress</dc:contributor>
<dc:description>This file contains bill summaries for federal legislation. A bill summary describes the most significant provisions of a piece of legislation and details the effects the legislative text may have on current law and federal programs. Bill summaries are authored by the Congressional Research Service (CRS) of the Library of Congress. As stated in Public Law 91-510 (2 USC 166 (d)(6)), one of the duties of CRS is "to prepare summaries and digests of bills and resolutions of a public general nature introduced in the Senate or House of Representatives". For more information, refer to the User Guide that accompanies this file.</dc:description>
</dublinCore>
</BillSummaries>
