<?xml version="1.0" encoding="UTF-8"?><BillSummaries>
<item congress="115" measure-type="hr" measure-number="38" measure-id="id115hr38" originChamber="HOUSE" orig-publish-date="2017-01-03" update-date="2018-04-10">
<title>Concealed Carry Reciprocity Act of 2017</title>
<summary summary-id="id115hr38v36" currentChamber="HOUSE" update-date="2018-04-10">
<action-date>2017-12-06</action-date>
<action-desc>Passed House amended</action-desc>
<summary-text><![CDATA[<p><strong></strong><b>Concealed Carry Reciprocity Act of 2017</b></p> <p>TITLE I--CONCEALED CARRY RECIPROCITY ACT OF 2017</p> <p>(Sec. 101) This bill amends the federal criminal code to allow a qualified individual to carry a concealed handgun into or possess a concealed handgun in another state that allows individuals to carry concealed firearms.</p> <p>A qualified individual must: (1) be eligible to possess, transport, or receive a firearm under federal law; (2) carry a valid photo identification document; and (3) carry a valid concealed carry permit issued by any state or be eligible to carry a concealed firearm in his or her state of residence.</p> <p>Additionally, the bill specifies that a qualified individual who lawfully carries or possesses a concealed handgun in another state: (1) is not subject to the federal prohibition on possessing a firearm in a school zone, and (2) may carry or possess the concealed handgun in federally owned lands that are open to the public.</p> <p>(Sec. 102) This bill does not prohibit a law enforcement officer with reasonable suspicion of a violation of any law from conducting a brief investigative stop in accordance with the U.S. Constitution. </p> <p>(Sec. 103) It specifies that certain retired and off-duty law enforcement officers who are authorized to carry concealed firearms are not subject to the federal prohibitions on possessing or discharging a firearm in a school zone. </p> <p>(Sec. 104) It permits a federal judge to carry a concealed firearm in any state if the judge is not prohibited from receiving a firearm under federal law.</p> <p>TITLE II--FIX NICS ACT</p> <p><i>Fix NICS Act of 2017</i></p> <p>(Sec. 202) This bill amends the Brady Handgun Violence Prevention Act to require each federal agency and department, including a federal court, to:</p> <ul> <li>certify whether it has provided to the National Instant Criminal Background Check System (NICS) disqualifying records of persons prohibited from receiving or possessing a firearm, and</li> <li>establish and substantially comply with an implementation plan to maximize record submissions and verify their accuracy.</li> </ul> <p>(Sec. 203) The bill amends the NICS Improvement Amendments Act of 2007 to modify the NICS Act Record Improvement Program (NARIP). Specifically, it:</p> <ul> <li>establishes a domestic abuse and violence prevention initiative as a priority area for NARIP grant funding, and</li> <li>creates a funding preference for states that establish an implementation plan and use grant funds to upload felony conviction and domestic violence records.</li> </ul> <p>(Sec. 204) It amends the Crime Identification Technology Act of 1998 to modify the National Criminal History Improvement Program (NCHIP). Specifically, it:</p> <ul> <li>specifies that facilitating full participation in the NICS, as an allowable use of NCHIP grant funds, includes increasing efforts to pre-validate felony conviction and domestic violence records to expedite eligibility determinations; and</li> <li>permits the federal share of a grant to exceed 90% of program costs if a state complies with its implementation plan.</li> </ul> <p>(Sec. 205) This section amends the NICS Improvement Amendments Act of 2007 to:</p> <ul> <li>direct the Department of Justice (DOJ), in coordination with each state or tribal government, to establish an implementation plan, including benchmarks, to maximize the automation and submission of mental health and criminal history records to the NICS;</li> <li>require DOJ to conduct, and publish the results of, compliance determinations for state and tribal governments;</li> <li>give preference to certain discretionary grant applicants that substantially comply with an implementation plan; and</li> <li>require the NICS to notify law enforcement agencies when a firearm is transferred to a person who is subsequently determined to be prohibited from receiving or possessing a firearm.</li> </ul> <p>(Sec. 206) DOJ's Bureau of Justice Assistance must report to Congress on the use of bump stocks in the commission of crimes, including the number of instances and the types of firearms.</p> <p>(Sec. 207) The bill authorizes appropriations for FY2018-FY2022 to carry out activities under this title.</p>]]></summary-text>
</summary>
<summary summary-id="id115hr38v17" currentChamber="HOUSE" update-date="2018-02-28">
<action-date>2017-12-04</action-date>
<action-desc>Reported to House with amendment(s)</action-desc>
<summary-text><![CDATA[<p><strong></strong><b>Concealed Carry Reciprocity Act of 2017</b></p> <p> (Sec. 2) This bill amends the federal criminal code to allow a qualified individual to carry a concealed handgun into or possess a concealed handgun in another state that allows individuals to carry concealed firearms.</p> <p>A qualified individual must: (1) be eligible to possess, transport, or receive a firearm under federal law; (2) carry a valid photo identification document; and (3) carry a valid concealed carry permit issued by any state or be eligible to carry a concealed firearm in his or her state of residence.</p> <p>Additionally, the bill specifies that a qualified individual who lawfully carries or possesses a concealed handgun in another state: (1) is not subject to the federal prohibition on possessing a firearm in a school zone, and (2) may carry or possess the concealed handgun in federally owned lands that are open to the public. </p> <p>(Sec. 3) This bill does not prohibit a law enforcement officer with reasonable suspicion of a violation of any law from conducting a brief investigative stop in accordance with the U.S. Constitution. </p> <p>(Sec. 4) It specifies that certain retired and off-duty law enforcement officers who are authorized to carry concealed firearms are not subject to the federal prohibitions on possessing or discharging a firearm in a school zone. </p> <p>(Sec. 5) It permits a federal judge to carry a concealed firearm in any state if the judge is not prohibited from receiving a firearm under federal law.</p>]]></summary-text>
</summary>
<summary summary-id="id115hr38v00" currentChamber="HOUSE" update-date="2017-12-14">
<action-date>2017-01-03</action-date>
<action-desc>Introduced in House</action-desc>
<summary-text><![CDATA[<p><strong></strong><b>Concealed Carry Reciprocity Act of 2017</b></p> <p> This bill amends the federal criminal code to allow a qualified individual to carry a concealed handgun into or possess a concealed handgun in another state that allows individuals to carry concealed firearms.</p> <p>A qualified individual must: (1) be eligible to possess, transport, or receive a firearm under federal law; (2) carry a valid photo identification document; and (3) carry a valid concealed carry permit issued by any state or be eligible to carry a concealed firearm in his or her state of residence.</p> <p>Additionally, the bill specifies that a qualified individual who lawfully carries or possesses a concealed handgun in another state: (1) is not subject to the federal prohibition on possessing a firearm in a school zone, and (2) may carry or possess the concealed handgun in federally owned lands that are open to the public. </p>]]></summary-text>
</summary>
</item>
<dublinCore xmlns:dc="http://purl.org/dc/elements/1.1/">
<dc:format>text/xml</dc:format>
<dc:language>EN</dc:language>
<dc:rights>Pursuant to Title 17 Section 105 of the United States Code, this file is not subject to copyright protection and is in the public domain.</dc:rights>
<dc:contributor>Congressional Research Service, Library of Congress</dc:contributor>
<dc:description>This file contains bill summaries for federal legislation. A bill summary describes the most significant provisions of a piece of legislation and details the effects the legislative text may have on current law and federal programs. Bill summaries are authored by the Congressional Research Service (CRS) of the Library of Congress. As stated in Public Law 91-510 (2 USC 166 (d)(6)), one of the duties of CRS is "to prepare summaries and digests of bills and resolutions of a public general nature introduced in the Senate or House of Representatives". For more information, refer to the User Guide that accompanies this file.</dc:description>
</dublinCore>
</BillSummaries>
