<?xml version="1.0" encoding="UTF-8"?><BillSummaries>
<item congress="115" measure-type="hr" measure-number="535" measure-id="id115hr535" originChamber="HOUSE" orig-publish-date="2017-01-13" update-date="2018-04-05">
<title>Taiwan Travel Act</title>
<summary summary-id="id115hr535v49" currentChamber="BOTH" update-date="2018-04-05">
<action-date>2018-03-16</action-date>
<action-desc>Public Law</action-desc>
<summary-text><![CDATA[<p><strong>Taiwan Travel Act</strong></p> <p> (Sec. 3) This bill expresses the sense of Congress that the U.S. government should encourage visits between U.S. and Taiwanese officials at all levels.</p> <p> The bill states that it should be U.S. policy to: (1) allow U.S. officials at all levels to travel to Taiwan to meet their Taiwanese counterparts; (2) permit high-level Taiwanese officials to enter the United States under respectful conditions and to meet with U.S. officials, including officials from the Departments of State and Defense; and (3) encourage the Taipei Economic and Cultural Representative Office and any other instrumentality established by Taiwan to conduct business in the United States.</p>]]></summary-text>
</summary>
<summary summary-id="id115hr535v82" currentChamber="SENATE" update-date="2018-03-05">
<action-date>2018-02-28</action-date>
<action-desc>Passed Senate without amendment</action-desc>
<summary-text><![CDATA[<p>(This measure has not been amended since it was introduced. The expanded summary of the House passed version is repeated here.)</p> <p><strong>Taiwan Travel Act</strong></p> <p> (Sec. 2) This bill expresses the sense of Congress that the U.S. government should encourage visits between U.S. and Taiwanese officials at all levels.</p> <p> The bill states that it should be U.S. policy to: (1) allow U.S. officials at all levels to travel to Taiwan to meet their Taiwanese counterparts; (2) permit high-level Taiwanese officials to enter the United States under respectful conditions and to meet with U.S. officials, including officials from the Departments of State and Defense; and (3) encourage the Taipei Economic and Cultural Representative Office and any other instrumentality established by Taiwan to conduct business in the United States.</p>]]></summary-text>
</summary>
<summary summary-id="id115hr535v80" currentChamber="SENATE" update-date="2018-02-20">
<action-date>2018-02-12</action-date>
<action-desc>Reported to Senate without amendment</action-desc>
<summary-text><![CDATA[<p>(This measure has not been amended since it was introduced. The expanded summary of the House passed version is repeated here.)</p> <p><strong>Taiwan Travel Act</strong></p> <p> (Sec. 2) This bill expresses the sense of Congress that the U.S. government should encourage visits between U.S. and Taiwanese officials at all levels.</p> <p> The bill states that it should be U.S. policy to: (1) allow U.S. officials at all levels to travel to Taiwan to meet their Taiwanese counterparts; (2) permit high-level Taiwanese officials to enter the United States under respectful conditions and to meet with U.S. officials, including officials from the Departments of State and Defense; and (3) encourage the Taipei Economic and Cultural Representative Office and any other instrumentality established by Taiwan to conduct business in the United States.</p>]]></summary-text>
</summary>
<summary summary-id="id115hr535v81" currentChamber="HOUSE" update-date="2018-01-17">
<action-date>2018-01-09</action-date>
<action-desc>Passed House without amendment</action-desc>
<summary-text><![CDATA[<p>(This measure has not been amended since it was introduced. The summary has been expanded because action occurred on the measure.)</p> <p><strong>Taiwan Travel Act</strong></p> <p> (Sec. 2) This bill expresses the sense of Congress that the U.S. government should encourage visits between U.S. and Taiwanese officials at all levels.</p> <p> The bill states that it should be U.S. policy to: (1) allow U.S. officials at all levels to travel to Taiwan to meet their Taiwanese counterparts; (2) permit high-level Taiwanese officials to enter the United States under respectful conditions and to meet with U.S. officials, including officials from the Departments of State and Defense; and (3) encourage the Taipei Economic and Cultural Representative Office and any other instrumentality established by Taiwan to conduct business in the United States.</p>]]></summary-text>
</summary>
<summary summary-id="id115hr535v00" currentChamber="HOUSE" update-date="2017-10-31">
<action-date>2017-01-13</action-date>
<action-desc>Introduced in House</action-desc>
<summary-text><![CDATA[<p><strong>Taiwan Travel Act</strong></p> <p> This bill states that it should be U.S. policy to: (1) allow officials at all levels of the U.S. government to travel to Taiwan to meet their Taiwanese counterparts; (2) permit high-level Taiwanese officials to enter the United States under respectful conditions and to meet with U.S. officials, including officials from the Department of State and the Department of Defense; and (3) encourage the Taipei Economic and Cultural Representative Office, and any other instrumentality established by Taiwan, to conduct business in the United States.</p>]]></summary-text>
</summary>
</item>
<dublinCore xmlns:dc="http://purl.org/dc/elements/1.1/">
<dc:format>text/xml</dc:format>
<dc:language>EN</dc:language>
<dc:rights>Pursuant to Title 17 Section 105 of the United States Code, this file is not subject to copyright protection and is in the public domain.</dc:rights>
<dc:contributor>Congressional Research Service, Library of Congress</dc:contributor>
<dc:description>This file contains bill summaries for federal legislation. A bill summary describes the most significant provisions of a piece of legislation and details the effects the legislative text may have on current law and federal programs. Bill summaries are authored by the Congressional Research Service (CRS) of the Library of Congress. As stated in Public Law 91-510 (2 USC 166 (d)(6)), one of the duties of CRS is "to prepare summaries and digests of bills and resolutions of a public general nature introduced in the Senate or House of Representatives". For more information, refer to the User Guide that accompanies this file.</dc:description>
</dublinCore>
</BillSummaries>
