<?xml version="1.0" encoding="UTF-8"?><BillSummaries>
<item congress="115" measure-type="hr" measure-number="476" measure-id="id115hr476" originChamber="HOUSE" orig-publish-date="2017-01-12" update-date="2017-02-07">
<title>VET Act</title>
<summary summary-id="id115hr476v00" currentChamber="HOUSE" update-date="2017-02-07">
<action-date>2017-01-12</action-date>
<action-desc>Introduced in House</action-desc>
<summary-text><![CDATA[<p><strong>Veterans Emergency Treatment Act or the VET Act</strong></p> <p>This bill requires that a veteran enrolled in the Department of Veterans Affairs (VA) health care program who requests a medical examination or treatment at an emergency department of a VA medical facility be provided with a medical screening examination to determine whether an emergency medical condition exists and, if so, stabilizing medical treatment or a transfer to another VA or non-VA medical facility.</p> <p>If a non-stabilized emergency medical condition exists, the VA hospital may not transfer the veteran unless: (1) the veteran, after being made aware of the risks, makes a written transfer request; or (2) a physician (or a qualified medical person if a physician is not present) certifies that the medical benefits of a transfer outweigh the risks.</p> <p>The VA may not take adverse action against a VA employee because the employee refuses to authorize the transfer of an enrolled veteran with a non-stabilized emergency medical condition or because the employee reports a violation of a requirement of this bill. </p> <p>A VA or non-VA medical facility may not delay provision of an appropriate medical screening examination or further medical examination and treatment required in order to inquire about the payment method or insurance status of an enrolled veteran.</p>]]></summary-text>
</summary>
</item>
<dublinCore xmlns:dc="http://purl.org/dc/elements/1.1/">
<dc:format>text/xml</dc:format>
<dc:language>EN</dc:language>
<dc:rights>Pursuant to Title 17 Section 105 of the United States Code, this file is not subject to copyright protection and is in the public domain.</dc:rights>
<dc:contributor>Congressional Research Service, Library of Congress</dc:contributor>
<dc:description>This file contains bill summaries for federal legislation. A bill summary describes the most significant provisions of a piece of legislation and details the effects the legislative text may have on current law and federal programs. Bill summaries are authored by the Congressional Research Service (CRS) of the Library of Congress. As stated in Public Law 91-510 (2 USC 166 (d)(6)), one of the duties of CRS is "to prepare summaries and digests of bills and resolutions of a public general nature introduced in the Senate or House of Representatives". For more information, refer to the User Guide that accompanies this file.</dc:description>
</dublinCore>
</BillSummaries>
