<?xml version="1.0" encoding="UTF-8"?><BillSummaries>
<item congress="115" measure-type="hr" measure-number="281" measure-id="id115hr281" originChamber="HOUSE" orig-publish-date="2017-01-04" update-date="2017-01-31">
<title>Family Farm Relief Act of 2017</title>
<summary summary-id="id115hr281v00" currentChamber="HOUSE" update-date="2017-01-31">
<action-date>2017-01-04</action-date>
<action-desc>Introduced in House</action-desc>
<summary-text><![CDATA[<p> <strong>Family Farm Relief Act of 2017</strong></p> <p> This bill directs the Department of Agriculture (USDA) to establish a process for receiving H-2A nonimmigrant visas (temporary agricultural workers) which shall ensure that that petitioners may file such petitions over the Internet or in paper form. (Administration of the H-2A program is transferred from the Department of Labor to USDA.)</p> <p>The bill: (1) includes year-round livestock workers, including dairy workers, in the H-2A category with a maximum three-year period of admissions, which may be renewed three months after the end of each such period; and (2) revises H-2A certification provisions.</p>]]></summary-text>
</summary>
</item>
<dublinCore xmlns:dc="http://purl.org/dc/elements/1.1/">
<dc:format>text/xml</dc:format>
<dc:language>EN</dc:language>
<dc:rights>Pursuant to Title 17 Section 105 of the United States Code, this file is not subject to copyright protection and is in the public domain.</dc:rights>
<dc:contributor>Congressional Research Service, Library of Congress</dc:contributor>
<dc:description>This file contains bill summaries for federal legislation. A bill summary describes the most significant provisions of a piece of legislation and details the effects the legislative text may have on current law and federal programs. Bill summaries are authored by the Congressional Research Service (CRS) of the Library of Congress. As stated in Public Law 91-510 (2 USC 166 (d)(6)), one of the duties of CRS is "to prepare summaries and digests of bills and resolutions of a public general nature introduced in the Senate or House of Representatives". For more information, refer to the User Guide that accompanies this file.</dc:description>
</dublinCore>
</BillSummaries>
