<?xml version="1.0" encoding="UTF-8"?><BillSummaries>
<item congress="115" measure-type="hr" measure-number="1002" measure-id="id115hr1002" originChamber="HOUSE" orig-publish-date="2017-02-13" update-date="2017-03-17">
<title>National Heritage Area Act of 2017</title>
<summary summary-id="id115hr1002v00" currentChamber="HOUSE" update-date="2017-03-17">
<action-date>2017-02-13</action-date>
<action-desc>Introduced in House</action-desc>
<summary-text><![CDATA[<p><b>National Heritage Area Act of 2017</b></p> <p> This bill establishes a National Heritage Areas System to recognize certain areas of the United States that tell nationally significant stories and to conserve, enhance, and interpret the areas' natural, historic, scenic, and cultural resources that illustrate significant aspects of U.S. heritage. Through such system, the Department of the Interior may provide technical and financial assistance to local coordinating entities to support the establishment, development, and continuity of such areas. </p> <p>The system shall be comprised of: </p> <ul> <li>such areas designated by Congress under this bill;</li> <li>such areas designated after enactment of this bill, unless the law designating the area exempts it from inclusion in the system; and </li> <li>49 specified areas; and </li> <li>any other national heritage areas designated before this bill's enactment. </li> </ul> <p>National heritage areas shall not be considered to be units of the National Park System.</p> <p>Interior shall: (1) undertake studies as directed by Congress to assess the feasibility of designating proposed national heritage areas, (2) approve or disapprove the management plan prepared by the local coordinating entity for an area, and (3) evaluate the accomplishments of an area every 10 years after its designation and submit a recommendation on whether federal funding for such area should be continued, reduced, or eliminated.</p> <p>The bill: (1) specifies the criteria that Interior shall apply to determine the suitability and feasibility of designating proposed national heritage areas, and (2) states that the designation of an area shall be by federal statute and contingent on the prior completion of a management plan and an affirmative determination by Interior that the area meets such criteria. </p> <p>]]></summary-text>
</summary>
</item>
<dublinCore xmlns:dc="http://purl.org/dc/elements/1.1/">
<dc:format>text/xml</dc:format>
<dc:language>EN</dc:language>
<dc:rights>Pursuant to Title 17 Section 105 of the United States Code, this file is not subject to copyright protection and is in the public domain.</dc:rights>
<dc:contributor>Congressional Research Service, Library of Congress</dc:contributor>
<dc:description>This file contains bill summaries for federal legislation. A bill summary describes the most significant provisions of a piece of legislation and details the effects the legislative text may have on current law and federal programs. Bill summaries are authored by the Congressional Research Service (CRS) of the Library of Congress. As stated in Public Law 91-510 (2 USC 166 (d)(6)), one of the duties of CRS is "to prepare summaries and digests of bills and resolutions of a public general nature introduced in the Senate or House of Representatives". For more information, refer to the User Guide that accompanies this file.</dc:description>
</dublinCore>
</BillSummaries>
