<?xml version="1.0" encoding="UTF-8"?><BillSummaries>
<item congress="115" measure-type="hr" measure-number="716" measure-id="id115hr716" originChamber="HOUSE" orig-publish-date="2017-01-27" update-date="2017-02-09">
<title>Enhancing Educational Opportunities for all Students Act</title>
<summary summary-id="id115hr716v00" currentChamber="HOUSE" update-date="2017-02-09">
<action-date>2017-01-27</action-date>
<action-desc>Introduced in House</action-desc>
<summary-text><![CDATA[<p><strong>Enhancing Educational Opportunities for all Students Act</strong> </p> <p>This bill amends the Elementary and Secondary Education Act of 1965 to allow a state educational agency to allocate grant funds among local educational agencies based on the number of eligible children (children age 5 to 17 from a family with an income below the poverty level)&nbsp;enrolled in the public schools and the state-accredited private schools within each local agency's geographic jurisdiction.</p> <p>This bill also amends the Internal Revenue Code to: (1) allow payment of home school expenses from Coverdell education savings accounts; (2) remove the dollar limitation on contributions to Coverdell education savings accounts and require such accounts to provide adequate safeguards to prevent contributions from exceeding the amount necessary to provide for the qualified education expenses of the account beneficiary; and (3) allow tax-exempt qualified tuition programs (529 tuition programs) to pay qualified pre-kindergarten, elementary, and secondary education expenses.</p>]]></summary-text>
</summary>
</item>
<dublinCore xmlns:dc="http://purl.org/dc/elements/1.1/">
<dc:format>text/xml</dc:format>
<dc:language>EN</dc:language>
<dc:rights>Pursuant to Title 17 Section 105 of the United States Code, this file is not subject to copyright protection and is in the public domain.</dc:rights>
<dc:contributor>Congressional Research Service, Library of Congress</dc:contributor>
<dc:description>This file contains bill summaries for federal legislation. A bill summary describes the most significant provisions of a piece of legislation and details the effects the legislative text may have on current law and federal programs. Bill summaries are authored by the Congressional Research Service (CRS) of the Library of Congress. As stated in Public Law 91-510 (2 USC 166 (d)(6)), one of the duties of CRS is "to prepare summaries and digests of bills and resolutions of a public general nature introduced in the Senate or House of Representatives". For more information, refer to the User Guide that accompanies this file.</dc:description>
</dublinCore>
</BillSummaries>
