<?xml version="1.0" encoding="UTF-8"?><BillSummaries>
<item congress="115" measure-type="hr" measure-number="140" measure-id="id115hr140" originChamber="HOUSE" orig-publish-date="2017-01-03" update-date="2017-01-12">
<title>Birthright Citizenship Act of 2017</title>
<summary summary-id="id115hr140v00" currentChamber="HOUSE" update-date="2017-01-12">
<action-date>2017-01-03</action-date>
<action-desc>Introduced in House</action-desc>
<summary-text><![CDATA[<p><strong>Birthright Citizenship Act of 2017</strong></p> <p> This bill amends the Immigration and Nationality Act to consider a person born in the United States &quot;subject to the jurisdiction&quot; of the United States for citizenship at birth purposes if the person is born in the United States of parents, one of whom is: (1) a U.S. citizen or national, (2) a lawful permanent resident alien whose residence is in the United States, or (3) an alien performing active service in the U.S. Armed Forces.</p> <p> This Act shall not be construed to affect the citizenship or nationality status of any person born before the date of its enactment. </p>]]></summary-text>
</summary>
</item>
<dublinCore xmlns:dc="http://purl.org/dc/elements/1.1/">
<dc:format>text/xml</dc:format>
<dc:language>EN</dc:language>
<dc:rights>Pursuant to Title 17 Section 105 of the United States Code, this file is not subject to copyright protection and is in the public domain.</dc:rights>
<dc:contributor>Congressional Research Service, Library of Congress</dc:contributor>
<dc:description>This file contains bill summaries for federal legislation. A bill summary describes the most significant provisions of a piece of legislation and details the effects the legislative text may have on current law and federal programs. Bill summaries are authored by the Congressional Research Service (CRS) of the Library of Congress. As stated in Public Law 91-510 (2 USC 166 (d)(6)), one of the duties of CRS is "to prepare summaries and digests of bills and resolutions of a public general nature introduced in the Senate or House of Representatives". For more information, refer to the User Guide that accompanies this file.</dc:description>
</dublinCore>
</BillSummaries>
