<?xml version="1.0" encoding="UTF-8"?><BillSummaries>
<item congress="115" measure-type="hr" measure-number="393" measure-id="id115hr393" originChamber="HOUSE" orig-publish-date="2017-01-10" update-date="2017-03-15">
<title>To provide for an exception to a limitation against appointment of persons as Secretary of Defense within seven years of relief from active duty as a regular commissioned officer of the Armed Forces.</title>
<summary summary-id="id115hr393v79" currentChamber="HOUSE" update-date="2017-03-15">
<action-date>2017-02-16</action-date>
<action-desc>Reported to House without amendment</action-desc>
<summary-text><![CDATA[<p>(This measure has not been amended since it was introduced. The summary has been expanded because action occurred on the measure.)</p> <p>(Sec. 1) This bill allows the first person, and only such person, appointed as Secretary of Defense after the enactment of this bill to be a person who is, on the date of appointment, at least three years after relief from active duty as a commissioned officer of a regular component of the Armed Forces. (Under current law, an individual may not be appointed as Secretary of Defense within seven years after relief from such active duty.)</p>]]></summary-text>
</summary>
<summary summary-id="id115hr393v00" currentChamber="HOUSE" update-date="2017-01-13">
<action-date>2017-01-10</action-date>
<action-desc>Introduced in House</action-desc>
<summary-text><![CDATA[<p>This bill allows the first person, and only such person, appointed as Secretary of Defense after the enactment of this bill to be a person who is, on the date of appointment, at least three years after relief from active duty as a commissioned officer of a regular component of the Armed Forces. (Under current law, an individual may not be appointed as Secretary of Defense within seven years after relief from such active duty.)</p>]]></summary-text>
</summary>
</item>
<dublinCore xmlns:dc="http://purl.org/dc/elements/1.1/">
<dc:format>text/xml</dc:format>
<dc:language>EN</dc:language>
<dc:rights>Pursuant to Title 17 Section 105 of the United States Code, this file is not subject to copyright protection and is in the public domain.</dc:rights>
<dc:contributor>Congressional Research Service, Library of Congress</dc:contributor>
<dc:description>This file contains bill summaries for federal legislation. A bill summary describes the most significant provisions of a piece of legislation and details the effects the legislative text may have on current law and federal programs. Bill summaries are authored by the Congressional Research Service (CRS) of the Library of Congress. As stated in Public Law 91-510 (2 USC 166 (d)(6)), one of the duties of CRS is "to prepare summaries and digests of bills and resolutions of a public general nature introduced in the Senate or House of Representatives". For more information, refer to the User Guide that accompanies this file.</dc:description>
</dublinCore>
</BillSummaries>
