<?xml version="1.0" encoding="UTF-8"?><BillSummaries>
<item congress="115" measure-type="hr" measure-number="250" measure-id="id115hr250" originChamber="HOUSE" orig-publish-date="2017-01-04" update-date="2017-01-26">
<title>Judicial Administration and Improvement Act of 2016</title>
<summary summary-id="id115hr250v00" currentChamber="HOUSE" update-date="2017-01-26">
<action-date>2017-01-04</action-date>
<action-desc>Introduced in House</action-desc>
<summary-text><![CDATA[<p><b>Judicial Administration and Improvement Act of 2016 [<i>sic</i>]</b></p> <p>This bill divides the U.S. Court of Appeals for the Ninth Circuit into: (1) a new Ninth Circuit, to be composed of California, Hawaii, Oregon, Washington, Guam, and the Northern Mariana Islands; and (2) a newly established Twelfth Circuit, to be composed of Alaska, Arizona, Idaho, Montana, and Nevada.</p> <p>The bill designates locations where the new circuits are to hold regular sessions. </p> <p>The bill distributes active circuit judges of the former Ninth Circuit to the new circuits. Circuit judges and senior circuit judges currently stationed in Alaska, Arizona, Idaho, Montana, or Nevada may elect their circuit assignment. For each circuit judge in regular service who elects to be assigned to the new Ninth Circuit, the President shall appoint one additional circuit judge for the Twelfth Circuit.</p>]]></summary-text>
</summary>
</item>
<dublinCore xmlns:dc="http://purl.org/dc/elements/1.1/">
<dc:format>text/xml</dc:format>
<dc:language>EN</dc:language>
<dc:rights>Pursuant to Title 17 Section 105 of the United States Code, this file is not subject to copyright protection and is in the public domain.</dc:rights>
<dc:contributor>Congressional Research Service, Library of Congress</dc:contributor>
<dc:description>This file contains bill summaries for federal legislation. A bill summary describes the most significant provisions of a piece of legislation and details the effects the legislative text may have on current law and federal programs. Bill summaries are authored by the Congressional Research Service (CRS) of the Library of Congress. As stated in Public Law 91-510 (2 USC 166 (d)(6)), one of the duties of CRS is "to prepare summaries and digests of bills and resolutions of a public general nature introduced in the Senate or House of Representatives". For more information, refer to the User Guide that accompanies this file.</dc:description>
</dublinCore>
</BillSummaries>
