<?xml version="1.0" encoding="UTF-8"?><BillSummaries>
<item congress="115" measure-type="hr" measure-number="366" measure-id="id115hr366" originChamber="HOUSE" orig-publish-date="2017-01-06" update-date="2017-06-23">
<title>DHS SAVE Act</title>
<summary summary-id="id115hr366v49" currentChamber="BOTH" update-date="2017-06-23">
<action-date>2017-06-06</action-date>
<action-desc>Public Law</action-desc>
<summary-text><![CDATA[<p>(This measure has not been amended since it was reported to the Senate on April 24, 2017. The summary of that version is repeated here.)</p> <p><strong>DHS Stop Asset and Vehicle Excess Act or the DHS SAVE Act</strong></p> <p> (Sec. 2) This bill amends the Homeland Security Act of 2002 to make the Under Secretary for Management of the Department of Homeland Security (DHS) responsible for overseeing and managing vehicle fleets throughout DHS, including:</p> <ul> <li>ensuring that DHS components are in compliance with federal law, executive branch guidance, and DHS policy regarding fleet management and use of vehicles from home to work;</li> <li>developing and distributing a standardized vehicle allocation methodology and fleet management plan;</li> <li>ensuring that components formally document fleet management decisions; and </li> <li>approving component fleet management plans, vehicle leases, and vehicle acquisitions.</li> </ul> <p>The bill lists responsibilities of component heads regarding vehicle fleets, including developing and annually submitting to the Under Secretary a vehicle allocation tool and fleet management plan.</p> <p>The Under Secretary shall:</p> <ul> <li> collect, on a quarterly basis, information regarding component vehicle fleets;</li> <li> seek to achieve a capability to collect automated information regarding component vehicle fleets; </li> <li> track and monitor component information, and review each component's vehicle allocation tool and fleet management plan, to ensure that component vehicle fleets are the optimal size and are cost effective; </li> <li>provide guidance on how component heads may achieve optimal fleet size; and </li> <li>as part of the annual budget process, review and make determinations regarding annual component requests for vehicle fleet funding.</li> </ul> <p>Beginning with FY2019, the Under Secretary and component heads may not approve a vehicle lease, acquisition, or replacement request, no DHS official with vehicle fleet management responsibilities may receive annual performance compensation in pay, and no senior executive service official of DHS whose office has a vehicle fleet may receive access to a car service, if such officials did not comply with vehicle allocation tool and fleet management plan requirements in the prior fiscal year.</p> <p>The Under Secretary may determine the feasibility of operating a vehicle motor pool to permit components to share vehicles to reduce the number of excess DHS vehicles.</p> <p>(Sec. 3) The Inspector General of DHS shall: (1) conduct a review of implementation of vehicle allocation tool and fleet management plan requirements for FY2019, which shall include analysis of the effectiveness of such requirements with respect to cost avoidance, savings realized, and component operations; and (2) upon request, provide to specified congressional committees information regarding such review.</p>]]></summary-text>
</summary>
<summary summary-id="id115hr366v35" currentChamber="SENATE" update-date="2017-06-23">
<action-date>2017-05-02</action-date>
<action-desc>Passed Senate amended</action-desc>
<summary-text><![CDATA[<p>(This measure has not been amended since it was reported to the Senate on April 24, 2017. The summary of that version is repeated here.)</p> <p><strong>DHS Stop Asset and Vehicle Excess Act or the DHS SAVE Act</strong></p> <p> (Sec. 2) This bill amends the Homeland Security Act of 2002 to make the Under Secretary for Management of the Department of Homeland Security (DHS) responsible for overseeing and managing vehicle fleets throughout DHS, including:</p> <ul> <li>ensuring that DHS components are in compliance with federal law, executive branch guidance, and DHS policy regarding fleet management and use of vehicles from home to work;</li> <li>developing and distributing a standardized vehicle allocation methodology and fleet management plan;</li> <li>ensuring that components formally document fleet management decisions; and </li> <li>approving component fleet management plans, vehicle leases, and vehicle acquisitions.</li> </ul> <p>The bill lists responsibilities of component heads regarding vehicle fleets, including developing and annually submitting to the Under Secretary a vehicle allocation tool and fleet management plan.</p> <p>The Under Secretary shall:</p> <ul> <li> collect, on a quarterly basis, information regarding component vehicle fleets;</li> <li> seek to achieve a capability to collect automated information regarding component vehicle fleets; </li> <li> track and monitor component information, and review each component's vehicle allocation tool and fleet management plan, to ensure that component vehicle fleets are the optimal size and are cost effective; </li> <li>provide guidance on how component heads may achieve optimal fleet size; and </li> <li>as part of the annual budget process, review and make determinations regarding annual component requests for vehicle fleet funding.</li> </ul> <p>Beginning with FY2019, the Under Secretary and component heads may not approve a vehicle lease, acquisition, or replacement request, no DHS official with vehicle fleet management responsibilities may receive annual performance compensation in pay, and no senior executive service official of DHS whose office has a vehicle fleet may receive access to a car service, if such officials did not comply with vehicle allocation tool and fleet management plan requirements in the prior fiscal year.</p> <p>The Under Secretary may determine the feasibility of operating a vehicle motor pool to permit components to share vehicles to reduce the number of excess DHS vehicles.</p> <p>(Sec. 3) The Inspector General of DHS shall: (1) conduct a review of implementation of vehicle allocation tool and fleet management plan requirements for FY2019, which shall include analysis of the effectiveness of such requirements with respect to cost avoidance, savings realized, and component operations; and (2) upon request, provide to specified congressional committees information regarding such review.</p>]]></summary-text>
</summary>
<summary summary-id="id115hr366v01" currentChamber="SENATE" update-date="2017-06-23">
<action-date>2017-04-24</action-date>
<action-desc>Reported to Senate with amendment(s)</action-desc>
<summary-text><![CDATA[<p><strong>DHS Stop Asset and Vehicle Excess Act or the DHS SAVE Act</strong></p> <p> (Sec. 2) This bill amends the Homeland Security Act of 2002 to make the Under Secretary for Management of the Department of Homeland Security (DHS) responsible for overseeing and managing vehicle fleets throughout DHS, including:</p> <ul> <li>ensuring that DHS components are in compliance with federal law, executive branch guidance, and DHS policy regarding fleet management and use of vehicles from home to work;</li> <li>developing and distributing a standardized vehicle allocation methodology and fleet management plan;</li> <li>ensuring that components formally document fleet management decisions; and </li> <li>approving component fleet management plans, vehicle leases, and vehicle acquisitions.</li> </ul> <p>The bill lists responsibilities of component heads regarding vehicle fleets, including developing and annually submitting to the Under Secretary a vehicle allocation tool and fleet management plan.</p> <p>The Under Secretary shall:</p> <ul> <li> collect, on a quarterly basis, information regarding component vehicle fleets;</li> <li> seek to achieve a capability to collect automated information regarding component vehicle fleets; </li> <li> track and monitor component information, and review each component's vehicle allocation tool and fleet management plan, to ensure that component vehicle fleets are the optimal size and are cost effective; </li> <li>provide guidance on how component heads may achieve optimal fleet size; and </li> <li>as part of the annual budget process, review and make determinations regarding annual component requests for vehicle fleet funding.</li> </ul> <p>Beginning with FY2019, the Under Secretary and component heads may not approve a vehicle lease, acquisition, or replacement request, no DHS official with vehicle fleet management responsibilities may receive annual performance compensation in pay, and no senior executive service official of DHS whose office has a vehicle fleet may receive access to a car service, if such officials did not comply with vehicle allocation tool and fleet management plan requirements in the prior fiscal year.</p> <p>The Under Secretary may determine the feasibility of operating a vehicle motor pool to permit components to share vehicles to reduce the number of excess DHS vehicles.</p> <p>(Sec. 3) The Inspector General of DHS shall: (1) conduct a review of implementation of vehicle allocation tool and fleet management plan requirements for FY2019, which shall include analysis of the effectiveness of such requirements with respect to cost avoidance, savings realized, and component operations; and (2) upon request, provide to specified congressional committees information regarding such review.</p>]]></summary-text>
</summary>
<summary summary-id="id115hr366v81" currentChamber="HOUSE" update-date="2017-03-15">
<action-date>2017-01-31</action-date>
<action-desc>Passed House without amendment</action-desc>
<summary-text><![CDATA[<p>(This measure has not been amended since it was introduced. The summary has been expanded because action occurred on the measure.)</p> <p><strong>DHS Stop Asset and Vehicle Excess Act or the DHS SAVE Act</strong></p> <p> (Sec. 2) This bill amends the Homeland Security Act of 2002 to make the Under Secretary for Management of the Department of Homeland Security (DHS) responsible for overseeing and managing vehicle fleets throughout DHS, including:</p> <ul> <li>ensuring that DHS components are in compliance with federal law, executive branch guidance, and DHS policy regarding fleet management and use of vehicles from home to work;</li> <li>developing and distributing a standardized vehicle allocation methodology and fleet management plan;</li> <li>ensuring that components formally document fleet management decisions; and </li> <li>approving component fleet management plans, vehicle leases, and vehicle acquisitions.</li> </ul> <p>The bill lists responsibilities of component heads regarding vehicle fleets, including developing and annually submitting to the Under Secretary a vehicle allocation tool and fleet management plan.</p> <p>The Under Secretary shall:</p> <ul> <li> collect, on a quarterly basis, information regarding component vehicle fleets;</li> <li> seek to achieve a capability to collect automated information regarding component vehicle fleets; </li> <li> track and monitor component information, and review each component's vehicle allocation tool and fleet management plan, to ensure that component vehicle fleets are the optimal size and are cost effective; </li> <li>provide guidance on how component heads may achieve optimal fleet size; and </li> <li>as part of the annual budget process, review and make determinations regarding annual component requests for vehicle fleet funding.</li> </ul> <p>Beginning with FY2019, the Under Secretary and component heads may not approve a vehicle lease, acquisition, or replacement request, no DHS official with vehicle fleet management responsibilities may receive annual performance compensation in pay, and no senior executive service official of DHS whose office has a vehicle fleet may receive access to a car service, if such officials did not comply with vehicle allocation tool and fleet management plan requirements in the prior fiscal year.</p> <p>The Under Secretary may determine the feasibility of operating a vehicle motor pool to permit components to share vehicles to reduce the number of excess DHS vehicles.</p> <p>(Sec. 3) The Governmental Accountability Office must report on:</p> <ul> <li>efforts to achieve a capability to collect automated information regarding component vehicle fleets, and </li> <li>the extent to which the Under Secretary addresses security concerns and reports on vehicle fleet event data recorder data.</li> </ul> <p>The Inspector General of DHS shall review implementation of vehicle allocation tool and fleet management plan requirements for FY2018 and FY2020 and report on the effectiveness of such requirements with respect to cost avoidance, savings realized, and component operations.</p>]]></summary-text>
</summary>
<summary summary-id="id115hr366v00" currentChamber="HOUSE" update-date="2017-02-04">
<action-date>2017-01-06</action-date>
<action-desc>Introduced in House</action-desc>
<summary-text><![CDATA[<p><strong>DHS Stop Asset and Vehicle Excess Act or the DHS SAVE Act</strong></p> <p> This bill amends the Homeland Security Act of 2002 to make the Under Secretary for Management of the Department of Homeland Security (DHS) responsible for overseeing and managing vehicle fleets throughout DHS, including:</p> <ul> <li>ensuring that DHS components are in compliance with federal law, executive branch guidance, and DHS policy regarding fleet management and use of vehicles from home to work;</li> <li>developing and distributing a standardized vehicle allocation methodology and fleet management plan;</li> <li>ensuring that components formally document fleet management decisions; and </li> <li>approving component fleet management plans, vehicle leases, and vehicle acquisitions.</li> </ul> <p>The bill lists responsibilities of component heads regarding vehicle fleets, including developing and annually submitting to the Under Secretary a vehicle allocation tool and fleet management plan.</p> <p>The Under Secretary shall:</p> <ul> <li> collect, on a quarterly basis, information regarding component vehicle fleets;</li> <li> seek to achieve a capability to collect automated information regarding component vehicle fleets; </li> <li> track and monitor component information, and review each component's vehicle allocation tool and fleet management plan, to ensure that component vehicle fleets are the optimal size and are cost effective; </li> <li>provide guidance on how component heads may achieve optimal fleet size; and </li> <li>as part of the annual budget process, review and make determinations regarding annual component requests for vehicle fleet funding.</li> </ul> <p>Beginning with FY2019, the Under Secretary and component heads may not approve a vehicle lease, acquisition, or replacement request, no DHS official with vehicle fleet management responsibilities may receive annual performance compensation in pay, and no senior executive service official of DHS whose office has a vehicle fleet may receive access to a car service, if such officials did not comply with vehicle allocation tool and fleet management plan requirements in the prior fiscal year.</p> <p>The Under Secretary may determine the feasibility of operating a vehicle motor pool to permit components to share vehicles to reduce the number of excess DHS vehicles.</p> <p>The Governmental Accountability Office must report on:</p> <ul> <li>efforts to achieve a capability to collect automated information regarding component vehicle fleets, and </li> <li>the extent to which the Under Secretary addresses security concerns and reports on vehicle fleet event data recorder data.</li> </ul> <p>The Inspector General of DHS shall review implementation of vehicle allocation tool and fleet management plan requirements for FY2018 and FY2020 and report on the effectiveness of such requirements with respect to cost avoidance, savings realized, and component operations.</p>]]></summary-text>
</summary>
</item>
<dublinCore xmlns:dc="http://purl.org/dc/elements/1.1/">
<dc:format>text/xml</dc:format>
<dc:language>EN</dc:language>
<dc:rights>Pursuant to Title 17 Section 105 of the United States Code, this file is not subject to copyright protection and is in the public domain.</dc:rights>
<dc:contributor>Congressional Research Service, Library of Congress</dc:contributor>
<dc:description>This file contains bill summaries for federal legislation. A bill summary describes the most significant provisions of a piece of legislation and details the effects the legislative text may have on current law and federal programs. Bill summaries are authored by the Congressional Research Service (CRS) of the Library of Congress. As stated in Public Law 91-510 (2 USC 166 (d)(6)), one of the duties of CRS is "to prepare summaries and digests of bills and resolutions of a public general nature introduced in the Senate or House of Representatives". For more information, refer to the User Guide that accompanies this file.</dc:description>
</dublinCore>
</BillSummaries>
