<?xml version="1.0" encoding="UTF-8"?><BillSummaries>
<item congress="115" measure-type="hr" measure-number="1033" measure-id="id115hr1033" originChamber="HOUSE" orig-publish-date="2017-02-14" update-date="2017-03-27">
<title>Open Book on Equal Access to Justice Act</title>
<summary summary-id="id115hr1033v81" currentChamber="HOUSE" update-date="2017-03-27">
<action-date>2017-02-27</action-date>
<action-desc>Passed House without amendment</action-desc>
<summary-text><![CDATA[<p>(This measure has not been amended since it was introduced. The summary has been expanded because action occurred on the measure.)</p> <p><b>Open Book on Equal Access to Justice Act</b></p> <p>(Sec. 2) This bill amends the Equal Access to Justice Act and the federal judicial code to require the Administrative Conference of the United States to create and maintain online searchable databases with information about the attorney's fees and other expenses awarded to prevailing parties other than the United States in certain: (1) agency-conducted adversary adjudication proceedings, and (2) civil action court cases (excluding tort cases) or settlement agreements to which the United States is a party. </p> <p>With respect to each award, the information must include: (1) the name of the agency involved, (2) the name of each party to whom the award was made, (3) a description of the claims, (4) the amount of the award, and (5) the basis for finding that the position of the agency concerned was not substantially justified. Under current law, the awards are made unless the position of the agency was substantially justified or special circumstances make an award unjust. </p>]]></summary-text>
</summary>
<summary summary-id="id115hr1033v00" currentChamber="HOUSE" update-date="2017-03-27">
<action-date>2017-02-14</action-date>
<action-desc>Introduced in House</action-desc>
<summary-text><![CDATA[<p><b>Open Book on Equal Access to Justice Act</b></p> <p>This bill amends the Equal Access to Justice Act and the federal judicial code to require the Administrative Conference of the United States to create and maintain online searchable databases with information about the attorney's fees and other expenses awarded to prevailing parties other than the United States in certain: (1) agency-conducted adversary adjudication proceedings, and (2) civil action court cases (excluding tort cases) or settlement agreements to which the United States is a party. </p> <p>With respect to each award, the information must include: (1) the name of the agency involved, (2) the name of each party to whom the award was made, (3) a description of the claims, (4) the amount of the award, and (5) the basis for finding that the position of the agency concerned was not substantially justified. Under current law, the awards are made unless the position of the agency was substantially justified or special circumstances make an award unjust. </p>]]></summary-text>
</summary>
</item>
<dublinCore xmlns:dc="http://purl.org/dc/elements/1.1/">
<dc:format>text/xml</dc:format>
<dc:language>EN</dc:language>
<dc:rights>Pursuant to Title 17 Section 105 of the United States Code, this file is not subject to copyright protection and is in the public domain.</dc:rights>
<dc:contributor>Congressional Research Service, Library of Congress</dc:contributor>
<dc:description>This file contains bill summaries for federal legislation. A bill summary describes the most significant provisions of a piece of legislation and details the effects the legislative text may have on current law and federal programs. Bill summaries are authored by the Congressional Research Service (CRS) of the Library of Congress. As stated in Public Law 91-510 (2 USC 166 (d)(6)), one of the duties of CRS is "to prepare summaries and digests of bills and resolutions of a public general nature introduced in the Senate or House of Representatives". For more information, refer to the User Guide that accompanies this file.</dc:description>
</dublinCore>
</BillSummaries>
