<?xml version="1.0" encoding="UTF-8"?><BillSummaries>
<item congress="115" measure-type="hr" measure-number="1449" measure-id="id115hr1449" originChamber="HOUSE" orig-publish-date="2017-03-09" update-date="2017-03-18">
<title>Pakistan State Sponsor of Terrorism Designation Act of 2017</title>
<summary summary-id="id115hr1449v00" currentChamber="HOUSE" update-date="2017-03-18">
<action-date>2017-03-09</action-date>
<action-desc>Introduced in House</action-desc>
<summary-text><![CDATA[<p><strong>Pakistan State Sponsor of Terrorism Designation Act of 2017</strong></p> <p>This bill directs the Department of State to submit a determination regarding whether the government of Pakistan, including any of its agents or instrumentalities, committed, conspired to commit, attempted, aided, or abetted: (1) any of specified acts constituting an act of or support for international terrorism, or (2) any other act that constitutes an act of or support for international terrorism. </p> <p>Within 30 days after making such a determination in the affirmative, the State Department shall report to Congress: (1) a determination on whether Pakistan is a state sponsor of terrorism, or (2) a detailed justification as to why Pakistan's conduct does not meet the legal criteria for such designation.</p>]]></summary-text>
</summary>
</item>
<dublinCore xmlns:dc="http://purl.org/dc/elements/1.1/">
<dc:format>text/xml</dc:format>
<dc:language>EN</dc:language>
<dc:rights>Pursuant to Title 17 Section 105 of the United States Code, this file is not subject to copyright protection and is in the public domain.</dc:rights>
<dc:contributor>Congressional Research Service, Library of Congress</dc:contributor>
<dc:description>This file contains bill summaries for federal legislation. A bill summary describes the most significant provisions of a piece of legislation and details the effects the legislative text may have on current law and federal programs. Bill summaries are authored by the Congressional Research Service (CRS) of the Library of Congress. As stated in Public Law 91-510 (2 USC 166 (d)(6)), one of the duties of CRS is "to prepare summaries and digests of bills and resolutions of a public general nature introduced in the Senate or House of Representatives". For more information, refer to the User Guide that accompanies this file.</dc:description>
</dublinCore>
</BillSummaries>
