<?xml version="1.0" encoding="UTF-8"?><BillSummaries>
<item congress="115" measure-type="hr" measure-number="748" measure-id="id115hr748" originChamber="HOUSE" orig-publish-date="2017-01-30" update-date="2017-03-07">
<title>Safeguarding Sanctuary Cities Act of 2017</title>
<summary summary-id="id115hr748v00" currentChamber="HOUSE" update-date="2017-03-07">
<action-date>2017-01-30</action-date>
<action-desc>Introduced in House</action-desc>
<summary-text><![CDATA[<p><strong>Safeguarding Sanctuary Cities Act of 2017</strong></p> <p>This bill prohibits reducing or withholding federal financial assistance that a state or local government would otherwise receive because such state or local government has in place any policy that limits or restricts compliance with a detainer.</p> <p>A &quot;detainer&quot; is defined as any order or request by the Department of Homeland Security (DHS) for a state or local official to:</p> <ul> <li> temporarily hold a person until such person may be taken into federal custody, </li> <li> transport such a person for transfer to federal custody, or</li> <li> notify DHS prior to releasing such person.</li> </ul>]]></summary-text>
</summary>
</item>
<dublinCore xmlns:dc="http://purl.org/dc/elements/1.1/">
<dc:format>text/xml</dc:format>
<dc:language>EN</dc:language>
<dc:rights>Pursuant to Title 17 Section 105 of the United States Code, this file is not subject to copyright protection and is in the public domain.</dc:rights>
<dc:contributor>Congressional Research Service, Library of Congress</dc:contributor>
<dc:description>This file contains bill summaries for federal legislation. A bill summary describes the most significant provisions of a piece of legislation and details the effects the legislative text may have on current law and federal programs. Bill summaries are authored by the Congressional Research Service (CRS) of the Library of Congress. As stated in Public Law 91-510 (2 USC 166 (d)(6)), one of the duties of CRS is "to prepare summaries and digests of bills and resolutions of a public general nature introduced in the Senate or House of Representatives". For more information, refer to the User Guide that accompanies this file.</dc:description>
</dublinCore>
</BillSummaries>
