<?xml version="1.0" encoding="UTF-8"?><BillSummaries>
<item congress="115" measure-type="hr" measure-number="1343" measure-id="id115hr1343" originChamber="HOUSE" orig-publish-date="2017-03-02" update-date="2017-06-29">
<title>Encouraging Employee Ownership Act of 2017</title>
<summary summary-id="id115hr1343v36" currentChamber="HOUSE" update-date="2017-06-29">
<action-date>2017-04-04</action-date>
<action-desc>Passed House amended</action-desc>
<summary-text><![CDATA[<p><b>Encouraging Employee Ownership Act</b> <strong>of 2017</strong></p> <p>(Sec. 2) This bill&nbsp;&nbsp;requires the Securities and Exchange Commission to increase, from $5 million to $10 million, the 12-month sales threshold beyond which an issuer is required to provide investors with additional disclosures related to compensatory benefit plans.</p>]]></summary-text>
</summary>
<summary summary-id="id115hr1343v79" currentChamber="HOUSE" update-date="2017-04-10">
<action-date>2017-03-29</action-date>
<action-desc>Reported to House without amendment</action-desc>
<summary-text><![CDATA[<p>(This measure has not been amended since it was introduced. The summary has been expanded because action occurred on the measure.)</p> <p><b>Encouraging Employee Ownership Act</b> <strong>of 2017</strong></p> <p>(Sec. 2) This bill&nbsp;&nbsp;requires the Securities and Exchange Commission to increase, from $5 million to $10 million, the 12-month sales threshold beyond which an issuer is required to provide investors with additional disclosures related to compensatory benefit plans.</p>]]></summary-text>
</summary>
<summary summary-id="id115hr1343v00" currentChamber="HOUSE" update-date="2017-04-06">
<action-date>2017-03-02</action-date>
<action-desc>Introduced in House</action-desc>
<summary-text><![CDATA[<p><b>Encouraging Employee Ownership Act</b> <strong>of 2017</strong></p> <p>This bill&nbsp;&nbsp;requires the Securities and Exchange Commission to increase, from $5 million to $10 million, the 12-month sales threshold beyond which an issuer is required to provide investors with additional disclosures related to compensatory benefit plans.</p>]]></summary-text>
</summary>
</item>
<dublinCore xmlns:dc="http://purl.org/dc/elements/1.1/">
<dc:format>text/xml</dc:format>
<dc:language>EN</dc:language>
<dc:rights>Pursuant to Title 17 Section 105 of the United States Code, this file is not subject to copyright protection and is in the public domain.</dc:rights>
<dc:contributor>Congressional Research Service, Library of Congress</dc:contributor>
<dc:description>This file contains bill summaries for federal legislation. A bill summary describes the most significant provisions of a piece of legislation and details the effects the legislative text may have on current law and federal programs. Bill summaries are authored by the Congressional Research Service (CRS) of the Library of Congress. As stated in Public Law 91-510 (2 USC 166 (d)(6)), one of the duties of CRS is "to prepare summaries and digests of bills and resolutions of a public general nature introduced in the Senate or House of Representatives". For more information, refer to the User Guide that accompanies this file.</dc:description>
</dublinCore>
</BillSummaries>
