<?xml version="1.0" encoding="UTF-8"?><BillSummaries>
<item congress="115" measure-type="hr" measure-number="1925" measure-id="id115hr1925" originChamber="HOUSE" orig-publish-date="2017-04-05" update-date="2018-10-17">
<title>At-Risk Youth Medicaid Protection Act of 2018</title>
<summary summary-id="id115hr1925v17" currentChamber="HOUSE" update-date="2018-10-17">
<action-date>2018-06-12</action-date>
<action-desc>Reported to House with amendment(s)</action-desc>
<summary-text><![CDATA[<p><strong>At-Risk Youth Medicaid Protection Act of </strong><b>2018</b></p> <p>This bill prohibits a state&nbsp;Medicaid program&nbsp;from terminating a juvenile's medical assistance eligibility because the juvenile is incarcerated.&nbsp;A state may suspend coverage while the juvenile is an inmate, but must reevaluate the juvenile's eligibility prior to the juvenile's release (without requiring a new application) and, if appropriate, restore coverage upon release. </p> <p>A state must also process an application submitted by, or on behalf of, an incarcerated juvenile in a manner that ensures the juvenile's eligibility is determined upon release.</p> <p>A "juvenile" is an individual who: (1) is under 21 years of age; or (2) has aged out of the state's&nbsp;foster care system, was enrolled in&nbsp;the state plan while in foster care, and is under 26 years of age.</p>]]></summary-text>
</summary>
<summary summary-id="id115hr1925v00" currentChamber="HOUSE" update-date="2017-04-18">
<action-date>2017-04-05</action-date>
<action-desc>Introduced in House</action-desc>
<summary-text><![CDATA[<p><strong>At-Risk Youth Medicaid Protection Act of 2017</strong></p> <p>This bill amends title XIX (Medicaid) of the Social Security Act to specify that a state&nbsp;Medicaid program&nbsp;may not terminate a juvenile's medical assistance eligibility because the juvenile is incarcerated.&nbsp;A state may suspend coverage while the juvenile is an inmate, but must restore coverage upon release without requiring a new application unless the individual no longer meets the eligibility requirements for medical assistance.</p> <p>A state&nbsp;must process an application submitted by, or on behalf of, an incarcerated juvenile, notwithstanding that the juvenile is an inmate.</p> <p>A "juvenile" is an individual who: (1) is under 21 years of age; or (2) has aged out of the state's&nbsp;foster care system, was enrolled in&nbsp;the state plan while in foster care, and is under 26 years of age.</p>]]></summary-text>
</summary>
</item>
<dublinCore xmlns:dc="http://purl.org/dc/elements/1.1/">
<dc:format>text/xml</dc:format>
<dc:language>EN</dc:language>
<dc:rights>Pursuant to Title 17 Section 105 of the United States Code, this file is not subject to copyright protection and is in the public domain.</dc:rights>
<dc:contributor>Congressional Research Service, Library of Congress</dc:contributor>
<dc:description>This file contains bill summaries for federal legislation. A bill summary describes the most significant provisions of a piece of legislation and details the effects the legislative text may have on current law and federal programs. Bill summaries are authored by the Congressional Research Service (CRS) of the Library of Congress. As stated in Public Law 91-510 (2 USC 166 (d)(6)), one of the duties of CRS is "to prepare summaries and digests of bills and resolutions of a public general nature introduced in the Senate or House of Representatives". For more information, refer to the User Guide that accompanies this file.</dc:description>
</dublinCore>
</BillSummaries>
