<?xml version="1.0" encoding="UTF-8"?><BillSummaries>
<item congress="115" measure-type="hr" measure-number="313" measure-id="id115hr313" originChamber="HOUSE" orig-publish-date="2017-01-05" update-date="2017-04-19">
<title>Savings for Seniors Act of 2017</title>
<summary summary-id="id115hr313v00" currentChamber="HOUSE" update-date="2017-04-19">
<action-date>2017-01-05</action-date>
<action-desc>Introduced in House</action-desc>
<summary-text><![CDATA[<p><b>Savings for Seniors Act of 2017</b></p> <p> This bill amends title II (Old Age, Survivors and Disability Insurance) (OASDI) of the Social Security Act to establish in the Federal Old-Age and Survivors Insurance Trust Fund a Social Security Surplus Protection Account.</p> <p>The Managing Trustee of the Social Security trust funds (the Secretary of the Treasury) must: (1) transfer annual Social Security surpluses to the account; and (2) may not invest the balance in the account until a law takes effect after FY2017 that authorizes, for amounts in the trust fund, an investment vehicle other than U.S. obligations resulting in the transfer of trust fund assets to the general fund of the Treasury.</p>  <p> The bill establishes in the executive branch a commission to study the most effective vehicles for investment of the Federal Old-Age and Survivors Insurance Trust Fund other than investments in the form of U.S. obligations.]]></summary-text>
</summary>
</item>
<dublinCore xmlns:dc="http://purl.org/dc/elements/1.1/">
<dc:format>text/xml</dc:format>
<dc:language>EN</dc:language>
<dc:rights>Pursuant to Title 17 Section 105 of the United States Code, this file is not subject to copyright protection and is in the public domain.</dc:rights>
<dc:contributor>Congressional Research Service, Library of Congress</dc:contributor>
<dc:description>This file contains bill summaries for federal legislation. A bill summary describes the most significant provisions of a piece of legislation and details the effects the legislative text may have on current law and federal programs. Bill summaries are authored by the Congressional Research Service (CRS) of the Library of Congress. As stated in Public Law 91-510 (2 USC 166 (d)(6)), one of the duties of CRS is "to prepare summaries and digests of bills and resolutions of a public general nature introduced in the Senate or House of Representatives". For more information, refer to the User Guide that accompanies this file.</dc:description>
</dublinCore>
</BillSummaries>
