<?xml version="1.0" encoding="UTF-8"?><BillSummaries>
<item congress="115" measure-type="hr" measure-number="753" measure-id="id115hr753" originChamber="HOUSE" orig-publish-date="2017-01-31" update-date="2017-02-13">
<title>Military Infrastructure Consolidation and Efficiency Act of 2017</title>
<summary summary-id="id115hr753v00" currentChamber="HOUSE" update-date="2017-02-13">
<action-date>2017-01-31</action-date>
<action-desc>Introduced in House</action-desc>
<summary-text><![CDATA[<p><strong>Military Infrastructure Consolidation and Efficiency Act of 2017</strong></p> <p>This bill requires the Department of Defense (DOD) to: (1) develop a force structure plan (plan) for the Armed Forces based on a DOD assessment of threats to U.S. national security for FY2018-FY2038; (2) conduct a comprehensive inventory of military installations world-wide for each military department; and (3) submit a certification of whether the need exists for DOD to consolidate, close, or realign military installations (installation actions).</p> <p>DOD may begin a round for the selection of installation actions only after Congress has had 90 days to consider such certification. The President may not begin such actions if Congress enacts a joint resolution of disapproval of the plan, inventory, or certification during such period.</p> <p>DOD must certify that a round of installation actions will result in annual net savings within five years.</p> <p>In developing its installation action recommendations, DOD shall consider an affected local government's approval of such an action. </p> <p>The bill prescribes final selection criteria for such recommendations, which shall include military value criteria.</p> <p>The bill establishes an independent Military Infrastructure Consolidation and Efficiency Commission of 2019 if: (1) DOD certifies that the need exists for a round for the selection of installation actions, and (2) Congress does not enact such a joint resolution of disapproval within the prescribed 90 days. The bill provides for: (1) commission review of, and authority to make changes to, DOD recommendations; and (2) presidential review of commission recommendations for the consolidation, closure, and realignment of military installations inside the United States.</p> <p>DOD may provide economic adjustment assistance to an affected community.</p> <p>DOD shall establish a new Field Activity to act as the executive agent for the management and disposal of excess real property resulting from installation actions. The General Services Administration shall delegate to DOD the authority to utilize excess property and dispose of surplus property located at a military installation closed or realigned under this Act.</p> <p>The bill sets forth: (1) provisions governing the transfer of property located at an affected installation, (2) the responsibilities of the redevelopment authorities for such installations, and (3) the duties of the Department of Housing and Urban Development s regarding how redevelopment plans address the needs of the homeless. </p> <p>The bill provides for establishment of the Military Infrastructure Consolidation and Efficiency 2019 account to be used for approved installation actions.</p> <p> This bill shall be the exclusive authority for selecting or carrying out installation actions inside the United States until April 15, 2020, excluding specified closures and realignments carried out for reasons of national security or a military emergency.</p>]]></summary-text>
</summary>
</item>
<dublinCore xmlns:dc="http://purl.org/dc/elements/1.1/">
<dc:format>text/xml</dc:format>
<dc:language>EN</dc:language>
<dc:rights>Pursuant to Title 17 Section 105 of the United States Code, this file is not subject to copyright protection and is in the public domain.</dc:rights>
<dc:contributor>Congressional Research Service, Library of Congress</dc:contributor>
<dc:description>This file contains bill summaries for federal legislation. A bill summary describes the most significant provisions of a piece of legislation and details the effects the legislative text may have on current law and federal programs. Bill summaries are authored by the Congressional Research Service (CRS) of the Library of Congress. As stated in Public Law 91-510 (2 USC 166 (d)(6)), one of the duties of CRS is "to prepare summaries and digests of bills and resolutions of a public general nature introduced in the Senate or House of Representatives". For more information, refer to the User Guide that accompanies this file.</dc:description>
</dublinCore>
</BillSummaries>
