<?xml version="1.0" encoding="UTF-8"?><BillSummaries>
<item congress="115" measure-type="hr" measure-number="1041" measure-id="id115hr1041" originChamber="HOUSE" orig-publish-date="2017-02-14" update-date="2017-02-24">
<title>SHUT Act of 2017</title>
<summary summary-id="id115hr1041v00" currentChamber="HOUSE" update-date="2017-02-24">
<action-date>2017-02-14</action-date>
<action-desc>Introduced in House</action-desc>
<summary-text><![CDATA[<p><strong>Stop Handouts to Unauthorized Taxpayers Act of 2017 or the SHUT Act of 201</strong><b>7</b></p> <p>This bill amends the Internal Revenue Code to deny the refundable portion of the child tax credit to individuals unless they include their Social Security number on their tax return or otherwise demonstrate that they are authorized to be employed in the United States. </p> <p>The bill prohibits the Department of the Treasury or any delegate of Treasury from issuing an individual taxpayer identification number unless the supporting documentary evidence is submitted to a Treasury employee. </p>]]></summary-text>
</summary>
</item>
<dublinCore xmlns:dc="http://purl.org/dc/elements/1.1/">
<dc:format>text/xml</dc:format>
<dc:language>EN</dc:language>
<dc:rights>Pursuant to Title 17 Section 105 of the United States Code, this file is not subject to copyright protection and is in the public domain.</dc:rights>
<dc:contributor>Congressional Research Service, Library of Congress</dc:contributor>
<dc:description>This file contains bill summaries for federal legislation. A bill summary describes the most significant provisions of a piece of legislation and details the effects the legislative text may have on current law and federal programs. Bill summaries are authored by the Congressional Research Service (CRS) of the Library of Congress. As stated in Public Law 91-510 (2 USC 166 (d)(6)), one of the duties of CRS is "to prepare summaries and digests of bills and resolutions of a public general nature introduced in the Senate or House of Representatives". For more information, refer to the User Guide that accompanies this file.</dc:description>
</dublinCore>
</BillSummaries>
