<?xml version="1.0" encoding="UTF-8"?><BillSummaries>
<item congress="115" measure-type="hr" measure-number="645" measure-id="id115hr645" originChamber="HOUSE" orig-publish-date="2017-01-24" update-date="2017-02-14">
<title>Requiring Accountability and Inspections for Dining Service Act</title>
<summary summary-id="id115hr645v00" currentChamber="HOUSE" update-date="2017-02-14">
<action-date>2017-01-24</action-date>
<action-desc>Introduced in House</action-desc>
<summary-text><![CDATA[<p><strong>Requiring Accountability and Inspections for Dining Service Act</strong></p> <p>This bill directs the Department of Veterans Affairs (VA) to provide for annual inspections to ensure that VA medical facility kitchens and food service areas meet private hospital kitchen and food service area standards.</p> <p>The VA shall seek to enter into an agreement with the Joint Commission on Accreditation of Hospital Organizations to conduct such inspections. If the VA is unable to enter into an agreement with the Commission, the VA shall seek such an agreement with a non-federal, not-for-profit entity with comparable expertise and objectivity. </p> <p>If a VA facility kitchen or food service area fails such inspection, the VA shall implement a remediation plan within 48 hours and conduct a second inspection within 7 days. A facility kitchen or food service area that fails the second inspection shall be closed until: (1) remediation is completed, and (2) all kitchens and food service areas at that facility meet the standards.</p> <p>The Veterans Integrated Service Network of a facility in which a kitchen or food service area is closed shall enter into a food service contract with a General Services Administration-approved vendor to provide food at such facility.</p>]]></summary-text>
</summary>
</item>
<dublinCore xmlns:dc="http://purl.org/dc/elements/1.1/">
<dc:format>text/xml</dc:format>
<dc:language>EN</dc:language>
<dc:rights>Pursuant to Title 17 Section 105 of the United States Code, this file is not subject to copyright protection and is in the public domain.</dc:rights>
<dc:contributor>Congressional Research Service, Library of Congress</dc:contributor>
<dc:description>This file contains bill summaries for federal legislation. A bill summary describes the most significant provisions of a piece of legislation and details the effects the legislative text may have on current law and federal programs. Bill summaries are authored by the Congressional Research Service (CRS) of the Library of Congress. As stated in Public Law 91-510 (2 USC 166 (d)(6)), one of the duties of CRS is "to prepare summaries and digests of bills and resolutions of a public general nature introduced in the Senate or House of Representatives". For more information, refer to the User Guide that accompanies this file.</dc:description>
</dublinCore>
</BillSummaries>
