<?xml version="1.0" encoding="UTF-8"?><BillSummaries>
<item congress="115" measure-type="hr" measure-number="1840" measure-id="id115hr1840" originChamber="HOUSE" orig-publish-date="2017-03-30" update-date="2017-04-07">
<title>Reinvigorating Antibiotic and Diagnostic Innovation Act of 2017</title>
<summary summary-id="id115hr1840v00" currentChamber="HOUSE" update-date="2017-04-07">
<action-date>2017-03-30</action-date>
<action-desc>Introduced in House</action-desc>
<summary-text><![CDATA[<p><strong>Reinvigorating Antibiotic and Diagnostic Innovation Act of 201</strong><b>7</b></p> <p>This bill amends the Internal Revenue Code to allow tax credits for 50% of the clinical testing expenses for: (1) infectious disease products that are intended to treat a serious or life-threatening infection, including one caused by an antibacterial or antifungal resistant pathogen or a qualifying pathogen listed by the Department of Health and Human Services as having the potential to pose a serious threat to public health; and (2) in-vitro diagnostic devices that identify in less than four hours the presence, concentration, or characteristics of a serious or life-threatening infection. </p>]]></summary-text>
</summary>
</item>
<dublinCore xmlns:dc="http://purl.org/dc/elements/1.1/">
<dc:format>text/xml</dc:format>
<dc:language>EN</dc:language>
<dc:rights>Pursuant to Title 17 Section 105 of the United States Code, this file is not subject to copyright protection and is in the public domain.</dc:rights>
<dc:contributor>Congressional Research Service, Library of Congress</dc:contributor>
<dc:description>This file contains bill summaries for federal legislation. A bill summary describes the most significant provisions of a piece of legislation and details the effects the legislative text may have on current law and federal programs. Bill summaries are authored by the Congressional Research Service (CRS) of the Library of Congress. As stated in Public Law 91-510 (2 USC 166 (d)(6)), one of the duties of CRS is "to prepare summaries and digests of bills and resolutions of a public general nature introduced in the Senate or House of Representatives". For more information, refer to the User Guide that accompanies this file.</dc:description>
</dublinCore>
</BillSummaries>
