<?xml version="1.0" encoding="UTF-8"?><BillSummaries>
<item congress="115" measure-type="hr" measure-number="625" measure-id="id115hr625" originChamber="HOUSE" orig-publish-date="2017-01-24" update-date="2017-07-19">
<title>REPORT Act</title>
<summary summary-id="id115hr625v36" currentChamber="HOUSE" update-date="2017-07-19">
<action-date>2017-06-20</action-date>
<action-desc>Passed House amended</action-desc>
<summary-text><![CDATA[<p><strong>Reporting Efficiently to Proper Officials in Response to Terrorism Act of 2017 or the REPORT Act</strong></p> <p>(Sec. 2) This bill requires the Department of Homeland Security (DHS), the Department of Justice (DOJ), the Federal Bureau of Investigation (FBI), and, as appropriate, the National Counterterrorism Center (NCC), to submit to Congress an unclassified report on an act of terrorism in the United States within one year after the primary government agency completes an investigation of such act. Such requirement shall not apply in instances in which DHS, DOJ, the FBI, or the NCC determines that the information required to be reported could jeopardize an ongoing investigation or prosecution, in which case DHS shall notify Congress prior to the first anniversary of the completion of the investigation.</p> <p>Such a report shall: (1) identify any gaps in national security that could be addressed to prevent future acts of terrorism, and (2) include any recommendations for additional measures that could be taken to improve homeland security.</p>]]></summary-text>
</summary>
<summary summary-id="id115hr625v17" currentChamber="HOUSE" update-date="2017-07-19">
<action-date>2017-06-15</action-date>
<action-desc>Reported to House with amendment(s)</action-desc>
<summary-text><![CDATA[<p><strong>Reporting Efficiently to Proper Officials in Response to Terrorism Act of 2017 or the REPORT Act</strong></p> <p>(Sec. 2) This bill requires the Department of Homeland Security (DHS), in coordination with the Department of Justice (DOJ), the Federal Bureau of Investigation (FBI), and, as appropriate, the National Counterterrorism Center (NCC), to submit to Congress an unclassified report on an act of terrorism in the United States within one year after the primary government agency completes an investigation of such act. Such requirement shall not apply in instances in which DHS, DOJ, the FBI, or the NCC determines that the information required to be reported could jeopardize an ongoing investigation or prosecution, in which case DHS shall notify Congress prior to the first anniversary of the completion of the investigation.</p> <p>Such a report shall: (1) identify any gaps in national security that could be addressed to prevent future acts of terrorism, and (2) include any recommendations for additional measures that could be taken to improve homeland security.</p>]]></summary-text>
</summary>
<summary summary-id="id115hr625v00" currentChamber="HOUSE" update-date="2017-06-23">
<action-date>2017-01-24</action-date>
<action-desc>Introduced in House</action-desc>
<summary-text><![CDATA[<p><strong>Reporting Efficiently to Proper Officials in Response to Terrorism Act of 2017 or the REPORT Act</strong></p> <p>This bill requires the Department of Homeland Security, in coordination with the Department of Justice, the Federal Bureau of Investigation (FBI), and, as appropriate, the National Counterterrorism Center, to submit to Congress an unclassified report on an incident of terrorism in the United States as soon as the investigation of such incident is completed by the primary government agency. </p> <p>An "incident of terrorism" means an event declared by the FBI to be an act of terrorism.</p> <p>Such report shall contain: (1) a statement of the facts of the incident; and (2) any recommendations for changes in practices or law, consistent with the Constitution, that could help prevent future attacks.</p> <ul></ul>]]></summary-text>
</summary>
</item>
<dublinCore xmlns:dc="http://purl.org/dc/elements/1.1/">
<dc:format>text/xml</dc:format>
<dc:language>EN</dc:language>
<dc:rights>Pursuant to Title 17 Section 105 of the United States Code, this file is not subject to copyright protection and is in the public domain.</dc:rights>
<dc:contributor>Congressional Research Service, Library of Congress</dc:contributor>
<dc:description>This file contains bill summaries for federal legislation. A bill summary describes the most significant provisions of a piece of legislation and details the effects the legislative text may have on current law and federal programs. Bill summaries are authored by the Congressional Research Service (CRS) of the Library of Congress. As stated in Public Law 91-510 (2 USC 166 (d)(6)), one of the duties of CRS is "to prepare summaries and digests of bills and resolutions of a public general nature introduced in the Senate or House of Representatives". For more information, refer to the User Guide that accompanies this file.</dc:description>
</dublinCore>
</BillSummaries>
