<?xml version="1.0" encoding="UTF-8"?><BillSummaries>
<item congress="115" measure-type="hr" measure-number="424" measure-id="id115hr424" originChamber="HOUSE" orig-publish-date="2017-01-10" update-date="2018-01-11">
<title>Gray Wolf State Management Act of 2017</title>
<summary summary-id="id115hr424v79" currentChamber="HOUSE" update-date="2018-01-11">
<action-date>2018-01-08</action-date>
<action-desc>Reported to House without amendment</action-desc>
<summary-text><![CDATA[<p>(This measure has not been amended since it was introduced. The summary has been expanded because action occurred on the measure.)</p> <p><b>Gray Wolf State Management Act of 2017</b></p> <p>(Sec. 2) This bill requires the Department of the Interior to reissue two rules that removed protections under the Endangered Species Act of 1973 for the gray wolf populations located in Wyoming and the western Great Lakes (all of Wisconsin, Michigan, and Minnesota, as well as portions of North Dakota, South Dakota, Iowa, Illinois, Indiana, and Ohio). In addition, this bill prohibits judicial review of the reissued rules.</p> <p>]]></summary-text>
</summary>
<summary summary-id="id115hr424v00" currentChamber="HOUSE" update-date="2017-08-03">
<action-date>2017-01-10</action-date>
<action-desc>Introduced in House</action-desc>
<summary-text><![CDATA[<p><b>Gray Wolf State Management Act of 2017</b></p> <p>This bill requires the Department of the Interior to reissue two rules that removed protections under the Endangered Species Act of 1973 for the gray wolf populations located in Wyoming and the western Great Lakes (all of Wisconsin, Michigan, and Minnesota, as well as portions of North Dakota, South Dakota, Iowa, Illinois, Indiana, and Ohio). In addition, this bill prohibits judicial review of the reissued rules.</p> <p>]]></summary-text>
</summary>
</item>
<dublinCore xmlns:dc="http://purl.org/dc/elements/1.1/">
<dc:format>text/xml</dc:format>
<dc:language>EN</dc:language>
<dc:rights>Pursuant to Title 17 Section 105 of the United States Code, this file is not subject to copyright protection and is in the public domain.</dc:rights>
<dc:contributor>Congressional Research Service, Library of Congress</dc:contributor>
<dc:description>This file contains bill summaries for federal legislation. A bill summary describes the most significant provisions of a piece of legislation and details the effects the legislative text may have on current law and federal programs. Bill summaries are authored by the Congressional Research Service (CRS) of the Library of Congress. As stated in Public Law 91-510 (2 USC 166 (d)(6)), one of the duties of CRS is "to prepare summaries and digests of bills and resolutions of a public general nature introduced in the Senate or House of Representatives". For more information, refer to the User Guide that accompanies this file.</dc:description>
</dublinCore>
</BillSummaries>
