<?xml version="1.0" encoding="UTF-8"?><BillSummaries>
<item congress="115" measure-type="hr" measure-number="869" measure-id="id115hr869" originChamber="HOUSE" orig-publish-date="2017-02-03" update-date="2017-02-22">
<title>Commission to Study the Potential Creation of a National Museum of Asian Pacific American History and Culture Act</title>
<summary summary-id="id115hr869v00" currentChamber="HOUSE" update-date="2017-02-22">
<action-date>2017-02-03</action-date>
<action-desc>Introduced in House</action-desc>
<summary-text><![CDATA[<p><b>Commission to Study the Potential Creation of a National Museum of Asian Pacific American History and Culture Act</b></p> <p>This bill establishes a Commission to Study the Potential Creation of a National Museum of Asian Pacific American History and Culture.</p> <p>The Commission must: (1) report recommendations for a plan of action for the establishment and maintenance of a National Museum of Asian Pacific American History and Culture in Washington, D.C.; (2) develop a fundraising plan to support the establishment, operation, and maintenance of the Museum through public contributions; (3) obtain an independent review of this fundraising plan, including an analysis of the resources necessary to fund the construction of the Museum and its operations and maintenance in perpetuity without reliance on federal funds; and (4) submit a legislative plan of action to establish and construct the Museum.</p> <p> The Commission shall submit a report to Congress that addresses specified issues, including the impact of the Museum on regional Asian Pacific American history-related museums, whether it should be part of the Smithsonian Institution, and the cost of constructing, operating, and maintaining the Museum and acquiring its collections.</p> <p>The Commission may convene a national conference relating to the Museum.</p>  </p>]]></summary-text>
</summary>
</item>
<dublinCore xmlns:dc="http://purl.org/dc/elements/1.1/">
<dc:format>text/xml</dc:format>
<dc:language>EN</dc:language>
<dc:rights>Pursuant to Title 17 Section 105 of the United States Code, this file is not subject to copyright protection and is in the public domain.</dc:rights>
<dc:contributor>Congressional Research Service, Library of Congress</dc:contributor>
<dc:description>This file contains bill summaries for federal legislation. A bill summary describes the most significant provisions of a piece of legislation and details the effects the legislative text may have on current law and federal programs. Bill summaries are authored by the Congressional Research Service (CRS) of the Library of Congress. As stated in Public Law 91-510 (2 USC 166 (d)(6)), one of the duties of CRS is "to prepare summaries and digests of bills and resolutions of a public general nature introduced in the Senate or House of Representatives". For more information, refer to the User Guide that accompanies this file.</dc:description>
</dublinCore>
</BillSummaries>
