<?xml version="1.0" encoding="UTF-8"?><BillSummaries>
<item congress="115" measure-type="hr" measure-number="218" measure-id="id115hr218" originChamber="HOUSE" orig-publish-date="2017-01-03" update-date="2017-08-09">
<title>King Cove Road Land Exchange Act</title>
<summary summary-id="id115hr218v36" currentChamber="HOUSE" update-date="2017-08-09">
<action-date>2017-07-20</action-date>
<action-desc>Passed House amended</action-desc>
<summary-text><![CDATA[<p><b>King Cove Road Land Exchange Act</b></p> <p>(Sec. 4) This bill declares that, if the state of Alaska offers to convey to the Department of the Interior 43,093 acres of state-owned land, Interior shall convey to Alaska, in exchange, 206 acres of federal land within the Izembek National Wildlife Refuge and 131 acres of federal land within the Izembek Wilderness, for purposes of: (1) designating a road corridor through the refuge, and (2) constructing a single-lane gravel road along the road corridor. </p> <p>The values of the federal and nonfederal lands to be exchanged: (1) shall be equal, or (2) if not equal, shall be equalized in accordance with this bill. </p> <p>Interior and Alaska shall select an appraiser to conduct appraisals of the federal and nonfederal lands in accordance with nationally recognized appraisal standards. </p> <p>Upon completion of the exchange of the federal and nonfederal lands: (1) the boundary of the Wilderness shall be adjusted to exclude the federal land, and (2) the nonfederal land shall be added to the Wilderness. </p> <p>(Sec. 5) The bill requires the route of the road corridor to follow a specified southern road alignment.</p> <p>(Sec. 6) The bill makes the requirements relating to the usage, barrier cables, and dimensions and the limitation on the location of support facilities with regard to the construction of a single-lane gravel road between the communities of King Cove and Cold Bay, Alaska (as set forth under the Omnibus Public Land Management Act of 2009) applicable to the road to be constructed in the road corridor. </p> <p>(Sec. 7) The bill states that the exchange of the federal and nonfederal lands and the road to be constructed under this bill (including the issuance of any permit that may be required from any federal agency to construct such road) shall not constitute a major federal action requiring environmental impact review under the National Environmental Policy Act of 1969.</p>]]></summary-text>
</summary>
<summary summary-id="id115hr218v79" currentChamber="HOUSE" update-date="2017-08-08">
<action-date>2017-07-13</action-date>
<action-desc>Reported to House without amendment</action-desc>
<summary-text><![CDATA[<p>(This measure has not been amended since it was introduced. The summary has been expanded because action occurred on the measure.)</p> <p><b>King Cove Road Land Exchange Act</b></p> <p>(Sec. 4) This bill declares that, if the state of Alaska offers to convey to the Department of the Interior 43,093 acres of state-owned land, Interior shall convey to Alaska, in exchange, 206 acres of federal land within the Izembek National Wildlife Refuge and 131 acres of federal land within the Izembek Wilderness, for purposes of: (1) designating a road corridor through the refuge, and (2) constructing a single-lane gravel road along the road corridor. </p> <p>The values of the federal and nonfederal lands to be exchanged: (1) shall be equal, or (2) if not equal, shall be equalized in accordance with this bill. </p> <p>Interior and Alaska shall select an appraiser to conduct appraisals of the federal and nonfederal lands in accordance with nationally recognized appraisal standards. </p> <p>Upon completion of the exchange of the federal and nonfederal lands: (1) the boundary of the Wilderness shall be adjusted to exclude the federal land, and (2) the nonfederal land shall be added to the Wilderness. </p> <p>(Sec. 5) The bill requires the route of the road corridor to follow a specified southern road alignment.</p> <p>(Sec. 6) The bill makes the requirements relating to the usage, barrier cables, and dimensions and the limitation on the location of support facilities with regard to the construction of a single-lane gravel road between the communities of King Cove and Cold Bay, Alaska (as set forth under the Omnibus Public Land Management Act of 2009) applicable to the road to be constructed in the road corridor. </p> <p>(Sec. 7) The bill states that the exchange of the federal and nonfederal lands and the road to be constructed under this bill shall not constitute a major federal action requiring environmental impact review under the National Environmental Policy Act of 1969.</p>]]></summary-text>
</summary>
<summary summary-id="id115hr218v00" currentChamber="HOUSE" update-date="2017-01-26">
<action-date>2017-01-03</action-date>
<action-desc>Introduced in House</action-desc>
<summary-text><![CDATA[<p><b>King Cove Road Land Exchange Act</b></p> <p>This bill declares that, if the state of Alaska offers to convey to the Department of the Interior 43,093 acres of state-owned land, Interior shall convey to Alaska, in exchange, 206 acres of federal land within the Izembek National Wildlife Refuge and 131 acres of federal land within the Izembek Wilderness, for purposes of: (1) designating a road corridor through the refuge, and (2) constructing a single-lane gravel road along the road corridor. </p> <p>The values of the federal and nonfederal lands to be exchanged shall be equal. </p> <p>Interior and Alaska shall select an appraiser to conduct appraisals of the federal and nonfederal lands in accordance with nationally recognized appraisal standards. </p> <p>The bill requires the route of the road corridor to follow a specified southern road alignment.</p> <p>The bill states that the exchange of the federal and nonfederal lands and the road to be constructed under this bill shall not constitute a major federal action requiring environmental impact review under the National Environmental Policy Act of 1969.</p>]]></summary-text>
</summary>
</item>
<dublinCore xmlns:dc="http://purl.org/dc/elements/1.1/">
<dc:format>text/xml</dc:format>
<dc:language>EN</dc:language>
<dc:rights>Pursuant to Title 17 Section 105 of the United States Code, this file is not subject to copyright protection and is in the public domain.</dc:rights>
<dc:contributor>Congressional Research Service, Library of Congress</dc:contributor>
<dc:description>This file contains bill summaries for federal legislation. A bill summary describes the most significant provisions of a piece of legislation and details the effects the legislative text may have on current law and federal programs. Bill summaries are authored by the Congressional Research Service (CRS) of the Library of Congress. As stated in Public Law 91-510 (2 USC 166 (d)(6)), one of the duties of CRS is "to prepare summaries and digests of bills and resolutions of a public general nature introduced in the Senate or House of Representatives". For more information, refer to the User Guide that accompanies this file.</dc:description>
</dublinCore>
</BillSummaries>
