<?xml version="1.0" encoding="UTF-8"?><BillSummaries>
<item congress="115" measure-type="hr" measure-number="591" measure-id="id115hr591" originChamber="HOUSE" orig-publish-date="2017-01-20" update-date="2017-02-09">
<title>USCIS Act</title>
<summary summary-id="id115hr591v00" currentChamber="HOUSE" update-date="2017-02-09">
<action-date>2017-01-20</action-date>
<action-desc>Introduced in House</action-desc>
<summary-text><![CDATA[<p><strong>Use Spending for Congressional Immigration Supervision Act or the USCIS Act</strong></p> <p>This bill amends the Immigration and Nationality Act to declare that all deposits into the Immigration Examinations Fee Account shall remain available to the Department of Homeland Security (DHS) (currently, the Department of Justice [DOJ]) for reimbursement of administrative expenses to the extent and in such amounts as are provided in advance in appropriation Acts.</p> <p>The Illegal Immigration Reform and Immigrant Responsibility Act of 1996 is amended to declare that certain foreign student and exchange program fees that are deposited into the account shall remain available to DHS (currently, DOJ) for reimbursement of administrative expenses (including expenses related to gathering foreign student information) to the extent and in such amounts as are provided in advance in appropriation Acts.</p>]]></summary-text>
</summary>
</item>
<dublinCore xmlns:dc="http://purl.org/dc/elements/1.1/">
<dc:format>text/xml</dc:format>
<dc:language>EN</dc:language>
<dc:rights>Pursuant to Title 17 Section 105 of the United States Code, this file is not subject to copyright protection and is in the public domain.</dc:rights>
<dc:contributor>Congressional Research Service, Library of Congress</dc:contributor>
<dc:description>This file contains bill summaries for federal legislation. A bill summary describes the most significant provisions of a piece of legislation and details the effects the legislative text may have on current law and federal programs. Bill summaries are authored by the Congressional Research Service (CRS) of the Library of Congress. As stated in Public Law 91-510 (2 USC 166 (d)(6)), one of the duties of CRS is "to prepare summaries and digests of bills and resolutions of a public general nature introduced in the Senate or House of Representatives". For more information, refer to the User Guide that accompanies this file.</dc:description>
</dublinCore>
</BillSummaries>
