<?xml version="1.0" encoding="UTF-8"?><BillSummaries>
<item congress="115" measure-type="hr" measure-number="399" measure-id="id115hr399" originChamber="HOUSE" orig-publish-date="2017-01-10" update-date="2017-01-23">
<title>Stop Subsidizing Multimillion Dollar Corporate Bonuses Act</title>
<summary summary-id="id115hr399v00" currentChamber="HOUSE" update-date="2017-01-23">
<action-date>2017-01-10</action-date>
<action-desc>Introduced in House</action-desc>
<summary-text><![CDATA[<p><strong>Stop Subsidizing Multimillion Dollar Corporate Bonuses Act </strong></p> <p>This bill amends the Internal Revenue Code, with respect to the $1 million limitation on the deductibility of employee compensation, to: (1) extend such limitation to any individual who is a current or former officer, director, or employee of a publicly-held corporation; (2) eliminate the exemption from such limitation for compensation payable on a commission basis or upon the attainment of a performance goal; and (3) make such limitation applicable to all publicly-held corporations that are required by the Securities and Exchange Commission to register securities and provide periodic reports to their investors. </p>]]></summary-text>
</summary>
</item>
<dublinCore xmlns:dc="http://purl.org/dc/elements/1.1/">
<dc:format>text/xml</dc:format>
<dc:language>EN</dc:language>
<dc:rights>Pursuant to Title 17 Section 105 of the United States Code, this file is not subject to copyright protection and is in the public domain.</dc:rights>
<dc:contributor>Congressional Research Service, Library of Congress</dc:contributor>
<dc:description>This file contains bill summaries for federal legislation. A bill summary describes the most significant provisions of a piece of legislation and details the effects the legislative text may have on current law and federal programs. Bill summaries are authored by the Congressional Research Service (CRS) of the Library of Congress. As stated in Public Law 91-510 (2 USC 166 (d)(6)), one of the duties of CRS is "to prepare summaries and digests of bills and resolutions of a public general nature introduced in the Senate or House of Representatives". For more information, refer to the User Guide that accompanies this file.</dc:description>
</dublinCore>
</BillSummaries>
