<?xml version="1.0" encoding="UTF-8"?><BillSummaries>
<item congress="115" measure-type="hr" measure-number="779" measure-id="id115hr779" originChamber="HOUSE" orig-publish-date="2017-01-31" update-date="2017-02-17">
<title>International Conflicts of Concern Act</title>
<summary summary-id="id115hr779v00" currentChamber="HOUSE" update-date="2017-02-17">
<action-date>2017-01-31</action-date>
<action-desc>Introduced in House</action-desc>
<summary-text><![CDATA[<p><strong>International Conflicts of Concern Act</strong></p> <p>This bill directs the President to identify to Congress each country whose government is, and each country in which anti-government forces are, allowing one or more foreign terrorist organizations to engage in armed conflict occurring in that country.</p> <p>The President shall designate a country as a &quot;country of conflict concern&quot; if: (1) its government or anti-government forces in the country are allowing one or more foreign terrorist organizations to engage in armed conflict in it, and (2) it is in the U.S. national security to restrict travel by any U.S. national to the country and restrict material support by U.S. nationals of entities engaged in armed conflict in it. Such a designation shall be terminated when the President certifies to Congress that either or both of these circumstances no longer apply.</p> <p>The bill deems Syria to be a country of conflict concern.</p> <p>The Presidentshall require a U.S. national to obtain a license to: (1) travel to a country of conflict concern, or (2) provide material support to entities engaged in armed conflict in such a country. Specified penalties shall apply to a person who violates such requirements.</p>]]></summary-text>
</summary>
</item>
<dublinCore xmlns:dc="http://purl.org/dc/elements/1.1/">
<dc:format>text/xml</dc:format>
<dc:language>EN</dc:language>
<dc:rights>Pursuant to Title 17 Section 105 of the United States Code, this file is not subject to copyright protection and is in the public domain.</dc:rights>
<dc:contributor>Congressional Research Service, Library of Congress</dc:contributor>
<dc:description>This file contains bill summaries for federal legislation. A bill summary describes the most significant provisions of a piece of legislation and details the effects the legislative text may have on current law and federal programs. Bill summaries are authored by the Congressional Research Service (CRS) of the Library of Congress. As stated in Public Law 91-510 (2 USC 166 (d)(6)), one of the duties of CRS is "to prepare summaries and digests of bills and resolutions of a public general nature introduced in the Senate or House of Representatives". For more information, refer to the User Guide that accompanies this file.</dc:description>
</dublinCore>
</BillSummaries>
