<?xml version="1.0" encoding="UTF-8"?><BillSummaries>
<item congress="115" measure-type="hr" measure-number="792" measure-id="id115hr792" originChamber="HOUSE" orig-publish-date="2017-02-01" update-date="2017-02-09">
<title>Steel Industry Preservation Act</title>
<summary summary-id="id115hr792v00" currentChamber="HOUSE" update-date="2017-02-09">
<action-date>2017-02-01</action-date>
<action-desc>Introduced in House</action-desc>
<summary-text><![CDATA[<p><b>Steel Industry Preservation Act </b></p> <p>This bill amends the Internal Revenue Code to extend and modify the production tax credit for steel industry fuel. </p> <p>(Under current law, steel industry fuel is a fuel which is: (1) produced through a process of liquefying coal waste sludge and distributing it on coal, and (2) used as a feedstock for the manufacture of coke.) </p> <p>The bill modifies the tax credit for steel industry fuel to: </p> <ul> <li> extend the credit period and the placed-in-service date, </li> <li> revise the definition of &quot;steel industry fuel&quot; to allow blends of coal and petroleum coke or other coke feedstock in the fuel, </li> <li> set forth ownership requirements, and </li> <li>specify requirements for treating an owner as producing and selling steel industry fuel. </li> </ul> <p>A taxpayer that produces steel industry fuel may elect to accept an increased tax credit in lieu of certain deductions for expenses in connection with the production of steel industry fuel. </p> <p>The bill specifies the treatment of the credit for the purpose of the alternative minimum tax. It also exempts transactions related to steel industry fuel from rules that restrict deductions and other tax benefits for activities that are not engaged in for profit or that do not have economic substance. </p>]]></summary-text>
</summary>
</item>
<dublinCore xmlns:dc="http://purl.org/dc/elements/1.1/">
<dc:format>text/xml</dc:format>
<dc:language>EN</dc:language>
<dc:rights>Pursuant to Title 17 Section 105 of the United States Code, this file is not subject to copyright protection and is in the public domain.</dc:rights>
<dc:contributor>Congressional Research Service, Library of Congress</dc:contributor>
<dc:description>This file contains bill summaries for federal legislation. A bill summary describes the most significant provisions of a piece of legislation and details the effects the legislative text may have on current law and federal programs. Bill summaries are authored by the Congressional Research Service (CRS) of the Library of Congress. As stated in Public Law 91-510 (2 USC 166 (d)(6)), one of the duties of CRS is "to prepare summaries and digests of bills and resolutions of a public general nature introduced in the Senate or House of Representatives". For more information, refer to the User Guide that accompanies this file.</dc:description>
</dublinCore>
</BillSummaries>
