<?xml version="1.0" encoding="UTF-8"?><BillSummaries>
<item congress="115" measure-type="hr" measure-number="597" measure-id="id115hr597" originChamber="HOUSE" orig-publish-date="2017-01-20" update-date="2018-10-15">
<title>Lytton Rancheria Homelands Act of 2017</title>
<summary summary-id="id115hr597v80" currentChamber="SENATE" update-date="2018-10-15">
<action-date>2018-10-05</action-date>
<action-desc>Reported to Senate without amendment</action-desc>
<summary-text><![CDATA[<p><b>Lytton Rancheria Homelands Act of 2017</b></p> <p>(Sec. 4) This bill takes into trust for the benefit of the Lytton Rancheria of California certain land owned by the tribe in Sonoma County, California. Land taken into trust is made a part of the tribe's reservation.</p> <p>(Sec. 5) Gaming is prohibited on land taken into trust by this bill and in a specified area of Sonoma County. Gaming is prohibited until March 16, 2037, on land taken into trust for the benefit of the tribe after enactment of this bill.</p> <p>(Sec. 6) The memorandum of agreement entered into by the tribe and the county that was approved by the county on March 10, 2015, is not subject to review or approval by the Department of the Interior.</p>]]></summary-text>
</summary>
<summary summary-id="id115hr597v81" currentChamber="HOUSE" update-date="2017-09-21">
<action-date>2017-07-11</action-date>
<action-desc>Passed House without amendment</action-desc>
<summary-text><![CDATA[<p>(This measure has not been amended since it was introduced. The summary has been expanded because action occurred on the measure.)</p> <p><b>Lytton Rancheria Homelands Act of 2017</b></p> <p>(Sec. 4) This bill takes into trust for the benefit of the Lytton Rancheria of California certain land owned by the tribe in Sonoma County, California. Land taken into trust is made a part of the tribe's reservation.</p> <p>(Sec. 5) Gaming is prohibited on land taken into trust by this bill and in a specified area of Sonoma County. Gaming is prohibited until March 16, 2037, on land taken into trust for the benefit of the tribe after enactment of this bill.</p> <p>(Sec. 6) The memorandum of agreement entered into by the tribe and the county that was approved by the county on March 10, 2015, is not subject to review or approval by the Department of the Interior.</p>]]></summary-text>
</summary>
<summary summary-id="id115hr597v00" currentChamber="HOUSE" update-date="2017-02-01">
<action-date>2017-01-20</action-date>
<action-desc>Introduced in House</action-desc>
<summary-text><![CDATA[<p><b>Lytton Rancheria Homelands Act of 2017</b></p> <p>This bill takes into trust for the benefit of the Lytton Rancheria of California certain land owned by the tribe in Sonoma County, California. Land taken into trust is made a part of the tribe's reservation. Gaming is prohibited on this land and in a specified area of Sonoma County.</p> <p>Gaming is prohibited until March 16, 2037, on land taken into trust for the benefit of the tribe after enactment of this bill.</p> <p>The memorandum of agreement entered into by the tribe and the county that was approved by the county on March 10, 2015, is not subject to review and approval by the Department of the Interior.</p>]]></summary-text>
</summary>
</item>
<dublinCore xmlns:dc="http://purl.org/dc/elements/1.1/">
<dc:format>text/xml</dc:format>
<dc:language>EN</dc:language>
<dc:rights>Pursuant to Title 17 Section 105 of the United States Code, this file is not subject to copyright protection and is in the public domain.</dc:rights>
<dc:contributor>Congressional Research Service, Library of Congress</dc:contributor>
<dc:description>This file contains bill summaries for federal legislation. A bill summary describes the most significant provisions of a piece of legislation and details the effects the legislative text may have on current law and federal programs. Bill summaries are authored by the Congressional Research Service (CRS) of the Library of Congress. As stated in Public Law 91-510 (2 USC 166 (d)(6)), one of the duties of CRS is "to prepare summaries and digests of bills and resolutions of a public general nature introduced in the Senate or House of Representatives". For more information, refer to the User Guide that accompanies this file.</dc:description>
</dublinCore>
</BillSummaries>
