<?xml version="1.0" encoding="UTF-8"?><BillSummaries>
<item congress="115" measure-type="hr" measure-number="1744" measure-id="id115hr1744" originChamber="HOUSE" orig-publish-date="2017-03-27" update-date="2017-04-08">
<title>Walter Patterson and Werner Foerster Justice and Extradition Act</title>
<summary summary-id="id115hr1744v00" currentChamber="HOUSE" update-date="2017-04-08">
<action-date>2017-03-27</action-date>
<action-desc>Introduced in House</action-desc>
<summary-text><![CDATA[<p><strong>Walter Patterson and Werner Foerster Justice and Extradition Act </strong></p> <p>This bill directs the President to report annually to Congress regarding: (1) the number of fugitives and others residing in other countries for whom the United States is seeking extradition or rendition, together with a list of those countries; (2) U.S. diplomatic and other efforts to secure such fugitives' return; (3) the average length of time these cases have been outstanding; (4) the number of satisfactorily resolved cases; (5) factors that have been barriers to case resolution; and (6) information on the number of U.S. citizens whose extradition has been sought by other countries during the past five years, a list of those countries seeking extradition, and the outcomes of those requests.</p>]]></summary-text>
</summary>
</item>
<dublinCore xmlns:dc="http://purl.org/dc/elements/1.1/">
<dc:format>text/xml</dc:format>
<dc:language>EN</dc:language>
<dc:rights>Pursuant to Title 17 Section 105 of the United States Code, this file is not subject to copyright protection and is in the public domain.</dc:rights>
<dc:contributor>Congressional Research Service, Library of Congress</dc:contributor>
<dc:description>This file contains bill summaries for federal legislation. A bill summary describes the most significant provisions of a piece of legislation and details the effects the legislative text may have on current law and federal programs. Bill summaries are authored by the Congressional Research Service (CRS) of the Library of Congress. As stated in Public Law 91-510 (2 USC 166 (d)(6)), one of the duties of CRS is "to prepare summaries and digests of bills and resolutions of a public general nature introduced in the Senate or House of Representatives". For more information, refer to the User Guide that accompanies this file.</dc:description>
</dublinCore>
</BillSummaries>
