<?xml version="1.0" encoding="UTF-8"?><BillSummaries>
<item congress="115" measure-type="hr" measure-number="1753" measure-id="id115hr1753" originChamber="HOUSE" orig-publish-date="2017-03-28" update-date="2017-04-18">
<title>Opportunities for Fairness in Farming Act of 2017</title>
<summary summary-id="id115hr1753v00" currentChamber="HOUSE" update-date="2017-04-18">
<action-date>2017-03-28</action-date>
<action-desc>Introduced in House</action-desc>
<summary-text><![CDATA[<p><b>Opportunities for Fairness in Farming Act of 2017</b></p> <p>This bill establishes restrictions and requirements for checkoff programs, which are programs overseen by the Department of Agriculture (USDA) to promote and provide research and information for a particular agricultural commodity without reference to specific producers or brands. </p> <p>The bill prohibits boards established to carry out a checkoff program or a USDA order issued under a checkoff program from entering into a contract or agreement to carry out program activities with a party that engages in activities to influence any government policy or action that relates to agriculture.</p> <p> A board or its employees or agents acting in their official capacity may not engage in any: </p> <ul> <li> act that may involve a conflict of interest; </li> <li>anticompetitive activity;</li> <li>unfair or deceptive act or practice; or</li> <li>act that may be disparaging to, or in any way negatively portray, another agricultural commodity or product. </li> </ul> <p>Upon approval of USDA, a board may enter directly into contracts and agreements to carry out generic promotion, research, or other activities authorized by law if the agreement or contract requires records accounting for the funds received to be submitted to the board. </p> <p>The board must meet specified requirements regarding the publication of budgets and disbursements of funds. </p> <p>The USDA Inspector General and the Government Accountability Office must conduct specified audits regarding checkoff programs. </p>]]></summary-text>
</summary>
</item>
<dublinCore xmlns:dc="http://purl.org/dc/elements/1.1/">
<dc:format>text/xml</dc:format>
<dc:language>EN</dc:language>
<dc:rights>Pursuant to Title 17 Section 105 of the United States Code, this file is not subject to copyright protection and is in the public domain.</dc:rights>
<dc:contributor>Congressional Research Service, Library of Congress</dc:contributor>
<dc:description>This file contains bill summaries for federal legislation. A bill summary describes the most significant provisions of a piece of legislation and details the effects the legislative text may have on current law and federal programs. Bill summaries are authored by the Congressional Research Service (CRS) of the Library of Congress. As stated in Public Law 91-510 (2 USC 166 (d)(6)), one of the duties of CRS is "to prepare summaries and digests of bills and resolutions of a public general nature introduced in the Senate or House of Representatives". For more information, refer to the User Guide that accompanies this file.</dc:description>
</dublinCore>
</BillSummaries>
