<?xml version="1.0" encoding="UTF-8"?><BillSummaries>
<item congress="115" measure-type="hr" measure-number="209" measure-id="id115hr209" originChamber="HOUSE" orig-publish-date="2017-01-03" update-date="2017-01-30">
<title>To improve the Department of Housing and Urban Development's regulations on hazardous storage containers.</title>
<summary summary-id="id115hr209v00" currentChamber="HOUSE" update-date="2017-01-30">
<action-date>2017-01-03</action-date>
<action-desc>Introduced in House</action-desc>
<summary-text><![CDATA[<p>This bill requires the Department of Housing and Urban Development (HUD) to prescribe, or amend existing, regulations concerning the siting of HUD-assisted projects near hazardous operations handling conventional fuels or chemicals of an explosive or flammable nature to include as an exception from the definition of the term &quot;hazard&quot; any stationary container which stores, handles, or processes hazardous substances of an explosive or fire-prone nature that: (1) has a capacity of 1,320 gallons or less; (2) is intended to contain common liquid fuels such as gasoline, fuel oil, kerosene, diesel, or crude oil; (3) is sited on land or property that contains a one- to four-family dwelling; and (4) is intended to be used solely by residents of such dwelling and exclusively for non-commercial, non-industrial purposes.</p>]]></summary-text>
</summary>
</item>
<dublinCore xmlns:dc="http://purl.org/dc/elements/1.1/">
<dc:format>text/xml</dc:format>
<dc:language>EN</dc:language>
<dc:rights>Pursuant to Title 17 Section 105 of the United States Code, this file is not subject to copyright protection and is in the public domain.</dc:rights>
<dc:contributor>Congressional Research Service, Library of Congress</dc:contributor>
<dc:description>This file contains bill summaries for federal legislation. A bill summary describes the most significant provisions of a piece of legislation and details the effects the legislative text may have on current law and federal programs. Bill summaries are authored by the Congressional Research Service (CRS) of the Library of Congress. As stated in Public Law 91-510 (2 USC 166 (d)(6)), one of the duties of CRS is "to prepare summaries and digests of bills and resolutions of a public general nature introduced in the Senate or House of Representatives". For more information, refer to the User Guide that accompanies this file.</dc:description>
</dublinCore>
</BillSummaries>
