<?xml version="1.0" encoding="UTF-8"?><BillSummaries>
<item congress="115" measure-type="hr" measure-number="1705" measure-id="id115hr1705" originChamber="HOUSE" orig-publish-date="2017-03-23" update-date="2017-04-08">
<title>Keeping American Jobs Act</title>
<summary summary-id="id115hr1705v00" currentChamber="HOUSE" update-date="2017-04-08">
<action-date>2017-03-23</action-date>
<action-desc>Introduced in House</action-desc>
<summary-text><![CDATA[<p><strong>Keeping American Jobs Act</strong></p> <p>This bill amends the Immigration and Nationality Act to prohibit the admission of an H-1B visa (specialty occupation) nonimmigrant worker if the Department of Labor determines that the H-1B application was filed by the prospective employer for the primary purpose of using one or more U.S. workers to train the H-1B worker in the job duties and responsibilities of the U.S. workers in order to lay off the U.S. workers and move their job or jobs abroad, unless the application states that the employer did not and will not displace a U.S. worker within the period beginning 90 days before and ending 90 days after the date of filing of any visa petition supported by the application.</p>]]></summary-text>
</summary>
</item>
<dublinCore xmlns:dc="http://purl.org/dc/elements/1.1/">
<dc:format>text/xml</dc:format>
<dc:language>EN</dc:language>
<dc:rights>Pursuant to Title 17 Section 105 of the United States Code, this file is not subject to copyright protection and is in the public domain.</dc:rights>
<dc:contributor>Congressional Research Service, Library of Congress</dc:contributor>
<dc:description>This file contains bill summaries for federal legislation. A bill summary describes the most significant provisions of a piece of legislation and details the effects the legislative text may have on current law and federal programs. Bill summaries are authored by the Congressional Research Service (CRS) of the Library of Congress. As stated in Public Law 91-510 (2 USC 166 (d)(6)), one of the duties of CRS is "to prepare summaries and digests of bills and resolutions of a public general nature introduced in the Senate or House of Representatives". For more information, refer to the User Guide that accompanies this file.</dc:description>
</dublinCore>
</BillSummaries>
