<?xml version="1.0" encoding="UTF-8"?><BillSummaries>
<item congress="115" measure-type="hr" measure-number="248" measure-id="id115hr248" originChamber="HOUSE" orig-publish-date="2017-01-04" update-date="2017-01-30">
<title>No Fly for Terrorists Act</title>
<summary summary-id="id115hr248v00" currentChamber="HOUSE" update-date="2017-01-30">
<action-date>2017-01-04</action-date>
<action-desc>Introduced in House</action-desc>
<summary-text><![CDATA[<p><strong>No Fly for Terrorists Act</strong></p> <p>This bill amends federal transportation provisions and the Intelligence Reform and Terrorism Prevention Act of 2004 to prohibit Department of Homeland Security personnel from prohibiting a citizen or permanent resident of the United States from boarding a flight or a cruise ship as a passenger based on his or her inclusion on any no fly list, no transport list, automatic selectee list, consolidated and integrated terrorist watchlist, or other similar list maintained by the government unless the individual has been convicted of a federal crime of terrorism.</p>]]></summary-text>
</summary>
</item>
<dublinCore xmlns:dc="http://purl.org/dc/elements/1.1/">
<dc:format>text/xml</dc:format>
<dc:language>EN</dc:language>
<dc:rights>Pursuant to Title 17 Section 105 of the United States Code, this file is not subject to copyright protection and is in the public domain.</dc:rights>
<dc:contributor>Congressional Research Service, Library of Congress</dc:contributor>
<dc:description>This file contains bill summaries for federal legislation. A bill summary describes the most significant provisions of a piece of legislation and details the effects the legislative text may have on current law and federal programs. Bill summaries are authored by the Congressional Research Service (CRS) of the Library of Congress. As stated in Public Law 91-510 (2 USC 166 (d)(6)), one of the duties of CRS is "to prepare summaries and digests of bills and resolutions of a public general nature introduced in the Senate or House of Representatives". For more information, refer to the User Guide that accompanies this file.</dc:description>
</dublinCore>
</BillSummaries>
