<?xml version="1.0" encoding="UTF-8"?><BillSummaries>
<item congress="115" measure-type="hr" measure-number="282" measure-id="id115hr282" originChamber="HOUSE" orig-publish-date="2017-01-04" update-date="2017-08-03">
<title>Military Residency Choice Act</title>
<summary summary-id="id115hr282v81" currentChamber="HOUSE" update-date="2017-08-03">
<action-date>2017-07-24</action-date>
<action-desc>Passed House without amendment</action-desc>
<summary-text><![CDATA[<p>(This measure has not been amended since it was introduced. The summary has been expanded because action occurred on the measure.)</p> <p><strong>Military Residency Choice Act</strong></p> <p> (Sec. 2) This bill amends the Servicemembers Civil Relief Act to permit the spouse of a service member to elect to use the same residence as the service member for purposes of taxation and voting, regardless of the date on which the marriage of the spouse and the service member occurred.</p>]]></summary-text>
</summary>
<summary summary-id="id115hr282v00" currentChamber="HOUSE" update-date="2017-01-31">
<action-date>2017-01-04</action-date>
<action-desc>Introduced in House</action-desc>
<summary-text><![CDATA[<p><strong>Military Residency Choice Act</strong></p> <p>This bill amends the Servicemembers Civil Relief Act to permit the spouse of a servicemember to elect to use the same residence as the servicemember for purposes of taxation and voting, regardless of the date on which the marriage of the spouse and the servicemember occurred.</p>]]></summary-text>
</summary>
</item>
<dublinCore xmlns:dc="http://purl.org/dc/elements/1.1/">
<dc:format>text/xml</dc:format>
<dc:language>EN</dc:language>
<dc:rights>Pursuant to Title 17 Section 105 of the United States Code, this file is not subject to copyright protection and is in the public domain.</dc:rights>
<dc:contributor>Congressional Research Service, Library of Congress</dc:contributor>
<dc:description>This file contains bill summaries for federal legislation. A bill summary describes the most significant provisions of a piece of legislation and details the effects the legislative text may have on current law and federal programs. Bill summaries are authored by the Congressional Research Service (CRS) of the Library of Congress. As stated in Public Law 91-510 (2 USC 166 (d)(6)), one of the duties of CRS is "to prepare summaries and digests of bills and resolutions of a public general nature introduced in the Senate or House of Representatives". For more information, refer to the User Guide that accompanies this file.</dc:description>
</dublinCore>
</BillSummaries>
