<?xml version="1.0" encoding="UTF-8"?><BillSummaries>
<item congress="115" measure-type="hr" measure-number="3819" measure-id="id115hr3819" originChamber="HOUSE" orig-publish-date="2017-09-25" update-date="2020-07-28">
<title>Department of Veterans Affairs Expiring Authorities Act of 2017</title>
<summary summary-id="id115hr3819v49" currentChamber="BOTH" update-date="2020-07-28">
<action-date>2017-09-29</action-date>
<action-desc>Public Law</action-desc>
<summary-text><![CDATA[<p><b>Department of Veterans Affairs Expiring Authorities Act of 2017 </b></p> <p>This bill reauthorizes specific Department of Veterans Affairs (VA) programs and services, including those related to health care, benefits, and homeless veteran reintegration. </p> <p>TITLE I--EXTENSIONS OF AUTHORITY RELATING TO HEALTH CARE</p> <p>(Sec. 101) This title extends through FY2019 VA authority to: (1) collect copayments for veterans' hospital and nursing home care, (2) provide nursing home care to veterans with service-connected disabilities, (3) collect the cost of treating non-service-connected disabilities from third parties, and (4) provide and fund child care for certain veterans receiving health care.</p> <p>(Sec. 103) This section reauthorizes through FY2019 funding for assistance and support services for caregivers.</p> <p>(Sec. 106) This section extends through FY2019 grants to veterans service organizations to transport highly rural veterans. </p> <p>(Sec. 107) This section extends through January 6, 2018, the pilot program providing community-based assisted living services for veterans with traumatic brain injury. The final program report must be submitted by December 6, 2017.</p> <p>(Sec. 108) This section extends through FY2019 the pilot program providing counseling in retreat settings for women veterans recently separated from service. The final program report must be submitted by March 31, 2018.</p> <p>(Sec. 109) This section extends the authority to temporarily extend payments and allowances for beneficiary travel in connection with veterans receiving care from VA centers. The reporting date for such program is extended to March 31, 2018.</p> <p>TITLE II--EXTENSIONS OF AUTHORITY RELATING TO BENEFITS </p> <p>(Sec. 201) This title extends authority of the VA to (1) calculate the net value of real property at the time of foreclosure during default procedures, (2) manage property and vendee loans after default, and (3) provide rehabilitation and vocational benefits to service members with severe injuries or illnesses.</p> <p>TITLE III--EXTENSIONS OF AUTHORITY RELATING TO HOMELESS VETERANS</p> <p>(Sec. 301) This title reauthorizes </p> <ul> <li>homeless veteran reintegration programs, including programs for homeless women veterans and homeless veterans with children;</li> <li>referral and counseling services for veterans at risk of homelessness transitioning from certain institutions;</li> <li>the provision of financial assistance for supportive services for very low-income veteran families in permanent housing;</li> <li> the grant program that benefits homeless veterans with special needs, including those who are terminally ill and chronically mentally ill;</li> <li> the Advisory Committee on Homeless Veterans; and </li> <li>the provision of care and services for veterans suffering from serious mental illness and homelessness.</li> </ul> <p>TITLE IV--OTHER EXTENSIONS AND MODIFICATIONS OF AUTHORITY AND OTHER MATTERS </p> <p>(Sec. 401) This title extends VA authority to</p> <ul> <li> transport individuals to and from VA facilities in connection with vocational rehabilitation, counseling, examination, treatment, or care;</li> <li>operate the VA regional office in the Philippines; and </li> <li>provide monthly assistance allowances under the Office of National Veterans Sports Programs and Special Events.</li> </ul> <p>(Sec. 404) This section extends the requirement for VA reports to Congress regarding equitable relief for errors in providing benefits administered by the VA. </p> <p>(Sec. 405) This section extends the authorization of appropriations for the adaptive sports program for disabled veterans and service members. </p> <p>(Sec. 406) The title extends VA authorities for</p> <ul> <li>the Advisory Committee on Minority Veterans, </li> <li>the program to assist certain veterans with disabilities in acquiring suitable housing, </li> <li>grants to encourage the development of new assistive technologies for specially adapted housing, </li> <li>guarantees of payments of principal and interest on loans in connection with the sale of certain properties, </li> <li>review and evaluation by the National Academy of Sciences of the evidence of association between diseases and exposure to dioxin and herbicides, and </li> <li>payment of a reporting fee to educational institutions.</li> </ul> <p>TITLE V--TECHNICAL CORRECTIONS</p> <p>(Sec. 501) The bill makes technical amendments to the Harry W. Colmery Veterans Educational Assistance Act of 2017, also known as the Forever GI Bill.</p>]]></summary-text>
</summary>
<summary summary-id="id115hr3819v00" currentChamber="HOUSE" update-date="2019-03-20">
<action-date>2017-09-25</action-date>
<action-desc>Introduced in House</action-desc>
<summary-text><![CDATA[<p><b>Department of Veterans Affairs Expiring Authorities Act of 2017</b></p> <p>This bill extends specified Department of Veterans Affairs (VA) programs and services relating to: (1) health care, including hospital care, nursing home care, caregivers, child care, and services for rural or women veterans; (2) benefits, including rehabilitation for persons with severe injuries or illnesses; and (3) homeless veterans, including support and reintegration programs for women with dependent children and for mentally ill, transitioning, or special needs veterans.</p> <p>The bill extends other specified VA activities and services, including: (1) support for research into exposure to dioxin and other chemical compounds in herbicides, (2) adaptive housing assistive technology, (3) adaptive sports programs, (4) the Advisory Committee on Minority Veterans, (5) the VA regional office in Manila, (6) transportation to and from VA facilities, and (7) payment guarantee of principal and interest on certificates or other securities.</p>]]></summary-text>
</summary>
</item>
<dublinCore xmlns:dc="http://purl.org/dc/elements/1.1/">
<dc:format>text/xml</dc:format>
<dc:language>EN</dc:language>
<dc:rights>Pursuant to Title 17 Section 105 of the United States Code, this file is not subject to copyright protection and is in the public domain.</dc:rights>
<dc:contributor>Congressional Research Service, Library of Congress</dc:contributor>
<dc:description>This file contains bill summaries for federal legislation. A bill summary describes the most significant provisions of a piece of legislation and details the effects the legislative text may have on current law and federal programs. Bill summaries are authored by the Congressional Research Service (CRS) of the Library of Congress. As stated in Public Law 91-510 (2 USC 166 (d)(6)), one of the duties of CRS is "to prepare summaries and digests of bills and resolutions of a public general nature introduced in the Senate or House of Representatives". For more information, refer to the User Guide that accompanies this file.</dc:description>
</dublinCore>
</BillSummaries>
