<?xml version="1.0" encoding="UTF-8"?><BillSummaries>
<item congress="115" measure-type="hr" measure-number="620" measure-id="id115hr620" originChamber="HOUSE" orig-publish-date="2017-01-24" update-date="2018-03-01">
<title>ADA Education and Reform Act of 2017</title>
<summary summary-id="id115hr620v36" currentChamber="HOUSE" update-date="2018-03-01">
<action-date>2018-02-15</action-date>
<action-desc>Passed House amended</action-desc>
<summary-text><![CDATA[<p><b>ADA Education and Reform Act of</b> <b>2017</b></p> <p>(Sec. 2) This bill requires the Disability Rights Section of the Department of Justice to develop a program to educate state and local governments and property owners on strategies for promoting access to public accommodations for persons with a disability. The program may include training for professionals to provide a guidance of remediation for potential violations of the Americans with Disabilities Act of 1990.</p> <p>(Sec. 3) The bill prohibits civil actions based on the failure to remove an architectural barrier to access into an existing public accommodation unless: (1) the aggrieved person has provided to the owners or operators a written notice specific enough to identify the barrier, and (2) the owners or operators fail to provide the person with a written description outlining improvements that will be made to improve the barrier or they fail to remove the barrier or make substantial progress after providing such a description. The aggrieved person's notice must specify the circumstances under which public accommodation access was denied. </p> <p>(Sec. 5) The Judicial Conference of the United States must develop a model program to promote alternative dispute resolution mechanisms to resolve such claims. The model program should include an expedited method for determining relevant facts related to such barriers and steps to resolve accessibility issues before litigation.</p>]]></summary-text>
</summary>
<summary summary-id="id115hr620v79" currentChamber="HOUSE" update-date="2018-03-01">
<action-date>2018-01-30</action-date>
<action-desc>Reported to House without amendment</action-desc>
<summary-text><![CDATA[<p>(This measure has not been amended since it was introduced. The summary has been expanded because action occurred on the measure.)</p> <p><b>ADA Education and Reform Act of</b> <b>2017</b></p> <p>(Sec. 2) This bill requires the Disability Rights Section of the Department of Justice to develop a program to educate state and local governments and property owners on strategies for promoting access to public accommodations for persons with a disability. The program may include training for professionals to provide a guidance of remediation for potential violations of the Americans with Disabilities Act of 1990.</p> <p>(Sec. 3) The bill prohibits civil actions based on the failure to remove an architectural barrier to access into an existing public accommodation unless: (1) the aggrieved person has provided to the owners or operators a written notice specific enough to identify the barrier, and (2) the owners or operators fail to provide the person with a written description outlining improvements that will be made to improve the barrier or they fail to remove the barrier or make substantial progress after providing such a description. The aggrieved person's notice must specify the circumstances under which public accommodation access was denied. </p> <p>(Sec. 5) The Judicial Conference of the United States must develop a model program to promote alternative dispute resolution mechanisms to resolve such claims. The model program should include an expedited method for determining relevant facts related to such barriers and steps to resolve accessibility issues before litigation.</p>]]></summary-text>
</summary>
<summary summary-id="id115hr620v00" currentChamber="HOUSE" update-date="2017-03-23">
<action-date>2017-01-24</action-date>
<action-desc>Introduced in House</action-desc>
<summary-text><![CDATA[<p><b>ADA Education and Reform Act of</b> <b>2017</b></p> <p>This bill requires the Disability Rights Section of the Department of Justice to develop a program to educate state and local governments and property owners on strategies for promoting access to public accommodations for persons with a disability. The program may include training for professionals to provide a guidance of remediation for potential violations of the Americans with Disabilities Act of 1990 (ADA).</p> <p>The bill prohibits civil actions based on the failure to remove an architectural barrier to access into an existing public accommodation unless: (1) the aggrieved person has provided to the owners or operators a written notice specific enough to identify the barrier, and (2) the owners or operators fail to provide the person with a written description outlining improvements that will be made to improve the barrier or they fail to remove the barrier or make substantial progress after providing such a description. The aggrieved person's notice must specify: (1) the address of the property, (2) the specific ADA sections alleged to have been violated, (3) whether a request for assistance in removing an architectural barrier was made, and (4) whether the barrier was permanent or temporary. </p> <p>The Judicial Conference of the United States must develop a model program to promote alternative dispute resolution mechanisms to resolve such claims. The model program should include an expedited method for determining relevant facts related to such barriers and steps to resolve accessibility issues before litigation.</p>]]></summary-text>
</summary>
</item>
<dublinCore xmlns:dc="http://purl.org/dc/elements/1.1/">
<dc:format>text/xml</dc:format>
<dc:language>EN</dc:language>
<dc:rights>Pursuant to Title 17 Section 105 of the United States Code, this file is not subject to copyright protection and is in the public domain.</dc:rights>
<dc:contributor>Congressional Research Service, Library of Congress</dc:contributor>
<dc:description>This file contains bill summaries for federal legislation. A bill summary describes the most significant provisions of a piece of legislation and details the effects the legislative text may have on current law and federal programs. Bill summaries are authored by the Congressional Research Service (CRS) of the Library of Congress. As stated in Public Law 91-510 (2 USC 166 (d)(6)), one of the duties of CRS is "to prepare summaries and digests of bills and resolutions of a public general nature introduced in the Senate or House of Representatives". For more information, refer to the User Guide that accompanies this file.</dc:description>
</dublinCore>
</BillSummaries>
