<?xml version="1.0" encoding="UTF-8"?><BillSummaries>
<item congress="115" measure-type="hr" measure-number="2037" measure-id="id115hr2037" originChamber="HOUSE" orig-publish-date="2017-04-06" update-date="2017-04-17">
<title>Veterans Health Care Freedom Act</title>
<summary summary-id="id115hr2037v00" currentChamber="HOUSE" update-date="2017-04-17">
<action-date>2017-04-06</action-date>
<action-desc>Introduced in House</action-desc>
<summary-text><![CDATA[<p><strong>Veterans Health Care Freedom Act</strong></p> <p>This bill amends the Veterans Access, Choice, and Accountability Act of 2014 to make the Department of Veterans Affairs (VA) Choice Program permanent. </p> <p>Eligibility requirements under the program are revised. </p> <p>The VA shall submit an annual report to Congress that includes: (1) any increase or decrease in the number of veterans seeking hospital care or medical services at each VA medical facility, and (2) facility budget recommendations based upon such increase or decrease.</p>]]></summary-text>
</summary>
</item>
<dublinCore xmlns:dc="http://purl.org/dc/elements/1.1/">
<dc:format>text/xml</dc:format>
<dc:language>EN</dc:language>
<dc:rights>Pursuant to Title 17 Section 105 of the United States Code, this file is not subject to copyright protection and is in the public domain.</dc:rights>
<dc:contributor>Congressional Research Service, Library of Congress</dc:contributor>
<dc:description>This file contains bill summaries for federal legislation. A bill summary describes the most significant provisions of a piece of legislation and details the effects the legislative text may have on current law and federal programs. Bill summaries are authored by the Congressional Research Service (CRS) of the Library of Congress. As stated in Public Law 91-510 (2 USC 166 (d)(6)), one of the duties of CRS is "to prepare summaries and digests of bills and resolutions of a public general nature introduced in the Senate or House of Representatives". For more information, refer to the User Guide that accompanies this file.</dc:description>
</dublinCore>
</BillSummaries>
