<?xml version="1.0" encoding="UTF-8"?><BillSummaries>
<item congress="115" measure-type="hr" measure-number="813" measure-id="id115hr813" originChamber="HOUSE" orig-publish-date="2017-02-01" update-date="2017-02-14">
<title>All-Year ACCESS Act</title>
<summary summary-id="id115hr813v00" currentChamber="HOUSE" update-date="2017-02-14">
<action-date>2017-02-01</action-date>
<action-desc>Introduced in House</action-desc>
<summary-text><![CDATA[<p><strong>Affordability for Constant and Continual Education to Enhance Student Success Act or the All-Year ACCESS Act</strong></p> <p> <p>This bill amends title IV (Student Assistance) of the Higher Education Act of 1965 to increase from one to two the number of Pell Grants an eligible student may receive in a single award year (i.e., it restores year-round Pell Grants). </p> <p>A student's total amount of Pell Grants must not exceed 150% of the maximum Pell Grant for that award year. Also, any period during which a student receives an additional Pell Grant counts toward that student's lifetime Pell Grant eligibility period. </p>]]></summary-text>
</summary>
</item>
<dublinCore xmlns:dc="http://purl.org/dc/elements/1.1/">
<dc:format>text/xml</dc:format>
<dc:language>EN</dc:language>
<dc:rights>Pursuant to Title 17 Section 105 of the United States Code, this file is not subject to copyright protection and is in the public domain.</dc:rights>
<dc:contributor>Congressional Research Service, Library of Congress</dc:contributor>
<dc:description>This file contains bill summaries for federal legislation. A bill summary describes the most significant provisions of a piece of legislation and details the effects the legislative text may have on current law and federal programs. Bill summaries are authored by the Congressional Research Service (CRS) of the Library of Congress. As stated in Public Law 91-510 (2 USC 166 (d)(6)), one of the duties of CRS is "to prepare summaries and digests of bills and resolutions of a public general nature introduced in the Senate or House of Representatives". For more information, refer to the User Guide that accompanies this file.</dc:description>
</dublinCore>
</BillSummaries>
