<?xml version="1.0" encoding="UTF-8"?><BillSummaries>
<item congress="115" measure-type="hr" measure-number="857" measure-id="id115hr857" originChamber="HOUSE" orig-publish-date="2017-02-03" update-date="2018-07-20">
<title>California Off-Road Recreation and Conservation Act</title>
<summary summary-id="id115hr857v00" currentChamber="HOUSE" update-date="2018-07-20">
<action-date>2017-02-03</action-date>
<action-desc>Introduced in House</action-desc>
<summary-text><![CDATA[<p><b>California Off-Road Recreation and Conservation Act</b></p><p>This bill amends the California Desert Protection Act of 1994 to, among other things: </p><ul> <li> establish or designate wilderness areas, off-highway vehicle recreation areas, and a national scenic area; </li> <li> release specified wilderness study areas; </li> <li> adjust national park and preserve boundaries; and </li> <li> specify land withdrawals and conveyances. </li> </ul> <p> Specified federal land shall be taken into trust for the Lone Pine Paiute-Shoshone Tribe. </p> <p> Lands and interests in land, including improvements, outside the boundary of Joshua Tree National Park in California, may be acquired for the purpose of operating a visitor center. </p> <p>The bill makes amendments to the California Desert Protection Act of 1994 regarding the California State School lands. </p> <p>The bill amends the Wild and Scenic Rivers Act to designate specified segments of rivers and creeks as components of the National Wild and Scenic Rivers System. </p>]]></summary-text>
</summary>
</item>
<dublinCore xmlns:dc="http://purl.org/dc/elements/1.1/">
<dc:format>text/xml</dc:format>
<dc:language>EN</dc:language>
<dc:rights>Pursuant to Title 17 Section 105 of the United States Code, this file is not subject to copyright protection and is in the public domain.</dc:rights>
<dc:contributor>Congressional Research Service, Library of Congress</dc:contributor>
<dc:description>This file contains bill summaries for federal legislation. A bill summary describes the most significant provisions of a piece of legislation and details the effects the legislative text may have on current law and federal programs. Bill summaries are authored by the Congressional Research Service (CRS) of the Library of Congress. As stated in Public Law 91-510 (2 USC 166 (d)(6)), one of the duties of CRS is "to prepare summaries and digests of bills and resolutions of a public general nature introduced in the Senate or House of Representatives". For more information, refer to the User Guide that accompanies this file.</dc:description>
</dublinCore>
</BillSummaries>
