<?xml version="1.0" encoding="UTF-8"?><BillSummaries>
<item congress="115" measure-type="hr" measure-number="896" measure-id="id115hr896" originChamber="HOUSE" orig-publish-date="2017-02-06" update-date="2017-02-14">
<title>To amend the Internal Revenue Code of 1986 to exempt amounts paid for aircraft management services from the excise taxes imposed on transportation by air.</title>
<summary summary-id="id115hr896v00" currentChamber="HOUSE" update-date="2017-02-14">
<action-date>2017-02-06</action-date>
<action-desc>Introduced in House</action-desc>
<summary-text><![CDATA[<p> This bill amends the Internal Revenue Code to exempt from the excise tax on transportation of persons and property by air&nbsp;amounts paid by an aircraft owner or lessee for aircraft management services related to maintenance and support of the aircraft or flights on such aircraft. </p> <p>Aircraft management services include assisting an aircraft owner with administrative and support services; obtaining insurance; maintenance, storage and fueling of aircraft; hiring, training, and provision of pilots and crew; establishing and complying with safety standards; or other services necessary to support flights operated by an aircraft owner.</p> <p>In the case of an aircraft owner that is wholly-owned by another person, amounts paid by the other person on behalf of the aircraft owner must be treated as having been paid directly by the aircraft owner.</p>]]></summary-text>
</summary>
</item>
<dublinCore xmlns:dc="http://purl.org/dc/elements/1.1/">
<dc:format>text/xml</dc:format>
<dc:language>EN</dc:language>
<dc:rights>Pursuant to Title 17 Section 105 of the United States Code, this file is not subject to copyright protection and is in the public domain.</dc:rights>
<dc:contributor>Congressional Research Service, Library of Congress</dc:contributor>
<dc:description>This file contains bill summaries for federal legislation. A bill summary describes the most significant provisions of a piece of legislation and details the effects the legislative text may have on current law and federal programs. Bill summaries are authored by the Congressional Research Service (CRS) of the Library of Congress. As stated in Public Law 91-510 (2 USC 166 (d)(6)), one of the duties of CRS is "to prepare summaries and digests of bills and resolutions of a public general nature introduced in the Senate or House of Representatives". For more information, refer to the User Guide that accompanies this file.</dc:description>
</dublinCore>
</BillSummaries>
