<?xml version="1.0" encoding="UTF-8"?><BillSummaries>
<item congress="115" measure-type="hr" measure-number="314" measure-id="id115hr314" originChamber="HOUSE" orig-publish-date="2017-01-05" update-date="2017-01-27">
<title>Health Care Choice Act of 2017</title>
<summary summary-id="id115hr314v00" currentChamber="HOUSE" update-date="2017-01-27">
<action-date>2017-01-05</action-date>
<action-desc>Introduced in House</action-desc>
<summary-text><![CDATA[<p><b>Health Care Choice Act of 2017</b></p> <p>This bill repeals the health insurance and health coverage expansion requirements of the Patient Protection and Affordable Care Act and related provisions of the Health Care and Education Reconciliation Act of 2010. Provisions of law amended or repealed by those provisions are restored. </p> <p>This bill amends the Public Health Service Act to provide that the laws of a state designated by a health insurer (primary state) apply to individual health insurance coverage offered by that insurer in any state (secondary state) if the coverage, states, and insurer comply with the conditions of this bill. Insurers are exempted from any secondary state's laws that would prohibit or regulate the operation of the insurer in that state. The primary state is given sole jurisdiction to enforce its covered laws in any secondary state.</p> <p>The Government Accountability Office must study the effect of this bill on specified health insurance issues.</p>]]></summary-text>
</summary>
</item>
<dublinCore xmlns:dc="http://purl.org/dc/elements/1.1/">
<dc:format>text/xml</dc:format>
<dc:language>EN</dc:language>
<dc:rights>Pursuant to Title 17 Section 105 of the United States Code, this file is not subject to copyright protection and is in the public domain.</dc:rights>
<dc:contributor>Congressional Research Service, Library of Congress</dc:contributor>
<dc:description>This file contains bill summaries for federal legislation. A bill summary describes the most significant provisions of a piece of legislation and details the effects the legislative text may have on current law and federal programs. Bill summaries are authored by the Congressional Research Service (CRS) of the Library of Congress. As stated in Public Law 91-510 (2 USC 166 (d)(6)), one of the duties of CRS is "to prepare summaries and digests of bills and resolutions of a public general nature introduced in the Senate or House of Representatives". For more information, refer to the User Guide that accompanies this file.</dc:description>
</dublinCore>
</BillSummaries>
