<?xml version="1.0" encoding="UTF-8"?><BillSummaries>
<item congress="115" measure-type="hr" measure-number="965" measure-id="id115hr965" originChamber="HOUSE" orig-publish-date="2017-02-07" update-date="2017-12-26">
<title>Saint-Gaudens National Historical Park Redesignation Act</title>
<summary summary-id="id115hr965v36" currentChamber="HOUSE" update-date="2017-12-26">
<action-date>2017-10-02</action-date>
<action-desc>Passed House amended</action-desc>
<summary-text><![CDATA[<p>(This measure has not been amended since it was reported to the House on August 25, 2017. The summary of that version is repeated here.)</p> <p><b>Saint-Gaudens National Historical Park Redesignation Act</b></p> (Sec. 2) This bill redesignates the Saint-Gaudens National Historic Site, in New Hampshire, as the &quot;Saint-Gaudens National Historical Park.&quot;]]></summary-text>
</summary>
<summary summary-id="id115hr965v17" currentChamber="HOUSE" update-date="2017-12-11">
<action-date>2017-08-25</action-date>
<action-desc>Reported to House with amendment(s)</action-desc>
<summary-text><![CDATA[<p><b>Saint-Gaudens National Historical Park Redesignation Act</b></p> (Sec. 2) This bill redesignates the Saint-Gaudens National Historic Site, in New Hampshire, as the &quot;Saint-Gaudens National Historical Park.&quot;]]></summary-text>
</summary>
<summary summary-id="id115hr965v00" currentChamber="HOUSE" update-date="2017-02-22">
<action-date>2017-02-07</action-date>
<action-desc>Introduced in House</action-desc>
<summary-text><![CDATA[<p><b>Saint-Gaudens National Historical Park Redesignation Act</b></p> This bill redesignates the Saint-Gaudens National Historic Site, in New Hampshire, as the &quot;Saint-Gaudens National Historical Park.&quot;]]></summary-text>
</summary>
</item>
<dublinCore xmlns:dc="http://purl.org/dc/elements/1.1/">
<dc:format>text/xml</dc:format>
<dc:language>EN</dc:language>
<dc:rights>Pursuant to Title 17 Section 105 of the United States Code, this file is not subject to copyright protection and is in the public domain.</dc:rights>
<dc:contributor>Congressional Research Service, Library of Congress</dc:contributor>
<dc:description>This file contains bill summaries for federal legislation. A bill summary describes the most significant provisions of a piece of legislation and details the effects the legislative text may have on current law and federal programs. Bill summaries are authored by the Congressional Research Service (CRS) of the Library of Congress. As stated in Public Law 91-510 (2 USC 166 (d)(6)), one of the duties of CRS is "to prepare summaries and digests of bills and resolutions of a public general nature introduced in the Senate or House of Representatives". For more information, refer to the User Guide that accompanies this file.</dc:description>
</dublinCore>
</BillSummaries>
