<?xml version="1.0" encoding="UTF-8"?><BillSummaries>
<item congress="115" measure-type="hr" measure-number="793" measure-id="id115hr793" originChamber="HOUSE" orig-publish-date="2017-02-01" update-date="2017-02-22">
<title>Ensuring Sound Military and Intelligence Advice Act of 2017</title>
<summary summary-id="id115hr793v00" currentChamber="HOUSE" update-date="2017-02-22">
<action-date>2017-02-01</action-date>
<action-desc>Introduced in House</action-desc>
<summary-text><![CDATA[<p><b>Ensuring Sound Military and Intelligence Advice Act of 2017</b></p> <p>This bill amends the National Security Act of 1947 to require the President to designate the Director of National Intelligence and the Chairman of the Joint Chiefs of Staff as regular attendees of the meetings of the National Security Council (NSC), or of any body of the NSC (including the Principals Committee), if any individual whose responsibilities are primarily political is designated as a regular attendee of such meetings.</p>]]></summary-text>
</summary>
</item>
<dublinCore xmlns:dc="http://purl.org/dc/elements/1.1/">
<dc:format>text/xml</dc:format>
<dc:language>EN</dc:language>
<dc:rights>Pursuant to Title 17 Section 105 of the United States Code, this file is not subject to copyright protection and is in the public domain.</dc:rights>
<dc:contributor>Congressional Research Service, Library of Congress</dc:contributor>
<dc:description>This file contains bill summaries for federal legislation. A bill summary describes the most significant provisions of a piece of legislation and details the effects the legislative text may have on current law and federal programs. Bill summaries are authored by the Congressional Research Service (CRS) of the Library of Congress. As stated in Public Law 91-510 (2 USC 166 (d)(6)), one of the duties of CRS is "to prepare summaries and digests of bills and resolutions of a public general nature introduced in the Senate or House of Representatives". For more information, refer to the User Guide that accompanies this file.</dc:description>
</dublinCore>
</BillSummaries>
