<?xml version="1.0" encoding="UTF-8"?><BillSummaries>
<item congress="115" measure-type="hr" measure-number="400" measure-id="id115hr400" originChamber="HOUSE" orig-publish-date="2017-01-10" update-date="2017-02-01">
<title>Stop Dangerous Sanctuary Cities Act</title>
<summary summary-id="id115hr400v00" currentChamber="HOUSE" update-date="2017-02-01">
<action-date>2017-01-10</action-date>
<action-desc>Introduced in House</action-desc>
<summary-text><![CDATA[<p><b>Stop Dangerous Sanctuary Cities Act</b></p> <p>This bill prohibits a sanctuary jurisdiction from receiving grants under certain Economic Development Assistance Programs and the Community Development Block Grant Program. A sanctuary jurisdiction is a state or political subdivision that has a statute, policy, or practice in effect that prohibits or restricts: (1) information sharing about an individual's immigration status, or (2) compliance with a lawfully issued detainer request or notification of release request.</p> <p>A state or political subdivision that complies with a detainer is deemed to be an agent of the Department of Homeland Security and is authorized to take actions to comply with the detainer.</p> <p>The bill limits the liability of a state or political subdivision, or an officer or employee of such state or political subdivision, for actions in compliance with the detainer.</p>]]></summary-text>
</summary>
</item>
<dublinCore xmlns:dc="http://purl.org/dc/elements/1.1/">
<dc:format>text/xml</dc:format>
<dc:language>EN</dc:language>
<dc:rights>Pursuant to Title 17 Section 105 of the United States Code, this file is not subject to copyright protection and is in the public domain.</dc:rights>
<dc:contributor>Congressional Research Service, Library of Congress</dc:contributor>
<dc:description>This file contains bill summaries for federal legislation. A bill summary describes the most significant provisions of a piece of legislation and details the effects the legislative text may have on current law and federal programs. Bill summaries are authored by the Congressional Research Service (CRS) of the Library of Congress. As stated in Public Law 91-510 (2 USC 166 (d)(6)), one of the duties of CRS is "to prepare summaries and digests of bills and resolutions of a public general nature introduced in the Senate or House of Representatives". For more information, refer to the User Guide that accompanies this file.</dc:description>
</dublinCore>
</BillSummaries>
