<?xml version="1.0" encoding="UTF-8"?><BillSummaries>
<item congress="115" measure-type="hr" measure-number="91" measure-id="id115hr91" originChamber="HOUSE" orig-publish-date="2017-01-03" update-date="2017-07-22">
<title>Building Supportive Networks for Women Veterans Act</title>
<summary summary-id="id115hr91v79" currentChamber="HOUSE" update-date="2017-07-22">
<action-date>2017-06-28</action-date>
<action-desc>Reported to House without amendment</action-desc>
<summary-text><![CDATA[<p>(This measure has not been amended since it was introduced. The summary has been expanded because action occurred on the measure.)<br /></p> <p><b>Building Supportive Networks for Women Veterans Act</b></p> <p>(Sec. 2) This bill makes permanent the requirement for the Department of Veterans Affairs to carry out, through the Readjustment Counseling Service of the Veterans Health Administration, a program to provide reintegration and readjustment services in group retreat settings to women veterans who are recently separated from service after a prolonged deployment. (Currently, such program is required as a pilot program under the Caregivers and Veterans Omnibus Health Services Act of 2010.)</p>]]></summary-text>
</summary>
<summary summary-id="id115hr91v00" currentChamber="HOUSE" update-date="2017-01-12">
<action-date>2017-01-03</action-date>
<action-desc>Introduced in House</action-desc>
<summary-text><![CDATA[<p><b>Building Supportive Networks for Women Veterans Act</b></p> <p>This bill makes permanent the requirement for the Department of Veterans Affairs to carry out, through the Readjustment Counseling Service of the Veterans Health Administration, a program to provide reintegration and readjustment services in group retreat settings to women veterans who are recently separated from service after a prolonged deployment. (Currently, such program is required as a pilot program under the Caregivers and Veterans Omnibus Health Services Act of 2010.)</p>]]></summary-text>
</summary>
</item>
<dublinCore xmlns:dc="http://purl.org/dc/elements/1.1/">
<dc:format>text/xml</dc:format>
<dc:language>EN</dc:language>
<dc:rights>Pursuant to Title 17 Section 105 of the United States Code, this file is not subject to copyright protection and is in the public domain.</dc:rights>
<dc:contributor>Congressional Research Service, Library of Congress</dc:contributor>
<dc:description>This file contains bill summaries for federal legislation. A bill summary describes the most significant provisions of a piece of legislation and details the effects the legislative text may have on current law and federal programs. Bill summaries are authored by the Congressional Research Service (CRS) of the Library of Congress. As stated in Public Law 91-510 (2 USC 166 (d)(6)), one of the duties of CRS is "to prepare summaries and digests of bills and resolutions of a public general nature introduced in the Senate or House of Representatives". For more information, refer to the User Guide that accompanies this file.</dc:description>
</dublinCore>
</BillSummaries>
