<?xml version="1.0" encoding="UTF-8"?><BillSummaries>
<item congress="115" measure-type="hr" measure-number="1626" measure-id="id115hr1626" originChamber="HOUSE" orig-publish-date="2017-03-20" update-date="2017-04-07">
<title>Student Agriculture Protection Act of 2017</title>
<summary summary-id="id115hr1626v00" currentChamber="HOUSE" update-date="2017-04-07">
<action-date>2017-03-20</action-date>
<action-desc>Introduced in House</action-desc>
<summary-text><![CDATA[<p><b>Student Agriculture Protection Act of 2017</b> </p> <p>This bill amends the Internal Revenue Code to exclude from the gross income of a student farmer up to $5,000 of the gain from the sale or exchange of personal property (including livestock, crops, and agricultural mechanics or shop products) produced or raised by the student farmer. </p> <p>A student farmer is an individual who is under 19 years of age and is enrolled in: (1) a program established by the National FFA Organization; (2) a 4-H Club or other program established by 4-H; or (3) a student agriculture program that is under the direction or guidance of an agricultural educator, advisor, or club leader. </p> <p>To qualify for the exclusion, the production and sale or exchange of the property must be supervised by one of the specified agriculture programs. The sale or exchange must also occur during qualified public entertainment or convention and trade show activities. </p>]]></summary-text>
</summary>
</item>
<dublinCore xmlns:dc="http://purl.org/dc/elements/1.1/">
<dc:format>text/xml</dc:format>
<dc:language>EN</dc:language>
<dc:rights>Pursuant to Title 17 Section 105 of the United States Code, this file is not subject to copyright protection and is in the public domain.</dc:rights>
<dc:contributor>Congressional Research Service, Library of Congress</dc:contributor>
<dc:description>This file contains bill summaries for federal legislation. A bill summary describes the most significant provisions of a piece of legislation and details the effects the legislative text may have on current law and federal programs. Bill summaries are authored by the Congressional Research Service (CRS) of the Library of Congress. As stated in Public Law 91-510 (2 USC 166 (d)(6)), one of the duties of CRS is "to prepare summaries and digests of bills and resolutions of a public general nature introduced in the Senate or House of Representatives". For more information, refer to the User Guide that accompanies this file.</dc:description>
</dublinCore>
</BillSummaries>
