<?xml version="1.0" encoding="UTF-8"?><BillSummaries>
<item congress="115" measure-type="hr" measure-number="1551" measure-id="id115hr1551" originChamber="HOUSE" orig-publish-date="2017-03-15" update-date="2019-09-12">
<title>Orrin G. Hatch-Bob Goodlatte Music Modernization Act</title>
<summary summary-id="id115hr1551v49" currentChamber="BOTH" update-date="2019-09-12">
<action-date>2018-10-11</action-date>
<action-desc>Public Law</action-desc>
<summary-text><![CDATA[<p><b>Orrin G. Hatch-Bob Goodlatte Music Modernization Act</b></p> <p>This bill updates copyright law by creating a new compulsory licensing system for digital music services that transmit sound recordings. It also provides for federal protection to sound recordings fixed before February 15, 1972, which are currently only covered by state law. It also authorizes royalties for producers, mixers, and sound engineers that made a creative contribution to a sound recording.</p> <p>TITLE I--Music Licensing Modernization</p> <p><i>Musical Works Modernization Act</i></p> <p>Compulsory licensing systems allow a person or company to use a copyright-protected work by agreeing to pay a set rate, without having to negotiate with or get explicit permission from the rights holder.</p> <p>This title updates requirements for compulsory licenses for sound recordings. It establishes a new compulsory licensing system that is explicitly available to digital music service providers, where it was unclear whether previously available compulsory licenses granted the rights needed by such services.</p> <p>Under this title, compulsory licenses are available for sound recordings that have previously been distributed to the public. If the recording has not been publicly distributed, a digital music service can get a license for the recording with the permission of the owner of the distribution right.</p> <p>The new compulsory license is called a blanket license, which covers essentially all publicly distributed sound recordings. It gives the licensee the right to make and distribute digital copies of the recordings, along with reasonable and necessary activities such as making server and incidental reproductions. The blanket license shall be available January 1, 2021. </p> <p>When the blanket license becomes available, it shall replace any compulsory licenses that the digital music service provider had previously obtained. </p> <p>If a digital music provider and rights holder has a voluntary agreement in place, in most instances that voluntary agreement shall remain in effect even after the blanket license becomes available. </p> <p>The Copyright Office shall designate a nonprofit entity to administer the blanket license, which the bill refers to as the mechanical licensing collective.</p> <p>The collective's duties include:</p> <ul> <li>offering and administering blanket licenses, and collecting and distributing royalties;</li> <li>maintaining a musical works database with information needed to run the system;</li> <li>handling requests to claim ownership of copyrights, and devising a method for distributing royalties for works with unknown owners;</li> <li>collecting administrative assessments from digital music providers and other licensees to support the collective's functions;</li> <li>enforcing rights and obligations under the license; and</li> <li>maintaining and providing necessary information for proceedings to set royalty rates and assessments.</li> </ul> <p>Digital music service providers seeking a blanket license shall notify the mechanical licensing collective of its activities that fall under the license. The license shall go into effect within 30 days of the collective receiving the notice, unless the collective issues a written rejection explaining its reasons. The collective can only reject a notice of license if the provider has had a blanket license terminated in the past three years, or if the notice fails to meet statutory or legal requirements.</p> <p>If a digital music provider makes and distributes recordings without a license, it shall be barred from getting a blanket license for three years.</p> <p>The mechanical licensing collective shall establish a publicly-searchable database with information including the title of the recording, the copyright owners and ownership percentages of each, and the owners' contact information. The database shall also have entries for recordings where the ownership information is unknown or incomplete.</p> <p>Copyright owners shall make commercially reasonable efforts to provide information about their recordings for the database.</p> <p>The mechanical licensing collective shall collect and distribute royalties based on usage reports provided by the digital service providers. For recordings with unknown copyright holders, the collective shall place the collected royalties in an interest-bearing account. After three years, the unknown owner royalties and accrued interest shall be distributed to the known copyright holders in the database, with each receiving a portion based on their relative market shares. The copyright holders shall pay no less than 50% of the unclaimed royalties to songwriters.</p> <p>The licensees shall make monthly royalty payments to the collective and submit reports about its usage of musical works covered by the blanket license. </p> <p>A digital music service provider shall be in default if it misses a monthly royalty payment or report, fails to pay an administrative assessment, or breaches another material term of the blanket license. The mechanical licensing collective shall notify the provider in writing of the default, and that the license shall automatically terminate in 60 days unless the service provider fixes the defects. </p> <p>The bill requires licensees with significant non-blanket activities to report their monthly usage data to the mechanical licensing collective and pay an administrative assessment to help support the collective's activities. These significant non-blanket licensees are typically large licensees that took voluntary licenses with rights holders rather than, or alongside, a blanket license.</p> <p>The Copyright Office shall also designate a nonprofit entity to coordinate the licensees' activities with the music collective. This digital licensee coordinator's duties include helping the mechanical licensing collective collect administrative assessments, and gathering and maintaining information for use in proceedings to set the blanket license royalty rates.</p> <p>The Copyright Royalty Board shall hold proceedings to set the administrative assessment rates, based on the mechanical licensing collective's costs.</p> <p>The board shall also hold proceedings to set the rates and terms for the blanket license that most clearly represent what would have been negotiated in the marketplace, and based on economic and competitive information presented by the parties. The mechanical licensing collective and digital licensee coordinator shall not participate directly in the rate setting proceeding, but may gather and provide economic and usage data for the parties.</p> <p>Compulsory licenses used for reproduction and distribution rights shall in most instances be automatically substituted for the blanket license when it becomes available. Compulsory licenses for making and distributing permanent downloads will not convert to the blanket license until the record company terminates the license.</p> <p>Voluntary licensing agreements shall remain in effect after the blanket license becomes available.</p> <p>This title also temporarily limits the liability of digital music service providers for unlicensed uses on or after January 1, 2018. For unlicensed uses that fall within the blanket license, copyright holders shall only recover the royalty they would have received. To take advantage of this limited liability, the service provider must make monthly attempts to identify the rights holders of the relevant recordings and pay royalties to them. For unidentified rights holders, the music provider must calculate and collect the royalties, to be paid to the mechanical licensing collective when the blanket license becomes available.</p> <p>TITLE II--Classics Protection and Access </p> <p><i>Classics Protection and Access Act</i></p> <p>This title provides federal protection for sound recordings fixed before February 15, 1972, which are currently only covered by state law.</p> <p>Sound recordings first published before 1923 shall be protected through 2021. Recordings from 1923 to 1946 shall be protected through the end of the year that is 100 years from the date of first publication. Recordings from 1947 to 1956 shall be protected through the end of the year that is 110 years from first publication. Recordings fixed after 1956 and before February 15, 1972, shall be protected until February 15, 2067.</p> <p>Owners of copyrights for pre-1972 recordings shall receive royalties for digital audio transmissions and reproductions. These royalties shall be paid in accordance with already-established statutory licensing schemes for post-1972 sound recordings.</p> <p>This title also allows for the noncommercial use of orphan works, which are sound recordings with unidentified rights owners. The noncommercial use shall be allowed after the user makes a reasonable attempt to find the rights owner and fails to do so, and a public notice period to give the owner a chance to object to the use.</p> <p>To qualify for statutory damages or attorneys' fees in an infringement action involving pre-1972 recordings, the rights owner must file with the Copyright Office a notice with information about its claimed works. </p> <p>This title also preempts most state law claims involving pre-1972 sound recordings. <br> <br> TITLE III--ALLOCATION FOR MUSIC PRODUCERS</p> <p><i>Allocation for Music Producers Act or the AMP Act</i> </p> <p>This title provides statutory authority for and expands existing practices for distributing royalties to producers, mixers, and sound engineers who made a creative contribution to a sound recording. A nonprofit collective designated by the Copyright Royalty Board shall adopt procedures for such royalty payments for various digital transmissions of the recording.</p> <p>The procedures shall allow the owner of the exclusive right to publicly perform the sound recording or the featured artist to instruct the collective to calculate and distribute the payments to the producers, mixers, and sound engineers. The instruction is called a &quot;letter of direction.&quot;</p> <p>For sound recordings fixed before November 1, 1995, the nonprofit collective shall adopt policies for collecting and distributing such royalties, even without a letter of direction. The collective and those seeking royalties shall attempt to contact the featured artist to get a letter of direction. However, if the artist does not object within a specified time frame, the collective may distribute the royalties.</p> <p>This title preempts state laws that may otherwise apply, such as those related to abandoned property or escheatment.</p> <p>]]></summary-text>
</summary>
<summary summary-id="id115hr1551v36" currentChamber="HOUSE" update-date="2017-06-27">
<action-date>2017-06-20</action-date>
<action-desc>Passed House amended</action-desc>
<summary-text><![CDATA[<p>(Sec. 1) This bill amends the Internal Revenue Code, with respect to the tax credit for the production of electricity from advanced nuclear power facilities, to: (1) establish requirements for the allocation of unutilized portions of the national megawatt capacity limitation, and (2) allow public entities to transfer the credit to project partners.</p> <p>If a portion of the 6,000 national megawatt capacity limitation for the credit is unutilized after December 31, 2020, the Internal Revenue Service must allocate the unutilized capacity: (1) first to facilities that were placed in service on or before December 31, 2020, and did not receive an allocation equal to their full nameplate capacity, and (2) then to facilities placed in service after December 31, 2020, in the order in which the facilities are placed in service. The placed-in-service sunset date of January 1, 2021, does not apply to the allocations of unutilized national megawatt capacity. </p> <p>Qualified public entities may transfer the credit to an eligible project partner. A &quot;qualified public entity&quot; is: (1) a federal, state, or local government or any political subdivision, agency, or instrumentality thereof; (2) a mutual or cooperative electric company; or (3) a not-for-profit electric utility which has or had received a loan or loan guarantee under the Rural Electrification Act of 1936. </p> <p>An &quot;eligible project partner&quot; includes any person who: (1) is responsible for, or is participating in, the design or construction of the facility; (2) participates in the provision of nuclear steam or nuclear fuel to the facility; or (3) has an ownership interest in the facility.</p>]]></summary-text>
</summary>
<summary summary-id="id115hr1551v00" currentChamber="HOUSE" update-date="2017-03-22">
<action-date>2017-03-15</action-date>
<action-desc>Introduced in House</action-desc>
<summary-text><![CDATA[<p>This bill amends the Internal Revenue Code, with respect to the tax credit for the production of electricity from advanced nuclear power facilities, to: (1) establish requirements for the allocation of unutilized portions of the national megawatt capacity limitation, and (2) allow public entities to transfer the credit to project partners.</p> <p>If a portion of the 6,000 national megawatt capacity limitation for the credit is unutilized after December 31, 2020, the Internal Revenue Service must allocate the unutilized capacity: (1) first to facilities that were placed in service on or before December 31, 2020, and did not receive an allocation equal to their full nameplate capacity, and (2) then to facilities placed in service after December 31, 2020, in the order in which the facilities are placed in service. The placed-in-service sunset date of January 1, 2021, does not apply to the allocations of unutilized national megawatt capacity. </p> <p>Qualified public entities may transfer the credit to an eligible project partner. A &quot;qualified public entity&quot; is: (1) a federal, state, or local government or any political subdivision, agency, or instrumentality thereof; (2) a mutual or cooperative electric company; or (3) a not-for-profit electric utility which has or had received a loan or loan guarantee under the Rural Electrification Act of 1936. </p> <p>An &quot;eligible project partner&quot; includes any person who: (1) is responsible for, or is participating in, the design or construction of the facility; (2) participates in the provision of nuclear steam or nuclear fuel to the facility, or (3) has an ownership interest in the facility.</p>]]></summary-text>
</summary>
</item>
<dublinCore xmlns:dc="http://purl.org/dc/elements/1.1/">
<dc:format>text/xml</dc:format>
<dc:language>EN</dc:language>
<dc:rights>Pursuant to Title 17 Section 105 of the United States Code, this file is not subject to copyright protection and is in the public domain.</dc:rights>
<dc:contributor>Congressional Research Service, Library of Congress</dc:contributor>
<dc:description>This file contains bill summaries for federal legislation. A bill summary describes the most significant provisions of a piece of legislation and details the effects the legislative text may have on current law and federal programs. Bill summaries are authored by the Congressional Research Service (CRS) of the Library of Congress. As stated in Public Law 91-510 (2 USC 166 (d)(6)), one of the duties of CRS is "to prepare summaries and digests of bills and resolutions of a public general nature introduced in the Senate or House of Representatives". For more information, refer to the User Guide that accompanies this file.</dc:description>
</dublinCore>
</BillSummaries>
