<?xml version="1.0" encoding="UTF-8"?><BillSummaries>
<item congress="115" measure-type="hr" measure-number="199" measure-id="id115hr199" originChamber="HOUSE" orig-publish-date="2017-01-03" update-date="2017-01-26">
<title>To authorize the Secretary of the Interior to conduct a special resource study of Chicano Park, located in San Diego, California, and for other purposes.</title>
<summary summary-id="id115hr199v00" currentChamber="HOUSE" update-date="2017-01-26">
<action-date>2017-01-03</action-date>
<action-desc>Introduced in House</action-desc>
<summary-text><![CDATA[<p><b>Chicano Park Preservation Act</b></p> <p>This bill requires the Department of the Interior to conduct a special resource study of Chicano Park and its murals located in San Diego, California.</p> <p>In conducting the study, Interior shall evaluate the site's national significance and determine the suitability and feasibility of designating it as a National Historic Landmark or an Affiliated Area of the National Park System. </p>]]></summary-text>
</summary>
</item>
<dublinCore xmlns:dc="http://purl.org/dc/elements/1.1/">
<dc:format>text/xml</dc:format>
<dc:language>EN</dc:language>
<dc:rights>Pursuant to Title 17 Section 105 of the United States Code, this file is not subject to copyright protection and is in the public domain.</dc:rights>
<dc:contributor>Congressional Research Service, Library of Congress</dc:contributor>
<dc:description>This file contains bill summaries for federal legislation. A bill summary describes the most significant provisions of a piece of legislation and details the effects the legislative text may have on current law and federal programs. Bill summaries are authored by the Congressional Research Service (CRS) of the Library of Congress. As stated in Public Law 91-510 (2 USC 166 (d)(6)), one of the duties of CRS is "to prepare summaries and digests of bills and resolutions of a public general nature introduced in the Senate or House of Representatives". For more information, refer to the User Guide that accompanies this file.</dc:description>
</dublinCore>
</BillSummaries>
