<?xml version="1.0" encoding="UTF-8"?><BillSummaries>
<item congress="115" measure-type="hr" measure-number="251" measure-id="id115hr251" originChamber="HOUSE" orig-publish-date="2017-01-04" update-date="2017-02-04">
<title>Startup in a Day Act of 2017</title>
<summary summary-id="id115hr251v00" currentChamber="HOUSE" update-date="2017-02-04">
<action-date>2017-01-04</action-date>
<action-desc>Introduced in House</action-desc>
<summary-text><![CDATA[<p><b>Startup in a Day Act of 2017</b></p> <p>This bill requires the Small Business Administration to establish the Startup in a Day Program to award competitive grants to state or local governments to assist entrepreneurs planning to start a small business concern in complying with state and local requirements.</p> <p>State and local governments may use grants to:</p> <ul> <li> develop, implement, and improve Internet resources related to the small business concern startup process; and</li> <li> assist such entrepreneurs in registering and applying for any required licenses or permits.</li> </ul>]]></summary-text>
</summary>
</item>
<dublinCore xmlns:dc="http://purl.org/dc/elements/1.1/">
<dc:format>text/xml</dc:format>
<dc:language>EN</dc:language>
<dc:rights>Pursuant to Title 17 Section 105 of the United States Code, this file is not subject to copyright protection and is in the public domain.</dc:rights>
<dc:contributor>Congressional Research Service, Library of Congress</dc:contributor>
<dc:description>This file contains bill summaries for federal legislation. A bill summary describes the most significant provisions of a piece of legislation and details the effects the legislative text may have on current law and federal programs. Bill summaries are authored by the Congressional Research Service (CRS) of the Library of Congress. As stated in Public Law 91-510 (2 USC 166 (d)(6)), one of the duties of CRS is "to prepare summaries and digests of bills and resolutions of a public general nature introduced in the Senate or House of Representatives". For more information, refer to the User Guide that accompanies this file.</dc:description>
</dublinCore>
</BillSummaries>
