<?xml version="1.0" encoding="UTF-8"?><BillSummaries>
<item congress="115" measure-type="hr" measure-number="1830" measure-id="id115hr1830" originChamber="HOUSE" orig-publish-date="2017-03-30" update-date="2017-04-07">
<title>Artist-Museum Partnership Act of 2017</title>
<summary summary-id="id115hr1830v00" currentChamber="HOUSE" update-date="2017-04-07">
<action-date>2017-03-30</action-date>
<action-desc>Introduced in House</action-desc>
<summary-text><![CDATA[<p><strong>Artist-Museum Partnership Act of 201</strong><b>7</b></p> <p>This bill amends the Internal Revenue Code to allow taxpayers who create literary, musical, artistic, scholarly compositions, or similar property a fair market value (determined at the time of contribution) tax deduction for contributions of such properties, the copyrights thereon, or both, to certain tax-exempt organizations, if such properties are properly appraised and are donated no less than 18 months after their creation. The bill limits the amount of the deduction based upon the donor's artistic adjusted gross income, as defined by this bill. </p>]]></summary-text>
</summary>
</item>
<dublinCore xmlns:dc="http://purl.org/dc/elements/1.1/">
<dc:format>text/xml</dc:format>
<dc:language>EN</dc:language>
<dc:rights>Pursuant to Title 17 Section 105 of the United States Code, this file is not subject to copyright protection and is in the public domain.</dc:rights>
<dc:contributor>Congressional Research Service, Library of Congress</dc:contributor>
<dc:description>This file contains bill summaries for federal legislation. A bill summary describes the most significant provisions of a piece of legislation and details the effects the legislative text may have on current law and federal programs. Bill summaries are authored by the Congressional Research Service (CRS) of the Library of Congress. As stated in Public Law 91-510 (2 USC 166 (d)(6)), one of the duties of CRS is "to prepare summaries and digests of bills and resolutions of a public general nature introduced in the Senate or House of Representatives". For more information, refer to the User Guide that accompanies this file.</dc:description>
</dublinCore>
</BillSummaries>
