<?xml version="1.0" encoding="UTF-8"?><BillSummaries>
<item congress="115" measure-type="hr" measure-number="1220" measure-id="id115hr1220" originChamber="HOUSE" orig-publish-date="2017-02-27" update-date="2018-03-14">
<title>To establish the Adams Memorial Commission to carry out the provisions of Public Law 107-62, and for other purposes.</title>
<summary summary-id="id115hr1220v17" currentChamber="HOUSE" update-date="2018-03-14">
<action-date>2018-02-16</action-date>
<action-desc>Reported to House with amendment(s)</action-desc>
<summary-text><![CDATA[<p>(Sec. 1) This bill amends the Act that authorized the Adams Memorial Foundation to establish a commemorative work in Washington, DC, to honor John Adams and his legacy to, instead, establish the Adams Memorial Commission to establish a permanent memorial in DC for such purpose.</p> <p>The commission shall: (1) consider, formulate, and report plans for such memorial; and (2) terminate seven years after this bill's enactment.</p>]]></summary-text>
</summary>
<summary summary-id="id115hr1220v00" currentChamber="HOUSE" update-date="2017-03-28">
<action-date>2017-02-27</action-date>
<action-desc>Introduced in House</action-desc>
<summary-text><![CDATA[<p>This bill amends the Act that authorized the Adams Memorial Foundation to establish a commemorative work in Washington, DC, to honor John Adams and his legacy to, instead, establish the Adams Memorial Commission to establish a permanent memorial in DC for such purpose.</p> <p>The commission shall: (1) consider, formulate, and report plans for such memorial; and (2) terminate seven years after this bill's enactment.</p>]]></summary-text>
</summary>
</item>
<dublinCore xmlns:dc="http://purl.org/dc/elements/1.1/">
<dc:format>text/xml</dc:format>
<dc:language>EN</dc:language>
<dc:rights>Pursuant to Title 17 Section 105 of the United States Code, this file is not subject to copyright protection and is in the public domain.</dc:rights>
<dc:contributor>Congressional Research Service, Library of Congress</dc:contributor>
<dc:description>This file contains bill summaries for federal legislation. A bill summary describes the most significant provisions of a piece of legislation and details the effects the legislative text may have on current law and federal programs. Bill summaries are authored by the Congressional Research Service (CRS) of the Library of Congress. As stated in Public Law 91-510 (2 USC 166 (d)(6)), one of the duties of CRS is "to prepare summaries and digests of bills and resolutions of a public general nature introduced in the Senate or House of Representatives". For more information, refer to the User Guide that accompanies this file.</dc:description>
</dublinCore>
</BillSummaries>
