<?xml version="1.0" encoding="UTF-8"?><BillSummaries>
<item congress="115" measure-type="hr" measure-number="1430" measure-id="id115hr1430" originChamber="HOUSE" orig-publish-date="2017-03-08" update-date="2017-04-10">
<title>HONEST Act</title>
<summary summary-id="id115hr1430v81" currentChamber="HOUSE" update-date="2017-04-10">
<action-date>2017-03-29</action-date>
<action-desc>Passed House without amendment</action-desc>
<summary-text><![CDATA[<p>(This measure has not been amended since it was introduced. The expanded summary of the House reported version is repeated here.) </p><p><b>Honest and Open New EPA Science Treatment Act of 2017 or the HONEST Act</b></p> <p>(Sec. 2) This bill amends the Environmental Research, Development, and Demonstration Authorization Act of 1978 to prohibit the Environmental Protection Agency from proposing, finalizing, or disseminating a covered action unless all scientific and technical information relied on to support such action is the best available science, specifically identified, and publicly available in a manner sufficient for independent analysis and substantial reproduction of research results. A covered action includes a risk, exposure, or hazard assessment, criteria document, standard, limitation, regulation, regulatory impact analysis, or guidance. Personally identifiable information, trade secrets, or commercial or financial information obtained from a person and privileged or confidential must be redacted prior to public availability.</p>]]></summary-text>
</summary>
<summary summary-id="id115hr1430v79" currentChamber="HOUSE" update-date="2017-04-03">
<action-date>2017-03-24</action-date>
<action-desc>Reported to House without amendment</action-desc>
<summary-text><![CDATA[<p>(This measure has not been amended since it was introduced. The summary has been expanded because action occurred on the measure.)</p> <p><b>Honest and Open New EPA Science Treatment Act of 2017 or the HONEST Act</b></p> <p>(Sec. 2) This bill amends the Environmental Research, Development, and Demonstration Authorization Act of 1978 to prohibit the Environmental Protection Agency from proposing, finalizing, or disseminating a covered action unless all scientific and technical information relied on to support such action is the best available science, specifically identified, and publicly available in a manner sufficient for independent analysis and substantial reproduction of research results. A covered action includes a risk, exposure, or hazard assessment, criteria document, standard, limitation, regulation, regulatory impact analysis, or guidance. Personally identifiable information, trade secrets, or commercial or financial information obtained from a person and privileged or confidential must be redacted prior to public availability.</p>]]></summary-text>
</summary>
<summary summary-id="id115hr1430v00" currentChamber="HOUSE" update-date="2017-03-27">
<action-date>2017-03-08</action-date>
<action-desc>Introduced in House</action-desc>
<summary-text><![CDATA[<p><b>Honest and Open New EPA Science Treatment Act of 2017 or the HONEST Act</b></p> <p>This bill amends the Environmental Research, Development, and Demonstration Authorization Act of 1978 to prohibit the Environmental Protection Agency from proposing, finalizing, or disseminating a covered action unless all scientific and technical information relied on to support such action is the best available science, specifically identified, and publicly available in a manner sufficient for independent analysis and substantial reproduction of research results. A covered action includes a risk, exposure, or hazard assessment, criteria document, standard, limitation, regulation, regulatory impact analysis, or guidance. Personally identifiable information, trade secrets, or commercial or financial information obtained from a person and privileged or confidential must be redacted prior to public availability.</p>]]></summary-text>
</summary>
</item>
<dublinCore xmlns:dc="http://purl.org/dc/elements/1.1/">
<dc:format>text/xml</dc:format>
<dc:language>EN</dc:language>
<dc:rights>Pursuant to Title 17 Section 105 of the United States Code, this file is not subject to copyright protection and is in the public domain.</dc:rights>
<dc:contributor>Congressional Research Service, Library of Congress</dc:contributor>
<dc:description>This file contains bill summaries for federal legislation. A bill summary describes the most significant provisions of a piece of legislation and details the effects the legislative text may have on current law and federal programs. Bill summaries are authored by the Congressional Research Service (CRS) of the Library of Congress. As stated in Public Law 91-510 (2 USC 166 (d)(6)), one of the duties of CRS is "to prepare summaries and digests of bills and resolutions of a public general nature introduced in the Senate or House of Representatives". For more information, refer to the User Guide that accompanies this file.</dc:description>
</dublinCore>
</BillSummaries>
