<?xml version="1.0" encoding="UTF-8"?><BillSummaries>
<item congress="115" measure-type="hr" measure-number="1506" measure-id="id115hr1506" originChamber="HOUSE" orig-publish-date="2017-03-10" update-date="2017-03-25">
<title>VA Health Care Provider Education Debt Relief Act of 2017</title>
<summary summary-id="id115hr1506v00" currentChamber="HOUSE" update-date="2017-03-25">
<action-date>2017-03-10</action-date>
<action-desc>Introduced in House</action-desc>
<summary-text><![CDATA[<p><b>VA Health Care Provider Education Debt Relief Act of 2017</b></p> <p>This bill increases the annual and five-year caps on the amount of education debt reduction available to Veterans Health Administration health care professionals under the Department of Veterans Affairs (VA) education debt reduction program. </p> <p>The VA may waive such caps for a participant working in a geographical area designated by the Department of Health and Human Services as a health professional shortage area with respect to such participant's specialty or assignment. </p>]]></summary-text>
</summary>
</item>
<dublinCore xmlns:dc="http://purl.org/dc/elements/1.1/">
<dc:format>text/xml</dc:format>
<dc:language>EN</dc:language>
<dc:rights>Pursuant to Title 17 Section 105 of the United States Code, this file is not subject to copyright protection and is in the public domain.</dc:rights>
<dc:contributor>Congressional Research Service, Library of Congress</dc:contributor>
<dc:description>This file contains bill summaries for federal legislation. A bill summary describes the most significant provisions of a piece of legislation and details the effects the legislative text may have on current law and federal programs. Bill summaries are authored by the Congressional Research Service (CRS) of the Library of Congress. As stated in Public Law 91-510 (2 USC 166 (d)(6)), one of the duties of CRS is "to prepare summaries and digests of bills and resolutions of a public general nature introduced in the Senate or House of Representatives". For more information, refer to the User Guide that accompanies this file.</dc:description>
</dublinCore>
</BillSummaries>
