<?xml version="1.0" encoding="UTF-8"?><BillSummaries>
<item congress="115" measure-type="hr" measure-number="1667" measure-id="id115hr1667" originChamber="HOUSE" orig-publish-date="2017-03-22" update-date="2017-09-25">
<title>Financial Institution Bankruptcy Act of 2017</title>
<summary summary-id="id115hr1667v36" currentChamber="HOUSE" update-date="2017-09-25">
<action-date>2017-04-05</action-date>
<action-desc>Passed House amended</action-desc>
<summary-text><![CDATA[<p><b>Financial Institution Bankruptcy Act of 2017</b></p> <p>(Sec. 2) This bill amends federal bankruptcy law to allow certain large financial institutions to elect a new "Subchapter V"&nbsp;bankruptcy process&nbsp;specific to such&nbsp;institutions.</p> <p>(Sec. 3) Under the new process,&nbsp;a debtor institution may request the&nbsp;bankruptcy court&nbsp;to order&nbsp;the transfer of the debtor's assets to a newly formed bridge company. The trust agreement governing&nbsp;such an assets&nbsp;transfer must meet specified requirements.</p> <p>The court may order such an assets transfer only if&nbsp;it&nbsp;determines, by a preponderance of the evidence, that: (1) the transfer is necessary to prevent serious adverse effects on financial stability in the United States, (2) other specified requirements are met.</p> <p>The bill imposes a temporary stay on actions to terminate or modify contracts with institutions that enter the Subchapter V bankruptcy process.</p> <p>Members of the institution's board of directors shall have no liability to shareholders or creditors for a good faith filing of a petition to commence a Subchapter V bankruptcy case.</p> <p>The bill specifies timelines with respect to the commencement of a case and the transfer of assets.</p> <p>The Securities and Exchange Commission and the Federal Deposit Insurance Corporation, among other federal regulatory agencies, shall have standing in a Subchapter V bankruptcy case.</p> <p>Under specified conditions, a Subchapter V bankruptcy case may be converted into a case&nbsp;in Chapter 7 bankruptcy (also known as "liquidation" bankruptcy).</p> <p>(Sec. 4) The bill amends the federal judicial code to require the Chief Justice of the United States&nbsp;to designate at least 10 bankruptcy judges to be available to hear Subchapter V bankruptcy cases.</p>]]></summary-text>
</summary>
<summary summary-id="id115hr1667v00" currentChamber="HOUSE" update-date="2017-04-05">
<action-date>2017-03-22</action-date>
<action-desc>Introduced in House</action-desc>
<summary-text><![CDATA[<p><b>Financial Institution Bankruptcy Act of 2017</b></p> <p>This bill amends federal bankruptcy law to allow certain large financial institutions to elect a new "Subchapter V"&nbsp;bankruptcy process&nbsp;specific to such&nbsp;institutions.</p> <p>Under the new process,&nbsp;a debtor institution may request the&nbsp;bankruptcy court&nbsp;to order&nbsp;the transfer of the debtor's assets to a newly formed bridge company. The trust agreement governing&nbsp;such an assets&nbsp;transfer must meet specified requirements.</p> <p>The court may order such an assets transfer only if&nbsp;it&nbsp;determines, by a preponderance of the evidence, that: (1) the transfer is necessary to prevent serious adverse effects on financial stability in the United States, (2) other specified requirements are met.</p> <p>The bill imposes a temporary stay on actions to terminate or modify contracts with institutions that enter the Subchapter V bankruptcy process.</p> <p>Members of the institution's board of directors shall have no liability to shareholders or creditors for a good faith filing of a petition to commence a Subchapter V bankruptcy case.</p> <p>The bill specifies timelines with respect to the commencement of a case and the transfer of assets.</p> <p>The Securities and Exchange Commission and the Federal Deposit Insurance Corporation, among other federal regulatory agencies, shall have standing in a Subchapter V bankruptcy case.</p> <p>Under specified conditions, a Subchapter V bankruptcy case may be converted into a case&nbsp;in Chapter 7 bankruptcy (also known as "liquidation" bankruptcy).</p> <p>The bill amends the federal judicial code to require the Chief Justice of the United States&nbsp;to designate at least 10 bankruptcy judges to be available to hear Subchapter V bankruptcy cases.</p>]]></summary-text>
</summary>
</item>
<dublinCore xmlns:dc="http://purl.org/dc/elements/1.1/">
<dc:format>text/xml</dc:format>
<dc:language>EN</dc:language>
<dc:rights>Pursuant to Title 17 Section 105 of the United States Code, this file is not subject to copyright protection and is in the public domain.</dc:rights>
<dc:contributor>Congressional Research Service, Library of Congress</dc:contributor>
<dc:description>This file contains bill summaries for federal legislation. A bill summary describes the most significant provisions of a piece of legislation and details the effects the legislative text may have on current law and federal programs. Bill summaries are authored by the Congressional Research Service (CRS) of the Library of Congress. As stated in Public Law 91-510 (2 USC 166 (d)(6)), one of the duties of CRS is "to prepare summaries and digests of bills and resolutions of a public general nature introduced in the Senate or House of Representatives". For more information, refer to the User Guide that accompanies this file.</dc:description>
</dublinCore>
</BillSummaries>
