<?xml version="1.0" encoding="UTF-8"?><BillSummaries>
<item congress="115" measure-type="hr" measure-number="955" measure-id="id115hr955" originChamber="HOUSE" orig-publish-date="2017-02-07" update-date="2017-03-28">
<title>Cyber Defense National Guard Act</title>
<summary summary-id="id115hr955v00" currentChamber="HOUSE" update-date="2017-03-28">
<action-date>2017-02-07</action-date>
<action-desc>Introduced in House</action-desc>
<summary-text><![CDATA[<p><b>Cyber Defense National Guard Act</b></p> <p> This bill requires the Director of National Intelligence to report to Congress regarding the feasibility of establishing a Cyber Defense National Guard.</p> <p>The report must address: (1) the number of persons who would be needed to defend the critical infrastructure of the United States from a cyber attack or man-made intentional or unintentional catastrophic incident; (2) elements of the federal government that would be best equipped to recruit, train, and manage such a National Guard; (3) resources that can be pre-positioned and training that can be instilled to assure responsiveness if an incident disrupts communications in a region or area; (4) logistics of allowing governors to use such a National Guard in states during times of cyber emergency; and (5) whether a force trained to defend U.S. networks in a major attack or natural or man-made disaster will benefit overall efforts to defend the interests of the United States.</p>]]></summary-text>
</summary>
</item>
<dublinCore xmlns:dc="http://purl.org/dc/elements/1.1/">
<dc:format>text/xml</dc:format>
<dc:language>EN</dc:language>
<dc:rights>Pursuant to Title 17 Section 105 of the United States Code, this file is not subject to copyright protection and is in the public domain.</dc:rights>
<dc:contributor>Congressional Research Service, Library of Congress</dc:contributor>
<dc:description>This file contains bill summaries for federal legislation. A bill summary describes the most significant provisions of a piece of legislation and details the effects the legislative text may have on current law and federal programs. Bill summaries are authored by the Congressional Research Service (CRS) of the Library of Congress. As stated in Public Law 91-510 (2 USC 166 (d)(6)), one of the duties of CRS is "to prepare summaries and digests of bills and resolutions of a public general nature introduced in the Senate or House of Representatives". For more information, refer to the User Guide that accompanies this file.</dc:description>
</dublinCore>
</BillSummaries>
