<?xml version="1.0" encoding="UTF-8"?><BillSummaries>
<item congress="115" measure-type="hr" measure-number="1327" measure-id="id115hr1327" originChamber="HOUSE" orig-publish-date="2017-03-02" update-date="2017-04-07">
<title>American Red Cross Transparency Act of 2017</title>
<summary summary-id="id115hr1327v00" currentChamber="HOUSE" update-date="2017-04-07">
<action-date>2017-03-02</action-date>
<action-desc>Introduced in House</action-desc>
<summary-text><![CDATA[<p><strong>American Red Cross Transparency Act of 2017</strong></p> <p>This bill authorizes the Government Accountability Office (GAO) to review: (1) the internal governance of the American National Red Cross (the corporation), and (2) any program or activity carried out by the corporation that is connected to national preparedness.</p> <p>The bill grants the GAO: (1) access to, and the right to examine and copy, all records of the corporation that the GAO determines are relevant to such review; and (2) access to, and the right to interview, any employee, volunteer, agent, or member of the board of governors of the corporation whom the GAO believes has knowledge relevant to such review. The GAO may issue a subpoena and bring a civil action in U.S. District Court for the District of Columbia to enforce such access. </p>]]></summary-text>
</summary>
</item>
<dublinCore xmlns:dc="http://purl.org/dc/elements/1.1/">
<dc:format>text/xml</dc:format>
<dc:language>EN</dc:language>
<dc:rights>Pursuant to Title 17 Section 105 of the United States Code, this file is not subject to copyright protection and is in the public domain.</dc:rights>
<dc:contributor>Congressional Research Service, Library of Congress</dc:contributor>
<dc:description>This file contains bill summaries for federal legislation. A bill summary describes the most significant provisions of a piece of legislation and details the effects the legislative text may have on current law and federal programs. Bill summaries are authored by the Congressional Research Service (CRS) of the Library of Congress. As stated in Public Law 91-510 (2 USC 166 (d)(6)), one of the duties of CRS is "to prepare summaries and digests of bills and resolutions of a public general nature introduced in the Senate or House of Representatives". For more information, refer to the User Guide that accompanies this file.</dc:description>
</dublinCore>
</BillSummaries>
