<?xml version="1.0" encoding="UTF-8"?><BillSummaries>
<item congress="115" measure-type="hr" measure-number="1529" measure-id="id115hr1529" originChamber="HOUSE" orig-publish-date="2017-03-15" update-date="2017-03-27">
<title>Debt Limit Control and Accountability Act of 2017</title>
<summary summary-id="id115hr1529v00" currentChamber="HOUSE" update-date="2017-03-27">
<action-date>2017-03-15</action-date>
<action-desc>Introduced in House</action-desc>
<summary-text><![CDATA[<p><b>Debt Limit Control and Accountability Act of 2017</b></p> <p>This bill prohibits the Department of the Treasury from using extraordinary measures either to prevent the United States from reaching the statutory debt limit or once the debt limit has been reached. </p> <p>Under the bill, extraordinary measures are: </p> <ul> <li>suspending investments of the Thrift Savings Plan G Fund or the Exchange Stabilization Fund, </li> <li>suspending the issuance of new securities to the Civil Service Retirement and Disability Fund and Postal Service Retiree Health Benefits Fund,</li> <li>redeeming early securities held by the Civil Service Retirement and Disability Fund and the Postal Service Retiree Health Benefits Fund,</li> <li>suspending the issuance of new State and Local Government Series securities and savings bonds,</li> <li>replacing Treasury securities subject to the debt limit with debt issued by the Federal Financing Bank, or </li> <li>any other extraordinary actions taken by Treasury to avoid defaulting on the obligations of the United States. </li> </ul> <p>The bill also repeals statutory provisions that established procedures for presidential modification of the debt ceiling. </p>]]></summary-text>
</summary>
</item>
<dublinCore xmlns:dc="http://purl.org/dc/elements/1.1/">
<dc:format>text/xml</dc:format>
<dc:language>EN</dc:language>
<dc:rights>Pursuant to Title 17 Section 105 of the United States Code, this file is not subject to copyright protection and is in the public domain.</dc:rights>
<dc:contributor>Congressional Research Service, Library of Congress</dc:contributor>
<dc:description>This file contains bill summaries for federal legislation. A bill summary describes the most significant provisions of a piece of legislation and details the effects the legislative text may have on current law and federal programs. Bill summaries are authored by the Congressional Research Service (CRS) of the Library of Congress. As stated in Public Law 91-510 (2 USC 166 (d)(6)), one of the duties of CRS is "to prepare summaries and digests of bills and resolutions of a public general nature introduced in the Senate or House of Representatives". For more information, refer to the User Guide that accompanies this file.</dc:description>
</dublinCore>
</BillSummaries>
