<?xml version="1.0" encoding="UTF-8"?><BillSummaries>
<item congress="115" measure-type="hr" measure-number="725" measure-id="id115hr725" originChamber="HOUSE" orig-publish-date="2017-01-30" update-date="2017-03-15">
<title>Innocent Party Protection Act</title>
<summary summary-id="id115hr725v81" currentChamber="HOUSE" update-date="2017-03-15">
<action-date>2017-03-09</action-date>
<action-desc>Passed House without amendment</action-desc>
<summary-text><![CDATA[<p>(This measure has not been amended since it was introduced. The expanded summary of the House reported version is repeated here.) </p><p><b>Innocent Party Protection Act</b></p> (Sec. 2) This bill amends procedures under which federal courts determine whether a case that was removed from a state court to a federal court on the basis of a diversity of citizenship among the parties may be remanded back to state court upon a motion opposed on fraudulent joinder grounds that: (1) one or more defendants are citizens of the same state as one or more plaintiffs, or (2) one or more defendants properly joined and served are citizens of the state in which the action was brought. <p>Joinder of such a defendant is fraudulent if the court finds:</p> <ul> <li> actual fraud in the pleading of jurisdictional facts with respect to that defendant, </li> </ul> <ul> <li>state law would not plausibly impose liability on that defendant,</li> </ul> <ul> <li> state or federal law bars all claims in the complaint against that defendant, or </li> </ul> <ul> <li> no good faith intention to prosecute the action against that defendant or to seek a joint judgment including that defendant. </ul> <p>In determining whether to grant or deny such a motion for remand, the court: (1) may permit pleadings to be amended; and (2) must consider the pleadings, affidavits, and other evidence submitted by the parties.</p> <p>A federal court finding that all such defendants have been fraudulently joined must: (1) dismiss without prejudice the claims against those defendants, and (2) deny the motion for remand. </p>]]></summary-text>
</summary>
<summary summary-id="id115hr725v79" currentChamber="HOUSE" update-date="2017-03-15">
<action-date>2017-02-24</action-date>
<action-desc>Reported to House without amendment</action-desc>
<summary-text><![CDATA[<p>(This measure has not been amended since it was introduced. The summary has been expanded because action occurred on the measure.)</p> <p><b>Innocent Party Protection Act</b></p> (Sec. 2) This bill amends procedures under which federal courts determine whether a case that was removed from a state court to a federal court on the basis of a diversity of citizenship among the parties may be remanded back to state court upon a motion opposed on fraudulent joinder grounds that: (1) one or more defendants are citizens of the same state as one or more plaintiffs, or (2) one or more defendants properly joined and served are citizens of the state in which the action was brought. <p>Joinder of such a defendant is fraudulent if the court finds:</p> <ul> <li> actual fraud in the pleading of jurisdictional facts with respect to that defendant, </li> </ul> <ul> <li>state law would not plausibly impose liability on that defendant,</li> </ul> <ul> <li> state or federal law bars all claims in the complaint against that defendant, or </li> </ul> <ul> <li> no good faith intention to prosecute the action against that defendant or to seek a joint judgment including that defendant. </ul> <p>In determining whether to grant or deny such a motion for remand, the court: (1) may permit pleadings to be amended; and (2) must consider the pleadings, affidavits, and other evidence submitted by the parties.</p> <p>A federal court finding that all such defendants have been fraudulently joined must: (1) dismiss without prejudice the claims against those defendants, and (2) deny the motion for remand. </p>]]></summary-text>
</summary>
<summary summary-id="id115hr725v00" currentChamber="HOUSE" update-date="2017-02-22">
<action-date>2017-01-30</action-date>
<action-desc>Introduced in House</action-desc>
<summary-text><![CDATA[<p><b>Innocent Party Protection Act</b></p> This bill amends procedures under which federal courts determine whether a case that was removed from a state court to a federal court on the basis of a diversity of citizenship among the parties may be remanded back to state court upon a motion opposed on fraudulent joinder grounds that: (1) one or more defendants are citizens of the same state as one or more plaintiffs, or (2) one or more defendants properly joined and served are citizens of the state in which the action was brought. <p>Joinder of such a defendant is fraudulent if the court finds:</p> <ul> <li> actual fraud in the pleading of jurisdictional facts with respect to that defendant, </li> </ul> <ul> <li>state law would not plausibly impose liability on that defendant,</li> </ul> <ul> <li> state or federal law bars all claims in the complaint against that defendant, or </li> </ul> <ul> <li> no good faith intention to prosecute the action against that defendant or to seek a joint judgment including that defendant. </ul> <p>In determining whether to grant or deny such a motion for remand, the court: (1) may permit pleadings to be amended; and (2) must consider the pleadings, affidavits, and other evidence submitted by the parties.</p> <p>A federal court finding that all such defendants have been fraudulently joined must: (1) dismiss without prejudice the claims against those defendants, and (2) deny the motion for remand. </p>]]></summary-text>
</summary>
</item>
<dublinCore xmlns:dc="http://purl.org/dc/elements/1.1/">
<dc:format>text/xml</dc:format>
<dc:language>EN</dc:language>
<dc:rights>Pursuant to Title 17 Section 105 of the United States Code, this file is not subject to copyright protection and is in the public domain.</dc:rights>
<dc:contributor>Congressional Research Service, Library of Congress</dc:contributor>
<dc:description>This file contains bill summaries for federal legislation. A bill summary describes the most significant provisions of a piece of legislation and details the effects the legislative text may have on current law and federal programs. Bill summaries are authored by the Congressional Research Service (CRS) of the Library of Congress. As stated in Public Law 91-510 (2 USC 166 (d)(6)), one of the duties of CRS is "to prepare summaries and digests of bills and resolutions of a public general nature introduced in the Senate or House of Representatives". For more information, refer to the User Guide that accompanies this file.</dc:description>
</dublinCore>
</BillSummaries>
