<?xml version="1.0" encoding="UTF-8"?><BillSummaries>
<item congress="115" measure-type="hr" measure-number="1799" measure-id="id115hr1799" originChamber="HOUSE" orig-publish-date="2017-03-29" update-date="2017-04-08">
<title>Veterans Affairs Transfer of Information and sharing of Disability Examination Procedures with DOD Doctors Act</title>
<summary summary-id="id115hr1799v00" currentChamber="HOUSE" update-date="2017-04-08">
<action-date>2017-03-29</action-date>
<action-desc>Introduced in House</action-desc>
<summary-text><![CDATA[<p><strong>Veterans Affairs Transfer of Information and Sharing of Disability Examination Procedures with DOD Doctors Act</strong></p> <p>This bill declares that: </p> <ul> <li>if a member of the Armed Forces who is required to receive a physical examination as part of his or her separation from active duty has or is believed to have a medical condition that will or may make the member eligible for Department of Veterans Affairs (VA) disability compensation and benefits, the physical examination shall be performed by a VA-certified health care provider; and </li> <li>if such a condition is discovered during the physical examination and the examining health care provider is not VA-certified, the examination shall be completed by a VA-certified health care provider. </li> </ul> <p>An eligibility determination made as part of such physical examination shall be binding on the VA and be used as the basis for assigning the member's disability rating.</p> <p>The VA and the Department of Defense shall jointly establish a system to share data and maintain the medical and personnel records of members of the Armed Forces and veterans.</p>]]></summary-text>
</summary>
</item>
<dublinCore xmlns:dc="http://purl.org/dc/elements/1.1/">
<dc:format>text/xml</dc:format>
<dc:language>EN</dc:language>
<dc:rights>Pursuant to Title 17 Section 105 of the United States Code, this file is not subject to copyright protection and is in the public domain.</dc:rights>
<dc:contributor>Congressional Research Service, Library of Congress</dc:contributor>
<dc:description>This file contains bill summaries for federal legislation. A bill summary describes the most significant provisions of a piece of legislation and details the effects the legislative text may have on current law and federal programs. Bill summaries are authored by the Congressional Research Service (CRS) of the Library of Congress. As stated in Public Law 91-510 (2 USC 166 (d)(6)), one of the duties of CRS is "to prepare summaries and digests of bills and resolutions of a public general nature introduced in the Senate or House of Representatives". For more information, refer to the User Guide that accompanies this file.</dc:description>
</dublinCore>
</BillSummaries>
