<?xml version="1.0" encoding="UTF-8"?><BillSummaries>
<item congress="115" measure-type="hr" measure-number="81" measure-id="id115hr81" originChamber="HOUSE" orig-publish-date="2017-01-03" update-date="2017-01-12">
<title>To suspend, and subsequently terminate, the admission of certain refugees, to examine the impact on the national security of the United States of admitting refugees, to examine the costs of providing benefits to such individuals, and for other purposes.</title>
<summary summary-id="id115hr81v00" currentChamber="HOUSE" update-date="2017-01-12">
<action-date>2017-01-03</action-date>
<action-desc>Introduced in House</action-desc>
<summary-text><![CDATA[<p><strong>Resettlement Accountability National Security Prioritization Act of 2017</strong></p> <p>This bill prohibits the admission of covered aliens into the United States for four years unless Congress passes a joint resolution giving the Department of Homeland Security authority to admit them. No covered alien may be admitted into the United States after such four-year period.</p> <p> "Covered alien" means an alien applying for refugee admission to the United States who: (1) is a national of Afghanistan, Iraq, Libya, Somalia, Syria, or Yemen; or (2) has no nationality and whose last habitual residence was in Afghanistan, Iraq, Libya, Somalia, Syria, or Yemen. </p> <p>The Government Accountability Office shall report on: (1) the national security impact of refugee admissions; and (2) specified costs of providing refugees with benefits under Medicare, Medicaid, disability insurance under title II of the Social Security Act, the supplemental nutrition assistance program (SNAP, formerly the food stamp program), and section 8 rental assistance.</p>]]></summary-text>
</summary>
</item>
<dublinCore xmlns:dc="http://purl.org/dc/elements/1.1/">
<dc:format>text/xml</dc:format>
<dc:language>EN</dc:language>
<dc:rights>Pursuant to Title 17 Section 105 of the United States Code, this file is not subject to copyright protection and is in the public domain.</dc:rights>
<dc:contributor>Congressional Research Service, Library of Congress</dc:contributor>
<dc:description>This file contains bill summaries for federal legislation. A bill summary describes the most significant provisions of a piece of legislation and details the effects the legislative text may have on current law and federal programs. Bill summaries are authored by the Congressional Research Service (CRS) of the Library of Congress. As stated in Public Law 91-510 (2 USC 166 (d)(6)), one of the duties of CRS is "to prepare summaries and digests of bills and resolutions of a public general nature introduced in the Senate or House of Representatives". For more information, refer to the User Guide that accompanies this file.</dc:description>
</dublinCore>
</BillSummaries>
