<?xml version="1.0" encoding="UTF-8"?><BillSummaries>
<item congress="115" measure-type="hr" measure-number="93" measure-id="id115hr93" originChamber="HOUSE" orig-publish-date="2017-01-03" update-date="2017-01-12">
<title>To amend title 38, United States Code, to provide for increased access to Department of Veterans Affairs medical care for women veterans.</title>
<summary summary-id="id115hr93v00" currentChamber="HOUSE" update-date="2017-01-12">
<action-date>2017-01-03</action-date>
<action-desc>Introduced in House</action-desc>
<summary-text><![CDATA[<p>This bill directs the Department of Veterans Affairs (VA) to ensure that gender specific services are continuously available at every VA medical center and community based outpatient clinic.</p> <p>The VA is authorized to employ such personnel and enter into such contracts as may be necessary to provide such services based on the standards of the VA and the demand for such services.</p>]]></summary-text>
</summary>
</item>
<dublinCore xmlns:dc="http://purl.org/dc/elements/1.1/">
<dc:format>text/xml</dc:format>
<dc:language>EN</dc:language>
<dc:rights>Pursuant to Title 17 Section 105 of the United States Code, this file is not subject to copyright protection and is in the public domain.</dc:rights>
<dc:contributor>Congressional Research Service, Library of Congress</dc:contributor>
<dc:description>This file contains bill summaries for federal legislation. A bill summary describes the most significant provisions of a piece of legislation and details the effects the legislative text may have on current law and federal programs. Bill summaries are authored by the Congressional Research Service (CRS) of the Library of Congress. As stated in Public Law 91-510 (2 USC 166 (d)(6)), one of the duties of CRS is "to prepare summaries and digests of bills and resolutions of a public general nature introduced in the Senate or House of Representatives". For more information, refer to the User Guide that accompanies this file.</dc:description>
</dublinCore>
</BillSummaries>
