<?xml version="1.0" encoding="UTF-8"?><BillSummaries>
<item congress="115" measure-type="hr" measure-number="865" measure-id="id115hr865" originChamber="HOUSE" orig-publish-date="2017-02-03" update-date="2017-02-22">
<title>Emergency Forest Restoration Act</title>
<summary summary-id="id115hr865v00" currentChamber="HOUSE" update-date="2017-02-22">
<action-date>2017-02-03</action-date>
<action-desc>Introduced in House</action-desc>
<summary-text><![CDATA[<p><b>Emergency Forest Restoration Act</b></p> <p>This bill allows the Department of Agriculture (USDA), regarding National Forest System lands, or the Department of the Interior, regarding public lands, to develop and carry out a forest management activity on lands of the department concerned in a state when the activity's primary purpose is to address an insect or disease infestation that has been declared an emergency by the state governor.</p> <p>With specified exceptions, a categorical exclusion shall be available to USDA or Interior for these purposes. </p> <p>A &quot;categorical exclusion&quot; is an exception to the requirements of the National Environmental Policy Act of 1969 for a project or activity relating to the management of National Forest System lands or public lands that would otherwise be considered a major federal action. </p> <p>Beginning in FY2019, USDA shall identify the amount of funds, if any, appropriated in the previous fiscal year pursuant to the authorization of appropriations specified in this bill. </p> <p>Within five years of the end of the fiscal year in which an identification is made, USDA shall sell an amount of timber the sale of which is sufficient to recoup the identified amount and any associated costs.</p> <p>The bill prescribes requirements for the deposit of sales proceeds. </p>]]></summary-text>
</summary>
</item>
<dublinCore xmlns:dc="http://purl.org/dc/elements/1.1/">
<dc:format>text/xml</dc:format>
<dc:language>EN</dc:language>
<dc:rights>Pursuant to Title 17 Section 105 of the United States Code, this file is not subject to copyright protection and is in the public domain.</dc:rights>
<dc:contributor>Congressional Research Service, Library of Congress</dc:contributor>
<dc:description>This file contains bill summaries for federal legislation. A bill summary describes the most significant provisions of a piece of legislation and details the effects the legislative text may have on current law and federal programs. Bill summaries are authored by the Congressional Research Service (CRS) of the Library of Congress. As stated in Public Law 91-510 (2 USC 166 (d)(6)), one of the duties of CRS is "to prepare summaries and digests of bills and resolutions of a public general nature introduced in the Senate or House of Representatives". For more information, refer to the User Guide that accompanies this file.</dc:description>
</dublinCore>
</BillSummaries>
