<?xml version="1.0" encoding="UTF-8"?><BillSummaries>
<item congress="115" measure-type="hr" measure-number="1093" measure-id="id115hr1093" originChamber="HOUSE" orig-publish-date="2017-02-15" update-date="2018-11-29">
<title>To require the Federal Railroad Administration to provide appropriate congressional notice of comprehensive safety assessments conducted with respect to intercity or commuter rail passenger transportation.</title>
<summary summary-id="id115hr1093v36" currentChamber="HOUSE" update-date="2018-11-29">
<action-date>2018-09-27</action-date>
<action-desc>Passed House amended</action-desc>
<summary-text><![CDATA[<p>(Sec. 1) This bill requires the Federal Railroad Administration: (1) within 10 days after it initiates a comprehensive safety assessment of an entity providing regularly scheduled intercity or commuter rail passenger service, to notify specified congressional committees and each Member of Congress representing a state in which the service that is the subject of the assessment being conducted is located, of the initiation of that assessment; and (2) within 90 days after completing such assessment, to report the findings of such assessment to such committees and Members. </p>]]></summary-text>
</summary>
<summary summary-id="id115hr1093v17" currentChamber="HOUSE" update-date="2018-06-13">
<action-date>2018-03-13</action-date>
<action-desc>Reported to House with amendment(s)</action-desc>
<summary-text><![CDATA[<p>This bill requires the Federal Railroad Administration: (1) within 10 days after initiating a comprehensive safety assessment of an entity providing regularly scheduled intercity or commuter rail passenger transportation to notify specified congressional committees and each Member of Congress representing a state in which the service that is the subject of the assessment is being conducted is located; and (2) within 90 days after completing such safety assessment, to report the results to such committees and Members. </p>]]></summary-text>
</summary>
<summary summary-id="id115hr1093v00" currentChamber="HOUSE" update-date="2017-03-28">
<action-date>2017-02-15</action-date>
<action-desc>Introduced in House</action-desc>
<summary-text><![CDATA[<p>This bill requires the Federal Railroad Administration or the Federal Transit Authority: (1) within 10 days after beginning a safety audit of a railroad or rail transit agency, to notify specified congressional committees and each Member of Congress representing a state through which such agency operates service; and (2) within 90 days after completing such audit, to report the results to such committees and Members. </p>]]></summary-text>
</summary>
</item>
<dublinCore xmlns:dc="http://purl.org/dc/elements/1.1/">
<dc:format>text/xml</dc:format>
<dc:language>EN</dc:language>
<dc:rights>Pursuant to Title 17 Section 105 of the United States Code, this file is not subject to copyright protection and is in the public domain.</dc:rights>
<dc:contributor>Congressional Research Service, Library of Congress</dc:contributor>
<dc:description>This file contains bill summaries for federal legislation. A bill summary describes the most significant provisions of a piece of legislation and details the effects the legislative text may have on current law and federal programs. Bill summaries are authored by the Congressional Research Service (CRS) of the Library of Congress. As stated in Public Law 91-510 (2 USC 166 (d)(6)), one of the duties of CRS is "to prepare summaries and digests of bills and resolutions of a public general nature introduced in the Senate or House of Representatives". For more information, refer to the User Guide that accompanies this file.</dc:description>
</dublinCore>
</BillSummaries>
