<?xml version="1.0" encoding="UTF-8"?><BillSummaries>
<item congress="115" measure-type="hr" measure-number="307" measure-id="id115hr307" originChamber="HOUSE" orig-publish-date="2017-01-05" update-date="2017-02-04">
<title>Lead by Example Act of 2017</title>
<summary summary-id="id115hr307v00" currentChamber="HOUSE" update-date="2017-02-04">
<action-date>2017-01-05</action-date>
<action-desc>Introduced in House</action-desc>
<summary-text><![CDATA[<p><b>Lead by Example Act of 2017</b></p> <p>This bill provides that, beginning January 3, 2019, the only health care plan the federal government may make available to Members of Congress and congressional staff shall be health care provided through the Department of Veterans Affairs (VA).</p> <p>By September 15, 2017, the VA and the Office of Personnel Management shall jointly submit to Congress a plan to carry out this bill, including recommendations for any necessary legislative actions.</p>]]></summary-text>
</summary>
</item>
<dublinCore xmlns:dc="http://purl.org/dc/elements/1.1/">
<dc:format>text/xml</dc:format>
<dc:language>EN</dc:language>
<dc:rights>Pursuant to Title 17 Section 105 of the United States Code, this file is not subject to copyright protection and is in the public domain.</dc:rights>
<dc:contributor>Congressional Research Service, Library of Congress</dc:contributor>
<dc:description>This file contains bill summaries for federal legislation. A bill summary describes the most significant provisions of a piece of legislation and details the effects the legislative text may have on current law and federal programs. Bill summaries are authored by the Congressional Research Service (CRS) of the Library of Congress. As stated in Public Law 91-510 (2 USC 166 (d)(6)), one of the duties of CRS is "to prepare summaries and digests of bills and resolutions of a public general nature introduced in the Senate or House of Representatives". For more information, refer to the User Guide that accompanies this file.</dc:description>
</dublinCore>
</BillSummaries>
