<?xml version="1.0" encoding="UTF-8"?><BillSummaries>
<item congress="115" measure-type="hr" measure-number="448" measure-id="id115hr448" originChamber="HOUSE" orig-publish-date="2017-01-11" update-date="2017-03-20">
<title>Water Conservation Rebate Tax Parity Act</title>
<summary summary-id="id115hr448v00" currentChamber="HOUSE" update-date="2017-03-20">
<action-date>2017-01-11</action-date>
<action-desc>Introduced in House</action-desc>
<summary-text><![CDATA[<p><b>Water Conservation Rebate Tax Parity Act </b></p> <p>This bill amends the Internal Revenue Code to expand the tax exclusion for energy conservation subsidies provided by public utilities to exclude from gross income subsidies provided (directly or indirectly): (1) by a public utility to a customer, or by a state or local government to a resident of such state or locality, for the purchase or installation of any water conservation or efficiency measure; and (2) by a storm water management provider to a customer, or by a state or local government to a resident of such state or locality, for the purchase or installation of any storm water management measure. </p>]]></summary-text>
</summary>
</item>
<dublinCore xmlns:dc="http://purl.org/dc/elements/1.1/">
<dc:format>text/xml</dc:format>
<dc:language>EN</dc:language>
<dc:rights>Pursuant to Title 17 Section 105 of the United States Code, this file is not subject to copyright protection and is in the public domain.</dc:rights>
<dc:contributor>Congressional Research Service, Library of Congress</dc:contributor>
<dc:description>This file contains bill summaries for federal legislation. A bill summary describes the most significant provisions of a piece of legislation and details the effects the legislative text may have on current law and federal programs. Bill summaries are authored by the Congressional Research Service (CRS) of the Library of Congress. As stated in Public Law 91-510 (2 USC 166 (d)(6)), one of the duties of CRS is "to prepare summaries and digests of bills and resolutions of a public general nature introduced in the Senate or House of Representatives". For more information, refer to the User Guide that accompanies this file.</dc:description>
</dublinCore>
</BillSummaries>
