<?xml version="1.0" encoding="UTF-8"?><BillSummaries>
<item congress="115" measure-type="hr" measure-number="1312" measure-id="id115hr1312" originChamber="HOUSE" orig-publish-date="2017-03-02" update-date="2017-07-19">
<title>Small Business Capital Formation Enhancement Act</title>
<summary summary-id="id115hr1312v36" currentChamber="HOUSE" update-date="2017-07-19">
<action-date>2017-05-01</action-date>
<action-desc>Passed House amended</action-desc>
<summary-text><![CDATA[<p><b>Small Business Capital Formation Enhancement Act</b></p> <p>(Sec. 2) This bill amends the Small Business Investment Incentive Act of 1980 with respect to the annual government-business forum of the Securities and Exchange Commission (SEC) to review the current status of problems and programs relating to small business capital formation.</p> <p>The SEC shall review the forum's findings and recommendations and issue a public statement promptly assessing each submitted finding or recommendation and disclosing any action the SEC intends to take on it.</p> <p>Nothing in this bill shall require the SEC to agree to or act upon any finding or recommendation.</p>]]></summary-text>
</summary>
<summary summary-id="id115hr1312v00" currentChamber="HOUSE" update-date="2017-04-15">
<action-date>2017-03-02</action-date>
<action-desc>Introduced in House</action-desc>
<summary-text><![CDATA[<p><b>Small Business Capital Formation Enhancement Act</b></p> <p>This bill amends the Small Business Investment Incentive Act of 1980 with respect to the annual government-business forum of the Securities and Exchange Commission (SEC) to review the current status of problems and programs relating to small business capital formation.</p> <p>The SEC shall review each of the forum's findings and recommendations and issue a public statement promptly assessing it and disclosing the action, if any, the SEC intends to take with respect to it.</p>]]></summary-text>
</summary>
</item>
<dublinCore xmlns:dc="http://purl.org/dc/elements/1.1/">
<dc:format>text/xml</dc:format>
<dc:language>EN</dc:language>
<dc:rights>Pursuant to Title 17 Section 105 of the United States Code, this file is not subject to copyright protection and is in the public domain.</dc:rights>
<dc:contributor>Congressional Research Service, Library of Congress</dc:contributor>
<dc:description>This file contains bill summaries for federal legislation. A bill summary describes the most significant provisions of a piece of legislation and details the effects the legislative text may have on current law and federal programs. Bill summaries are authored by the Congressional Research Service (CRS) of the Library of Congress. As stated in Public Law 91-510 (2 USC 166 (d)(6)), one of the duties of CRS is "to prepare summaries and digests of bills and resolutions of a public general nature introduced in the Senate or House of Representatives". For more information, refer to the User Guide that accompanies this file.</dc:description>
</dublinCore>
</BillSummaries>
