<?xml version="1.0" encoding="UTF-8"?><BillSummaries>
<item congress="115" measure-type="hr" measure-number="1656" measure-id="id115hr1656" originChamber="HOUSE" orig-publish-date="2017-03-21" update-date="2017-03-24">
<title>HELP for Students and Parents Act</title>
<summary summary-id="id115hr1656v00" currentChamber="HOUSE" update-date="2017-03-24">
<action-date>2017-03-21</action-date>
<action-desc>Introduced in House</action-desc>
<summary-text><![CDATA[<p><b>Higher Education Loan Payments for Students and Parents Act or the HELP for Students and Parents Act </b></p> <p>This bill amends the Internal Revenue Code to expand the tax exclusion for employer-provided educational assistance programs to exclude from the gross income of an employee: (1) employer payments of principal or interest on loans for higher education expenses incurred by an employee, and (2) any qualified dependent 529 contributions made by the employer. (Under current law, the maximum exclusion for educational assistance programs is $5,250 per year.)</p> <p>A &quot;qualified dependent 529 contribution&quot; is any amount contributed by an employer to a qualified tuition program the designated beneficiary of which is an employee's child who: (1) has not attained the age of 19 at the time of the contribution, or (2) is a student who has not attained the age of 24 at the time of the contribution. </p> <p>The bill also allows a business tax credit for employer-provided higher education assistance, including: (1) 50% of the student loan repayment expenditures of the taxpayer for the year, and (2) 50% of the qualified dependent 529 contributions made by the taxpayer for the year. The amount taken into account for each expenditure with respect to any employee for any taxable year may not exceed $5,250.</p>]]></summary-text>
</summary>
</item>
<dublinCore xmlns:dc="http://purl.org/dc/elements/1.1/">
<dc:format>text/xml</dc:format>
<dc:language>EN</dc:language>
<dc:rights>Pursuant to Title 17 Section 105 of the United States Code, this file is not subject to copyright protection and is in the public domain.</dc:rights>
<dc:contributor>Congressional Research Service, Library of Congress</dc:contributor>
<dc:description>This file contains bill summaries for federal legislation. A bill summary describes the most significant provisions of a piece of legislation and details the effects the legislative text may have on current law and federal programs. Bill summaries are authored by the Congressional Research Service (CRS) of the Library of Congress. As stated in Public Law 91-510 (2 USC 166 (d)(6)), one of the duties of CRS is "to prepare summaries and digests of bills and resolutions of a public general nature introduced in the Senate or House of Representatives". For more information, refer to the User Guide that accompanies this file.</dc:description>
</dublinCore>
</BillSummaries>
