<?xml version="1.0" encoding="UTF-8"?><BillSummaries>
<item congress="115" measure-type="hr" measure-number="1488" measure-id="id115hr1488" originChamber="HOUSE" orig-publish-date="2017-03-09" update-date="2018-01-24">
<title>Indiana Dunes National Park Act</title>
<summary summary-id="id115hr1488v36" currentChamber="HOUSE" update-date="2018-01-24">
<action-date>2017-11-01</action-date>
<action-desc>Passed House amended</action-desc>
<summary-text><![CDATA[<p><b>Indiana Dunes National Park Act</b></p> <p>(Sec. 2) This bill renames the Indiana Dunes National Lakeshore as the Indiana Dunes National Park. </p> <p>(Sec. 3) The bill redesignates the 1.6 mile Miller-Woods Trail within the park as the Paul H. Douglas Trail. </p>]]></summary-text>
</summary>
<summary summary-id="id115hr1488v17" currentChamber="HOUSE" update-date="2018-01-24">
<action-date>2017-10-19</action-date>
<action-desc>Reported to House with amendment(s)</action-desc>
<summary-text><![CDATA[<p><b>Indiana Dunes National Park Act</b></p> <p>(Sec. 2) This bill renames the Indiana Dunes National Lakeshore as the Indiana Dunes National Park. </p>]]></summary-text>
</summary>
<summary summary-id="id115hr1488v00" currentChamber="HOUSE" update-date="2017-03-23">
<action-date>2017-03-09</action-date>
<action-desc>Introduced in House</action-desc>
<summary-text><![CDATA[<p><b>Indiana Dunes National Park Act</b></p> <p>This bill renames the Indiana Dunes National Lakeshore as the Indiana Dunes National Park. </p>]]></summary-text>
</summary>
</item>
<dublinCore xmlns:dc="http://purl.org/dc/elements/1.1/">
<dc:format>text/xml</dc:format>
<dc:language>EN</dc:language>
<dc:rights>Pursuant to Title 17 Section 105 of the United States Code, this file is not subject to copyright protection and is in the public domain.</dc:rights>
<dc:contributor>Congressional Research Service, Library of Congress</dc:contributor>
<dc:description>This file contains bill summaries for federal legislation. A bill summary describes the most significant provisions of a piece of legislation and details the effects the legislative text may have on current law and federal programs. Bill summaries are authored by the Congressional Research Service (CRS) of the Library of Congress. As stated in Public Law 91-510 (2 USC 166 (d)(6)), one of the duties of CRS is "to prepare summaries and digests of bills and resolutions of a public general nature introduced in the Senate or House of Representatives". For more information, refer to the User Guide that accompanies this file.</dc:description>
</dublinCore>
</BillSummaries>
