<?xml version="1.0" encoding="UTF-8"?><BillSummaries>
<item congress="115" measure-type="hr" measure-number="1387" measure-id="id115hr1387" originChamber="HOUSE" orig-publish-date="2017-03-07" update-date="2017-04-22">
<title>SOAR Reauthorization Act</title>
<summary summary-id="id115hr1387v79" currentChamber="HOUSE" update-date="2017-04-22">
<action-date>2017-03-27</action-date>
<action-desc>Reported to House without amendment</action-desc>
<summary-text><![CDATA[<p>(This measure has not been amended since it was introduced. The summary has been expanded because action occurred on the measure.)</p> <p><b>Scholarships for Opportunity and Results Reauthorization Act or the SOAR Reauthorization Act</b></p> <p>(Sec. 2) This bill repeals the D.C. Opportunity Scholarship Program School Certification Requirements Act, as contained in the Consolidated Appropriations Act, 2016. </p> <p>(Sec. 3) The Scholarships for Opportunity and Results Act (SOAR) is amended to limit its focus to students in the lowest-performing Washington, DC, elementary and secondary schools.</p> <p>(Sec. 4) The Department of Education (ED) shall not limit the number of eligible students receiving Opportunity Scholarship Program (OSP) scholarships, or prevent otherwise eligible students from participating in the OSP because of:</p> <ul> <li>the type of school the student previously attended; </li> <li>whether or not the individual previously received the scholarship or participated in OSP, including one previously awarded a scholarship who did not use it; or</li> <li>was a member of the control group used by the Institute of Education Sciences to carry out previous OSP evaluations.</li> </ul> <p>(Sec. 5) An eligible nonprofit organization's application for an OSP grant must include how it will ensure:</p> <ul> <li>the financial viability of a participating school in which 85% or more of enrolled students receive and use an opportunity scholarship, </li> <li>utilization of internal fiscal and quality controls and compliance with financial reporting requirements.</li> </ul> <p>(Sec. 6) Priorities for the award of scholarships are modified to give priority to:</p> <ul> <li> students who in the preceding school year attended a low-achieving elementary or secondary school, and</li> <li>certain students regardless of whether they have attended a private school.</li> </ul> <p>(Sec. 7) OSP-participating schools must:</p> <ul> <li>ensure that participating students are taught core subject matter by a teacher with a baccalaureate or equivalent degree,</li> <li> conduct criminal background checks on school employees who have direct and unsupervised interactions with students, and </li> <li>comply with all requests for data and information regarding certain reporting requirements.</li> </ul> <p>Participating private schools must be provisionally or fully accredited or in the process of seeking accreditation.</p> <p>ED must make OSP funds available to eligible entities receiving a grant for administrative expenses and parental education and assistance.</p> <p>(Sec. 8) The bill revises current OSP evaluation procedures.</p> <p>ED shall ensure that evaluation of the OSP is conducted using an acceptable quasi-experimental research design for determining the effectiveness of the opportunity scholarship program under this division that does not use a control study group consisting of students who applied for but did not receive opportunity scholarships.</p> <p>The bill revises the duties of the ED Institute of Educational Sciences (IES) to repeal the requirement for a grade appropriate, nationally norm-referenced standardized test each school year to assess participating eligible students. IES shall instead assess participating eligible students who use an opportunity scholarship in each of grades 3 through 8, as well as one of the high school level grades, by supervising the administration of a specified reading and mathematics assessment used by the DC public schools.</p> <p>The issues to be assessed shall exclude OSP success in increasing parental involvement of such parents in the education of their children, but include:</p> <ul> <li>a comparison of the academic achievement of participating eligible students who use an opportunity scholarship to the academic achievement of a comparison group of students with similar backgrounds in the DC public schools and DC public charter schools (instead of the academic growth and achievement of the eligible students in the same grades who sought to participate in the OSP but were not selected); <li>a comparison of the college enrollment rates, college persistence rates, and college graduation rates of students who participated in the program in specified years as the result of winning the OSP lottery with the enrollment, persistence, and graduation rates for students who entered but did not win the lottery in those years and who, as a result, served as the control group for previous evaluations of the program; as well as <li>an assessment of student academic achievement at participating schools in which 85% of the total number of students enrolled at the school are participating eligible students who receive and use an opportunity scholarship. </ul> <p>The prohibition against any disclosure of personally identifiable information shall be replaced with specified requirements for such a disclosure.</p> <p>(Sec. 9) The specified authorized OSP funds that ED may withhold for noncompliance with SOAR requirements shall be differentiated based on whether the noncompliance relates to the DC public schools, to the DC public charter schools, or to both.</p> <p>Funds provided under this bill to support DC public charter schools may be directed to the Office of the State Superintendent of Education for transfer to subgrantee public charter schools or networks of such schools, or DC-based non-profit organizations with successful experience with them.</p> <p>(Sec. 10) ED and the Mayor shall revise a specified memorandum of understanding to ensure that participating schools meet fire code standards and maintain certificates of occupancy.</p> <p>(Sec. 12) The bill reauthorizes the OSP through FY2022.</p> <p>(Sec. 13) This bill shall apply beginning with the 2018-2019 school year.</p>]]></summary-text>
</summary>
<summary summary-id="id115hr1387v00" currentChamber="HOUSE" update-date="2017-04-20">
<action-date>2017-03-07</action-date>
<action-desc>Introduced in House</action-desc>
<summary-text><![CDATA[<p><b>Scholarships for Opportunity and Results Reauthorization Act or the SOAR Reauthorization Act</b></p> <p>This bill repeals the D.C. Opportunity Scholarship Program School Certification Requirements Act, as contained in the Consolidated Appropriations Act, 2016. </p> <p>The Scholarships for Opportunity and Results Act (SOAR) is amended to limit its focus to students in the lowest-performing Washington, DC, elementary and secondary schools.</p> <p>The Department of Education (ED) shall not limit the number of eligible students receiving Opportunity Scholarship Program (OSP) scholarships, or prevent otherwise eligible students from participating in the OSP because of:</p> <ul> <li>the type of school the student previously attended; </li> <li>whether or not the individual previously received the scholarship or participated in OSP, including one previously awarded a scholarship who did not use it; or</li> <li>was a member of the control group used by the Institute of Education Sciences to carry out previous OSP evaluations.</li> </ul> <p>An eligible nonprofit organization's application for an OSP grant must include how it will ensure:</p> <ul> <li>the financial viability of a participating school in which 85% or more of enrolled students receive and use an opportunity scholarship, </li> <li>utilization of internal fiscal and quality controls and compliance with financial reporting requirements.</li> </ul> <p>Priorities for the award of scholarships are modified to give priority to:</p> <ul> <li> students who in the preceding school year attended a low-achieving elementary or secondary school, and</li> <li>certain students regardless of whether they have attended a private school.</li> </ul> <p>OSP-participating schools must:</p> <ul> <li>ensure that participating students are taught core subject matter by a teacher with a baccalaureate or equivalent degree,</li> <li> conduct criminal background checks on school employees who have direct and unsupervised interactions with students, and </li> <li>comply with all requests for data and information regarding certain reporting requirements.</li> </ul> <p>Participating private schools must be provisionally or fully accredited or in the process of seeking accreditation.</p> <p>ED must make OSP funds available to eligible entities receiving a grant for administrative expenses and parental education and assistance.</p> <p>The bill revises current OSP evaluation procedures.</p> <p> The specified authorized OSP funds that ED may withhold for noncompliance with SOAR requirements shall be differentiated based on whether the noncompliance relates to the DC public schools, to the DC public charter schools, or to both.</p> <p>Funds provided under this bill to support DC public charter schools may be directed to the Office of the State Superintendent of Education for transfer to subgrantee public charter schools or networks of such schools, or DC-based non-profit organizations with successful experience with them.</p> <p>ED and the Mayor shall revise a specified memorandum of understanding to ensure that participating schools meet fire code standards and maintain certificates of occupancy.</p> <p>The bill reauthorizes the OSP through FY2022.</p>]]></summary-text>
</summary>
</item>
<dublinCore xmlns:dc="http://purl.org/dc/elements/1.1/">
<dc:format>text/xml</dc:format>
<dc:language>EN</dc:language>
<dc:rights>Pursuant to Title 17 Section 105 of the United States Code, this file is not subject to copyright protection and is in the public domain.</dc:rights>
<dc:contributor>Congressional Research Service, Library of Congress</dc:contributor>
<dc:description>This file contains bill summaries for federal legislation. A bill summary describes the most significant provisions of a piece of legislation and details the effects the legislative text may have on current law and federal programs. Bill summaries are authored by the Congressional Research Service (CRS) of the Library of Congress. As stated in Public Law 91-510 (2 USC 166 (d)(6)), one of the duties of CRS is "to prepare summaries and digests of bills and resolutions of a public general nature introduced in the Senate or House of Representatives". For more information, refer to the User Guide that accompanies this file.</dc:description>
</dublinCore>
</BillSummaries>
