<?xml version="1.0" encoding="UTF-8"?><BillSummaries>
<item congress="115" measure-type="hr" measure-number="265" measure-id="id115hr265" originChamber="HOUSE" orig-publish-date="2017-01-04" update-date="2017-01-30">
<title>Jerusalem Embassy and Recognition Act of 2017</title>
<summary summary-id="id115hr265v00" currentChamber="HOUSE" update-date="2017-01-30">
<action-date>2017-01-04</action-date>
<action-desc>Introduced in House</action-desc>
<summary-text><![CDATA[<p><strong>Jerusalem Embassy and Recognition Act of 2017</strong></p> <p> This bill states that it is U.S. policy: (1) to recognize Jerusalem as the undivided capital of Israel, and (2) that the U.S. Embassy in Israel should be established in Jerusalem not later than January 1, 2019.</p> <p> The Jerusalem Embassy Act of 1995 is amended to eliminate the President's authority to waive certain funding limitations for Department of State acquisition and maintenance of buildings abroad until the U.S. Embassy in Jerusalem has officially opened.</p> <p>Any official U.S. document that lists countries and their capital cities must identify Jerusalem as Israel's capital.</p> <p>The bill limits appropriations that may be obligated in FY2017 for State Department acquisition and maintenance of buildings abroad until the U.S. Embassy in Jerusalem has officially opened.</p> <p>Of the funds authorized to be appropriated for FY2017 and FY2018 for State Department acquisition and maintenance of buildings abroad, necessary sums should be made available until expended only for construction and other costs associated with the establishment in Jerusalem of the U.S. Embassy in Israel.</p>]]></summary-text>
</summary>
</item>
<dublinCore xmlns:dc="http://purl.org/dc/elements/1.1/">
<dc:format>text/xml</dc:format>
<dc:language>EN</dc:language>
<dc:rights>Pursuant to Title 17 Section 105 of the United States Code, this file is not subject to copyright protection and is in the public domain.</dc:rights>
<dc:contributor>Congressional Research Service, Library of Congress</dc:contributor>
<dc:description>This file contains bill summaries for federal legislation. A bill summary describes the most significant provisions of a piece of legislation and details the effects the legislative text may have on current law and federal programs. Bill summaries are authored by the Congressional Research Service (CRS) of the Library of Congress. As stated in Public Law 91-510 (2 USC 166 (d)(6)), one of the duties of CRS is "to prepare summaries and digests of bills and resolutions of a public general nature introduced in the Senate or House of Representatives". For more information, refer to the User Guide that accompanies this file.</dc:description>
</dublinCore>
</BillSummaries>
