<?xml version="1.0" encoding="UTF-8"?><BillSummaries>
<item congress="115" measure-type="hr" measure-number="414" measure-id="id115hr414" originChamber="HOUSE" orig-publish-date="2017-01-10" update-date="2017-02-01">
<title>Encourage our Educators Act</title>
<summary summary-id="id115hr414v00" currentChamber="HOUSE" update-date="2017-02-01">
<action-date>2017-01-10</action-date>
<action-desc>Introduced in House</action-desc>
<summary-text><![CDATA[<p><b>Encourage our Educators Act</b></p> <p>This bill amends title IV (Student Assistance) of the Higher Education Act of 1965 to modify provisions of the teacher loan forgiveness program. </p> <p>Specifically, the legislation reduces from five to three years the period of service a full-time teacher must complete consecutively to be eligible for forgiveness under the Federal Family Education Loan or Direct Loan program. It also increases from $5,000 to $17,500 the amount of available loan forgiveness for an elementary or secondary school teacher in any subject. (Currently, forgiveness up to $17,500 is only available for a full-time secondary school math or science teacher or for a special education teacher.) </p> <p>The bill eliminates the prohibition on counting the same qualifying service for both the teacher and the public service loan forgiveness programs. <br /> </p>]]></summary-text>
</summary>
</item>
<dublinCore xmlns:dc="http://purl.org/dc/elements/1.1/">
<dc:format>text/xml</dc:format>
<dc:language>EN</dc:language>
<dc:rights>Pursuant to Title 17 Section 105 of the United States Code, this file is not subject to copyright protection and is in the public domain.</dc:rights>
<dc:contributor>Congressional Research Service, Library of Congress</dc:contributor>
<dc:description>This file contains bill summaries for federal legislation. A bill summary describes the most significant provisions of a piece of legislation and details the effects the legislative text may have on current law and federal programs. Bill summaries are authored by the Congressional Research Service (CRS) of the Library of Congress. As stated in Public Law 91-510 (2 USC 166 (d)(6)), one of the duties of CRS is "to prepare summaries and digests of bills and resolutions of a public general nature introduced in the Senate or House of Representatives". For more information, refer to the User Guide that accompanies this file.</dc:description>
</dublinCore>
</BillSummaries>
