<?xml version="1.0" encoding="UTF-8"?><BillSummaries>
<item congress="115" measure-type="hr" measure-number="1797" measure-id="id115hr1797" originChamber="HOUSE" orig-publish-date="2017-03-29" update-date="2017-04-08">
<title>Veteran's Choice Accountability Act</title>
<summary summary-id="id115hr1797v00" currentChamber="HOUSE" update-date="2017-04-08">
<action-date>2017-03-29</action-date>
<action-desc>Introduced in House</action-desc>
<summary-text><![CDATA[<p><strong>Veteran's Choice Accountability Act</strong></p> <p>This bill directs the Department of Veterans Affairs (VA) to: </p> <ul> <li>evaluate VA programs that furnish hospital care, medical services, and nursing home care to ensure that the most intensively used specialized care programs are maintained as centers of excellence; and </li> <li>submit to Congress an evaluation of the VA's implementation of the VA Budget and Choice Improvement Act.</li> </ul>]]></summary-text>
</summary>
</item>
<dublinCore xmlns:dc="http://purl.org/dc/elements/1.1/">
<dc:format>text/xml</dc:format>
<dc:language>EN</dc:language>
<dc:rights>Pursuant to Title 17 Section 105 of the United States Code, this file is not subject to copyright protection and is in the public domain.</dc:rights>
<dc:contributor>Congressional Research Service, Library of Congress</dc:contributor>
<dc:description>This file contains bill summaries for federal legislation. A bill summary describes the most significant provisions of a piece of legislation and details the effects the legislative text may have on current law and federal programs. Bill summaries are authored by the Congressional Research Service (CRS) of the Library of Congress. As stated in Public Law 91-510 (2 USC 166 (d)(6)), one of the duties of CRS is "to prepare summaries and digests of bills and resolutions of a public general nature introduced in the Senate or House of Representatives". For more information, refer to the User Guide that accompanies this file.</dc:description>
</dublinCore>
</BillSummaries>
