<?xml version="1.0" encoding="UTF-8"?><BillSummaries>
<item congress="115" measure-type="hr" measure-number="622" measure-id="id115hr622" originChamber="HOUSE" orig-publish-date="2017-01-24" update-date="2017-03-24">
<title>Local Enforcement for Local Lands Act</title>
<summary summary-id="id115hr622v00" currentChamber="HOUSE" update-date="2017-03-24">
<action-date>2017-01-24</action-date>
<action-desc>Introduced in House</action-desc>
<summary-text><![CDATA[<p><b>Local Enforcement for Local Lands Act</b></p> <p>This bill declares that, by September 30, 2017, the Department of Agriculture (USDA) shall terminate the Forest Service Law Enforcement and Investigations unit and cease using Forest Service employees to perform law enforcement functions on federal lands. </p> <p>Also by such date, the Department of the Interior shall terminate the Bureau of Land Management Office of Law Enforcement and cease using Interior employees to perform law enforcement functions on federal lands.</p>  <p>Interior shall make a grant to each state to permit the state to maintain law and order on federal land, protect individuals and property on federal lands, and enforce federal law. </p> <p>Any state or local government receiving the grant or subgrant shall enter into an agreement with Interior or USDA, as appropriate, to address the maintenance of law and order and the protection of individuals and property on federal land. </p> <p>In any such agreement, Interior or USDA must waive all civil claims against the state or local government and indemnify that government and save it harmless from all claims by third parties for property damage or personal injury that may arise out of law enforcement functions performed under the agreement. </p> <p>A state or local law enforcement officer performing law enforcement functions pursuant to such an agreement shall not generally be deemed a federal employee with respect to hours of work, compensation rates, leave, unemployment compensation, and federal benefits, among other things. </p>]]></summary-text>
</summary>
</item>
<dublinCore xmlns:dc="http://purl.org/dc/elements/1.1/">
<dc:format>text/xml</dc:format>
<dc:language>EN</dc:language>
<dc:rights>Pursuant to Title 17 Section 105 of the United States Code, this file is not subject to copyright protection and is in the public domain.</dc:rights>
<dc:contributor>Congressional Research Service, Library of Congress</dc:contributor>
<dc:description>This file contains bill summaries for federal legislation. A bill summary describes the most significant provisions of a piece of legislation and details the effects the legislative text may have on current law and federal programs. Bill summaries are authored by the Congressional Research Service (CRS) of the Library of Congress. As stated in Public Law 91-510 (2 USC 166 (d)(6)), one of the duties of CRS is "to prepare summaries and digests of bills and resolutions of a public general nature introduced in the Senate or House of Representatives". For more information, refer to the User Guide that accompanies this file.</dc:description>
</dublinCore>
</BillSummaries>
