<?xml version="1.0" encoding="UTF-8"?><BillSummaries>
<item congress="115" measure-type="hr" measure-number="1339" measure-id="id115hr1339" originChamber="HOUSE" orig-publish-date="2017-03-02" update-date="2017-04-07">
<title>Freedom from Government Competition Act of 2017</title>
<summary summary-id="id115hr1339v00" currentChamber="HOUSE" update-date="2017-04-07">
<action-date>2017-03-02</action-date>
<action-desc>Introduced in House</action-desc>
<summary-text><![CDATA[<p><strong>Freedom from Government Competition Act of 2017</strong></p> <p> This bill requires each executive or military department or independent establishment to obtain all goods and services necessary for or beneficial to the accomplishment of its authorized functions by procurement from private sources, except if: (1) such goods or services are required by law to be produced or performed by such agency; or (2) the agency determines and certifies that federal production, manufacture, or provision of a good or service is necessary for the national defense or homeland security, that a good or service is so critical to the agency's mission or so inherently governmental in nature that it is in the public interest to require production or performance by government employees, or that there is no private source capable of providing the good or service.</p> <p>This bill requires such private sector provision of goods and services to be performed through: (1) the divestiture of federal involvement, (2) the award of a contract using competitive procedures, or (3) conducting a public-private competitive sourcing analysis in accordance with Office of Management and Budget (OMB) procedures and determining that using the private sector is in the best interest of the United States and provides the best value to the taxpayer.</p> <p>The bill authorizes an agency to utilize federal employees to provide goods or services previously provided by a private sector entity upon completion of a public-private competitive sourcing analysis and after determining that provision by federal employees provides the best value.</p> <p>The OMB must carry out a study to evaluate the activities carried out in each agency.</p>]]></summary-text>
</summary>
</item>
<dublinCore xmlns:dc="http://purl.org/dc/elements/1.1/">
<dc:format>text/xml</dc:format>
<dc:language>EN</dc:language>
<dc:rights>Pursuant to Title 17 Section 105 of the United States Code, this file is not subject to copyright protection and is in the public domain.</dc:rights>
<dc:contributor>Congressional Research Service, Library of Congress</dc:contributor>
<dc:description>This file contains bill summaries for federal legislation. A bill summary describes the most significant provisions of a piece of legislation and details the effects the legislative text may have on current law and federal programs. Bill summaries are authored by the Congressional Research Service (CRS) of the Library of Congress. As stated in Public Law 91-510 (2 USC 166 (d)(6)), one of the duties of CRS is "to prepare summaries and digests of bills and resolutions of a public general nature introduced in the Senate or House of Representatives". For more information, refer to the User Guide that accompanies this file.</dc:description>
</dublinCore>
</BillSummaries>
