<?xml version="1.0" encoding="UTF-8"?>
<BillSummaries>
<item congress="113" measure-type="hr" measure-number="645" measure-id="id113hr645" originChamber="HOUSE" orig-publish-date="2013-02-13" update-date="2013-02-26">
<title>Equal Employment for All Act</title>
<summary summary-id="id113hr645v00" currentChamber="HOUSE" update-date="2013-02-26">
<action-date>2013-02-13</action-date>
<action-desc>Introduced in House</action-desc>
<summary-text><![CDATA[<p>Equal Employment for All Act - Amends the Fair Credit Reporting Act to prohibit a current or prospective employer from using a consumer report or an investigative consumer report, or from causing one to be procured, for either employment purposes or for making an adverse action, if the report contains information that bears upon the consumer's creditworthiness, credit standing, or credit capacity.</p> <p>Makes exceptions to such prohibition for employment: (1) which requires a national security or Federal Deposit Insurance Corporation (FDIC) clearance; (2) with a state or local government agency which otherwise requires use of a consumer report; or (3) in a supervisory, managerial, professional, or executive position at a financial institution.</p> <p><br> </p>]]></summary-text>
</summary>
</item>
<dublinCore xmlns:dc="http://purl.org/dc/elements/1.1/">
<dc:format>text/xml</dc:format>
<dc:language>EN</dc:language>
<dc:rights>Pursuant to Title 17 Section 105 of the United States Code, this file is not subject to copyright protection and is in the public domain.</dc:rights>
<dc:contributor>Congressional Research Service, Library of Congress</dc:contributor>
<dc:description>This file contains bill summaries for federal legislation. A bill summary describes the most significant provisions of a piece of legislation and details the effects the legislative text may have on current law and federal programs. Bill summaries are authored by the Congressional Research Service (CRS) of the Library of Congress. As stated in Public Law 91-510 (2 USC 166 (d)(6)), one of the duties of CRS is "to prepare summaries and digests of bills and resolutions of a public general nature introduced in the Senate or House of Representatives". For more information, refer to the User Guide that accompanies this file.</dc:description>
</dublinCore>
</BillSummaries>
