<?xml version="1.0" encoding="UTF-8"?>
<BillSummaries>
<item congress="113" measure-type="hr" measure-number="698" measure-id="id113hr698" originChamber="HOUSE" orig-publish-date="2013-02-14" update-date="2013-11-15">
<title>HIV Organ Policy Equity Act</title>
<summary summary-id="id113hr698v28" currentChamber="HOUSE" update-date="2013-11-15">
<action-date>2013-07-30</action-date>
<action-desc>Reported to House without amendment, Part I</action-desc>
<summary-text><![CDATA[<p><b>(This measure has not been amended since it was introduced. The summary of that version is repeated here.)</b></p> <p>HIV Organ Policy Equity Act - Amends the Public Health Service Act to repeal the requirement that the Organ Procurement and Transplantation Network adopt and use standards of quality for the acquisition and transportation of donated organs that include standards for preventing the acquisition of organs infected with the etiologic agent for acquired immune deficiency syndrome (AIDS).</p> <p>Replaces this requirement with authorization for the Network to adopt and use such standards with respect to organs infected with human immunodeficiency virus (HIV), provided that any such standards ensure that organs infected with HIV may be transplanted only into individuals who are infected with such virus before receiving such an organ.</p> <p>Revises similarly the requirement that organ procurement organizations arrange for testing to prevent the acquisition of organs infected with the AIDS etiologic agent to require that they arrange for testing to identify organs infected with HIV.</p> <p>Directs the Secretary of Health and Human Services (HHS) to develop and publish guidelines for the conduct of research relating to transplantation of organs from HIV-infected donors.</p> <p>Requires the Network to revise its standards of quality regarding HIV-infected organs and the Secretary to revise related regulations.</p> <p>Requires the Secretary to: (1) review annually the results of scientific research in conjunction with the Network to determine whether they warrant revision of quality standards relating to donated HIV-infected organs and to the safety of cross-strain transplantation; and (2) direct the Network, if the review so warrants, to revise its standards in a way that ensures the changes will not reduce the safety of organ transplantation.</p> <p>Amends the federal criminal code to declare that an organ donation does not violate the prohibition against a knowing organ donation by an HIV-infected individual if the donation is made in accordance with this Act.</p>]]></summary-text>
</summary>
<summary summary-id="id113hr698v00" currentChamber="HOUSE" update-date="2013-04-18">
<action-date>2013-02-14</action-date>
<action-desc>Introduced in House</action-desc>
<summary-text><![CDATA[<p>HIV Organ Policy Equity Act - Amends the Public Health Service Act to repeal the requirement that the Organ Procurement and Transplantation Network adopt and use standards of quality for the acquisition and transportation of donated organs that include standards for preventing the acquisition of organs infected with the etiologic agent for acquired immune deficiency syndrome (AIDS).</p> <p>Replaces this requirement with authorization for the Network to adopt and use such standards with respect to organs infected with human immunodeficiency virus (HIV), provided that any such standards ensure that organs infected with HIV may be transplanted only into individuals who are infected with such virus before receiving such an organ.</p> <p>Revises similarly the requirement that organ procurement organizations arrange for testing to prevent the acquisition of organs infected with the AIDS etiologic agent to require that they arrange for testing to identify organs infected with HIV.</p> <p>Directs the Secretary of Health and Human Services (HHS) to develop and publish guidelines for the conduct of research relating to transplantation of organs from HIV-infected donors.</p> <p>Requires the Network to revise its standards of quality regarding HIV-infected organs and the Secretary to revise related regulations.</p> <p>Requires the Secretary to: (1) review annually the results of scientific research in conjunction with the Network to determine whether they warrant revision of quality standards relating to donated HIV-infected organs and to the safety of cross-strain transplantation; and (2) direct the Network, if the review so warrants, to revise its standards in a way that ensures the changes will not reduce the safety of organ transplantation.</p> <p>Amends the federal criminal code to declare that an organ donation does not violate the prohibition against a knowing organ donation by an HIV-infected individual if the donation is made in accordance with this Act.</p>]]></summary-text>
</summary>
</item>
<dublinCore xmlns:dc="http://purl.org/dc/elements/1.1/">
<dc:format>text/xml</dc:format>
<dc:language>EN</dc:language>
<dc:rights>Pursuant to Title 17 Section 105 of the United States Code, this file is not subject to copyright protection and is in the public domain.</dc:rights>
<dc:contributor>Congressional Research Service, Library of Congress</dc:contributor>
<dc:description>This file contains bill summaries for federal legislation. A bill summary describes the most significant provisions of a piece of legislation and details the effects the legislative text may have on current law and federal programs. Bill summaries are authored by the Congressional Research Service (CRS) of the Library of Congress. As stated in Public Law 91-510 (2 USC 166 (d)(6)), one of the duties of CRS is "to prepare summaries and digests of bills and resolutions of a public general nature introduced in the Senate or House of Representatives". For more information, refer to the User Guide that accompanies this file.</dc:description>
</dublinCore>
</BillSummaries>
