<?xml version="1.0" encoding="UTF-8"?>
<BillSummaries>
<item congress="113" measure-type="hr" measure-number="564" measure-id="id113hr564" originChamber="HOUSE" orig-publish-date="2013-02-06" update-date="2013-02-28">
<title>Access to Health Information Centers for Families with Disabilities Act of 2013</title>
<summary summary-id="id113hr564v00" currentChamber="HOUSE" update-date="2013-02-28">
<action-date>2013-02-06</action-date>
<action-desc>Introduced in House</action-desc>
<summary-text><![CDATA[<p>Access to Health Information Centers for Families with Disabilities Act of 2013 - Amends title V (Maternal and Child Health Services) of the Social Security Act, as amended by the American Taxpayer Relief Act of 2012, to extend through FY2016 appropriations for family-to-family health information centers to help families of children with disabilities or special health care needs make informed choices about health care for their children.</p>]]></summary-text>
</summary>
</item>
<dublinCore xmlns:dc="http://purl.org/dc/elements/1.1/">
<dc:format>text/xml</dc:format>
<dc:language>EN</dc:language>
<dc:rights>Pursuant to Title 17 Section 105 of the United States Code, this file is not subject to copyright protection and is in the public domain.</dc:rights>
<dc:contributor>Congressional Research Service, Library of Congress</dc:contributor>
<dc:description>This file contains bill summaries for federal legislation. A bill summary describes the most significant provisions of a piece of legislation and details the effects the legislative text may have on current law and federal programs. Bill summaries are authored by the Congressional Research Service (CRS) of the Library of Congress. As stated in Public Law 91-510 (2 USC 166 (d)(6)), one of the duties of CRS is "to prepare summaries and digests of bills and resolutions of a public general nature introduced in the Senate or House of Representatives". For more information, refer to the User Guide that accompanies this file.</dc:description>
</dublinCore>
</BillSummaries>
