<?xml version="1.0" encoding="UTF-8"?>
<BillSummaries>
<item congress="113" measure-type="hr" measure-number="807" measure-id="id113hr807" originChamber="HOUSE" orig-publish-date="2013-02-25" update-date="2013-05-14">
<title>Full Faith and Credit Act</title>
<summary summary-id="id113hr807v36" currentChamber="HOUSE" update-date="2013-05-14">
<action-date>2013-05-09</action-date>
<action-desc>Passed House amended</action-desc>
<summary-text><![CDATA[<p>Full Faith and Credit Act - Requires the Secretary of the Treasury, in addition to any other authority provided by law, to issue obligations to pay with legal tender, and solely for the purpose of paying, the principal and interest on U.S. obligations held by the public, or held by the Old-Age and Survivors Insurance Trust Fund and Disability Insurance Trust Fund, in the event that the federal debt reaches the statutory limit after enactment of this Act.</p> <p>Prohibits: (1) the use of the issued obligations to pay compensation for Members of Congress, and (2) these obligations from being taken into account in applying the current $16.394 trillion public debt limit to the extent that they would otherwise cause such limit to be exceeded.</p> <p>Requires the Secretary, if such authority is exercised after enactment of this Act, to report to specified congressional committees each week the authority is in use and provide an accounting of: (1) the principal on mature obligations and interest due or accrued by the United States, and (2) any obligations issued pursuant to this Act.</p>]]></summary-text>
</summary>
<summary summary-id="id113hr807v17" currentChamber="HOUSE" update-date="2013-05-06">
<action-date>2013-04-30</action-date>
<action-desc>Reported to House amended</action-desc>
<summary-text><![CDATA[<p>Full Faith and Credit Act - Requires the Secretary of the Treasury, in addition to any other authority provided by law, to issue obligations to pay with legal tender, and solely for the purpose of paying, the principal and interest on U.S. obligations held by the public, or held by the Old-Age and Survivors Insurance Trust Fund and Disability Insurance Trust Fund, in the event that the federal debt reaches the statutory limit after enactment of this Act.</p> <p>Prohibits the issued obligations from being taken into account in applying the current $16.394 trillion public debt limit to the extent that they would otherwise cause such limit to be exceeded.</p> <p>Requires the Secretary, if such authority is exercised after enactment of this Act, to report weekly to specified congressional committees an accounting of: (1) the principal on mature obligations and interest due or accrued by the United States, and (2) any obligations issued pursuant to this Act.</p> <p>Eliminates the reporting requirement after enactment of the first increase in the public debt limit after enactment of this Act.</p>]]></summary-text>
</summary>
<summary summary-id="id113hr807v00" currentChamber="HOUSE" update-date="2013-04-12">
<action-date>2013-02-25</action-date>
<action-desc>Introduced in House</action-desc>
<summary-text><![CDATA[<p>Full Faith and Credit Act - Finds that the Secretary of the Treasury shall take all necessary actions to ensure all U.S. obligations with regard to debt held by the public (public debt) are fully discharged when due. Declares that such actions may include the forgoing of obligations not related to public debt for a period of time the Secretary deems necessary.</p> <p>Requires the authority of the Department of the Treasury to pay with legal tender the principal and interest on public debt to take priority over all other obligations incurred by the U.S. government in the event that the federal debt reaches the statutory limit.</p> <p>Prescribes a special rule for insufficiency of funds to make public debt payments. Requires the Secretary, if expecting there will be insufficient funds available to dispose of public debt obligations on the next calendar day on which they are due, to extend the maturities of any other obligations and refuse to issue warrants (for any money drawn on the Treasury) to the extent necessary to provide funds the Secretary deems prudent to dispose of public debt obligations within the next 30 days.</p> <p>Requires the Secretary, if receipts exceed those required to meet such public debt obligations, to prioritize the disposal of all other obligations either acquired for the government or delivered by an executive agency, and the issuance of warrants, in the order the Secretary considers advisable and in the public interest. <p><br> </p>]]></summary-text>
</summary>
</item>
<dublinCore xmlns:dc="http://purl.org/dc/elements/1.1/">
<dc:format>text/xml</dc:format>
<dc:language>EN</dc:language>
<dc:rights>Pursuant to Title 17 Section 105 of the United States Code, this file is not subject to copyright protection and is in the public domain.</dc:rights>
<dc:contributor>Congressional Research Service, Library of Congress</dc:contributor>
<dc:description>This file contains bill summaries for federal legislation. A bill summary describes the most significant provisions of a piece of legislation and details the effects the legislative text may have on current law and federal programs. Bill summaries are authored by the Congressional Research Service (CRS) of the Library of Congress. As stated in Public Law 91-510 (2 USC 166 (d)(6)), one of the duties of CRS is "to prepare summaries and digests of bills and resolutions of a public general nature introduced in the Senate or House of Representatives". For more information, refer to the User Guide that accompanies this file.</dc:description>
</dublinCore>
</BillSummaries>
