<?xml version="1.0" encoding="UTF-8"?>
<BillSummaries>
<item congress="113" measure-type="hr" measure-number="29" measure-id="id113hr29" originChamber="HOUSE" orig-publish-date="2013-01-03" update-date="2013-02-11">
<title>Mobile Medical Homeless Health Improvement Act of 2013</title>
<summary summary-id="id113hr29v00" currentChamber="HOUSE" update-date="2013-02-11">
<action-date>2013-01-03</action-date>
<action-desc>Introduced in House</action-desc>
<summary-text><![CDATA[<p>Mobile Medical Homeless Health Improvement Act of 2013 - Amends the Public Health Service Act to authorize the Secretary of Health and Human Services (HHS) to award grants, contracts, or cooperative agreements to hospitals or other local health care facilities to improve access of homeless individuals to mobile medical health care services (any health care related services provided in a moveable vehicle or a non-permanents clinic). Directs the Secretary to give priority to applicants from a geographic area that has a comparatively high ratio of homeless individuals to non-homeless individuals. Allows grantees to continue providing services to an individual who has received services under this Act for 12 months after he or she becomes a resident in permanent housing.</p>]]></summary-text>
</summary>
</item>
<dublinCore xmlns:dc="http://purl.org/dc/elements/1.1/">
<dc:format>text/xml</dc:format>
<dc:language>EN</dc:language>
<dc:rights>Pursuant to Title 17 Section 105 of the United States Code, this file is not subject to copyright protection and is in the public domain.</dc:rights>
<dc:contributor>Congressional Research Service, Library of Congress</dc:contributor>
<dc:description>This file contains bill summaries for federal legislation. A bill summary describes the most significant provisions of a piece of legislation and details the effects the legislative text may have on current law and federal programs. Bill summaries are authored by the Congressional Research Service (CRS) of the Library of Congress. As stated in Public Law 91-510 (2 USC 166 (d)(6)), one of the duties of CRS is "to prepare summaries and digests of bills and resolutions of a public general nature introduced in the Senate or House of Representatives". For more information, refer to the User Guide that accompanies this file.</dc:description>
</dublinCore>
</BillSummaries>
