<?xml version="1.0" encoding="UTF-8"?>
<BillSummaries>
<item congress="113" measure-type="hr" measure-number="34" measure-id="id113hr34" originChamber="HOUSE" orig-publish-date="2013-01-03" update-date="2013-02-08">
<title>Blair Holt's Firearm Licensing and Record of Sale Act of 2013</title>
<summary summary-id="id113hr34v00" currentChamber="HOUSE" update-date="2013-02-08">
<action-date>2013-01-03</action-date>
<action-desc>Introduced in House</action-desc>
<summary-text><![CDATA[Blair Holt's Firearm Licensing and Record of Sale Act of 2013 - Amends the Brady Handgun Violence Prevention Act to prohibit a person from possessing a firearm unless that person has been issued a firearm license under this Act or a state system certified under this Act and such license has not been invalidated or revoked. Prescribes license application, issuance, and renewal requirements. <p>Prohibits transferring or receiving a qualifying firearm unless the recipient presents a valid firearms license, the license is verified, and the dealer records a tracking authorization number. Prescribes firearms transfer reporting and record keeping requirements. Directs the Attorney General to establish and maintain a federal record of sale system.<p>Prohibits: (1) transferring a firearm to any person other than a licensee, unless the transfer is processed through a licensed dealer in accordance with national instant criminal background check system requirements, with exceptions; (2) a licensed manufacturer or dealer from failing to comply with reporting and record keeping requirements of this Act; (3) failing to report the loss or theft of the firearm to the Attorney General within 72 hours; (4) failing to report to the Attorney General an address change within 60 days; or (5) keeping a loaded firearm, or an unloaded firearm and ammunition for the firearm, knowingly or recklessly disregarding the risk that a child is capable of gaining access, if a child uses the firearm and causes death or serious bodily injury.<p>Prescribes criminal penalties for violations of firearms provisions covered by this Act. <p>Directs the Attorney General to: (1) establish and maintain a firearm injury information clearinghouse, (2) conduct continuing studies and investigations of firearm-related deaths and injuries, and (3) collect and maintain current production and sales figures of each licensed manufacturer. <p>Authorizes the Attorney General to certify state firearm licensing or record of sale systems.]]></summary-text>
</summary>
</item>
<dublinCore xmlns:dc="http://purl.org/dc/elements/1.1/">
<dc:format>text/xml</dc:format>
<dc:language>EN</dc:language>
<dc:rights>Pursuant to Title 17 Section 105 of the United States Code, this file is not subject to copyright protection and is in the public domain.</dc:rights>
<dc:contributor>Congressional Research Service, Library of Congress</dc:contributor>
<dc:description>This file contains bill summaries for federal legislation. A bill summary describes the most significant provisions of a piece of legislation and details the effects the legislative text may have on current law and federal programs. Bill summaries are authored by the Congressional Research Service (CRS) of the Library of Congress. As stated in Public Law 91-510 (2 USC 166 (d)(6)), one of the duties of CRS is "to prepare summaries and digests of bills and resolutions of a public general nature introduced in the Senate or House of Representatives". For more information, refer to the User Guide that accompanies this file.</dc:description>
</dublinCore>
</BillSummaries>
