<?xml version="1.0" encoding="UTF-8"?>
<BillSummaries>
<item congress="113" measure-type="hr" measure-number="485" measure-id="id113hr485" originChamber="HOUSE" orig-publish-date="2013-02-04" update-date="2013-03-05">
<title>National Nurse Act of 2013</title>
<summary summary-id="id113hr485v00" currentChamber="HOUSE" update-date="2013-03-05">
<action-date>2013-02-04</action-date>
<action-desc>Introduced in House</action-desc>
<summary-text><![CDATA[<p>National Nurse Act of 2013 - Amends the Public Health Service Act to establish the position of National Nurse for Public Health within the Office of the Surgeon General. Requires the individual serving as the National Nurse for Public Health to serve also as the Chief Nurse Officer of the Public Health Service. Includes among the duties of such position providing leadership and coordination of Public Health Service nursing professional affairs for the Office of the Surgeon General and other agencies of the Public Health Service, conducting media campaigns, and providing guidance and leadership for activities that will increase public safety and emergency preparedness. </p> <p>Requires the National Nurse for Public Health to: (1) participate in identification of national health priorities, (2) encourage volunteerism of nurses and strengthen the relationship between government agencies and health-related national organizations, and (3) promote the dissemination of evidence-based practice in educating the public on health promotion and disease prevention activities.</p>]]></summary-text>
</summary>
</item>
<dublinCore xmlns:dc="http://purl.org/dc/elements/1.1/">
<dc:format>text/xml</dc:format>
<dc:language>EN</dc:language>
<dc:rights>Pursuant to Title 17 Section 105 of the United States Code, this file is not subject to copyright protection and is in the public domain.</dc:rights>
<dc:contributor>Congressional Research Service, Library of Congress</dc:contributor>
<dc:description>This file contains bill summaries for federal legislation. A bill summary describes the most significant provisions of a piece of legislation and details the effects the legislative text may have on current law and federal programs. Bill summaries are authored by the Congressional Research Service (CRS) of the Library of Congress. As stated in Public Law 91-510 (2 USC 166 (d)(6)), one of the duties of CRS is "to prepare summaries and digests of bills and resolutions of a public general nature introduced in the Senate or House of Representatives". For more information, refer to the User Guide that accompanies this file.</dc:description>
</dublinCore>
</BillSummaries>
