<?xml version="1.0" encoding="UTF-8"?>
<BillSummaries>
<item congress="113" measure-type="hr" measure-number="258" measure-id="id113hr258" originChamber="HOUSE" orig-publish-date="2013-01-15" update-date="2013-06-06">
<title>Stolen Valor Act of 2013</title>
<summary summary-id="id113hr258v49" currentChamber="BOTH" update-date="2013-06-06">
<action-date>2013-06-03</action-date>
<action-desc>Public Law</action-desc>
<summary-text><![CDATA[<p><b>(This measure has not been amended since it was introduced. The summary of that version is repeated here.)</b></p> <p>Stolen Valor Act of 2013 - Amends the federal criminal code to rewrite provisions relating to fraudulent claims about military service to subject to a fine, imprisonment for not more than one year, or both an individual who, with intent to obtain money, property, or other tangible benefit, fraudulently holds himself or herself out to be a recipient of:</p> <ul> <li>a Congressional Medal of Honor, </li> <li>a distinguished-service cross, </li> <li>a Navy cross, </li> <li>an Air Force cross, </li> <li>a silver star, </li> <li>a Purple Heart, </li> <li>a Combat Infantryman's Badge, </li> <li>a Combat Action Badge, </li> <li>a Combat Medical Badge, </li> <li>a Combat Action Ribbon, </li> <li>a Combat Action Medal, or</li> <li> any replacement or duplicate medal for such medal as authorized by law. </li> </ul>]]></summary-text>
</summary>
<summary summary-id="id113hr258v82" currentChamber="SENATE" update-date="2013-05-31">
<action-date>2013-05-22</action-date>
<action-desc>Passed Senate without amendment</action-desc>
<summary-text><![CDATA[<p><b>(This measure has not been amended since it was introduced. The summary of that version is repeated here.)</b></p> <p>Stolen Valor Act of 2013 - Amends the federal criminal code to rewrite provisions relating to fraudulent claims about military service to subject to a fine, imprisonment for not more than one year, or both an individual who, with intent to obtain money, property, or other tangible benefit, fraudulently holds himself or herself out to be a recipient of:</p> <ul> <li>a Congressional Medal of Honor, </li> <li>a distinguished-service cross, </li> <li>a Navy cross, </li> <li>an Air Force cross, </li> <li>a silver star, </li> <li>a Purple Heart, </li> <li>a Combat Infantryman's Badge, </li> <li>a Combat Action Badge, </li> <li>a Combat Medical Badge, </li> <li>a Combat Action Ribbon, </li> <li>a Combat Action Medal, or</li> <li> any replacement or duplicate medal for such medal as authorized by law. </li> </ul>]]></summary-text>
</summary>
<summary summary-id="id113hr258v81" currentChamber="HOUSE" update-date="2013-05-22">
<action-date>2013-05-20</action-date>
<action-desc>Passed House without amendment</action-desc>
<summary-text><![CDATA[<p><b>(This measure has not been amended since it was introduced. The summary of that version is repeated here.)</b></p> <p>Stolen Valor Act of 2013 - Amends the federal criminal code to rewrite provisions relating to fraudulent claims about military service to subject to a fine, imprisonment for not more than one year, or both an individual who, with intent to obtain money, property, or other tangible benefit, fraudulently holds himself or herself out to be a recipient of:</p> <ul> <li>a Congressional Medal of Honor, </li> <li>a distinguished-service cross, </li> <li>a Navy cross, </li> <li>an Air Force cross, </li> <li>a silver star, </li> <li>a Purple Heart, </li> <li>a Combat Infantryman's Badge, </li> <li>a Combat Action Badge, </li> <li>a Combat Medical Badge, </li> <li>a Combat Action Ribbon, </li> <li>a Combat Action Medal, or</li> <li> any replacement or duplicate medal for such medal as authorized by law. </li> </ul>]]></summary-text>
</summary>
<summary summary-id="id113hr258v00" currentChamber="HOUSE" update-date="2013-01-16">
<action-date>2013-01-15</action-date>
<action-desc>Introduced in House</action-desc>
<summary-text><![CDATA[<p>Stolen Valor Act of 2013 - Amends the federal criminal code to rewrite provisions relating to fraudulent claims about military service to subject to a fine, imprisonment for not more than one year, or both an individual who, with intent to obtain money, property, or other tangible benefit, fraudulently holds himself or herself out to be a recipient of:</p> <ul> <li>a Congressional Medal of Honor, </li> <li>a distinguished-service cross, </li> <li>a Navy cross, </li> <li>an Air Force cross, </li> <li>a silver star, </li> <li>a Purple Heart, </li> <li>a Combat Infantryman's Badge, </li> <li>a Combat Action Badge, </li> <li>a Combat Medical Badge, </li> <li>a Combat Action Ribbon, </li> <li>a Combat Action Medal, or</li> <li> any replacement or duplicate medal for such medal as authorized by law. </li> </ul>]]></summary-text>
</summary>
</item>
<dublinCore xmlns:dc="http://purl.org/dc/elements/1.1/">
<dc:format>text/xml</dc:format>
<dc:language>EN</dc:language>
<dc:rights>Pursuant to Title 17 Section 105 of the United States Code, this file is not subject to copyright protection and is in the public domain.</dc:rights>
<dc:contributor>Congressional Research Service, Library of Congress</dc:contributor>
<dc:description>This file contains bill summaries for federal legislation. A bill summary describes the most significant provisions of a piece of legislation and details the effects the legislative text may have on current law and federal programs. Bill summaries are authored by the Congressional Research Service (CRS) of the Library of Congress. As stated in Public Law 91-510 (2 USC 166 (d)(6)), one of the duties of CRS is "to prepare summaries and digests of bills and resolutions of a public general nature introduced in the Senate or House of Representatives". For more information, refer to the User Guide that accompanies this file.</dc:description>
</dublinCore>
</BillSummaries>
