<?xml version="1.0" encoding="UTF-8"?>
<BillSummaries>
<item congress="113" measure-type="hr" measure-number="537" measure-id="id113hr537" originChamber="HOUSE" orig-publish-date="2013-02-06" update-date="2013-03-04">
<title>Social Networking Online Protection Act</title>
<summary summary-id="id113hr537v00" currentChamber="HOUSE" update-date="2013-03-04">
<action-date>2013-02-06</action-date>
<action-desc>Introduced in House</action-desc>
<summary-text><![CDATA[<p>Social Networking Online Protection Act - Prohibits employers from: (1) requiring or requesting that an employee or applicant for employment provide a user name, password, or any other means for accessing a private email account or personal account on a social networking website; or (2) discharging, disciplining, discriminating against, denying employment or promotion to, or threatening to take any such action against any employee or applicant who refuses to provide such information, files a compliant or institutes a proceeding under this Act, or testifies in any such proceeding. </p> <p>Sets forth, with respect to employer violations of this Act: (1) civil penalities; (2) the authority of the Secretary of Labor to bring injunctive actions; and (3) the jurisdiction of U.S. district courts to provide legal or equitable relief including employment, reinstatement, promotion, and payment of lost wages and benefits.</p> <p>Amends the Higher Education Act of 1965 and the Elementary and Secondary Education Act of 1965 to prohibit certain institutions of higher education and local educational agencies from requesting such password or account information from students or potential students. Prohibits denial of admission, suspension, expulsion, and other discipline or discrimination against students who decline to provide such information, file a complaint, institute a proceeding, or testify in any related proceeding.</p>]]></summary-text>
</summary>
</item>
<dublinCore xmlns:dc="http://purl.org/dc/elements/1.1/">
<dc:format>text/xml</dc:format>
<dc:language>EN</dc:language>
<dc:rights>Pursuant to Title 17 Section 105 of the United States Code, this file is not subject to copyright protection and is in the public domain.</dc:rights>
<dc:contributor>Congressional Research Service, Library of Congress</dc:contributor>
<dc:description>This file contains bill summaries for federal legislation. A bill summary describes the most significant provisions of a piece of legislation and details the effects the legislative text may have on current law and federal programs. Bill summaries are authored by the Congressional Research Service (CRS) of the Library of Congress. As stated in Public Law 91-510 (2 USC 166 (d)(6)), one of the duties of CRS is "to prepare summaries and digests of bills and resolutions of a public general nature introduced in the Senate or House of Representatives". For more information, refer to the User Guide that accompanies this file.</dc:description>
</dublinCore>
</BillSummaries>
