<?xml version="1.0" encoding="UTF-8"?>
<BillSummaries>
<item congress="113" measure-type="hr" measure-number="520" measure-id="id113hr520" originChamber="HOUSE" orig-publish-date="2013-02-05" update-date="2013-07-08">
<title>Buffalo Soldiers in the National Parks Study Act</title>
<summary summary-id="id113hr520v81" currentChamber="HOUSE" update-date="2013-07-08">
<action-date>2013-06-17</action-date>
<action-desc>Passed House without amendment</action-desc>
<summary-text><![CDATA[<p><b>(This measure has not been amended since it was introduced. The expanded summary of the House reported version is repeated here.)</b></p> <p>Buffalo Soldiers in the National Parks Study Act - Directs the Secretary of the Interior to study alternatives for the commemoration and interpretation of the role of the Buffalo Soldiers (African-American troops who, in the late 19th century and early 20th century, came to be known as the Buffalo Soldiers) in the early years of the National Parks, which shall include: (1) a historical assessment of the Buffalo Soldiers who served in National Parks in years prior to the establishment of the National Park Service (NPS); (2) an evaluation of the suitability and feasibility of establishing a national historic trail commemorating the route traveled by the Buffalo Soldiers from their post in the Presidio of San Francisco to the Sequoia and Yosemite National Parks and to any other National Parks where they may have served; (3) identification of properties that could meet criteria for listing in the National Register of Historic Places or criteria for designation as National Historic Landmarks; and (4) an evaluation of ways of enhancing historical research, education, and awareness of the story of the Buffalo Soldiers' stewardship role in the National Parks. Requires the Secretary to submit to Congress a report on the findings and recommendations of such study.</p>]]></summary-text>
</summary>
<summary summary-id="id113hr520v79" currentChamber="HOUSE" update-date="2013-07-08">
<action-date>2013-05-17</action-date>
<action-desc>Reported to House without amendment</action-desc>
<summary-text><![CDATA[<p><b>(This measure has not been amended since it was introduced. The summary has been expanded because action occurred on the measure.)</b></p> <p>Buffalo Soldiers in the National Parks Study Act - Directs the Secretary of the Interior to study alternatives for the commemoration and interpretation of the role of the Buffalo Soldiers (African-American troops who, in the late 19th century and early 20th century, came to be known as the Buffalo Soldiers) in the early years of the National Parks, which shall include: (1) an historical assessment of the Buffalo Soldiers who served in National Parks in the years prior to the establishment of the National Park Service (NPS); (2) an evaluation of the suitability and feasibility of establishing a national historic trail commemorating the route traveled by the Buffalo Soldiers from their post in the Presidio in San Francisco to the Sequoia and Yosemite National Parks and to any other National Parks where they may have served; (3) identification of properties that could meet criteria for listing in the National Register of Historic Places or criteria for designation as National Historic Landmarks; and (4) an evaluation of ways of enhancing historical research, education, and awareness of the story of the Buffalo Soldiers' stewardship role in the National Parks. Requires the Secretary to submit to Congress a report on the findings and recommendations of such study.</p>]]></summary-text>
</summary>
<summary summary-id="id113hr520v00" currentChamber="HOUSE" update-date="2013-02-22">
<action-date>2013-02-05</action-date>
<action-desc>Introduced in House</action-desc>
<summary-text><![CDATA[<p>Buffalo Soldiers in the National Parks Study Act - Directs the Secretary of the Interior to study alternatives for the commemoration and interpretation of the role of the Buffalo Soldiers (African-American troops who, in the late 19th century and early 20th century, came to be known as the Buffalo Soldiers) in the early years of the National Parks, which shall include an evaluation of the suitability and feasibility of establishing a national historic trail commemorating the route traveled by the Buffalo Soldiers from their post in the Presidio in San Francisco to the Sequoia and Yosemite National Parks and to any other National Parks where they may have served. </p>]]></summary-text>
</summary>
</item>
<dublinCore xmlns:dc="http://purl.org/dc/elements/1.1/">
<dc:format>text/xml</dc:format>
<dc:language>EN</dc:language>
<dc:rights>Pursuant to Title 17 Section 105 of the United States Code, this file is not subject to copyright protection and is in the public domain.</dc:rights>
<dc:contributor>Congressional Research Service, Library of Congress</dc:contributor>
<dc:description>This file contains bill summaries for federal legislation. A bill summary describes the most significant provisions of a piece of legislation and details the effects the legislative text may have on current law and federal programs. Bill summaries are authored by the Congressional Research Service (CRS) of the Library of Congress. As stated in Public Law 91-510 (2 USC 166 (d)(6)), one of the duties of CRS is "to prepare summaries and digests of bills and resolutions of a public general nature introduced in the Senate or House of Representatives". For more information, refer to the User Guide that accompanies this file.</dc:description>
</dublinCore>
</BillSummaries>
