<?xml version="1.0" encoding="UTF-8"?>
<BillSummaries>
<item congress="113" measure-type="hr" measure-number="950" measure-id="id113hr950" originChamber="HOUSE" orig-publish-date="2013-03-05" update-date="2013-04-26">
<title>PACE Act</title>
<summary summary-id="id113hr950v00" currentChamber="HOUSE" update-date="2013-04-26">
<action-date>2013-03-05</action-date>
<action-desc>Introduced in House</action-desc>
<summary-text><![CDATA[<p>Protecting America's Civilian Employees Act or PACE Act - Requires the Director of the Office of Management and Budget (OMB) to report to Congress, within 30 days after enactment of this Act, on how amounts could be transferred within federal agencies and departments for FY2013 to avoid all furloughs or reductions in force without increasing the federal deficit for that fiscal year.</p>]]></summary-text>
</summary>
</item>
<dublinCore xmlns:dc="http://purl.org/dc/elements/1.1/">
<dc:format>text/xml</dc:format>
<dc:language>EN</dc:language>
<dc:rights>Pursuant to Title 17 Section 105 of the United States Code, this file is not subject to copyright protection and is in the public domain.</dc:rights>
<dc:contributor>Congressional Research Service, Library of Congress</dc:contributor>
<dc:description>This file contains bill summaries for federal legislation. A bill summary describes the most significant provisions of a piece of legislation and details the effects the legislative text may have on current law and federal programs. Bill summaries are authored by the Congressional Research Service (CRS) of the Library of Congress. As stated in Public Law 91-510 (2 USC 166 (d)(6)), one of the duties of CRS is "to prepare summaries and digests of bills and resolutions of a public general nature introduced in the Senate or House of Representatives". For more information, refer to the User Guide that accompanies this file.</dc:description>
</dublinCore>
</BillSummaries>
