<?xml version="1.0" encoding="UTF-8"?>
<BillSummaries>
<item congress="113" measure-type="hr" measure-number="703" measure-id="id113hr703" originChamber="HOUSE" orig-publish-date="2013-02-14" update-date="2013-03-11">
<title>First State National Historical Park Act</title>
<summary summary-id="id113hr703v00" currentChamber="HOUSE" update-date="2013-03-11">
<action-date>2013-02-14</action-date>
<action-desc>Introduced in House</action-desc>
<summary-text><![CDATA[<p>First State National Historical Park Act - Establishes the First State National Historical Park in Delaware, to be administered as a unit of the National Park System. </p> <p>Specifies that the purpose of the Park is the preservation, protection, and interpretation of the nationally significant cultural and historic resources associated with early Dutch, Swedish, and English settlement of the colony of Delaware and parts of the colony of Pennsylvania and Delaware's role in the birth of the United States and as the first state to ratify the Constitution. </p> <p>Requires the completion of a management plan for the Park. </p> <p>Requires completion of a study assessing the historical significance of additional properties in Delaware associated with the Park. </p>]]></summary-text>
</summary>
</item>
<dublinCore xmlns:dc="http://purl.org/dc/elements/1.1/">
<dc:format>text/xml</dc:format>
<dc:language>EN</dc:language>
<dc:rights>Pursuant to Title 17 Section 105 of the United States Code, this file is not subject to copyright protection and is in the public domain.</dc:rights>
<dc:contributor>Congressional Research Service, Library of Congress</dc:contributor>
<dc:description>This file contains bill summaries for federal legislation. A bill summary describes the most significant provisions of a piece of legislation and details the effects the legislative text may have on current law and federal programs. Bill summaries are authored by the Congressional Research Service (CRS) of the Library of Congress. As stated in Public Law 91-510 (2 USC 166 (d)(6)), one of the duties of CRS is "to prepare summaries and digests of bills and resolutions of a public general nature introduced in the Senate or House of Representatives". For more information, refer to the User Guide that accompanies this file.</dc:description>
</dublinCore>
</BillSummaries>
