<?xml version="1.0" encoding="UTF-8"?>
<BillSummaries>
<item congress="113" measure-type="hr" measure-number="319" measure-id="id113hr319" originChamber="HOUSE" orig-publish-date="2013-01-18" update-date="2013-03-01">
<title>To amend the Congressional Budget Act of 1974 to provide for an expedited process for increasing the statutory limit on the public debt.</title>
<summary summary-id="id113hr319v00" currentChamber="HOUSE" update-date="2013-03-01">
<action-date>2013-01-18</action-date>
<action-desc>Introduced in House</action-desc>
<summary-text><![CDATA[<p>Amends the Congressional Budget Act of 1974 to revise the contents of the concurrent resolution on the budget to include a heading entitled &quot;Debt Increase as Measure of Deficit&quot; to set forth the amounts by which the current $14.294 trillion public debt limit shall increase in each of such years.</p> <p>Declares that, upon passage in the House of Representatives of the conference report on any concurrent budget resolution, it shall be immediately in order for the House to consider a privileged bill offered by the chairman of the Committee on the Budget amending the public debt limit at the level proposed under the &quot;Debt Increase as Measure of Deficit&quot; heading for the budget resolution's fiscal year. Limits to one hour any debate on the bill. Prohibits the measure from being amendable and a motion to commit from being in order.</p> <p>Applies similar procedures for Senate consideration of the House passed bill.</p> <p>Makes it out of order in the Senate to consider the bill before the passage of the conference report on the budget resolution for its fiscal year.</p> <p>Increases the public debt limit from $14,294,000,000,000 to $17,072,810,000,000.</p> </p>]]></summary-text>
</summary>
</item>
<dublinCore xmlns:dc="http://purl.org/dc/elements/1.1/">
<dc:format>text/xml</dc:format>
<dc:language>EN</dc:language>
<dc:rights>Pursuant to Title 17 Section 105 of the United States Code, this file is not subject to copyright protection and is in the public domain.</dc:rights>
<dc:contributor>Congressional Research Service, Library of Congress</dc:contributor>
<dc:description>This file contains bill summaries for federal legislation. A bill summary describes the most significant provisions of a piece of legislation and details the effects the legislative text may have on current law and federal programs. Bill summaries are authored by the Congressional Research Service (CRS) of the Library of Congress. As stated in Public Law 91-510 (2 USC 166 (d)(6)), one of the duties of CRS is "to prepare summaries and digests of bills and resolutions of a public general nature introduced in the Senate or House of Representatives". For more information, refer to the User Guide that accompanies this file.</dc:description>
</dublinCore>
</BillSummaries>
