<?xml version="1.0" encoding="UTF-8"?>
<BillSummaries>
<item congress="113" measure-type="hr" measure-number="832" measure-id="id113hr832" originChamber="HOUSE" orig-publish-date="2013-02-26" update-date="2013-03-09">
<title>Lower Rio Grande Valley Water Resources Conservation and Improvement Act of 2013</title>
<summary summary-id="id113hr832v00" currentChamber="HOUSE" update-date="2013-03-09">
<action-date>2013-02-26</action-date>
<action-desc>Introduced in House</action-desc>
<summary-text><![CDATA[<p>Lower Rio Grande Valley Water Resources Conservation and Improvement Act of 2013 - Amends the Lower Rio Grande Valley Water Resources Conservation and Improvement Act of 2000 to authorize specified additional projects, including projects for water conservation and improvement in Cameron, Hidalgo, Willacy, Hudspeth, and El Paso counties, Texas.</p><p>Permits each project that the Secretary of the Interior, acting through the Commissioner of the Bureau of Reclamation, conducts or participates in to include: (1) the replacement of irrigation canals and lateral canals with buried pipelines; (2) the impervious lining of irrigation canals and lateral canals; (3) the installation of water level, flow measurement, pump control, and telemetry systems; (4) the renovation and replacement of pumping plants; and (5) other activities that will result in water conservation or an improved water supply.</p>]]></summary-text>
</summary>
</item>
<dublinCore xmlns:dc="http://purl.org/dc/elements/1.1/">
<dc:format>text/xml</dc:format>
<dc:language>EN</dc:language>
<dc:rights>Pursuant to Title 17 Section 105 of the United States Code, this file is not subject to copyright protection and is in the public domain.</dc:rights>
<dc:contributor>Congressional Research Service, Library of Congress</dc:contributor>
<dc:description>This file contains bill summaries for federal legislation. A bill summary describes the most significant provisions of a piece of legislation and details the effects the legislative text may have on current law and federal programs. Bill summaries are authored by the Congressional Research Service (CRS) of the Library of Congress. As stated in Public Law 91-510 (2 USC 166 (d)(6)), one of the duties of CRS is "to prepare summaries and digests of bills and resolutions of a public general nature introduced in the Senate or House of Representatives". For more information, refer to the User Guide that accompanies this file.</dc:description>
</dublinCore>
</BillSummaries>
