<?xml version="1.0" encoding="UTF-8"?>
<BillSummaries>
<item congress="113" measure-type="hr" measure-number="1012" measure-id="id113hr1012" originChamber="HOUSE" orig-publish-date="2013-03-06" update-date="2013-03-28">
<title>Safety And Fraud Enforcement for Seafood Act</title>
<summary summary-id="id113hr1012v00" currentChamber="HOUSE" update-date="2013-03-28">
<action-date>2013-03-06</action-date>
<action-desc>Introduced in House</action-desc>
<summary-text><![CDATA[<p>Safety And Fraud Enforcement for Seafood Act - Requires the Secretaries of Commerce and Health and Human Services (HHS) to execute a memorandum of understanding to improve interagency cooperation on seafood safety and fraud prevention, building upon any prior agreement, including those under the Federal Food, Drug, and Cosmetic Act.</p> <p>Includes in such a memorandum processes concerning efficient use of inspection personnel, intergovernmental cooperation, use of data, and utilization of the National Oceanic and Atmospheric Administration's (NOAA) Seafood Inspection Program as a third-party auditor to inspect imported seafood. </p> <p>Establishes coordination requirements for: (1) the use of the national sea grant college program for outreach activities, and (2) the collection of information to prevent seafood fraud. Defines "seafood fraud" as the mislabeling or misrepresentation of seafood information required under this Act or other applicable federal laws and regulations. </p> <p>Requires, of the fishery management plan data required to be submitted in the course of fish processing, certain minimum information, in addition to catch locations, to accompany seafood through final sale (on the packaging display or otherwise) including market and species names, harvest method, catch date, and product weight or number. Directs additional information to be provided for seafood that was: (1) previously frozen, treated with substances affecting weight, or processed in a country other than that in which it was landed or harvested; or (2) farm-raised, with details regarding the country and method of cultivation as well as the location of the aquaculture production area. Exempts importers, processors, distributors, or retailers from violations for unknowingly selling a product that was already mislabeled upon receipt, provided that such entities can produce the appropriate product traceability documentation. </p> <p>Provides standards for refusal of admission of imported seafood based upon findings that any shipment appears to be in violation of such seafood traceability requirements or other applicable federal laws or regulations. </p> <p>Provides procedures for import certifications and allowance of individual shipments in certain cases. </p> <p>Requires a public website to list exporters of seafood to the United States and track violations. </p> <p>Requires the Secretary of Commerce to increase the number of shipments inspected for seafood fraud by NOAA inspectors and authorized officers, prevent the percentage of seafood shipments inspected from declining in a subsequent year, and ensure that inspections for fraud prevention also collect seafood safety information. </p> <p>Allows civil actions by states for seafood fraud violations. </p> <p>Requires the Secretaries to report to Congress biennially on seafood safety and seafood fraud prevention measures. </p>]]></summary-text>
</summary>
</item>
<dublinCore xmlns:dc="http://purl.org/dc/elements/1.1/">
<dc:format>text/xml</dc:format>
<dc:language>EN</dc:language>
<dc:rights>Pursuant to Title 17 Section 105 of the United States Code, this file is not subject to copyright protection and is in the public domain.</dc:rights>
<dc:contributor>Congressional Research Service, Library of Congress</dc:contributor>
<dc:description>This file contains bill summaries for federal legislation. A bill summary describes the most significant provisions of a piece of legislation and details the effects the legislative text may have on current law and federal programs. Bill summaries are authored by the Congressional Research Service (CRS) of the Library of Congress. As stated in Public Law 91-510 (2 USC 166 (d)(6)), one of the duties of CRS is "to prepare summaries and digests of bills and resolutions of a public general nature introduced in the Senate or House of Representatives". For more information, refer to the User Guide that accompanies this file.</dc:description>
</dublinCore>
</BillSummaries>
