<?xml version="1.0" encoding="UTF-8"?>
<BillSummaries>
<item congress="113" measure-type="hr" measure-number="614" measure-id="id113hr614" originChamber="HOUSE" orig-publish-date="2013-02-12" update-date="2013-03-01">
<title>American Discoveries and American Jobs Commission Act of 2013</title>
<summary summary-id="id113hr614v00" currentChamber="HOUSE" update-date="2013-03-01">
<action-date>2013-02-12</action-date>
<action-desc>Introduced in House</action-desc>
<summary-text><![CDATA[<p>American Discoveries and American Jobs Commission Act of 2013 - Establishes the Commission on American Discoveries and American Jobs to study: (1) the state of technology transfer from federally funded research to the private sector; (2) the possibilities for the federal government to collect royalties from early research that leads to the commercialization of a profitable product or technology; (3) the potential adverse consequences of such royalties on technology transfer, commercialization, and economic growth; and (4) the potential benefits of reinvesting revenues from federal royalties into science, technology, engineering, and math (STEM) education and seeding future federally funded research. </p> <p>Requires submission to Congress of recommendations of specified regulatory and statutory changes. </p>]]></summary-text>
</summary>
</item>
<dublinCore xmlns:dc="http://purl.org/dc/elements/1.1/">
<dc:format>text/xml</dc:format>
<dc:language>EN</dc:language>
<dc:rights>Pursuant to Title 17 Section 105 of the United States Code, this file is not subject to copyright protection and is in the public domain.</dc:rights>
<dc:contributor>Congressional Research Service, Library of Congress</dc:contributor>
<dc:description>This file contains bill summaries for federal legislation. A bill summary describes the most significant provisions of a piece of legislation and details the effects the legislative text may have on current law and federal programs. Bill summaries are authored by the Congressional Research Service (CRS) of the Library of Congress. As stated in Public Law 91-510 (2 USC 166 (d)(6)), one of the duties of CRS is "to prepare summaries and digests of bills and resolutions of a public general nature introduced in the Senate or House of Representatives". For more information, refer to the User Guide that accompanies this file.</dc:description>
</dublinCore>
</BillSummaries>
