<?xml version="1.0" encoding="UTF-8"?>
<BillSummaries>
<item congress="113" measure-type="hr" measure-number="732" measure-id="id113hr732" originChamber="HOUSE" orig-publish-date="2013-02-14" update-date="2013-02-27">
<title>Child Interstate Abortion Notification Act</title>
<summary summary-id="id113hr732v00" currentChamber="HOUSE" update-date="2013-02-27">
<action-date>2013-02-14</action-date>
<action-desc>Introduced in House</action-desc>
<summary-text><![CDATA[<p>Child Interstate Abortion Notification Act - Amends the federal criminal code to prohibit transporting a minor child across a state line to obtain an abortion (deems such transporting to be a de facto abridgment of the right of a parent under any law in the minor&#146;s state of residence that requires parental involvement in the minor&#146;s abortion decision). Makes an exception for an abortion necessary to save the life of the minor. </p> <p>Makes it an affirmative defense to a prosecution or civil action under this Act that a defendant: (1) reasonably believed that before the minor obtained the abortion, the required parental consent or notification or judicial authorization took place; or (2) was presented with documentation showing that a court waived parental notification requirements or authorized the minor's abortion.</p> <p>Defines &quot;abortion&quot; to mean the use or prescription of any instrument, medicine, drug, or any other substance or device: (1) to intentionally kill the unborn child of a woman known to be pregnant; or (2) to intentionally prematurely terminate the pregnancy of a woman known to be pregnant with an intention other than to increase the probability of a live birth or of preserving the life or health of the child after live birth, or to remove a dead unborn child. </p> <p>Imposes a fine and/or prison term of up to one year on a physician who performs or induces an abortion on an out-of-state minor in violation of parental notification requirements. Requires such physician to give 24-hour actual or constructive notice to a parent of the minor seeking an abortion, subject to certain exceptions. </p>]]></summary-text>
</summary>
</item>
<dublinCore xmlns:dc="http://purl.org/dc/elements/1.1/">
<dc:format>text/xml</dc:format>
<dc:language>EN</dc:language>
<dc:rights>Pursuant to Title 17 Section 105 of the United States Code, this file is not subject to copyright protection and is in the public domain.</dc:rights>
<dc:contributor>Congressional Research Service, Library of Congress</dc:contributor>
<dc:description>This file contains bill summaries for federal legislation. A bill summary describes the most significant provisions of a piece of legislation and details the effects the legislative text may have on current law and federal programs. Bill summaries are authored by the Congressional Research Service (CRS) of the Library of Congress. As stated in Public Law 91-510 (2 USC 166 (d)(6)), one of the duties of CRS is "to prepare summaries and digests of bills and resolutions of a public general nature introduced in the Senate or House of Representatives". For more information, refer to the User Guide that accompanies this file.</dc:description>
</dublinCore>
</BillSummaries>
