<?xml version="1.0" encoding="UTF-8"?>
<BillSummaries>
<item congress="113" measure-type="hr" measure-number="450" measure-id="id113hr450" originChamber="HOUSE" orig-publish-date="2013-02-01" update-date="2013-02-08">
<title>Bureau of Consumer Financial Protection Accountability Act</title>
<summary summary-id="id113hr450v00" currentChamber="HOUSE" update-date="2013-02-08">
<action-date>2013-02-01</action-date>
<action-desc>Introduced in House</action-desc>
<summary-text><![CDATA[<p>Bureau of Consumer Financial Protection Accountability Act - Amends the Consumer Financial Protection Act of 2010 to subject the Consumer Financial Protection Bureau (CFPB) to regular appropriations.</p> <p>Repeals the requirement of an annual transfer to the CFPB of funds from the Board of Governors of the Federal Reserve System. Subjects the CFPB to the regular authorization, budget, and appropriations process of the Department of the Treasury.</p> <p>Repeals establishment of the CFPB Fund.</p> <p>Replaces the authorization of appropriations for FY2010-FY2014 with an authorization for FY2013 only.</p>]]></summary-text>
</summary>
</item>
<dublinCore xmlns:dc="http://purl.org/dc/elements/1.1/">
<dc:format>text/xml</dc:format>
<dc:language>EN</dc:language>
<dc:rights>Pursuant to Title 17 Section 105 of the United States Code, this file is not subject to copyright protection and is in the public domain.</dc:rights>
<dc:contributor>Congressional Research Service, Library of Congress</dc:contributor>
<dc:description>This file contains bill summaries for federal legislation. A bill summary describes the most significant provisions of a piece of legislation and details the effects the legislative text may have on current law and federal programs. Bill summaries are authored by the Congressional Research Service (CRS) of the Library of Congress. As stated in Public Law 91-510 (2 USC 166 (d)(6)), one of the duties of CRS is "to prepare summaries and digests of bills and resolutions of a public general nature introduced in the Senate or House of Representatives". For more information, refer to the User Guide that accompanies this file.</dc:description>
</dublinCore>
</BillSummaries>
