<?xml version="1.0" encoding="UTF-8"?>
<BillSummaries>
<item congress="113" measure-type="hr" measure-number="340" measure-id="id113hr340" originChamber="HOUSE" orig-publish-date="2013-01-22" update-date="2013-02-02">
<title>Protecting Financial Aid for Students and Taxpayers Act</title>
<summary summary-id="id113hr340v00" currentChamber="HOUSE" update-date="2013-02-02">
<action-date>2013-01-22</action-date>
<action-desc>Introduced in House</action-desc>
<summary-text><![CDATA[<p>Protecting Financial Aid for Students and Taxpayers Act - Amends the Higher Education Opportunity Act to prohibit postsecondary educational institutions from using revenues derived from federal educational assistance funds for: (1) advertising and promotion; (2) identifying and attracting prospective students; or (3) other activities the Secretary of Education may proscribe, such as paying for the promotion or sponsorship of education or military-related associations.</p> <p>Excepts from that prohibition activities that are required as a condition of receiving funds under title IV (Student Assistance) of the Higher Education Act of 1965, specifically authorized under title IV, or otherwise specified by the Secretary.</p>]]></summary-text>
</summary>
</item>
<dublinCore xmlns:dc="http://purl.org/dc/elements/1.1/">
<dc:format>text/xml</dc:format>
<dc:language>EN</dc:language>
<dc:rights>Pursuant to Title 17 Section 105 of the United States Code, this file is not subject to copyright protection and is in the public domain.</dc:rights>
<dc:contributor>Congressional Research Service, Library of Congress</dc:contributor>
<dc:description>This file contains bill summaries for federal legislation. A bill summary describes the most significant provisions of a piece of legislation and details the effects the legislative text may have on current law and federal programs. Bill summaries are authored by the Congressional Research Service (CRS) of the Library of Congress. As stated in Public Law 91-510 (2 USC 166 (d)(6)), one of the duties of CRS is "to prepare summaries and digests of bills and resolutions of a public general nature introduced in the Senate or House of Representatives". For more information, refer to the User Guide that accompanies this file.</dc:description>
</dublinCore>
</BillSummaries>
