<?xml version="1.0" encoding="UTF-8"?>
<BillSummaries>
<item congress="113" measure-type="hr" measure-number="438" measure-id="id113hr438" originChamber="HOUSE" orig-publish-date="2013-01-29" update-date="2013-02-12">
<title>Fair Pay Act of 2013</title>
<summary summary-id="id113hr438v00" currentChamber="HOUSE" update-date="2013-02-12">
<action-date>2013-01-29</action-date>
<action-desc>Introduced in House</action-desc>
<summary-text><![CDATA[<p>Fair Pay Act of 2013 - Amends the Fair Labor Standards Act of 1938 to prohibit discrimination in the payment of wages on account of sex, race, or national origin. (Allows payment of different wages under seniority systems, merit systems, systems that measure earnings by quantity or quality of production, or differentials based on bona fide factors that the employer demonstrates are job-related or further legitimate business interests.)</p> <p>Prohibits the discharge of, or any other discrimination against, an individual for opposing any act or practice made unlawful by this Act, or for assisting in an investigation or proceeding under it. <p>Directs courts, in any action brought under this Act for violation of such prohibition, to allow expert fees as part of the costs awarded to prevailing plaintiffs. Allows any such action to be maintained as a class action. <p>Directs the Equal Employment Opportunity Commission (EEOC) to: (1) undertake studies and provide information and technical assistance to employers, labor organizations, and the general public concerning effective means available to implement this Act; and (2) carry on a continuing program of research, education, and technical assistance with specified components related to the purposes of this Act. <p>Makes conforming amendments relating to congressional and executive branch employees to the Congressional Accountability Act of 1995 and the Presidential and Executive Office Accountability Act.]]></summary-text>
</summary>
</item>
<dublinCore xmlns:dc="http://purl.org/dc/elements/1.1/">
<dc:format>text/xml</dc:format>
<dc:language>EN</dc:language>
<dc:rights>Pursuant to Title 17 Section 105 of the United States Code, this file is not subject to copyright protection and is in the public domain.</dc:rights>
<dc:contributor>Congressional Research Service, Library of Congress</dc:contributor>
<dc:description>This file contains bill summaries for federal legislation. A bill summary describes the most significant provisions of a piece of legislation and details the effects the legislative text may have on current law and federal programs. Bill summaries are authored by the Congressional Research Service (CRS) of the Library of Congress. As stated in Public Law 91-510 (2 USC 166 (d)(6)), one of the duties of CRS is "to prepare summaries and digests of bills and resolutions of a public general nature introduced in the Senate or House of Representatives". For more information, refer to the User Guide that accompanies this file.</dc:description>
</dublinCore>
</BillSummaries>
