<?xml version="1.0" encoding="UTF-8"?>
<BillSummaries>
<item congress="113" measure-type="hr" measure-number="298" measure-id="id113hr298" originChamber="HOUSE" orig-publish-date="2013-01-15" update-date="2014-05-01">
<title>To direct the Secretary of the Interior to conduct a special resource study to evaluate the significance of the Mill Springs Battlefield located in Pulaski and Wayne Counties, Kentucky, and the feasibility of its inclusion in the National Park System, and for other purposes.</title>
<summary summary-id="id113hr298v36" currentChamber="HOUSE" update-date="2014-05-01">
<action-date>2014-04-28</action-date>
<action-desc>Passed House amended</action-desc>
<summary-text><![CDATA[<p><b>(This measure has not been amended since it was reported to the House on December 2, 2013. The summary of that version is repeated here.)</b></p> <p>Directs the Secretary of the Interior to conduct a special resource study to evaluate the significance of the Mill Springs Battlefield in Kentucky (relating to the Battle of Mill Springs fought on January 19, 1862, in Pulaski and Wayne Counties during the Civil War) and the feasibility of its inclusion in the National Park System (NPS). </p> <p>Requires such study, among other things, to analyze: (1) the effect of the Battlefield's designation as a unit of the NPS on existing commercial and recreational activities, energy production and transmission infrastructure, and the authority of state and local governments to manage those activities; and (2) the identification of any authorities, including condemnation, that will compel or permit the Secretary to influence or participate in local land use decisions (such as zoning) or place restrictions on non-federal lands if the Battlefield is designated as an NPS unit. </p> <p>Requires owners of private property adjacent to the Battlefield to be notified of the commencement and scope of this study. </p>]]></summary-text>
</summary>
<summary summary-id="id113hr298v17" currentChamber="HOUSE" update-date="2013-12-04">
<action-date>2013-12-02</action-date>
<action-desc>Reported to House amended</action-desc>
<summary-text><![CDATA[<p>Directs the Secretary of the Interior to conduct a special resource study to evaluate the significance of the Mill Springs Battlefield in Kentucky (relating to the Battle of Mill Springs fought on January 19, 1862, in Pulaski and Wayne Counties during the Civil War) and the feasibility of its inclusion in the National Park System (NPS). </p> <p>Requires such study, among other things, to analyze: (1) the effect of the Battlefield's designation as a unit of the NPS on existing commercial and recreational activities, energy production and transmission infrastructure, and the authority of state and local governments to manage those activities; and (2) the identification of any authorities, including condemnation, that will compel or permit the Secretary to influence or participate in local land use decisions (such as zoning) or place restrictions on non-federal lands if the Battlefield is designated as an NPS unit. </p> <p>Requires owners of private property adjacent to the Battlefield to be notified of the commencement and scope of this study. </p>]]></summary-text>
</summary>
<summary summary-id="id113hr298v00" currentChamber="HOUSE" update-date="2013-01-29">
<action-date>2013-01-15</action-date>
<action-desc>Introduced in House</action-desc>
<summary-text><![CDATA[<p>Directs the Secretary of the Interior to conduct a special resource study to evaluate the significance of the Mill Springs Battlefield in Kentucky (relating to the Battle of Mill Springs fought on January 19, 1862, in Pulaski and Wayne Counties during the Civil War) and the feasibility of the inclusion of such battlefield in the National Park System. </p> <p>Requires owners of private property connected to the Battlefield to be notified of the commencement and scope of such study. </p>]]></summary-text>
</summary>
</item>
<dublinCore xmlns:dc="http://purl.org/dc/elements/1.1/">
<dc:format>text/xml</dc:format>
<dc:language>EN</dc:language>
<dc:rights>Pursuant to Title 17 Section 105 of the United States Code, this file is not subject to copyright protection and is in the public domain.</dc:rights>
<dc:contributor>Congressional Research Service, Library of Congress</dc:contributor>
<dc:description>This file contains bill summaries for federal legislation. A bill summary describes the most significant provisions of a piece of legislation and details the effects the legislative text may have on current law and federal programs. Bill summaries are authored by the Congressional Research Service (CRS) of the Library of Congress. As stated in Public Law 91-510 (2 USC 166 (d)(6)), one of the duties of CRS is "to prepare summaries and digests of bills and resolutions of a public general nature introduced in the Senate or House of Representatives". For more information, refer to the User Guide that accompanies this file.</dc:description>
</dublinCore>
</BillSummaries>
