<?xml version="1.0" encoding="UTF-8"?>
<BillSummaries>
<item congress="113" measure-type="hr" measure-number="795" measure-id="id113hr795" originChamber="HOUSE" orig-publish-date="2013-02-15" update-date="2013-03-01">
<title>Protecting American Jobs Act</title>
<summary summary-id="id113hr795v00" currentChamber="HOUSE" update-date="2013-03-01">
<action-date>2013-02-15</action-date>
<action-desc>Introduced in House</action-desc>
<summary-text><![CDATA[<p>Protecting American Jobs Act - Amends the National Labor Relations Act to repeal the authority of the General Counsel of the National Labor Relations Board (NLRB) to issue, and prosecute before the Board, complaints with respect to unfair labor practices.</p> <p>Repeals the prohibition against: (1) review of an administrative law judge's report by any person other than a Board member or legal assistant; and (2) advice to or consultation with the Board by an administrative law judge with respect to exceptions taken to his or her findings, rulings, or recommendations.</p> <p>Limits the Board's rulemaking authority to rules concerning the internal functions of the Board. Prohibits the Board from promulgating rules that affect the substantive rights of a person, employer, employee, or labor organization.</p> <p>Revises Board powers to grant it the authority to investigate unfair labor practices, but repeals its power to prevent any person from engaging in them.</p> <p>Repeals the Board's power to issue a complaint against a person charging an unfair labor practice. Allows an aggrieved party to bring a civil action for relief (including injunctions) in U.S. district court or the U.S. District Court for the District of Columbia in cases where it appears that a person has engaged, is engaging, or is about to engage in an unfair labor practice.</p>]]></summary-text>
</summary>
</item>
<dublinCore xmlns:dc="http://purl.org/dc/elements/1.1/">
<dc:format>text/xml</dc:format>
<dc:language>EN</dc:language>
<dc:rights>Pursuant to Title 17 Section 105 of the United States Code, this file is not subject to copyright protection and is in the public domain.</dc:rights>
<dc:contributor>Congressional Research Service, Library of Congress</dc:contributor>
<dc:description>This file contains bill summaries for federal legislation. A bill summary describes the most significant provisions of a piece of legislation and details the effects the legislative text may have on current law and federal programs. Bill summaries are authored by the Congressional Research Service (CRS) of the Library of Congress. As stated in Public Law 91-510 (2 USC 166 (d)(6)), one of the duties of CRS is "to prepare summaries and digests of bills and resolutions of a public general nature introduced in the Senate or House of Representatives". For more information, refer to the User Guide that accompanies this file.</dc:description>
</dublinCore>
</BillSummaries>
