<?xml version="1.0" encoding="UTF-8"?>
<BillSummaries>
<item congress="113" measure-type="hr" measure-number="1025" measure-id="id113hr1025" originChamber="HOUSE" orig-publish-date="2013-03-07" update-date="2013-03-28">
<title>Berryessa Snow Mountain National Conservation Area Act</title>
<summary summary-id="id113hr1025v00" currentChamber="HOUSE" update-date="2013-03-28">
<action-date>2013-03-07</action-date>
<action-desc>Introduced in House</action-desc>
<summary-text><![CDATA[<p>Berryessa Snow Mountain National Conservation Area Act - Establishes the Berryessa Snow Mountain National Conservation Area within Napa, Lake, Mendocino, Solano, and Yolo Counties in California. </p> <p> States that the purpose of the Conservation Area is the conservation, protection, and enhancement of the ecological, scenic, wildlife, recreational, cultural, historical, natural, educational, and scientific resources of the lands included in the Area for the benefit and enjoyment of present and future generations. </p> <p>Continues to provide historical and adequate access to private inholdings in the Conservation Area. </p> <p>Allows only those uses of the Conservation Area that would further the purposes for which it is established. </p> <p>Requires a comprehensive plan for the protection and management of the federal lands included within the Conservation Area. Requires such plan to: (1) assess the impacts of climate change, (2) include a comprehensive weed management strategy, and (3) include a plan to address the public safety and environmental clean-up issues associated with illegal marijuana production. </p> <p>Permits grazing in the Conservation Area: (1) to continue, if established before this Act's enactment; (2) if not established before enactment, only to the extent that it is consistent with the purposes of the conservation area; or (3) through issuing annual targeted permits for the control of noxious weeds, fire suppression, or to provide other ecological benefits. </p> <p>Establishes the Berryessa Snow Mountain National Conservation Area Advisory Council to advise with respect to the preparation and implementation of the management plan. Requires the appointment of one Council member to represent Native American Tribes. </p>]]></summary-text>
</summary>
</item>
<dublinCore xmlns:dc="http://purl.org/dc/elements/1.1/">
<dc:format>text/xml</dc:format>
<dc:language>EN</dc:language>
<dc:rights>Pursuant to Title 17 Section 105 of the United States Code, this file is not subject to copyright protection and is in the public domain.</dc:rights>
<dc:contributor>Congressional Research Service, Library of Congress</dc:contributor>
<dc:description>This file contains bill summaries for federal legislation. A bill summary describes the most significant provisions of a piece of legislation and details the effects the legislative text may have on current law and federal programs. Bill summaries are authored by the Congressional Research Service (CRS) of the Library of Congress. As stated in Public Law 91-510 (2 USC 166 (d)(6)), one of the duties of CRS is "to prepare summaries and digests of bills and resolutions of a public general nature introduced in the Senate or House of Representatives". For more information, refer to the User Guide that accompanies this file.</dc:description>
</dublinCore>
</BillSummaries>
