<?xml version="1.0" encoding="UTF-8"?>
<BillSummaries>
<item congress="113" measure-type="hr" measure-number="355" measure-id="id113hr355" originChamber="HOUSE" orig-publish-date="2013-01-23" update-date="2013-03-04">
<title>To increase the statutory limit on the public debt only upon the certification by the President of the submission to the States for their ratification of the proposed amendment to the Constitution of the United States to balance the Federal Budget or limit Federal spending.</title>
<summary summary-id="id113hr355v00" currentChamber="HOUSE" update-date="2013-03-04">
<action-date>2013-01-23</action-date>
<action-desc>Introduced in House</action-desc>
<summary-text><![CDATA[<p>Increases the current public debt limit from $14.294 trillion to $16.994 trillion after the President certifies and submits to the states for ratification a joint resolution entitled:</p> <ul> <li> &quot;Joint resolution proposing a balanced budget amendment to the U.S. Constitution,&quot;</li> <li>&quot;Joint resolution proposing a spending limit amendment to the U.S. Constitution,&quot; or </li> <li>&quot;Joint resolution proposing an amendment to the U.S. Constitution to restrict the power of Congress to enact legislation increasing any amount spent under entitlement programs or creating new entitlement programs.&quot;</li></ul>]]></summary-text>
</summary>
</item>
<dublinCore xmlns:dc="http://purl.org/dc/elements/1.1/">
<dc:format>text/xml</dc:format>
<dc:language>EN</dc:language>
<dc:rights>Pursuant to Title 17 Section 105 of the United States Code, this file is not subject to copyright protection and is in the public domain.</dc:rights>
<dc:contributor>Congressional Research Service, Library of Congress</dc:contributor>
<dc:description>This file contains bill summaries for federal legislation. A bill summary describes the most significant provisions of a piece of legislation and details the effects the legislative text may have on current law and federal programs. Bill summaries are authored by the Congressional Research Service (CRS) of the Library of Congress. As stated in Public Law 91-510 (2 USC 166 (d)(6)), one of the duties of CRS is "to prepare summaries and digests of bills and resolutions of a public general nature introduced in the Senate or House of Representatives". For more information, refer to the User Guide that accompanies this file.</dc:description>
</dublinCore>
</BillSummaries>
