<?xml version="1.0" encoding="UTF-8"?>
<BillSummaries>
<item congress="113" measure-type="hr" measure-number="299" measure-id="id113hr299" originChamber="HOUSE" orig-publish-date="2013-01-15" update-date="2013-02-15">
<title>District of Columbia Voting Rights Restoration Act of 2013</title>
<summary summary-id="id113hr299v00" currentChamber="HOUSE" update-date="2013-02-15">
<action-date>2013-01-15</action-date>
<action-desc>Introduced in House</action-desc>
<summary-text><![CDATA[<p>District of Columbia Voting Rights Restoration Act of 2013 - Restores the right of District of Columbia residents to participate as Maryland residents in congressional elections and presidential elections.</p> <p>Repeals provisions of: (1) the District of Columbia Delegate Act that establishes the office of District of Columbia Delegate to the House of Representatives, and (2) the District of Columbia Statehood Constitution Convention Initiative of 1979 that provides for electing a Senator and Representative for the District.</p>]]></summary-text>
</summary>
</item>
<dublinCore xmlns:dc="http://purl.org/dc/elements/1.1/">
<dc:format>text/xml</dc:format>
<dc:language>EN</dc:language>
<dc:rights>Pursuant to Title 17 Section 105 of the United States Code, this file is not subject to copyright protection and is in the public domain.</dc:rights>
<dc:contributor>Congressional Research Service, Library of Congress</dc:contributor>
<dc:description>This file contains bill summaries for federal legislation. A bill summary describes the most significant provisions of a piece of legislation and details the effects the legislative text may have on current law and federal programs. Bill summaries are authored by the Congressional Research Service (CRS) of the Library of Congress. As stated in Public Law 91-510 (2 USC 166 (d)(6)), one of the duties of CRS is "to prepare summaries and digests of bills and resolutions of a public general nature introduced in the Senate or House of Representatives". For more information, refer to the User Guide that accompanies this file.</dc:description>
</dublinCore>
</BillSummaries>
