<?xml version="1.0" encoding="UTF-8"?>
<BillSummaries>
<item congress="113" measure-type="hr" measure-number="158" measure-id="id113hr158" originChamber="HOUSE" orig-publish-date="2013-01-04" update-date="2013-01-15">
<title>To authorize a project for hurricane and storm damage reduction, Surf City and North Topsail Beach, North Carolina.</title>
<summary summary-id="id113hr158v00" currentChamber="HOUSE" update-date="2013-01-15">
<action-date>2013-01-04</action-date>
<action-desc>Introduced in House</action-desc>
<summary-text><![CDATA[<p>Authorizes the Secretary of the Army to carry out a project for hurricane and storm damage reduction at Surf City and North Topsail Beach, North Carolina, substantially in accordance with the Surf City and North Topsail Beach, North Carolina Coastal Storm Damage Reduction Report dated December 30, 2010, for periodic beach nourishment and monitoring over the 50-year economic life of the project.</p>]]></summary-text>
</summary>
</item>
<dublinCore xmlns:dc="http://purl.org/dc/elements/1.1/">
<dc:format>text/xml</dc:format>
<dc:language>EN</dc:language>
<dc:rights>Pursuant to Title 17 Section 105 of the United States Code, this file is not subject to copyright protection and is in the public domain.</dc:rights>
<dc:contributor>Congressional Research Service, Library of Congress</dc:contributor>
<dc:description>This file contains bill summaries for federal legislation. A bill summary describes the most significant provisions of a piece of legislation and details the effects the legislative text may have on current law and federal programs. Bill summaries are authored by the Congressional Research Service (CRS) of the Library of Congress. As stated in Public Law 91-510 (2 USC 166 (d)(6)), one of the duties of CRS is "to prepare summaries and digests of bills and resolutions of a public general nature introduced in the Senate or House of Representatives". For more information, refer to the User Guide that accompanies this file.</dc:description>
</dublinCore>
</BillSummaries>
