<?xml version="1.0" encoding="UTF-8"?>
<BillSummaries>
<item congress="113" measure-type="hr" measure-number="1001" measure-id="id113hr1001" originChamber="HOUSE" orig-publish-date="2013-03-06" update-date="2013-04-24">
<title>To amend the Fair Labor Standards Act of 1938 to provide a specific limited exemption from the overtime pay requirements of such Act for work related to disaster or catastrophe claims adjustment after a major disaster.</title>
<summary summary-id="id113hr1001v00" currentChamber="HOUSE" update-date="2013-04-24">
<action-date>2013-03-06</action-date>
<action-desc>Introduced in House</action-desc>
<summary-text><![CDATA[<p>Amends the Fair Labor Standards Act of 1938 to exempt from maximum hours requirements any employee who: (1) adjusts or evaluates claims resulting from or relating to a major disaster for at least $591 per week (or any minimum weekly amount established by the Secretary of Labor, whichever is greater) during the 2-year period after the disaster; and (2) is employed as an adjuster or evaluator by an employer not itself engaged, directly or through an affiliate, in underwriting, selling, or marketing property, casualty, or liability insurance policies or contracts.</p>]]></summary-text>
</summary>
</item>
<dublinCore xmlns:dc="http://purl.org/dc/elements/1.1/">
<dc:format>text/xml</dc:format>
<dc:language>EN</dc:language>
<dc:rights>Pursuant to Title 17 Section 105 of the United States Code, this file is not subject to copyright protection and is in the public domain.</dc:rights>
<dc:contributor>Congressional Research Service, Library of Congress</dc:contributor>
<dc:description>This file contains bill summaries for federal legislation. A bill summary describes the most significant provisions of a piece of legislation and details the effects the legislative text may have on current law and federal programs. Bill summaries are authored by the Congressional Research Service (CRS) of the Library of Congress. As stated in Public Law 91-510 (2 USC 166 (d)(6)), one of the duties of CRS is "to prepare summaries and digests of bills and resolutions of a public general nature introduced in the Senate or House of Representatives". For more information, refer to the User Guide that accompanies this file.</dc:description>
</dublinCore>
</BillSummaries>
