<?xml version="1.0" encoding="UTF-8"?>
<BillSummaries>
<item congress="113" measure-type="hr" measure-number="502" measure-id="id113hr502" originChamber="HOUSE" orig-publish-date="2013-02-05" update-date="2013-02-27">
<title>Electronic Employment Eligibility Verification and Illegal Immigration Control Act</title>
<summary summary-id="id113hr502v00" currentChamber="HOUSE" update-date="2013-02-27">
<action-date>2013-02-05</action-date>
<action-desc>Introduced in House</action-desc>
<summary-text><![CDATA[<p>Electronic Employment Eligibility Verification and Illegal Immigration Control Act - Amends the Immigration and Nationality Act to direct the Secretary of Homeland Security (DHS) to establish a toll-free telephone- or electronic media-based employment eligibility verification system. </p> <p>Requires that such system: (1) provide verification or tentative non-verification of an individual's identity and employment eligibility within three days of an inquiry; and (2) provide, in the case of tentative non-verification, a secondary process for final verification or non-verification within 10 days.</p> <p>Directs the: (1) Commissioner of Social Security to develop a process for comparing names and social security numbers against appropriate databases in response to employer inquiries, and (2) the Secretary to develop a process for comparing names and alien identification or authorization numbers and investigate uses of the same social security number that suggest fraud. </p> <p>Limits verification system-related individual relief to procedures under the Federal Tort Claims Act. Prohibits class actions. Immunizes from civil or criminal liability a person or entity who takes action in good faith reliance on verification system information.</p> <p>Sets forth employer verification requirements with respect to an affirmative defense to liability for employment of unauthorized workers, including revision of attestation and retention of verification form provisions.</p> <p>Places limits on the collection and use of data from the verification system. </p> <p>Expands the employment eligibility verification system to include: (1) previously hired individuals, and (2) recruitment and referral. </p> <p>Provides for: (1) voluntary employer verification utilizing such system two years after enactment of this Act for previously hired individuals; (2) mandatory employer verification three years after enactment of this Act by federal, state, and local governments, and the military for employees not verified under such system working at federal, state or local government buildings, military bases, nuclear energy sites, weapons sites, airports, or critical infrastructure sites; and (3) mandatory employer verification six years after enactment of this Act for all employees not previously verified under such system.</p> <p>Amends the Illegal Immigration Reform and Immigrant Responsibility Act of 1996 to make employer participation in the basic pilot program mandatory two years after enactment of this Act.</p> <p>Applies employment eligibility verification requirements to labor service agencies.</p> <p>Revises civil and criminal penalty provisions.</p> <p>Establishes in the Treasury the Employment Verification Compensation Fund.</p> <p>Directs the Secretary to establish a publicly available contractor database.</p> <p>Authorizes the Commissioner to carry out verification responsibilities under this Act, but only to the extent advance funds are provided by the Secretary to cover costs. Prohibits funds from the Federal Old-Age and Survivors Insurance Trust Fund or the Federal Disability Insurance Trust Fund from being used to carry out such responsibilities.</p> <p>Sets forth specified reporting requirements by the Secretary and the Commissioner.</p>]]></summary-text>
</summary>
</item>
<dublinCore xmlns:dc="http://purl.org/dc/elements/1.1/">
<dc:format>text/xml</dc:format>
<dc:language>EN</dc:language>
<dc:rights>Pursuant to Title 17 Section 105 of the United States Code, this file is not subject to copyright protection and is in the public domain.</dc:rights>
<dc:contributor>Congressional Research Service, Library of Congress</dc:contributor>
<dc:description>This file contains bill summaries for federal legislation. A bill summary describes the most significant provisions of a piece of legislation and details the effects the legislative text may have on current law and federal programs. Bill summaries are authored by the Congressional Research Service (CRS) of the Library of Congress. As stated in Public Law 91-510 (2 USC 166 (d)(6)), one of the duties of CRS is "to prepare summaries and digests of bills and resolutions of a public general nature introduced in the Senate or House of Representatives". For more information, refer to the User Guide that accompanies this file.</dc:description>
</dublinCore>
</BillSummaries>
