<?xml version="1.0" encoding="UTF-8"?>
<BillSummaries>
<item congress="113" measure-type="hr" measure-number="771" measure-id="id113hr771" originChamber="HOUSE" orig-publish-date="2013-02-15" update-date="2013-03-29">
<title>South Carolina Offshore Drilling Act of 2013</title>
<summary summary-id="id113hr771v00" currentChamber="HOUSE" update-date="2013-03-29">
<action-date>2013-02-15</action-date>
<action-desc>Introduced in House</action-desc>
<summary-text><![CDATA[<p>South Carolina Offshore Drilling Act of 2013 - Directs the Secretary of the Interior, when determining the areas off the coast of South Carolina that are to be made available for leasing under Final Outer Continental Shelf Oil &amp; Gas Leasing Program (2012-2017), to: (1) consider the laws, goals, and policies of the state of South Carolina; and (2) focus upon areas considered to have the most geologically promising energy resources.</p> <UL> </UL> <BR>]]></summary-text>
</summary>
</item>
<dublinCore xmlns:dc="http://purl.org/dc/elements/1.1/">
<dc:format>text/xml</dc:format>
<dc:language>EN</dc:language>
<dc:rights>Pursuant to Title 17 Section 105 of the United States Code, this file is not subject to copyright protection and is in the public domain.</dc:rights>
<dc:contributor>Congressional Research Service, Library of Congress</dc:contributor>
<dc:description>This file contains bill summaries for federal legislation. A bill summary describes the most significant provisions of a piece of legislation and details the effects the legislative text may have on current law and federal programs. Bill summaries are authored by the Congressional Research Service (CRS) of the Library of Congress. As stated in Public Law 91-510 (2 USC 166 (d)(6)), one of the duties of CRS is "to prepare summaries and digests of bills and resolutions of a public general nature introduced in the Senate or House of Representatives". For more information, refer to the User Guide that accompanies this file.</dc:description>
</dublinCore>
</BillSummaries>
