<?xml version="1.0" encoding="UTF-8"?>
<BillSummaries>
<item congress="113" measure-type="hr" measure-number="904" measure-id="id113hr904" originChamber="HOUSE" orig-publish-date="2013-02-28" update-date="2013-03-15">
<title>Justice for the American Diplomats Held Hostage in Tehran Act</title>
<summary summary-id="id113hr904v00" currentChamber="HOUSE" update-date="2013-03-15">
<action-date>2013-02-28</action-date>
<action-desc>Introduced in House</action-desc>
<summary-text><![CDATA[<p>Justice for the American Diplomats Held Hostage in Tehran Act - Directs the Secretary of the Treasury to establish a common fund to be administered by the class representatives and agents for the former American hostages in Iran and their survivors (case number 1:08-CV-00487 (EGS) of the U.S. District Court for the District of Columbia) in order to pay claims to the American hostages and to family members identified as class members.</p> <p>Finances the fund from: (1) fines and penalties for violations of activities with respect to any government or person by reason of a connection with Iran, and (2) seized or frozen Iranian assets or assets from persons or entities subject to Iran-related sanctions.</p> <p>Sets forth payment priority and amount provisions.</p> <p>States that the United States shall be fully subrogated with respect to payments to all rights of each individual paid under this Act against the government of Iran or the Iranian Revolutionary Guard Corps (IRGC).</p>]]></summary-text>
</summary>
</item>
<dublinCore xmlns:dc="http://purl.org/dc/elements/1.1/">
<dc:format>text/xml</dc:format>
<dc:language>EN</dc:language>
<dc:rights>Pursuant to Title 17 Section 105 of the United States Code, this file is not subject to copyright protection and is in the public domain.</dc:rights>
<dc:contributor>Congressional Research Service, Library of Congress</dc:contributor>
<dc:description>This file contains bill summaries for federal legislation. A bill summary describes the most significant provisions of a piece of legislation and details the effects the legislative text may have on current law and federal programs. Bill summaries are authored by the Congressional Research Service (CRS) of the Library of Congress. As stated in Public Law 91-510 (2 USC 166 (d)(6)), one of the duties of CRS is "to prepare summaries and digests of bills and resolutions of a public general nature introduced in the Senate or House of Representatives". For more information, refer to the User Guide that accompanies this file.</dc:description>
</dublinCore>
</BillSummaries>
