<?xml version="1.0" encoding="UTF-8"?>
<BillSummaries>
<item congress="113" measure-type="hr" measure-number="463" measure-id="id113hr463" originChamber="HOUSE" orig-publish-date="2013-02-04" update-date="2013-02-26">
<title>To amend the Immigration and Nationality Act to reform the provisions relating to status under section 101(a)(15)(U) of that Act.</title>
<summary summary-id="id113hr463v00" currentChamber="HOUSE" update-date="2013-02-26">
<action-date>2013-02-04</action-date>
<action-desc>Introduced in House</action-desc>
<summary-text><![CDATA[<p> Amends the Immigration and Nationality Act regarding U-visa (victims of certain crimes) provisions to: (1) limit derivative visas to spouses and children of an alien victim; (2) require visa recipients to be a victim of an actual crime by eliminating eligibility based upon being the intended victim of an attempt, conspiracy, or solicitation to commit any of the specified crimes; (3) limit visa duration to the lesser of three years or the period of limitations prescribed for the qualifying crime; and (4) eliminate U-visa status adjustment to permanent legal resident status.</p>]]></summary-text>
</summary>
</item>
<dublinCore xmlns:dc="http://purl.org/dc/elements/1.1/">
<dc:format>text/xml</dc:format>
<dc:language>EN</dc:language>
<dc:rights>Pursuant to Title 17 Section 105 of the United States Code, this file is not subject to copyright protection and is in the public domain.</dc:rights>
<dc:contributor>Congressional Research Service, Library of Congress</dc:contributor>
<dc:description>This file contains bill summaries for federal legislation. A bill summary describes the most significant provisions of a piece of legislation and details the effects the legislative text may have on current law and federal programs. Bill summaries are authored by the Congressional Research Service (CRS) of the Library of Congress. As stated in Public Law 91-510 (2 USC 166 (d)(6)), one of the duties of CRS is "to prepare summaries and digests of bills and resolutions of a public general nature introduced in the Senate or House of Representatives". For more information, refer to the User Guide that accompanies this file.</dc:description>
</dublinCore>
</BillSummaries>
