<?xml version="1.0" encoding="UTF-8"?>
<BillSummaries>
<item congress="113" measure-type="hr" measure-number="476" measure-id="id113hr476" originChamber="HOUSE" orig-publish-date="2013-02-04" update-date="2013-03-05">
<title>GAAP Act</title>
<summary summary-id="id113hr476v00" currentChamber="HOUSE" update-date="2013-03-05">
<action-date>2013-02-04</action-date>
<action-desc>Introduced in House</action-desc>
<summary-text><![CDATA[<p>Generally Accepted Accounting Principles Act or GAAP Act - Requires the President's budget submission to include an estimate of the deficit or surplus for the fiscal year concerned, prepared using generally accepted accounting principles.</p> <p>Amends the Congressional Budget Act of 1974 to require the alternative levels of total revenues, total new budget authority, and total outlays (including related surpluses and deficits) covered by the annual Congressional Budget Office (CBO) fiscal policy report to the congressional budget committees on the upcoming fiscal year to be prepared using both cash basis accounting and generally accepted accounting principles.</p>]]></summary-text>
</summary>
</item>
<dublinCore xmlns:dc="http://purl.org/dc/elements/1.1/">
<dc:format>text/xml</dc:format>
<dc:language>EN</dc:language>
<dc:rights>Pursuant to Title 17 Section 105 of the United States Code, this file is not subject to copyright protection and is in the public domain.</dc:rights>
<dc:contributor>Congressional Research Service, Library of Congress</dc:contributor>
<dc:description>This file contains bill summaries for federal legislation. A bill summary describes the most significant provisions of a piece of legislation and details the effects the legislative text may have on current law and federal programs. Bill summaries are authored by the Congressional Research Service (CRS) of the Library of Congress. As stated in Public Law 91-510 (2 USC 166 (d)(6)), one of the duties of CRS is "to prepare summaries and digests of bills and resolutions of a public general nature introduced in the Senate or House of Representatives". For more information, refer to the User Guide that accompanies this file.</dc:description>
</dublinCore>
</BillSummaries>
