<?xml version="1.0" encoding="UTF-8"?>
<BillSummaries>
<item congress="113" measure-type="hr" measure-number="736" measure-id="id113hr736" originChamber="HOUSE" orig-publish-date="2013-02-14" update-date="2013-03-19">
<title>Responsible Homeowner Refinancing Act of 2013</title>
<summary summary-id="id113hr736v00" currentChamber="HOUSE" update-date="2013-03-19">
<action-date>2013-02-14</action-date>
<action-desc>Introduced in House</action-desc>
<summary-text><![CDATA[<p>Responsible Homeowner Refinancing Act of 2013 - Requires the Federal National Mortgage Association (Fannie Mae) and Federal Home Loan Mortgage Corporation (Freddie Mac) (government sponsored enterprises or GSEs), in carrying out the Home Affordable Refinance Program, to adopt specified criteria pertaining to: (1) borrower eligibility, (2) representations and warranties, (3) prohibition on up-front fees, (4) alternative streamlined methods to determine the value of a property, (5) the purchase or guarantee of any new mortgage resulting from the refinancing of an eligible mortgage, and (6) guarantee fees.</p> <p>Requires the GSEs to notify all borrowers with a mortgage owned or guaranteed by a GSE about the Program and its eligibility criteria, and inform borrowers of the website required below.</p> <p>Directs the Director of the Federal Housing Finance Agency (FHFA) to establish a single website where borrowers may: (1) determine their potential eligibility for participation in the Program, (2) see a complete list of and links to qualified lenders, (3) use a mortgage refinance calculator to calculate potential payment savings based on different interest rates, and (4) obtain tips on refinancing their loan. </p> <p>Directs the Director of FHFA to issue guidance to require the GSEs to make their refinancing guidelines consistent to ease the compliance requirements of qualified lenders, and in particular with respect to loans with less than 80% loan-to-value ratio and closing cost policies of the GSEs, which regulations or guidance shall be put into effect not later than 90 days after the enactment of this Acts.</p>]]></summary-text>
</summary>
</item>
<dublinCore xmlns:dc="http://purl.org/dc/elements/1.1/">
<dc:format>text/xml</dc:format>
<dc:language>EN</dc:language>
<dc:rights>Pursuant to Title 17 Section 105 of the United States Code, this file is not subject to copyright protection and is in the public domain.</dc:rights>
<dc:contributor>Congressional Research Service, Library of Congress</dc:contributor>
<dc:description>This file contains bill summaries for federal legislation. A bill summary describes the most significant provisions of a piece of legislation and details the effects the legislative text may have on current law and federal programs. Bill summaries are authored by the Congressional Research Service (CRS) of the Library of Congress. As stated in Public Law 91-510 (2 USC 166 (d)(6)), one of the duties of CRS is "to prepare summaries and digests of bills and resolutions of a public general nature introduced in the Senate or House of Representatives". For more information, refer to the User Guide that accompanies this file.</dc:description>
</dublinCore>
</BillSummaries>
