<?xml version="1.0" encoding="UTF-8"?>
<BillSummaries>
<item congress="113" measure-type="hr" measure-number="365" measure-id="id113hr365" originChamber="HOUSE" orig-publish-date="2013-01-23" update-date="2014-09-22">
<title>Territorial TANF Equity Act of 2013</title>
<summary summary-id="id113hr365v00" currentChamber="HOUSE" update-date="2014-09-22">
<action-date>2013-01-23</action-date>
<action-desc>Introduced in House</action-desc>
<summary-text><![CDATA[<p>Territorial TANF Equity Act of 2013 - Amends title XI of the Social Security Act (SSA) to remove the limitation on payments by the Secretary of Health and Human Services (HHS) to Puerto Rico, the Virgin Islands, Guam, and American Samoa under grants for assistance to the aged, the blind, and the permanently and totally disabled, including Supplemental Security Income (SSI) under SSA title XVI, as well as for Temporary Assistance for Needy Families (TANF) under SSA title IV part A and for foster care and adoption assistance under SSA title IV part E.</p> <p>Replaces entitlement to a matching grant with entitlement to a supplemental grant for such territories of: (1) 10% of the payable family assistance grant to Puerto Rico, the Virgin Islands, and Guam; and (2) $100,000 to American Samoa.</p> <p>Amends part A (Temporary Assistance for Needy Families) (TANF) of SSA title IV to make such territories: (1) eligible for the TANF Contingency Fund for State Welfare Programs, (2) Needy States if they satisfy alternative eligibility criteria established by the Secretary, and (3) eligible for child care entitlement funds. Prescribes a formula for allotment of child care entitlement funds to such territories.</p> <p>Amends part E (Foster Care and Adoption Assistance) of SSA title IV to increase the federal medical assistance percentage (FMAP) for foster care and adoption assistance in such territories.</p>]]></summary-text>
</summary>
</item>
<dublinCore xmlns:dc="http://purl.org/dc/elements/1.1/">
<dc:format>text/xml</dc:format>
<dc:language>EN</dc:language>
<dc:rights>Pursuant to Title 17 Section 105 of the United States Code, this file is not subject to copyright protection and is in the public domain.</dc:rights>
<dc:contributor>Congressional Research Service, Library of Congress</dc:contributor>
<dc:description>This file contains bill summaries for federal legislation. A bill summary describes the most significant provisions of a piece of legislation and details the effects the legislative text may have on current law and federal programs. Bill summaries are authored by the Congressional Research Service (CRS) of the Library of Congress. As stated in Public Law 91-510 (2 USC 166 (d)(6)), one of the duties of CRS is "to prepare summaries and digests of bills and resolutions of a public general nature introduced in the Senate or House of Representatives". For more information, refer to the User Guide that accompanies this file.</dc:description>
</dublinCore>
</BillSummaries>
