<?xml version="1.0" encoding="UTF-8"?>
<BillSummaries>
<item congress="113" measure-type="hr" measure-number="656" measure-id="id113hr656" originChamber="HOUSE" orig-publish-date="2013-02-13" update-date="2013-03-23">
<title>Restore our Neighborhoods Act of 2013</title>
<summary summary-id="id113hr656v00" currentChamber="HOUSE" update-date="2013-03-23">
<action-date>2013-02-13</action-date>
<action-desc>Introduced in House</action-desc>
<summary-text><![CDATA[<p>Restore our Neighborhoods Act of 2013 - Amends the Internal Revenue Code to establish a new category of tax credit bonds to be known as qualified urban demolition bonds.&nbsp;Allows the issuance of $4 billion of such bonds for the purpose of demolishing vacant, abandoned, and tax delinquent properties in urban areas.&nbsp;Provides for the allocation of&nbsp;$2 billion to all states&nbsp;to fund such demolition projects, and an additional $2 billion for&nbsp;certain other&nbsp;states in which at least 49% of total housing units were built before 1980 and which have greater numbers of vacant or foreclosed properties and higher unemployment rates (qualified states).</p> <p>Authorizes the use of funds from the Hardest Hit Fund program established by title I of the Emergency Economic Stabilization Act to be used to demolish blighted structures. </p>]]></summary-text>
</summary>
</item>
<dublinCore xmlns:dc="http://purl.org/dc/elements/1.1/">
<dc:format>text/xml</dc:format>
<dc:language>EN</dc:language>
<dc:rights>Pursuant to Title 17 Section 105 of the United States Code, this file is not subject to copyright protection and is in the public domain.</dc:rights>
<dc:contributor>Congressional Research Service, Library of Congress</dc:contributor>
<dc:description>This file contains bill summaries for federal legislation. A bill summary describes the most significant provisions of a piece of legislation and details the effects the legislative text may have on current law and federal programs. Bill summaries are authored by the Congressional Research Service (CRS) of the Library of Congress. As stated in Public Law 91-510 (2 USC 166 (d)(6)), one of the duties of CRS is "to prepare summaries and digests of bills and resolutions of a public general nature introduced in the Senate or House of Representatives". For more information, refer to the User Guide that accompanies this file.</dc:description>
</dublinCore>
</BillSummaries>
