<?xml version="1.0" encoding="UTF-8"?>
<BillSummaries>
<item congress="113" measure-type="hr" measure-number="400" measure-id="id113hr400" originChamber="HOUSE" orig-publish-date="2013-01-23" update-date="2014-11-06">
<title>Clean Energy Technology Manufacturing and Export Assistance Act of 2013</title>
<summary summary-id="id113hr400v00" currentChamber="HOUSE" update-date="2014-11-06">
<action-date>2013-01-23</action-date>
<action-desc>Introduced in House</action-desc>
<summary-text><![CDATA[<p>Clean Energy Technology Manufacturing and Export Assistance Act of 2013 - Requires the Secretary of Commerce to: (1) establish a Clean Energy Technology Manufacturing and Export Assistance Fund, to be administered through the International Trade Administration, to ensure that U.S. clean energy technology firms have the information and assistance they need to be competitive and to create clean energy technology sector jobs; and (2) administer the Fund to promote policies that will reduce production costs and encourage innovation, investment, and productivity in the clean energy technology sector, and implement a national clean energy technology export strategy. </p> <p>Defines "clean energy technology" to mean a technology related to the production, use, transmission, storage, control, or conservation of energy that will contribute to a stabilization of atmospheric greenhouse gas concentrations through reduction, avoidance, or sequestration of energy-related emissions and that will: (1) reduce the need for additional energy supplies by using existing supplies with greater efficiency or by transmitting, distributing, or transporting energy with greater effectiveness through U.S. infrastructure; or (2) diversify the sources of the energy supply to strengthen energy security and to increase supplies with a favorable balance of environmental effects if the entire technology system is considered.</p> <p>Directs the Secretary, consistent with the National Export Initiative, to provide information, tools, and other assistance to U.S. businesses to promote clean energy technology manufacturing and facilitate the export of clean energy technology products and services. Requires such assistance to include: (1) developing critical analysis of policies to reduce production costs and promote innovation, investment, and productivity in the clean energy technology sector; (2) helping educate companies about how to tailor their activities to specific markets with respect to their product slate, financing, marketing, assembly, and logistics; and (3) helping U.S. companies learn about the export process and export opportunities in foreign markets, navigate foreign markets, and provide input regarding clean energy technology manufacturing and trade policy developments and trade promotion.</p> <p>Requires the Secretary to report on how funds will be used to: (1) focus on small and medium-sized U.S. businesses, (2) encourage the creation and maintenance of the greatest number of clean energy technology jobs in the United States, and (3) encourage the domestic production of clean energy technology products and services.</p> <p>Requires the Secretary to report on whether the assistance program should be continued and an assessment of the extent to which it has been successful in: (1) developing critical analysis of policies to reduce production costs and promote innovation, investment, and productivity in the clean energy technology sector; (2) assisting businesses with exporting clean energy technology products and services; (3) creating jobs directly related to the clean energy technology sector; and (4) helping companies provide input regarding clean energy technology manufacturing and trade policy developments and trade promotion.</p>]]></summary-text>
</summary>
</item>
<dublinCore xmlns:dc="http://purl.org/dc/elements/1.1/">
<dc:format>text/xml</dc:format>
<dc:language>EN</dc:language>
<dc:rights>Pursuant to Title 17 Section 105 of the United States Code, this file is not subject to copyright protection and is in the public domain.</dc:rights>
<dc:contributor>Congressional Research Service, Library of Congress</dc:contributor>
<dc:description>This file contains bill summaries for federal legislation. A bill summary describes the most significant provisions of a piece of legislation and details the effects the legislative text may have on current law and federal programs. Bill summaries are authored by the Congressional Research Service (CRS) of the Library of Congress. As stated in Public Law 91-510 (2 USC 166 (d)(6)), one of the duties of CRS is "to prepare summaries and digests of bills and resolutions of a public general nature introduced in the Senate or House of Representatives". For more information, refer to the User Guide that accompanies this file.</dc:description>
</dublinCore>
</BillSummaries>
