<?xml version="1.0" encoding="UTF-8"?>
<BillSummaries>
<item congress="113" measure-type="hr" measure-number="338" measure-id="id113hr338" originChamber="HOUSE" orig-publish-date="2013-01-22" update-date="2013-03-07">
<title>Stop Tobacco Smuggling in the Territories Act of 2013</title>
<summary summary-id="id113hr338v81" currentChamber="HOUSE" update-date="2013-03-07">
<action-date>2013-03-05</action-date>
<action-desc>Passed House without amendment</action-desc>
<summary-text><![CDATA[<p><b>(This measure has not been amended since it was introduced. The summary of that version is repeated here.)</b></p> <p>Stop Tobacco Smuggling in the Territories Act of 2013 - Amends the federal criminal code to include American Samoa, the Commonwealth of the Northern Mariana Islands, and Guam in the definition of &quot;state&quot; for purposes of provisions prohibiting trafficking in contraband cigarettes and smokeless tobacco.</p>]]></summary-text>
</summary>
<summary summary-id="id113hr338v00" currentChamber="HOUSE" update-date="2013-03-05">
<action-date>2013-01-22</action-date>
<action-desc>Introduced in House</action-desc>
<summary-text><![CDATA[<p>Stop Tobacco Smuggling in the Territories Act of 2013 - Amends the federal criminal code to include American Samoa, the Commonwealth of the Northern Mariana Islands, and Guam in the definition of &quot;state&quot; for purposes of provisions prohibiting trafficking in contraband cigarettes and smokeless tobacco.</p>]]></summary-text>
</summary>
</item>
<dublinCore xmlns:dc="http://purl.org/dc/elements/1.1/">
<dc:format>text/xml</dc:format>
<dc:language>EN</dc:language>
<dc:rights>Pursuant to Title 17 Section 105 of the United States Code, this file is not subject to copyright protection and is in the public domain.</dc:rights>
<dc:contributor>Congressional Research Service, Library of Congress</dc:contributor>
<dc:description>This file contains bill summaries for federal legislation. A bill summary describes the most significant provisions of a piece of legislation and details the effects the legislative text may have on current law and federal programs. Bill summaries are authored by the Congressional Research Service (CRS) of the Library of Congress. As stated in Public Law 91-510 (2 USC 166 (d)(6)), one of the duties of CRS is "to prepare summaries and digests of bills and resolutions of a public general nature introduced in the Senate or House of Representatives". For more information, refer to the User Guide that accompanies this file.</dc:description>
</dublinCore>
</BillSummaries>
