<?xml version="1.0" encoding="UTF-8"?>
<BillSummaries>
<item congress="113" measure-type="hr" measure-number="316" measure-id="id113hr316" originChamber="HOUSE" orig-publish-date="2013-01-18" update-date="2014-07-10">
<title>Collinsville Renewable Energy Production Act</title>
<summary summary-id="id113hr316v49" currentChamber="BOTH" update-date="2014-07-10">
<action-date>2014-06-30</action-date>
<action-desc>Public Law</action-desc>
<summary-text><![CDATA[<p><b>(This measure has not been amended since it was reported to the Senate on June 27, 2013. The summary of that version is repeated here.)</b></p> <p>Collinsville Renewable Energy Production Act - Authorizes the Federal Energy Regulatory Commission (FERC), upon request of the town of Canton, Connecticut (Town), to: (1) reinstate the expired license for either or each of the projects numbered 10822 and 10823; (2) extend for two years after the date on which either or each such project is reinstated the time period during which the licensee must commence project construction, and (3) transfer such license to the Town upon a showing that the transfer is in the public interest.</p> <p>Sets forth the conditions of such transfer, including those for the protection, mitigation, and enhancement of fish and wildlife and related habitat.</p> <p>Directs FERC to supplement the environmental impact statement or similar analysis prepared in connection with the issuance of the original license to examine all new circumstances and information relevant to environmental concerns and bearing on the reinstatement or impact of the license.</p>]]></summary-text>
</summary>
<summary summary-id="id113hr316v35" currentChamber="SENATE" update-date="2014-07-10">
<action-date>2014-05-22</action-date>
<action-desc>Passed Senate amended</action-desc>
<summary-text><![CDATA[<p><b>(This measure has not been amended since it was reported to the Senate on June 27, 2013. The summary of that version is repeated here.)</b></p> <p>Collinsville Renewable Energy Production Act - Authorizes the Federal Energy Regulatory Commission (FERC), upon request of the town of Canton, Connecticut (Town), to: (1) reinstate the expired license for either or each of the projects numbered 10822 and 10823; (2) extend for two years after the date on which either or each such project is reinstated the time period during which the licensee must commence project construction, and (3) transfer such license to the Town upon a showing that the transfer is in the public interest.</p> <p>Sets forth the conditions of such transfer, including those for the protection, mitigation, and enhancement of fish and wildlife and related habitat.</p> <p>Directs FERC to supplement the environmental impact statement or similar analysis prepared in connection with the issuance of the original license to examine all new circumstances and information relevant to environmental concerns and bearing on the reinstatement or impact of the license.</p>]]></summary-text>
</summary>
<summary summary-id="id113hr316v01" currentChamber="SENATE" update-date="2013-08-28">
<action-date>2013-06-27</action-date>
<action-desc>Reported to Senate amended</action-desc>
<summary-text><![CDATA[<p>Collinsville Renewable Energy Production Act - Authorizes the Federal Energy Regulatory Commission (FERC), upon request of the town of Canton, Connecticut (Town), to: (1) reinstate the expired license for either or each of the projects numbered 10822 and 10823; (2) extend for two years after the date on which either or each such project is reinstated the time period during which the licensee must commence project construction, and (3) transfer such license to the Town upon a showing that the transfer is in the public interest.</p> <p>Sets forth the conditions of such transfer, including those for the protection, mitigation, and enhancement of fish and wildlife and related habitat.</p> <p>Directs FERC to supplement the environmental impact statement or similar analysis prepared in connection with the issuance of the original license to examine all new circumstances and information relevant to environmental concerns and bearing on the reinstatement or impact of the license. </p>]]></summary-text>
</summary>
<summary summary-id="id113hr316v81" currentChamber="HOUSE" update-date="2013-02-26">
<action-date>2013-02-12</action-date>
<action-desc>Passed House without amendment</action-desc>
<summary-text><![CDATA[<p><b>(This measure has not been amended since it was introduced. The summary of that version is repeated here.)</b></p> <p>Collinsville Renewable Energy Promotion Act - Authorizes the Federal Energy Regulatory Commission (FERC) to: (1) reinstate the license for either or each of the projects numbered 10822 and 10823, and (2) extend for two years after the date on which either or each such project is reinstated the time period during which the licensee must commence project construction.</p> <p>Directs FERC to: (1) transfer the reinstated licenses to the town of Canton, Connecticut, if it reinstates them and extends the time period during which the licensee is required to commence project construction; and (2) complete an environmental assessment for the projects and update the environmental analysis performed during the licensing process.</p> <p>Sets a deadline for FERC to: (1) reach a final decision concerning the projects, and (2) complete the license transfer if it decides to reinstate either or both licenses.</p> <p>Declares that this Act does not affect certain valid licenses issued by FERC before enactment of this Act or diminish or extinguish any existing rights under any such license.</p>]]></summary-text>
</summary>
<summary summary-id="id113hr316v79" currentChamber="HOUSE" update-date="2013-02-26">
<action-date>2013-02-04</action-date>
<action-desc>Reported to House without amendment</action-desc>
<summary-text><![CDATA[<p><b>(This measure has not been amended since it was introduced. The summary of that version is repeated here.)</b></p> <p></p> <p>Collinsville Renewable Energy Promotion Act - Authorizes the Federal Energy Regulatory Commission (FERC) to: (1) reinstate the license for either or each of the projects numbered 10822 and 10823, and (2) extend for two years after the date on which either or each such project is reinstated the time period during which the licensee must commence project construction.</p> <p>Directs FERC to: (1) transfer the reinstated licenses to the town of Canton, Connecticut, if it reinstates them and extends the time period during which the licensee is required to commence project construction; and (2) complete an environmental assessment for the projects and update the environmental analysis performed during the licensing process.</p> <p>Sets a deadline for FERC to: (1) reach a final decision concerning the projects, and (2) complete the license transfer if it decides to reinstate either or both licenses.</p> <p>Declares that this Act does not affect certain valid licenses issued by FERC before enactment of this Act or diminish or extinguish any existing rights under any such license.</p>]]></summary-text>
</summary>
<summary summary-id="id113hr316v00" currentChamber="HOUSE" update-date="2013-01-31">
<action-date>2013-01-18</action-date>
<action-desc>Introduced in House</action-desc>
<summary-text><![CDATA[<p>Collinsville Renewable Energy Promotion Act - Authorizes the Federal Energy Regulatory Commission (FERC) to: (1) reinstate the license for either or each of the projects numbered 10822 and 10823, and (2) extend for two years after the date on which either or each such project is reinstated the time period during which the licensee must commence project construction.</p> <p>Directs FERC to: (1) transfer the reinstated licenses to the town of Canton, Connecticut, if it reinstates them and extends the time period during which the licensee is required to commence project construction; and (2) complete an environmental assessment for the projects and update the environmental analysis performed during the licensing process.</p> <p>Sets a deadline for FERC to: (1) reach a final decision concerning the projects, and (2) complete the license transfer if it decides to reinstate either or both licenses.</p> <p>Declares that this Act does not affect certain valid licenses issued by FERC before enactment of this Act or diminish or extinguish any existing rights under any such license.</p>]]></summary-text>
</summary>
</item>
<dublinCore xmlns:dc="http://purl.org/dc/elements/1.1/">
<dc:format>text/xml</dc:format>
<dc:language>EN</dc:language>
<dc:rights>Pursuant to Title 17 Section 105 of the United States Code, this file is not subject to copyright protection and is in the public domain.</dc:rights>
<dc:contributor>Congressional Research Service, Library of Congress</dc:contributor>
<dc:description>This file contains bill summaries for federal legislation. A bill summary describes the most significant provisions of a piece of legislation and details the effects the legislative text may have on current law and federal programs. Bill summaries are authored by the Congressional Research Service (CRS) of the Library of Congress. As stated in Public Law 91-510 (2 USC 166 (d)(6)), one of the duties of CRS is "to prepare summaries and digests of bills and resolutions of a public general nature introduced in the Senate or House of Representatives". For more information, refer to the User Guide that accompanies this file.</dc:description>
</dublinCore>
</BillSummaries>
