<?xml version="1.0" encoding="UTF-8"?>
<BillSummaries>
<item congress="113" measure-type="hr" measure-number="526" measure-id="id113hr526" originChamber="HOUSE" orig-publish-date="2013-02-06" update-date="2013-03-11">
<title>ACHE Act</title>
<summary summary-id="id113hr526v00" currentChamber="HOUSE" update-date="2013-03-11">
<action-date>2013-02-06</action-date>
<action-desc>Introduced in House</action-desc>
<summary-text><![CDATA[<p>Appalachian Communities Health Emergency Act or ACHE Act - Requires the Director of the National Institute of Environmental Health Sciences to conduct or support comprehensive studies on the health impacts of mountaintop removal coal mining on individuals in the surrounding communities. Directs the Secretary of Health and Human Services (HHS), upon receipt of a report on study results, to publish a determination of whether such mining presents any health risks to individuals in those communities. Defines "mountaintop removal coal mining" as surface coal mining that uses blasting with explosives in the steep slope regions of Kentucky, Tennessee, West Virginia, and Virginia.</p> <p>Prohibits issuance of an authorization for any mountaintop removal coal mining project (or expansion), under the Federal Water Pollution Control Act (commonly known as the Clean Water Act) or the Surface Mining Control and Reclamation Act of 1977, until and unless the Secretary publishes a determination that such mining does not present any health risk to individuals in the surrounding communities. Imposes requirements for continuous monitoring of air, noise, and water pollution and frequent monitoring of soil until a determination by the Secretary is made.</p> <p>Directs the President, acting through the Office of Surface Mining Reclamation and Enforcement of the Department of the Interior, to assess a one-time fee upon persons that conduct such mining projects, sufficient to cover the federal cost of the health studies and pollution monitoring required by this Act.</p> <UL> </UL>]]></summary-text>
</summary>
</item>
<dublinCore xmlns:dc="http://purl.org/dc/elements/1.1/">
<dc:format>text/xml</dc:format>
<dc:language>EN</dc:language>
<dc:rights>Pursuant to Title 17 Section 105 of the United States Code, this file is not subject to copyright protection and is in the public domain.</dc:rights>
<dc:contributor>Congressional Research Service, Library of Congress</dc:contributor>
<dc:description>This file contains bill summaries for federal legislation. A bill summary describes the most significant provisions of a piece of legislation and details the effects the legislative text may have on current law and federal programs. Bill summaries are authored by the Congressional Research Service (CRS) of the Library of Congress. As stated in Public Law 91-510 (2 USC 166 (d)(6)), one of the duties of CRS is "to prepare summaries and digests of bills and resolutions of a public general nature introduced in the Senate or House of Representatives". For more information, refer to the User Guide that accompanies this file.</dc:description>
</dublinCore>
</BillSummaries>
