<?xml version="1.0" encoding="UTF-8"?>
<BillSummaries>
<item congress="113" measure-type="hr" measure-number="555" measure-id="id113hr555" originChamber="HOUSE" orig-publish-date="2013-02-06" update-date="2013-11-22">
<title>BLM Live Internet Auctions Act</title>
<summary summary-id="id113hr555v79" currentChamber="HOUSE" update-date="2013-11-22">
<action-date>2013-09-10</action-date>
<action-desc>Reported to House without amendment</action-desc>
<summary-text><![CDATA[<p><b>(This measure has not been amended since it was introduced. The summary of that version is repeated here.)</b></p> <p> BLM Live Internet Auctions Act - Amends the Mineral Leasing Act to authorize the Secretary of the Interior to conduct onshore oil and gas lease sales through Internet-based live bidding methods.</p> <p><i></i>Requires each individual Internet-based lease sale to conclude within seven days.</p> <p>Directs the Secretary to analyze the first 10 such lease sales, including estimates of: (1) increases or decreases in such lease sales, compared to sales conducted by oral bidding; and (2) the total cost or savings to the Department of the Interior as a result of such sales, compared to sales conducted by oral bidding.</p> <p>Requires the report to evaluate the demonstrated or expected effectiveness of different structures for lease sales which may provide an opportunity to better maximize bidder participation, ensure the highest return to the federal taxpayers, minimize opportunities for fraud or collusion, and ensure the security and integrity of the leasing process.</p>]]></summary-text>
</summary>
<summary summary-id="id113hr555v00" currentChamber="HOUSE" update-date="2013-02-27">
<action-date>2013-02-06</action-date>
<action-desc>Introduced in House</action-desc>
<summary-text><![CDATA[<p> BLM Live Internet Auctions Act - Amends the Mineral Leasing Act to authorize the Secretary of the Interior to conduct onshore oil and gas lease sales through Internet-based live bidding methods.</p> <p><i></i>Requires each individual Internet-based lease sale to conclude within seven days.</p> <p>Directs the Secretary to analyze the first 10 such lease sales, including estimates of: (1) increases or decreases in such lease sales, compared to sales conducted by oral bidding; and (2) the total cost or savings to the Department of the Interior as a result of such sales, compared to sales conducted by oral bidding.</p> <p>Requires the report to evaluate the demonstrated or expected effectiveness of different structures for lease sales which may provide an opportunity to better maximize bidder participation, ensure the highest return to the federal taxpayers, minimize opportunities for fraud or collusion, and ensure the security and integrity of the leasing process.</p>]]></summary-text>
</summary>
</item>
<dublinCore xmlns:dc="http://purl.org/dc/elements/1.1/">
<dc:format>text/xml</dc:format>
<dc:language>EN</dc:language>
<dc:rights>Pursuant to Title 17 Section 105 of the United States Code, this file is not subject to copyright protection and is in the public domain.</dc:rights>
<dc:contributor>Congressional Research Service, Library of Congress</dc:contributor>
<dc:description>This file contains bill summaries for federal legislation. A bill summary describes the most significant provisions of a piece of legislation and details the effects the legislative text may have on current law and federal programs. Bill summaries are authored by the Congressional Research Service (CRS) of the Library of Congress. As stated in Public Law 91-510 (2 USC 166 (d)(6)), one of the duties of CRS is "to prepare summaries and digests of bills and resolutions of a public general nature introduced in the Senate or House of Representatives". For more information, refer to the User Guide that accompanies this file.</dc:description>
</dublinCore>
</BillSummaries>
