<?xml version="1.0" encoding="UTF-8"?>
<BillSummaries>
<item congress="113" measure-type="hr" measure-number="418" measure-id="id113hr418" originChamber="HOUSE" orig-publish-date="2013-01-25" update-date="2013-02-22">
<title>Medicare Fraud Enforcement and Prevention Act of 2013</title>
<summary summary-id="id113hr418v00" currentChamber="HOUSE" update-date="2013-02-22">
<action-date>2013-01-25</action-date>
<action-desc>Introduced in House</action-desc>
<summary-text><![CDATA[<p>Medicare Fraud Enforcement and Prevention Act of 2013 - Amends title XI of the Social Security Act (SSA) to increase criminal penalties for both felony and misdemeanor fraud under SSA titles XVIII (Medicare) and XIX (Medicaid). </p> <p>Adds a new offense of distribution of two or more Medicare or Medicaid beneficiary identification numbers or billing privileges.</p> <p>Applies civil monetary penalties to: (1) conspiracy to make false statements or commit other specified offenses with respect to Medicare or Medicaid claims; and (2) knowing creation or use of false records or statements with respect to the transmission of money or property to a federal health care program. Extends the statute of limitations from six to 10 years after presentation of a claim.</p> <p>Amends SSA title XVIII (Medicare), as amended by the Patient Protection and Affordable Care Act (PPACA), to revise screening requirements.</p> <p>Amends SSA title XI, as amended by PPACA, to require the access to claims and payment data granted to Inspector General of the Department of Health and Human Services (HHS) and the Attorney General to include access to real time claims and payment data.</p> <p>Requires the HHS Inspector General to implement mechanisms for the sharing of information about suspected fraud relating to the federal health care programs under Medicare, Medicaid, and SSA title XXI (Children's Health Insurance Program) (CHIP) with other appropriate law enforcement officials.</p> <p>Directs the HHS Secretary to provide for a study that analyzes the feasibility and benefits in reducing waste, fraud, and abuse of carrying out a program that implements biometric technology to ensure that individuals entitled to benefits under Medicare part A or enrolled under Medicare part B are physically present at the time and place of receipt of certain items and services for which payment may be made.</p>]]></summary-text>
</summary>
</item>
<dublinCore xmlns:dc="http://purl.org/dc/elements/1.1/">
<dc:format>text/xml</dc:format>
<dc:language>EN</dc:language>
<dc:rights>Pursuant to Title 17 Section 105 of the United States Code, this file is not subject to copyright protection and is in the public domain.</dc:rights>
<dc:contributor>Congressional Research Service, Library of Congress</dc:contributor>
<dc:description>This file contains bill summaries for federal legislation. A bill summary describes the most significant provisions of a piece of legislation and details the effects the legislative text may have on current law and federal programs. Bill summaries are authored by the Congressional Research Service (CRS) of the Library of Congress. As stated in Public Law 91-510 (2 USC 166 (d)(6)), one of the duties of CRS is "to prepare summaries and digests of bills and resolutions of a public general nature introduced in the Senate or House of Representatives". For more information, refer to the User Guide that accompanies this file.</dc:description>
</dublinCore>
</BillSummaries>
