<?xml version="1.0" encoding="UTF-8"?>
<BillSummaries>
<item congress="113" measure-type="hr" measure-number="823" measure-id="id113hr823" originChamber="HOUSE" orig-publish-date="2013-02-26" update-date="2013-03-13">
<title>Space Leadership Preservation Act of 2013</title>
<summary summary-id="id113hr823v00" currentChamber="HOUSE" update-date="2013-03-13">
<action-date>2013-02-26</action-date>
<action-desc>Introduced in House</action-desc>
<summary-text><![CDATA[<p>Space Leadership Preservation Act of 2013 - Establishes a six-year term of office for the Administrator of the National Aeronautics and Space Administration (NASA). </p> <p>Prohibits the Deputy Administrator from acting for, and exercising the powers of, the Administrator for a period exceeding 45 days. Requires the Associate Administrator, after such a 45 day period, to exercise the powers of the Administrator until a new Administrator is appointed and confirmed by the Senate. </p> <p>Establishes a Board of Directors for NASA. </p> <p> Sets forth Board membership and appointment criteria. Allows the President to appoint the Administrator and Deputy Administrator from among a list of nominees provided by the Board. </p> <p>Requires the Board to provide: (1) NASA's proposed annual budget; (2) annual reports on spaceflight infrastructure, unique space capabilities, and the workforce necessary to maintain such infrastructure and capabilities; (3) reports on specific policy matters; and (4) quadrennial reviews of current space programs and a vision for future space exploration. </p> <p>Authorizes the Administrator to enter into contracts for rocket propulsion systems and manned and unmanned space transportation vehicles and payloads. </p>]]></summary-text>
</summary>
</item>
<dublinCore xmlns:dc="http://purl.org/dc/elements/1.1/">
<dc:format>text/xml</dc:format>
<dc:language>EN</dc:language>
<dc:rights>Pursuant to Title 17 Section 105 of the United States Code, this file is not subject to copyright protection and is in the public domain.</dc:rights>
<dc:contributor>Congressional Research Service, Library of Congress</dc:contributor>
<dc:description>This file contains bill summaries for federal legislation. A bill summary describes the most significant provisions of a piece of legislation and details the effects the legislative text may have on current law and federal programs. Bill summaries are authored by the Congressional Research Service (CRS) of the Library of Congress. As stated in Public Law 91-510 (2 USC 166 (d)(6)), one of the duties of CRS is "to prepare summaries and digests of bills and resolutions of a public general nature introduced in the Senate or House of Representatives". For more information, refer to the User Guide that accompanies this file.</dc:description>
</dublinCore>
</BillSummaries>
