<?xml version="1.0" encoding="UTF-8"?>
<BillSummaries>
<item congress="113" measure-type="hr" measure-number="401" measure-id="id113hr401" originChamber="HOUSE" orig-publish-date="2013-01-23" update-date="2014-10-24">
<title>Justice and Mental Health Collaboration Act of 2013</title>
<summary summary-id="id113hr401v00" currentChamber="HOUSE" update-date="2014-10-24">
<action-date>2013-01-23</action-date>
<action-desc>Introduced in House</action-desc>
<summary-text><![CDATA[<p>Justice and Mental Health Collaboration Act of 2013 - Amends the Mentally Ill Offender Treatment and Crime Reduction Act of 2004 to: (1) expand the assistance provided under such Act, and (2) reauthorize appropriations for FY2015-FY2019. </p> <p>Authorizes the Attorney General to award grants to establish or expand: (1) veterans treatment court programs, which involve collaboration among criminal justice, veterans, and mental health and substance abuse agencies to provide qualified veterans (preliminarily qualified offenders who were discharged from the armed forces under conditions other than dishonorable) with intensive judicial supervision and case management, treatment services, alternatives to incarceration, and other appropriate services, including housing, transportation, job training, education, and assistance in obtaining benefits; (2) peer to peer services or programs to assist such veterans in obtaining treatment, recovery, stabilization, or rehabilitation; (3) practices that identify and provide treatment, rehabilitation, legal, transitional, and other appropriate services to such veterans who have been incarcerated; and (4) training programs to teach criminal justice, law enforcement, corrections, mental health, and substance abuse personnel how to identify and respond to incidents involving such veterans.</p> <p>Revises the definition of "preliminarily qualified offender" to include, in the case of a veterans treatment court program, an adult or juvenile accused of an offense who has been diagnosed with, or manifests obvious signs of, mental illness or a substance abuse disorder or co-occurring mental illness and substance abuse disorder. Removes a requirement that the adult or juvenile be accused of a nonviolent offense. Requires preliminarily qualified offenders to be unanimously approved for participation in a collaboration program by, when appropriate, the relevant prosecuting attorney, defense attorney, probation or corrections official, judge, and representative from the relevant mental health agency. </p> <p>Authorizes the Attorney General to award grants to enhance the capabilities of a correctional facility to: (1) identify and screen for mentally ill inmates; (2) plan and provide assessments of the clinical, medical, and social needs of inmates and appropriate treatment and services that address mental health and substance abuse needs; (3) develop, implement, and enhance post-release transition plans that coordinate services and public benefits, the availability of mental health care and substance abuse treatment services, alternatives to solitary confinement and segregated housing, and mental health screening and treatment for inmates placed in solitary confinement or segregated housing; and (4) train employees in identifying and responding to incidents involving inmates with mental health disorders or co-occurring mental health and substance abuse disorders.</p> <p>Authorizes the Attorney General to: (1) award not more than six grants per year to applicants for the purpose of reducing the use of public services by mentally ill individuals who consume a significantly disproportionate quantity of public resources, and (2) make grants to provide support for programs that teach law enforcement personnel how to identify and respond to incidents involving persons with such disorders. </p> <p>Directs the Attorney General to give priority in awarding grants for adult or juvenile collaboration programs to applications that: (1) propose interventions that have been shown by empirical evidence to reduce recidivism, and (2) use validated assessment tools to target preliminarily qualified offenders with a moderate or high risk of recidivism and a need for treatment and services.</p>]]></summary-text>
</summary>
</item>
<dublinCore xmlns:dc="http://purl.org/dc/elements/1.1/">
<dc:format>text/xml</dc:format>
<dc:language>EN</dc:language>
<dc:rights>Pursuant to Title 17 Section 105 of the United States Code, this file is not subject to copyright protection and is in the public domain.</dc:rights>
<dc:contributor>Congressional Research Service, Library of Congress</dc:contributor>
<dc:description>This file contains bill summaries for federal legislation. A bill summary describes the most significant provisions of a piece of legislation and details the effects the legislative text may have on current law and federal programs. Bill summaries are authored by the Congressional Research Service (CRS) of the Library of Congress. As stated in Public Law 91-510 (2 USC 166 (d)(6)), one of the duties of CRS is "to prepare summaries and digests of bills and resolutions of a public general nature introduced in the Senate or House of Representatives". For more information, refer to the User Guide that accompanies this file.</dc:description>
</dublinCore>
</BillSummaries>
