<?xml version="1.0" encoding="UTF-8"?>
<BillSummaries>
<item congress="113" measure-type="hr" measure-number="470" measure-id="id113hr470" originChamber="HOUSE" orig-publish-date="2013-02-04" update-date="2013-02-12">
<title>Federal Executive Board Efficiency Act</title>
<summary summary-id="id113hr470v00" currentChamber="HOUSE" update-date="2013-02-12">
<action-date>2013-02-04</action-date>
<action-desc>Introduced in House</action-desc>
<summary-text><![CDATA[<p>Federal Executive Board Efficiency Act - Requires the Director of the Office of Personnel Management (OPM) to establish Federal Executive Boards, which are defined as interagency entities established in a geographic area with a high concentration of federal employees outside the Washington, D.C. metropolitan area to strengthen the management and administration of agency activities and coordination among local federal officers to implement national initiatives in that area. Requires each Board for a geographic area to consist of a senior officer for each agency in that area.</p> <p>Requires the Director to: (1) consider specified factors in determining the location for establishment of such Boards, such as whether a geographic area has a strong, viable, and active Federal Executive Association and whether such Association petitions to become a Board; and (2) provide for the administration and oversight of such Boards, including by establishing staffing and communications policies and performance standards for Board staff.</p> <p>Requires each Board to: (1) serve as an instrument of outreach for the national headquarters of agencies relating to agency activities in the geographic area; (2) provide a forum for the exchange of information relating to programs and management methods and problems between the national headquarters of agencies and the field; (3) develop local coordinated approaches to the development and operation of programs that have common characteristics; (4) communicate management initiatives and other concerns from federal officers and employees in the Washington, D.C. area to federal officers and employees in the geographic area to achieve better mutual understanding and support; (5) develop relationships with state and local governments and nongovernmental organizations to help fulfill the roles and responsibilities of that Board; and (6) facilitate communication, collaboration, and training to prepare the federal workforce for emergencies and continuity of operations.</p> <p>Requires the Director to: (1) establish a fund within OPM for financing essential Board functions, into which contributions from the headquarters of each participating agency shall be deposited; (2) submit annual reports to Congress and agencies on Board program outcomes and budget matters; and (3) report to specified congressional committees on essential Board functions, staffing requirements, and staffing and operating expenses.</p>]]></summary-text>
</summary>
</item>
<dublinCore xmlns:dc="http://purl.org/dc/elements/1.1/">
<dc:format>text/xml</dc:format>
<dc:language>EN</dc:language>
<dc:rights>Pursuant to Title 17 Section 105 of the United States Code, this file is not subject to copyright protection and is in the public domain.</dc:rights>
<dc:contributor>Congressional Research Service, Library of Congress</dc:contributor>
<dc:description>This file contains bill summaries for federal legislation. A bill summary describes the most significant provisions of a piece of legislation and details the effects the legislative text may have on current law and federal programs. Bill summaries are authored by the Congressional Research Service (CRS) of the Library of Congress. As stated in Public Law 91-510 (2 USC 166 (d)(6)), one of the duties of CRS is "to prepare summaries and digests of bills and resolutions of a public general nature introduced in the Senate or House of Representatives". For more information, refer to the User Guide that accompanies this file.</dc:description>
</dublinCore>
</BillSummaries>
