<?xml version="1.0" encoding="UTF-8"?>
<BillSummaries>
<item congress="113" measure-type="hr" measure-number="542" measure-id="id113hr542" originChamber="HOUSE" orig-publish-date="2013-02-06" update-date="2013-02-25">
<title>To limit restrictions on deer hunting within the Kisatchie National Forest.</title>
<summary summary-id="id113hr542v00" currentChamber="HOUSE" update-date="2013-02-25">
<action-date>2013-02-06</action-date>
<action-desc>Introduced in House</action-desc>
<summary-text><![CDATA[<p>Prohibits the Secretary of Agriculture (USDA) from restricting the use of dogs in deer hunting activities within the Kisatchie National Forest in Louisiana unless those restrictions are applicable to the smallest practicable parts and are necessary for the reduction or control of trespassing onto adjacent land. </p>]]></summary-text>
</summary>
</item>
<dublinCore xmlns:dc="http://purl.org/dc/elements/1.1/">
<dc:format>text/xml</dc:format>
<dc:language>EN</dc:language>
<dc:rights>Pursuant to Title 17 Section 105 of the United States Code, this file is not subject to copyright protection and is in the public domain.</dc:rights>
<dc:contributor>Congressional Research Service, Library of Congress</dc:contributor>
<dc:description>This file contains bill summaries for federal legislation. A bill summary describes the most significant provisions of a piece of legislation and details the effects the legislative text may have on current law and federal programs. Bill summaries are authored by the Congressional Research Service (CRS) of the Library of Congress. As stated in Public Law 91-510 (2 USC 166 (d)(6)), one of the duties of CRS is "to prepare summaries and digests of bills and resolutions of a public general nature introduced in the Senate or House of Representatives". For more information, refer to the User Guide that accompanies this file.</dc:description>
</dublinCore>
</BillSummaries>
