<?xml version="1.0" encoding="UTF-8"?>
<BillSummaries>
<item congress="113" measure-type="hr" measure-number="504" measure-id="id113hr504" originChamber="HOUSE" orig-publish-date="2013-02-05" update-date="2013-02-20">
<title>To save at least $10,000,000,000 by consolidating some duplicative and overlapping Government programs.</title>
<summary summary-id="id113hr504v00" currentChamber="HOUSE" update-date="2013-02-20">
<action-date>2013-02-05</action-date>
<action-desc>Introduced in House</action-desc>
<summary-text><![CDATA[<p>Requires the Director of the Office of Management and Budget (OMB), not later than 150 days after the enactment of this Act, to coordinate with the heads of federal agencies to: (1) use available administrative authority to eliminate, consolidate, or streamline federal programs and agencies with duplicative and overlapping missions as identified in the February 2012 Government Accountability Office (GAO) report entitled &quot;Opportunities to Reduce Duplication, Overlap and Fragmentation, Achieve Savings, and Enhance Revenue&quot; and the March 2011 GAO report entitled &quot;Opportunities to Reduce Potential Duplication in Government Programs, Save Tax Dollars, and Enhance Revenue&quot; and apply any savings towards deficit reduction; (2) report to Congress any legislative changes required to further eliminate, consolidate, or streamline such programs and agencies; (3) determine the total cost savings to each agency from the implementation of this Act; and (4) rescind from appropriate accounts the greater of $10 billion or the total amount of such cost savings.</p>]]></summary-text>
</summary>
</item>
<dublinCore xmlns:dc="http://purl.org/dc/elements/1.1/">
<dc:format>text/xml</dc:format>
<dc:language>EN</dc:language>
<dc:rights>Pursuant to Title 17 Section 105 of the United States Code, this file is not subject to copyright protection and is in the public domain.</dc:rights>
<dc:contributor>Congressional Research Service, Library of Congress</dc:contributor>
<dc:description>This file contains bill summaries for federal legislation. A bill summary describes the most significant provisions of a piece of legislation and details the effects the legislative text may have on current law and federal programs. Bill summaries are authored by the Congressional Research Service (CRS) of the Library of Congress. As stated in Public Law 91-510 (2 USC 166 (d)(6)), one of the duties of CRS is "to prepare summaries and digests of bills and resolutions of a public general nature introduced in the Senate or House of Representatives". For more information, refer to the User Guide that accompanies this file.</dc:description>
</dublinCore>
</BillSummaries>
