<?xml version="1.0" encoding="UTF-8"?>
<BillSummaries>
<item congress="113" measure-type="hr" measure-number="477" measure-id="id113hr477" originChamber="HOUSE" orig-publish-date="2013-02-04" update-date="2013-02-22">
<title>Nuclear Family Priority Act</title>
<summary summary-id="id113hr477v00" currentChamber="HOUSE" update-date="2013-02-22">
<action-date>2013-02-04</action-date>
<action-desc>Introduced in House</action-desc>
<summary-text><![CDATA[<p>Nuclear Family Priority Act - Amends the Immigration and Nationality Act to eliminate parents from the definition of &quot;immediate relatives&quot; with respect to those aliens not subject to worldwide immigration levels or numerical limitations. </p> <p>Replaces existing family-sponsored immigrant categories with a single preference allocation for spouses and children of permanent resident aliens.</p> <p>Reduces the number of, and revises the calculation for, fiscal year family-sponsored immigrant entrants.</p> <p>Establishes a nonimmigrant visa category for an alien who is a parent of a U.S. citizen at least 21 years old.</p>]]></summary-text>
</summary>
</item>
<dublinCore xmlns:dc="http://purl.org/dc/elements/1.1/">
<dc:format>text/xml</dc:format>
<dc:language>EN</dc:language>
<dc:rights>Pursuant to Title 17 Section 105 of the United States Code, this file is not subject to copyright protection and is in the public domain.</dc:rights>
<dc:contributor>Congressional Research Service, Library of Congress</dc:contributor>
<dc:description>This file contains bill summaries for federal legislation. A bill summary describes the most significant provisions of a piece of legislation and details the effects the legislative text may have on current law and federal programs. Bill summaries are authored by the Congressional Research Service (CRS) of the Library of Congress. As stated in Public Law 91-510 (2 USC 166 (d)(6)), one of the duties of CRS is "to prepare summaries and digests of bills and resolutions of a public general nature introduced in the Senate or House of Representatives". For more information, refer to the User Guide that accompanies this file.</dc:description>
</dublinCore>
</BillSummaries>
