<?xml version="1.0" encoding="UTF-8"?>
<BillSummaries>
<item congress="113" measure-type="hr" measure-number="536" measure-id="id113hr536" originChamber="HOUSE" orig-publish-date="2013-02-06" update-date="2013-02-19">
<title>Diverse Teachers Recruitment Act of 2013</title>
<summary summary-id="id113hr536v00" currentChamber="HOUSE" update-date="2013-02-19">
<action-date>2013-02-06</action-date>
<action-desc>Introduced in House</action-desc>
<summary-text><![CDATA[<p>Diverse Teachers Recruitment Act of 2013 - Amends the Elementary and Secondary Education Act of 1965 to direct the Secretary of Education to award competitive matching grants to local educational agencies (LEAs) or nonprofits, educational service agencies, institutions of higher education, or states that enter into partnerships with such LEAs to: (1) recruit individuals from underrepresented groups as public elementary and secondary school teachers, and (2) provide training and retention incentives to public elementary and secondary school teachers.</p> <p>Prohibits grants to applicants that do not serve schools that have difficulty recruiting, training, and retaining individuals from underrepresented groups as teachers.</p> <p>Gives priority to applicants that serve the most high-need schools and those that serve schools with high concentrations of poor, minority, disabled, or limited English proficient students.</p> <p>Requires the Secretary to evaluate the success of the grantees and compile a database of best practices for recruiting, training, and retaining individuals from underrepresented groups as public elementary and secondary school teachers.</p>]]></summary-text>
</summary>
</item>
<dublinCore xmlns:dc="http://purl.org/dc/elements/1.1/">
<dc:format>text/xml</dc:format>
<dc:language>EN</dc:language>
<dc:rights>Pursuant to Title 17 Section 105 of the United States Code, this file is not subject to copyright protection and is in the public domain.</dc:rights>
<dc:contributor>Congressional Research Service, Library of Congress</dc:contributor>
<dc:description>This file contains bill summaries for federal legislation. A bill summary describes the most significant provisions of a piece of legislation and details the effects the legislative text may have on current law and federal programs. Bill summaries are authored by the Congressional Research Service (CRS) of the Library of Congress. As stated in Public Law 91-510 (2 USC 166 (d)(6)), one of the duties of CRS is "to prepare summaries and digests of bills and resolutions of a public general nature introduced in the Senate or House of Representatives". For more information, refer to the User Guide that accompanies this file.</dc:description>
</dublinCore>
</BillSummaries>
