<?xml version="1.0" encoding="UTF-8"?>
<BillSummaries>
<item congress="113" measure-type="hr" measure-number="361" measure-id="id113hr361" originChamber="HOUSE" orig-publish-date="2013-01-23" update-date="2015-01-16">
<title>Alpine Lakes Wilderness Additions and Pratt and Middle Fork Snoqualmie Rivers Protection Act</title>
<summary summary-id="id113hr361v17" currentChamber="HOUSE" update-date="2015-01-16">
<action-date>2014-12-22</action-date>
<action-desc>Reported to House amended</action-desc>
<summary-text><![CDATA[<p>Alpine Lakes Wilderness Additions and Pratt and Middle Fork Snoqualmie Rivers Protection Act - (Sec. 2) Designates certain land in the Mount Baker-Snoqualmie National Forest in the state of Washington, which shall be considered to become a part of the Alpine Lakes Wilderness, as wilderness and as a component of the National Wilderness Preservation System.</p> <p>Declares that this Act shall have no effect on overflights of military aircraft or the authority to carry out wildfire prevention activities.</p> <p> (Sec. 3) Amends the Wild and Scenic Rivers Act to designate segments of the Middle Fork Snoqualmie River as wild and scenic rivers and the entirety of the Pratt River as a wild river. Prohibits acquisition by condemnation of any land or interest in land within the boundaries of such river segments and excludes private or non-federal public property unless the owner of the property has consented in writing to having it included.</p> <p>(Sec. 4) Prohibits anything in this Act from: (1) establishing a protective perimeter or buffer zone around the boundaries of the wild and scenic river segments or wilderness designated by this Act, or (2) restricting an activity from being conducted outside such boundaries.</p>]]></summary-text>
</summary>
<summary summary-id="id113hr361v00" currentChamber="HOUSE" update-date="2015-01-13">
<action-date>2013-01-23</action-date>
<action-desc>Introduced in House</action-desc>
<summary-text><![CDATA[<p>Alpine Lakes Wilderness Additions and Pratt and Middle Fork Snoqualmie Rivers Protection Act - Designates certain land in the Mount Baker-Snoqualmie National Forest in the state of Washington, which shall be considered to become a part of the Alpine Lakes Wilderness, as wilderness and as a component of the National Wilderness Preservation System. </p> <p>Amends the Wild and Scenic Rivers Act to designate segments of the Middle Fork Snoqualmie River as wild and scenic rivers and the entirety of the Pratt River as a wild river.</p>]]></summary-text>
</summary>
</item>
<dublinCore xmlns:dc="http://purl.org/dc/elements/1.1/">
<dc:format>text/xml</dc:format>
<dc:language>EN</dc:language>
<dc:rights>Pursuant to Title 17 Section 105 of the United States Code, this file is not subject to copyright protection and is in the public domain.</dc:rights>
<dc:contributor>Congressional Research Service, Library of Congress</dc:contributor>
<dc:description>This file contains bill summaries for federal legislation. A bill summary describes the most significant provisions of a piece of legislation and details the effects the legislative text may have on current law and federal programs. Bill summaries are authored by the Congressional Research Service (CRS) of the Library of Congress. As stated in Public Law 91-510 (2 USC 166 (d)(6)), one of the duties of CRS is "to prepare summaries and digests of bills and resolutions of a public general nature introduced in the Senate or House of Representatives". For more information, refer to the User Guide that accompanies this file.</dc:description>
</dublinCore>
</BillSummaries>
