<?xml version="1.0" encoding="UTF-8"?>
<BillSummaries>
<item congress="113" measure-type="hr" measure-number="318" measure-id="id113hr318" originChamber="HOUSE" orig-publish-date="2013-01-18" update-date="2013-01-29">
<title>To authorize a Wall of Remembrance as part of the Korean War Veterans Memorial and to allow certain private contributions to fund that Wall of Remembrance.</title>
<summary summary-id="id113hr318v00" currentChamber="HOUSE" update-date="2013-01-29">
<action-date>2013-01-18</action-date>
<action-desc>Introduced in House</action-desc>
<summary-text><![CDATA[<p>Authorizes a Wall of Remembrance as part of the previously authorized Korean War Veterans Memorial to include, in regards to the Korean War: (1) a list by name of members of the U.S. Armed Forces who were killed in such action; (2) the number of members who were wounded, missing, or prisoners; and (3) the number of members of the Korean Augmentation to the U.S. Army, the Republic of Korea Armed Forces, and the other nations of the United Nations (U.N.) Command who were killed, wounded, missing, or prisoners. </p> <p>Prohibits using any federal funds to construct the memorial. </p>]]></summary-text>
</summary>
</item>
<dublinCore xmlns:dc="http://purl.org/dc/elements/1.1/">
<dc:format>text/xml</dc:format>
<dc:language>EN</dc:language>
<dc:rights>Pursuant to Title 17 Section 105 of the United States Code, this file is not subject to copyright protection and is in the public domain.</dc:rights>
<dc:contributor>Congressional Research Service, Library of Congress</dc:contributor>
<dc:description>This file contains bill summaries for federal legislation. A bill summary describes the most significant provisions of a piece of legislation and details the effects the legislative text may have on current law and federal programs. Bill summaries are authored by the Congressional Research Service (CRS) of the Library of Congress. As stated in Public Law 91-510 (2 USC 166 (d)(6)), one of the duties of CRS is "to prepare summaries and digests of bills and resolutions of a public general nature introduced in the Senate or House of Representatives". For more information, refer to the User Guide that accompanies this file.</dc:description>
</dublinCore>
</BillSummaries>
