<?xml version="1.0" encoding="UTF-8"?>
<BillSummaries>
<item congress="113" measure-type="hr" measure-number="826" measure-id="id113hr826" originChamber="HOUSE" orig-publish-date="2013-02-26" update-date="2013-04-24">
<title>Freedom to Fish Act of 2013</title>
<summary summary-id="id113hr826v00" currentChamber="HOUSE" update-date="2013-04-24">
<action-date>2013-02-26</action-date>
<action-desc>Introduced in House</action-desc>
<summary-text><![CDATA[<p>Freedom to Fish Act of 2013 - Prohibits the Chief of the Army Corps of Engineers from taking any action (after August 1, 2012) to establish a restricted area prohibiting public access to waters downstream of a dam owned by the Corps. Requires the Chief to cease implementing any restricted area resulting from such action taken between August 12, 2012, and the date of enactment of this Act and to remove any barriers constructed in connection with that area.</p>]]></summary-text>
</summary>
</item>
<dublinCore xmlns:dc="http://purl.org/dc/elements/1.1/">
<dc:format>text/xml</dc:format>
<dc:language>EN</dc:language>
<dc:rights>Pursuant to Title 17 Section 105 of the United States Code, this file is not subject to copyright protection and is in the public domain.</dc:rights>
<dc:contributor>Congressional Research Service, Library of Congress</dc:contributor>
<dc:description>This file contains bill summaries for federal legislation. A bill summary describes the most significant provisions of a piece of legislation and details the effects the legislative text may have on current law and federal programs. Bill summaries are authored by the Congressional Research Service (CRS) of the Library of Congress. As stated in Public Law 91-510 (2 USC 166 (d)(6)), one of the duties of CRS is "to prepare summaries and digests of bills and resolutions of a public general nature introduced in the Senate or House of Representatives". For more information, refer to the User Guide that accompanies this file.</dc:description>
</dublinCore>
</BillSummaries>
