<?xml version="1.0" encoding="UTF-8"?>
<BillSummaries>
<item congress="113" measure-type="hr" measure-number="497" measure-id="id113hr497" originChamber="HOUSE" orig-publish-date="2013-02-05" update-date="2013-03-22">
<title>America Works Act</title>
<summary summary-id="id113hr497v00" currentChamber="HOUSE" update-date="2013-03-22">
<action-date>2013-02-05</action-date>
<action-desc>Introduced in House</action-desc>
<summary-text><![CDATA[<p>America Works Act - Amends the Workforce Investment Act of 1998 to require state or local workforce investment systems to use youth activities funds for programs that provide training, which may include priority consideration for training programs that lead to recognized postsecondary credentials aligned with in-demand occupations or industries in the local area involved.</p> <p>Authorizes the operator and employees of a one-stop center, in assisting individuals in selecting programs of training services, to give priority consideration to such programs.</p> <p>Revises eligibility requirements for providers of training services and providers of youth activities for such programs. Requires programs of training services and youth activities programs that lead to a recognized postsecondary credential to meet quality criteria established by the state governor.</p> <p>Amends the Carl D. Perkins Career and Technical Education Act of 2006 and the Trade Act of 1974 to require the same priority consideration in the state and local plans for career and technical education programs as well as in tech prep programs and trade adjustment assistance (TAA) programs.</p>]]></summary-text>
</summary>
</item>
<dublinCore xmlns:dc="http://purl.org/dc/elements/1.1/">
<dc:format>text/xml</dc:format>
<dc:language>EN</dc:language>
<dc:rights>Pursuant to Title 17 Section 105 of the United States Code, this file is not subject to copyright protection and is in the public domain.</dc:rights>
<dc:contributor>Congressional Research Service, Library of Congress</dc:contributor>
<dc:description>This file contains bill summaries for federal legislation. A bill summary describes the most significant provisions of a piece of legislation and details the effects the legislative text may have on current law and federal programs. Bill summaries are authored by the Congressional Research Service (CRS) of the Library of Congress. As stated in Public Law 91-510 (2 USC 166 (d)(6)), one of the duties of CRS is "to prepare summaries and digests of bills and resolutions of a public general nature introduced in the Senate or House of Representatives". For more information, refer to the User Guide that accompanies this file.</dc:description>
</dublinCore>
</BillSummaries>
