<?xml version="1.0" encoding="UTF-8"?>
<BillSummaries>
<item congress="113" measure-type="hr" measure-number="899" measure-id="id113hr899" originChamber="HOUSE" orig-publish-date="2013-02-28" update-date="2014-03-05">
<title>Unfunded Mandates Information and Transparency Act of 2014</title>
<summary summary-id="id113hr899v81" currentChamber="HOUSE" update-date="2014-03-05">
<action-date>2014-02-28</action-date>
<action-desc>Passed House without amendment</action-desc>
<summary-text><![CDATA[<p><b>(This measure has not been amended since it was introduced. The summary of that version is repeated here, with an updated short title.)</b></p> <p>Unfunded Mandates Information and Transparency Act of 2014 - States as the purposes of this Act to: (1) improve the quality of the deliberations of Congress with respect to proposed federal mandates by providing Congress and the public with more complete information about the effects of such mandates and by ensuring that Congress acts on such mandates only after focused deliberation on their effects; and (2) enhance the ability of Congress and the public to identify federal mandates that may impose undue harm on consumers, workers, employers, small businesses, and state, local, and tribal governments. </p> <p>Amends the Congressional Budget Act of 1974 to: (1) require the Congressional Budget Office (CBO), at the request of the chairman or ranking member of a congressional committee, to conduct an assessment comparing the authorized level of funding in legislation to the prospective costs of carrying out any changes to a condition of federal assistance being imposed on state, local, or tribal governments participating in the federal assistance program; (2) modify the definition of &quot;direct costs&quot; to require CBO to consider, in accounting for the costs of federal mandates, forgone business profits, costs passed onto consumers and other entities, and behavioral changes; (3) eliminate the exemption of independent regulatory agencies (except the Board of Governors of the Federal Reserve System or the Federal Open Market Committee) from reporting requirements under the Unfunded Mandates Reform Act of 1995 (UMRA); and (4) make the raising of points of order in the consideration of congressional legislation applicable to legislation that would increase the direct cost of private sector mandates beyond limits established by UMRA.</p> <p>Amends UMRA to: (1) transfer certain responsibilities under such Act from the Director of the Office of Management and Budget (OMB) to the Administrator of the Office of Information and Regulatory Affairs; (2) set forth detailed criteria to guide agencies in assessing the effects of federal regulatory actions on state, local, and tribal governments and the private sector; (3) revise requirements for agency statements accompanying significant regulatory actions to require an analysis of the annual effect of a proposed final rule on state, local, or tribal governments or the private sector and to require all statements and summaries under UMRA to be detailed; and (4) extend to the the private sector (including small business) the requirement for consultation with agencies in the development of regulatory proposals containing significant federal mandates and set forth detailed guidelines for such consultation.</p> <p>Revises UMRA reporting requirements to require: (1) the Administrator of the Office of Information and Regulatory Affairs to provide guidance and oversight so that agency regulations are consistent with the principles and policies of UMRA and do not conflict with the policies or actions of another agency; and (2) agencies to include in their annual compliance statements an appendix detailing consultation activities with state, local, and tribal governments and the private sector.</p> <p>Amends UMRA to require an agency, at the request of the chairman or ranking member of a standing or select House or Senate Committee, to conduct a retrospective analysis of an existing regulation promulgated by such agency and submit to the chairman of the relevant committee, Congress, and the Comptroller General (GAO) a report on such regulation. </p> <p>Expands judicial review under UMRA to include review of provisions of such Act relating to agency assessment of the effects of the regulatory process and agency selection of the least costly or least burdensome alternative to a regulatory mandate. Grants courts expanded powers to compel agencies to comply with UMRA reporting requirements.</p>]]></summary-text>
</summary>
<summary summary-id="id113hr899v28" currentChamber="HOUSE" update-date="2014-02-18">
<action-date>2014-02-14</action-date>
<action-desc>Reported to House without amendment, Part I</action-desc>
<summary-text><![CDATA[<p><b>(This measure has not been amended since it was introduced. The summary of that version is repeated here.)</b></p> <p>Unfunded Mandates Information and Transparency Act of 2013 - States as the purposes of this Act to: (1) improve the quality of the deliberations of Congress with respect to proposed federal mandates by providing Congress and the public with more complete information about the effects of such mandates and by ensuring that Congress acts on such mandates only after focused deliberation on their effects; and (2) enhance the ability of Congress and the public to identify federal mandates that may impose undue harm on consumers, workers, employers, small businesses, and state, local, and tribal governments. </p> <p>Amends the Congressional Budget Act of 1974 to: (1) require the Congressional Budget Office (CBO), at the request of the chairman or ranking member of a congressional committee, to conduct an assessment comparing the authorized level of funding in legislation to the prospective costs of carrying out any changes to a condition of federal assistance being imposed on state, local, or tribal governments participating in the federal assistance program; (2) modify the definition of &quot;direct costs&quot; to require CBO to consider, in accounting for the costs of federal mandates, forgone business profits, costs passed onto consumers and other entities, and behavioral changes; (3) eliminate the exemption of independent regulatory agencies (except the Board of Governors of the Federal Reserve System or the Federal Open Market Committee) from reporting requirements under the Unfunded Mandates Reform Act of 1995 (UMRA); and (4) make the raising of points of order in the consideration of congressional legislation applicable to legislation that would increase the direct cost of private sector mandates beyond limits established by UMRA.</p> <p>Amends UMRA to: (1) transfer certain responsibilities under such Act from the Director of the Office of Management and Budget (OMB) to the Administrator of the Office of Information and Regulatory Affairs; (2) set forth detailed criteria to guide agencies in assessing the effects of federal regulatory actions on state, local, and tribal governments and the private sector; (3) revise requirements for agency statements accompanying significant regulatory actions to require an analysis of the annual effect of a proposed final rule on state, local, or tribal governments or the private sector and to require all statements and summaries under UMRA to be detailed; and (4) extend to the the private sector (including small business) the requirement for consultation with agencies in the development of regulatory proposals containing significant federal mandates and set forth detailed guidelines for such consultation.</p> <p>Revises UMRA reporting requirements to require: (1) the Administrator of the Office of Information and Regulatory Affairs to provide guidance and oversight so that agency regulations are consistent with the principles and policies of UMRA and do not conflict with the policies or actions of another agency; and (2) agencies to include in their annual compliance statements an appendix detailing consultation activities with state, local, and tribal governments and the private sector.</p> <p>Amends UMRA to require an agency, at the request of the chairman or ranking member of a standing or select House or Senate Committee, to conduct a retrospective analysis of an existing regulation promulgated by such agency and submit to the chairman of the relevant committee, Congress, and the Comptroller General (GAO) a report on such regulation. </p> <p>Expands judicial review under UMRA to include review of provisions of such Act relating to agency assessment of the effects of the regulatory process and agency selection of the least costly or least burdensome alternative to a regulatory mandate. Grants courts expanded powers to compel agencies to comply with UMRA reporting requirements.</p>]]></summary-text>
</summary>
<summary summary-id="id113hr899v00" currentChamber="HOUSE" update-date="2013-03-28">
<action-date>2013-02-28</action-date>
<action-desc>Introduced in House</action-desc>
<summary-text><![CDATA[<p>Unfunded Mandates Information and Transparency Act of 2013 - States as the purposes of this Act to: (1) improve the quality of the deliberations of Congress with respect to proposed federal mandates by providing Congress and the public with more complete information about the effects of such mandates and by ensuring that Congress acts on such mandates only after focused deliberation on their effects; and (2) enhance the ability of Congress and the public to identify federal mandates that may impose undue harm on consumers, workers, employers, small businesses, and state, local, and tribal governments. </p> <p>Amends the Congressional Budget Act of 1974 to: (1) require the Congressional Budget Office (CBO), at the request of the chairman or ranking member of a congressional committee, to conduct an assessment comparing the authorized level of funding in legislation to the prospective costs of carrying out any changes to a condition of federal assistance being imposed on state, local, or tribal governments participating in the federal assistance program; (2) modify the definition of &quot;direct costs&quot; to require CBO to consider, in accounting for the costs of federal mandates, forgone business profits, costs passed onto consumers and other entities, and behavioral changes; (3) eliminate the exemption of independent regulatory agencies (except the Board of Governors of the Federal Reserve System or the Federal Open Market Committee) from reporting requirements under the Unfunded Mandates Reform Act of 1995 (UMRA); and (4) make the raising of points of order in the consideration of congressional legislation applicable to legislation that would increase the direct cost of private sector mandates beyond limits established by UMRA.</p> <p>Amends UMRA to: (1) transfer certain responsibilities under such Act from the Director of the Office of Management and Budget (OMB) to the Administrator of the Office of Information and Regulatory Affairs; (2) set forth detailed criteria to guide agencies in assessing the effects of federal regulatory actions on state, local, and tribal governments and the private sector; (3) revise requirements for agency statements accompanying significant regulatory actions to require an analysis of the annual effect of a proposed final rule on state, local, or tribal governments or the private sector and to require all statements and summaries under UMRA to be detailed; and (4) extend to the the private sector (including small business) the requirement for consultation with agencies in the development of regulatory proposals containing significant federal mandates and set forth detailed guidelines for such consultation.</p> <p>Revises UMRA reporting requirements to require: (1) the Administrator of the Office of Information and Regulatory Affairs to provide guidance and oversight so that agency regulations are consistent with the principles and policies of UMRA and do not conflict with the policies or actions of another agency; and (2) agencies to include in their annual compliance statements an appendix detailing consultation activities with state, local, and tribal governments and the private sector.</p> <p>Amends UMRA to require an agency, at the request of the chairman or ranking member of a standing or select House or Senate Committee, to conduct a retrospective analysis of an existing regulation promulgated by such agency and submit to the chairman of the relevant committee, Congress, and the Comptroller General (GAO) a report on such regulation. </p> <p>Expands judicial review under UMRA to include review of provisions of such Act relating to agency assessment of the effects of the regulatory process and agency selection of the least costly or least burdensome alternative to a regulatory mandate. Grants courts expanded powers to compel agencies to comply with UMRA reporting requirements.</p>]]></summary-text>
</summary>
</item>
<dublinCore xmlns:dc="http://purl.org/dc/elements/1.1/">
<dc:format>text/xml</dc:format>
<dc:language>EN</dc:language>
<dc:rights>Pursuant to Title 17 Section 105 of the United States Code, this file is not subject to copyright protection and is in the public domain.</dc:rights>
<dc:contributor>Congressional Research Service, Library of Congress</dc:contributor>
<dc:description>This file contains bill summaries for federal legislation. A bill summary describes the most significant provisions of a piece of legislation and details the effects the legislative text may have on current law and federal programs. Bill summaries are authored by the Congressional Research Service (CRS) of the Library of Congress. As stated in Public Law 91-510 (2 USC 166 (d)(6)), one of the duties of CRS is "to prepare summaries and digests of bills and resolutions of a public general nature introduced in the Senate or House of Representatives". For more information, refer to the User Guide that accompanies this file.</dc:description>
</dublinCore>
</BillSummaries>
