<?xml version="1.0" encoding="UTF-8"?>
<BillSummaries>
<item congress="113" measure-type="hr" measure-number="811" measure-id="id113hr811" originChamber="HOUSE" orig-publish-date="2013-02-25" update-date="2013-04-26">
<title>Never Forget 9/11 Heroes Act</title>
<summary summary-id="id113hr811v00" currentChamber="HOUSE" update-date="2013-04-26">
<action-date>2013-02-25</action-date>
<action-desc>Introduced in House</action-desc>
<summary-text><![CDATA[<p>Never Forget 9/11 Heroes Act - Amends the Balanced Budget and Emergency Deficit Control Act of 1985 (Gramm-Rudman-Hollings Act) to add the September 11th Victim Compensation Fund and the World Trade Center Health Program Fund to the list of programs exempt from any presidential sequestration order.</p> <p>Requires the President, if the amendment made by this Act takes effect after the final sequester order for FY2014 is issued, to revise the order to account for the amendment and issue a new order.</p>]]></summary-text>
</summary>
</item>
<dublinCore xmlns:dc="http://purl.org/dc/elements/1.1/">
<dc:format>text/xml</dc:format>
<dc:language>EN</dc:language>
<dc:rights>Pursuant to Title 17 Section 105 of the United States Code, this file is not subject to copyright protection and is in the public domain.</dc:rights>
<dc:contributor>Congressional Research Service, Library of Congress</dc:contributor>
<dc:description>This file contains bill summaries for federal legislation. A bill summary describes the most significant provisions of a piece of legislation and details the effects the legislative text may have on current law and federal programs. Bill summaries are authored by the Congressional Research Service (CRS) of the Library of Congress. As stated in Public Law 91-510 (2 USC 166 (d)(6)), one of the duties of CRS is "to prepare summaries and digests of bills and resolutions of a public general nature introduced in the Senate or House of Representatives". For more information, refer to the User Guide that accompanies this file.</dc:description>
</dublinCore>
</BillSummaries>
