<?xml version="1.0" encoding="UTF-8"?>
<BillSummaries>
<item congress="113" measure-type="hr" measure-number="798" measure-id="id113hr798" originChamber="HOUSE" orig-publish-date="2013-02-15" update-date="2014-03-11">
<title>Workforce Investment Act of 2013</title>
<summary summary-id="id113hr798v00" currentChamber="HOUSE" update-date="2014-03-11">
<action-date>2013-02-15</action-date>
<action-desc>Introduced in House</action-desc>
<summary-text><![CDATA[<p>Workforce Investment Act of 2013 - Amends the Workforce Investment Act of 1998 (WIA) to revise requirements and reauthorize appropriations for: (1) WIA title I, workforce investment systems for job training and employment services; and (2) WIA title II, adult education and family literacy education programs. </p> <p>Revises member composition of state and local workforce investment boards to require at least 20% of the board be composed of representatives of the workforce within the state.</p> <p>Revises requirements for a five-year state worker investment plan.</p> <p>Revises requirements for the state unified plan for adult education and literacy programs.</p> <p>Revises requirements for: (1) local workforce investment areas, boards, and plans; (2) one-stop delivery systems; and (3) the allotment of federal funds among states for statewide youth (including disadvantaged youth) activities and statewide workforce investment activities, Native American workforce investment programs, and adult and dislocated worker employment and training activities.</p> <p>Defines &quot;core programs&quot; to mean: (1) youth workforce investment activities and adult and dislocated worker employment and training activities, (2) adult education and literacy activities, (3) employment services, and (4) vocational rehabilitation services.</p> <p>Establishes unified state and local performance accountability measures for the core programs.</p> <p>Directs the Secretary of Labor to allocate federal funds for the costs of infrastructure associated with one-stop centers for job training and employment services.</p> <p>Revises requirements and reauthorizes appropriations for the Job Corps program. </p> <p>Prescribes a special rule to make Armed Force veterans eligible for the Job Corps if certain requirements are met.</p> <p>Directs the Secretary of Labor and the Secretary of Education to establish jointly a demonstration College Corps project to provide certain at-risk youth intensive education and skills training to prepare them for college and for high-skilled employment.</p> <p>Directs the Secretary of Labor to establish annually performance indicators for Job Corps centers and for recruitment and career transition service providers serving the Job Corps program.</p> <p>Revises requirements for the Native American, migrant and seasonal farm worker, and veterans' workforce investment programs. Requires the establishment of performance accountability measures for such programs.</p> <p>Repeals the youth opportunity grant program.</p> <p>Replaces demonstration, pilot, multiservice, research, and multistate work investment projects with innovation work investment projects. Subjects such projects to certain performance accountability measures.</p> <p>Directs the Secretary of Labor and the Secretary of Education to provide for the competitive award of: (1) transition grants to states to assist them in making the transition to meeting the requirements of this Act; (2) workforce innovation and best practices grants to state partnerships or regional entities for workforce investment projects to target services to low-income individuals, low-skill individuals, long-term unemployed, and other populations with barriers to employment; and (3) youth innovation and best practices grants to states or local boards and other specified entities for innovative strategies and activities to improve education and employment outcomes for eligible youth.</p> <p>Converts the national emergency grants program into a national dislocated worker grants program. Authorizes the Secretary of Labor to award national dislocated worker grants to provide disaster relief employment in a disaster area of a state.</p> <p>Revises and reauthorizes appropriations for the YouthBuild program.</p> <p>Reauthorizes appropriations for the Native American, migrant and seasonal farm worker, and veterans' workforce investment programs.</p> <p>Establishes an Office of Disability Employment Policy within the Department of Labor.</p> <p>Directs the Secretary of Labor and the Secretary of Education to award competitive grants to: (1) institutions of higher education for educational or career training programs for workers; (2) state or local organizations in partnership with community colleges and other training providers for pay-for-performance projects and pay-for-success job training projects; (3) state or local governments to provide job training or recruiting activities necessary to provide skilled workers for businesses that are considering relocating back to the United States; and (4) institutions of higher education in partnership with local or regional economic development entities to provide training in starting a small business and entrepreneurship.</p> <p>Directs the Comptroller General (GAO) to evaluate the efficiency and effectiveness of federally-funded job training programs to provide job training services to eligible individuals, particularly individuals with barriers to employment.</p> <p>Directs the Secretary of Labor to award grants to states for integrated English literacy and civics education.</p> <p>Amends the Wagner-Peyser Act to authorize use of a state's allotment of public employment services funds to provide unemployment insurance claimants and other unemployed individuals with referrals to, and application assistance for, training and education resources and programs, including student assistance under Federal Pell Grants of the Higher Education Act of 1965, educational assistance under the Montgomery GI Bill and the Post-9/11 Veterans Educational Assistance, state student higher education assistance, and training and education programs under WIA titles I and II, and title I of the Rehabilitation Act of 1973.</p> <p>Directs the Secretary of Labor to establish a pilot program of competitive grants to state employment agencies to carry out pilot projects that enhance the professional development and the provision of public employment services by agency staff.</p> <p>Replaces the nationwide employment statistics system, which the Secretary of Labor is required to oversee, with a nationwide labor market information system. </p> <p>Establishes the Workforce Information Advisory Council.</p> <p>Amends the Rehabilitation Act of 1973 to transfer the Rehabilitation Services Administration from the Office of the Secretary of Education and reestablish it in the Office of Special Education and Rehabilitation Services.</p> <p>Revises requirements for: (1) state plans for vocational rehabilitation services to individuals with disabilities, (2) eligibility for vocational rehabilitation assistance and individualized plans for employment for disabled individuals, (3) monitoring and review of vocational rehabilitation programs, and (4) state allotments for such programs.</p> <p>Requires: (1) states to make certain funds available to designated state units for pre-employment transition services for students with disabilities who are transitioning to employment from education or training, and (2) each local office of a state unit to designate at least one Local Pre-Employment Transition Coordinator for students with disabilities.</p> <p>Directs the Secretary of Labor and the Secretary of Education to each designate a National Pre-Employment Transition Coordinator for Students with Disabilities.</p> <p>Revises American Indian vocational rehabilitation services grant program eligibility requirements to permit grants to be renewed for an additional 5-years, provided certain conditions are met.</p> <p>Revises requirements and reauthorizes appropriations for the National Institute on Disability and Rehabilitation Research.</p> <p>Reauthorizes appropriations for: (1) vocational rehabilitation services grants to individuals with disabilities who are migrant or seasonal farmworkers, (2) recreational programs for individuals with disabilities, (3) the National Council on Disability, (4) the Access Board, and (5) employment opportunities for individuals with disabilities.</p> <p>Authorizes appropriations to assist states in developing collaborative programs to provide supported employment services for individuals (including youth) with the most significant disabilities to enable them to achieve supported employment in competitive integrated employment.</p> <p>Establishes within the Department of Education an Independent Living Administration (ILA), independent of the Rehabilitation Services Administration.</p> <p>Revises requirements for a state plan for state independent living services for individuals with significant disabilities, including through establishment of additional centers for independent living or focused outreach to serve underserved populations.</p> <p>Directs the ILA Director (currently, the Commissioner of the Rehabilitation Services Administration) to make allotments to states for independent living services to individuals with significant disabilities.</p> <p>Revises the composition and functions of State Independent Living Councils. </p> <p>Revises requirements and reauthorizes appropriations for: (1) the centers for independent living grant program, and (2) independent living services for older individuals who are blind grant program.</p> <p>Directs the Secretary of Labor, acting through the Assistant Secretary of Labor and in coordination with the Commissioners of the Rehabilitation Services Administration, of Social Security, and of the Internal Revenue Service, as well as the heads of other relevant federal agencies, to carry out campaigns to educate employers and the general public on the benefits of hiring individuals with disabilities.</p>]]></summary-text>
</summary>
</item>
<dublinCore xmlns:dc="http://purl.org/dc/elements/1.1/">
<dc:format>text/xml</dc:format>
<dc:language>EN</dc:language>
<dc:rights>Pursuant to Title 17 Section 105 of the United States Code, this file is not subject to copyright protection and is in the public domain.</dc:rights>
<dc:contributor>Congressional Research Service, Library of Congress</dc:contributor>
<dc:description>This file contains bill summaries for federal legislation. A bill summary describes the most significant provisions of a piece of legislation and details the effects the legislative text may have on current law and federal programs. Bill summaries are authored by the Congressional Research Service (CRS) of the Library of Congress. As stated in Public Law 91-510 (2 USC 166 (d)(6)), one of the duties of CRS is "to prepare summaries and digests of bills and resolutions of a public general nature introduced in the Senate or House of Representatives". For more information, refer to the User Guide that accompanies this file.</dc:description>
</dublinCore>
</BillSummaries>
