<?xml version="1.0" encoding="UTF-8"?>
<BillSummaries>
<item congress="113" measure-type="hr" measure-number="255" measure-id="id113hr255" originChamber="HOUSE" orig-publish-date="2013-01-15" update-date="2014-08-04">
<title>To amend certain definitions contained in the Provo River Project Transfer Act for purposes of clarifying certain property descriptions, and for other purposes.</title>
<summary summary-id="id113hr255v49" currentChamber="BOTH" update-date="2014-08-04">
<action-date>2014-07-25</action-date>
<action-desc>Public Law</action-desc>
<summary-text><![CDATA[<p><b>(This measure has not been amended since it was introduced. The summary of that version is repeated here.)</b></p> <p>Amends the Provo River Project Transfer Act to modify the definition of: (1) &quot;Pleasant Grove Property&quot; to mean a specified parcel of land in Utah acquired by the United States for the Provo River Project, Deer Creek Division, as in existence on the date on which the parcel is conveyed under such Act; and (2) &quot;Provo Reservoir Canal&quot; to mean the water conveyance facility historically known as the Provo Reservoir Canal and associated bridges, fixtures, structures, facilities, lands, interests in land, and rights-of-way held, acquired, constructed, or improved by the United States as part of such Project, extending from, and including, the Murdock Diversion Dam and forebay at the mouth of Provo Canyon, including the Provo Reservoir Canal Siphon and Penstock near the Jordan Narrows to the point where water is discharged to the Welby-Jacob Canal and the Utah Lake Distributing Canal, as in existence on the date on which the Provo Reservoir Canal is conveyed under such Act.</p>]]></summary-text>
</summary>
<summary summary-id="id113hr255v82" currentChamber="SENATE" update-date="2014-07-18">
<action-date>2014-07-09</action-date>
<action-desc>Passed Senate without amendment</action-desc>
<summary-text><![CDATA[<p><b>(This measure has not been amended since it was introduced. The summary of that version is repeated here.)</b></p> <p>Amends the Provo River Project Transfer Act to modify the definition of: (1) &quot;Pleasant Grove Property&quot; to mean a specified parcel of land in Utah acquired by the United States for the Provo River Project, Deer Creek Division, as in existence on the date on which the parcel is conveyed under such Act; and (2) &quot;Provo Reservoir Canal&quot; to mean the water conveyance facility historically known as the Provo Reservoir Canal and associated bridges, fixtures, structures, facilities, lands, interests in land, and rights-of-way held, acquired, constructed, or improved by the United States as part of such Project, extending from, and including, the Murdock Diversion Dam and forebay at the mouth of Provo Canyon, including the Provo Reservoir Canal Siphon and Penstock near the Jordan Narrows to the point where water is discharged to the Welby-Jacob Canal and the Utah Lake Distributing Canal, as in existence on the date on which the Provo Reservoir Canal is conveyed under such Act.</p>]]></summary-text>
</summary>
<summary summary-id="id113hr255v81" currentChamber="HOUSE" update-date="2013-12-11">
<action-date>2013-12-03</action-date>
<action-desc>Passed House without amendment</action-desc>
<summary-text><![CDATA[<p><b>(This measure has not been amended since it was introduced. The summary of that version is repeated here.)</b></p> <p>Amends the Provo River Project Transfer Act to modify the definition of: (1) &quot;Pleasant Grove Property&quot; to mean a specified parcel of land in Utah acquired by the United States for the Provo River Project, Deer Creek Division, as in existence on the date on which the parcel is conveyed under such Act; and (2) &quot;Provo Reservoir Canal&quot; to mean the water conveyance facility historically known as the Provo Reservoir Canal and associated bridges, fixtures, structures, facilities, lands, interests in land, and rights-of-way held, acquired, constructed, or improved by the United States as part of such Project, extending from, and including, the Murdock Diversion Dam and forebay at the mouth of Provo Canyon, including the Provo Reservoir Canal Siphon and Penstock near the Jordan Narrows to the point where water is discharged to the Welby-Jacob Canal and the Utah Lake Distributing Canal, as in existence on the date on which the Provo Reservoir Canal is conveyed under such Act.</p>]]></summary-text>
</summary>
<summary summary-id="id113hr255v79" currentChamber="HOUSE" update-date="2013-11-02">
<action-date>2013-09-10</action-date>
<action-desc>Reported to House without amendment</action-desc>
<summary-text><![CDATA[<p><b>(This measure has not been amended since it was introduced. The summary of that version is repeated here.)</b></p> <p>Amends the Provo River Project Transfer Act to modify the definition of: (1) &quot;Pleasant Grove Property&quot; to mean a specified parcel of land in Utah acquired by the United States for the Provo River Project, Deer Creek Division, as in existence on the date on which the parcel is conveyed under such Act; and (2) &quot;Provo Reservoir Canal&quot; to mean the water conveyance facility historically known as the Provo Reservoir Canal and associated bridges, fixtures, structures, facilities, lands, interests in land, and rights-of-way held, acquired, constructed, or improved by the United States as part of such Project, extending from, and including, the Murdock Diversion Dam and forebay at the mouth of Provo Canyon, including the Provo Reservoir Canal Siphon and Penstock near the Jordan Narrows to the point where water is discharged to the Welby-Jacob Canal and the Utah Lake Distributing Canal, as in existence on the date on which the Provo Reservoir Canal is conveyed under such Act.</p>]]></summary-text>
</summary>
<summary summary-id="id113hr255v00" currentChamber="HOUSE" update-date="2013-03-14">
<action-date>2013-01-15</action-date>
<action-desc>Introduced in House</action-desc>
<summary-text><![CDATA[<p>Amends the Provo River Project Transfer Act to modify the definition of: (1) &quot;Pleasant Grove Property&quot; to mean a specified parcel of land in Utah acquired by the United States for the Provo River Project, Deer Creek Division, as in existence on the date on which the parcel is conveyed under such Act; and (2) &quot;Provo Reservoir Canal&quot; to mean the water conveyance facility historically known as the Provo Reservoir Canal and associated bridges, fixtures, structures, facilities, lands, interests in land, and rights-of-way held, acquired, constructed, or improved by the United States as part of such Project, extending from, and including, the Murdock Diversion Dam and forebay at the mouth of Provo Canyon, including the Provo Reservoir Canal Siphon and Penstock near the Jordan Narrows to the point where water is discharged to the Welby-Jacob Canal and the Utah Lake Distributing Canal, as in existence on the date on which the Provo Reservoir Canal is conveyed under such Act.</p>]]></summary-text>
</summary>
</item>
<dublinCore xmlns:dc="http://purl.org/dc/elements/1.1/">
<dc:format>text/xml</dc:format>
<dc:language>EN</dc:language>
<dc:rights>Pursuant to Title 17 Section 105 of the United States Code, this file is not subject to copyright protection and is in the public domain.</dc:rights>
<dc:contributor>Congressional Research Service, Library of Congress</dc:contributor>
<dc:description>This file contains bill summaries for federal legislation. A bill summary describes the most significant provisions of a piece of legislation and details the effects the legislative text may have on current law and federal programs. Bill summaries are authored by the Congressional Research Service (CRS) of the Library of Congress. As stated in Public Law 91-510 (2 USC 166 (d)(6)), one of the duties of CRS is "to prepare summaries and digests of bills and resolutions of a public general nature introduced in the Senate or House of Representatives". For more information, refer to the User Guide that accompanies this file.</dc:description>
</dublinCore>
</BillSummaries>
