<?xml version="1.0" encoding="UTF-8"?>
<BillSummaries>
<item congress="113" measure-type="hr" measure-number="382" measure-id="id113hr382" originChamber="HOUSE" orig-publish-date="2013-01-23" update-date="2013-02-11">
<title>Preserve Land Freedom For Americans Act</title>
<summary summary-id="id113hr382v00" currentChamber="HOUSE" update-date="2013-02-11">
<action-date>2013-01-23</action-date>
<action-desc>Introduced in House</action-desc>
<summary-text><![CDATA[<p> Preserve Land Freedom For Americans Act - Requires the President, prior to designating a national monument, to obtain a state's approval for a monument located on federal land within the state. </p> <p>Bars the Secretary of the Interior from implementing any restrictions on the public use of a national monument until the expiration of an appropriate review period providing for public input and state approval.</p>]]></summary-text>
</summary>
</item>
<dublinCore xmlns:dc="http://purl.org/dc/elements/1.1/">
<dc:format>text/xml</dc:format>
<dc:language>EN</dc:language>
<dc:rights>Pursuant to Title 17 Section 105 of the United States Code, this file is not subject to copyright protection and is in the public domain.</dc:rights>
<dc:contributor>Congressional Research Service, Library of Congress</dc:contributor>
<dc:description>This file contains bill summaries for federal legislation. A bill summary describes the most significant provisions of a piece of legislation and details the effects the legislative text may have on current law and federal programs. Bill summaries are authored by the Congressional Research Service (CRS) of the Library of Congress. As stated in Public Law 91-510 (2 USC 166 (d)(6)), one of the duties of CRS is "to prepare summaries and digests of bills and resolutions of a public general nature introduced in the Senate or House of Representatives". For more information, refer to the User Guide that accompanies this file.</dc:description>
</dublinCore>
</BillSummaries>
