<?xml version="1.0" encoding="UTF-8"?>
<BillSummaries>
<item congress="113" measure-type="hr" measure-number="598" measure-id="id113hr598" originChamber="HOUSE" orig-publish-date="2013-02-08" update-date="2013-02-20">
<title>To amend title 5, United States Code, to give members of the United States Capitol Police the option to delay mandatory retirement until age 60.</title>
<summary summary-id="id113hr598v00" currentChamber="HOUSE" update-date="2013-02-20">
<action-date>2013-02-08</action-date>
<action-desc>Introduced in House</action-desc>
<summary-text><![CDATA[<p>Revises mandatory retirement requirements for members of the U.S. Capitol Police under the Civil Service Retirement System (CSRS) and the Federal Employees' Retirement System (FERS).</p> <p>Requires the Capitol Police Board, at a member's request, to exempt the individual from automatic separation requirements until he or she becomes age 60, if the member: (1) undergoes a physical examination during the six-month period ending on the day the member turns age 57, and (2) on the basis of the examination meets appropriate physical fitness criteria.</p> <p>(Currently, the Board, when in its judgement the public interest so requires, may exempt such a member from automatic separation until that member becomes 60 years of age.)</p>]]></summary-text>
</summary>
</item>
<dublinCore xmlns:dc="http://purl.org/dc/elements/1.1/">
<dc:format>text/xml</dc:format>
<dc:language>EN</dc:language>
<dc:rights>Pursuant to Title 17 Section 105 of the United States Code, this file is not subject to copyright protection and is in the public domain.</dc:rights>
<dc:contributor>Congressional Research Service, Library of Congress</dc:contributor>
<dc:description>This file contains bill summaries for federal legislation. A bill summary describes the most significant provisions of a piece of legislation and details the effects the legislative text may have on current law and federal programs. Bill summaries are authored by the Congressional Research Service (CRS) of the Library of Congress. As stated in Public Law 91-510 (2 USC 166 (d)(6)), one of the duties of CRS is "to prepare summaries and digests of bills and resolutions of a public general nature introduced in the Senate or House of Representatives". For more information, refer to the User Guide that accompanies this file.</dc:description>
</dublinCore>
</BillSummaries>
