<?xml version="1.0" encoding="UTF-8"?>
<BillSummaries>
<item congress="113" measure-type="hr" measure-number="689" measure-id="id113hr689" originChamber="HOUSE" orig-publish-date="2013-02-14" update-date="2013-04-08">
<title>States' Medical Marijuana Patient Protection Act</title>
<summary summary-id="id113hr689v00" currentChamber="HOUSE" update-date="2013-04-08">
<action-date>2013-02-14</action-date>
<action-desc>Introduced in House</action-desc>
<summary-text><![CDATA[<p>States' Medical Marijuana Patient Protection Act - Requires the Secretary of Health and Human Services (HHS), within six months of enactment of this Act, to submit to the Administrator of the Drug Enforcement Administration (DEA) a recommendation on the listing of marijuana within the Controlled Substances Act (CSA) and to recommend listing it as other than a Schedule I or Schedule II substance.</p> <p>Requires the Administrator of DEA, within one year of enactment of this Act, based upon such recommendation, to issue a notice of proposed rulemaking for the rescheduling of marijuana within the CSA, which shall include a recommendation to list marijuana as other than a Schedule I or Schedule II substance.</p> <p>Declares that no provision of the CSA or the Federal Food, Drug and Cosmetic Act shall, in a state in which the medical use of marijuana is legal under state law, prohibit or otherwise restrict: (1) the prescription or recommendation of marijuana for medical use by a medical professional or the certification by a medical professional that a patient has a condition for which marijuana may have therapeutic benefit; (2) an individual from obtaining, manufacturing, possessing, or transporting within his or her state marijuana for medical purposes, provided the activities are authorized under state law; (3) a pharmacy or other entity authorized to distribute medical marijuana from obtaining, possessing, or distributing marijuana to authorized individuals; or (4) an entity authorized by a state or local government from producing, processing, or distributing marijuana for such purposes.</p> <p>Requires the Attorney General to delegate responsibility for control over access to marijuana for research into its potential therapeutic and medicinal uses to an entity of executive branch that is not focused on researching the addictive properties of substances. Requires such entity to take appropriate actions to ensure that an adequate supply of marijuana is available for therapeutic and medicinal research.</p>]]></summary-text>
</summary>
</item>
<dublinCore xmlns:dc="http://purl.org/dc/elements/1.1/">
<dc:format>text/xml</dc:format>
<dc:language>EN</dc:language>
<dc:rights>Pursuant to Title 17 Section 105 of the United States Code, this file is not subject to copyright protection and is in the public domain.</dc:rights>
<dc:contributor>Congressional Research Service, Library of Congress</dc:contributor>
<dc:description>This file contains bill summaries for federal legislation. A bill summary describes the most significant provisions of a piece of legislation and details the effects the legislative text may have on current law and federal programs. Bill summaries are authored by the Congressional Research Service (CRS) of the Library of Congress. As stated in Public Law 91-510 (2 USC 166 (d)(6)), one of the duties of CRS is "to prepare summaries and digests of bills and resolutions of a public general nature introduced in the Senate or House of Representatives". For more information, refer to the User Guide that accompanies this file.</dc:description>
</dublinCore>
</BillSummaries>
