<?xml version="1.0" encoding="UTF-8"?>
<BillSummaries>
<item congress="113" measure-type="hr" measure-number="377" measure-id="id113hr377" originChamber="HOUSE" orig-publish-date="2013-01-23" update-date="2013-02-26">
<title>Paycheck Fairness Act</title>
<summary summary-id="id113hr377v00" currentChamber="HOUSE" update-date="2013-02-26">
<action-date>2013-01-23</action-date>
<action-desc>Introduced in House</action-desc>
<summary-text><![CDATA[<p>Paycheck Fairness Act - Amends the portion of the Fair Labor Standards Act of 1938 (FLSA) known as the Equal Pay Act to revise remedies for, enforcement of, and exceptions to prohibitions against sex discrimination in the payment of wages.</p> <p>Revises the exception to the prohibition for a wage rate differential based on any other factor other than sex. Limits such factors to bona fide factors, such as education, training, or experience.</p> <p>States that the bona fide factor defense shall apply only if the employer demonstrates that such factor: (1) is not based upon or derived from a sex-based differential in compensation, (2) is job-related with respect to the position in question, and (3) is consistent with business necessity. Makes such defense inapplicable where the employee demonstrates that: (1) an alternative employment practice exists that would serve the same business purpose without producing such differential, and (2) the employer has refused to adopt such alternative practice.</p> <p>Revises the prohibition against employer retaliation for employee complaints. Prohibits retaliation for inquiring about, discussing, or disclosing the wages of the employee or another employee in response to a complaint or charge, or in furtherance of a sex discrimination investigation, proceeding, hearing, or action, or an investigation conducted by the employer.</p> <p> Makes employers who violate sex discrimination prohibitions liable in a civil action for either compensatory or (except for the federal government) punitive damages.</p> <p>States that any action brought to enforce the prohibition against sex discrimination may be maintained as a class action in which individuals may be joined as party plaintiffs without their written consent.</p> <p>Authorizes the Secretary of Labor (Secretary) to seek additional compensatory or punitive damages in a sex discrimination action.</p> <p>Requires the Equal Employment Opportunity Commission (EEOC) and the Office of Federal Contract Compliance Programs to train EEOC employees and affected individuals and entities on matters involving wage discrimination. <p>Authorizes the Secretary to make grants to eligible entities for negotiation skills training programs for girls and women. Directs the Secretary and the Secretary of Education to issue regulations or policy guidance to integrate such training into certain programs under their Departments. <p>Directs the Secretary to conduct studies and provide information to employers, labor organizations, and the general public regarding the means available to eliminate pay disparities between men and women. <p>Establishes the Secretary of Labor's National Award for Pay Equity in the Workplace for an employer who has made a substantial effort to eliminate pay disparities between men and women. <p>Amends the Civil Rights Act of 1964 to require the EEOC to collect from employers pay information data regarding the sex, race, and national origin of employees for use in the enforcement of federal laws prohibiting pay discrimination. <p>Directs: (1) the Commissioner of Labor Statistics to continue to collect data on woman workers in the Current Employment Statistics survey, (2) the Office of Federal Contract Compliance Programs to use specified types of methods in investigating compensation discrimination and in enforcing pay equity, and (3) the Secretary to make accurate information on compensation discrimination readily available to the public. <p>Directs the Secretary and the Commissioner [<i>sic</i>] of the EEOC jointly to develop technical assistance material to assist small businesses to comply with the requirements of this Act.]]></summary-text>
</summary>
</item>
<dublinCore xmlns:dc="http://purl.org/dc/elements/1.1/">
<dc:format>text/xml</dc:format>
<dc:language>EN</dc:language>
<dc:rights>Pursuant to Title 17 Section 105 of the United States Code, this file is not subject to copyright protection and is in the public domain.</dc:rights>
<dc:contributor>Congressional Research Service, Library of Congress</dc:contributor>
<dc:description>This file contains bill summaries for federal legislation. A bill summary describes the most significant provisions of a piece of legislation and details the effects the legislative text may have on current law and federal programs. Bill summaries are authored by the Congressional Research Service (CRS) of the Library of Congress. As stated in Public Law 91-510 (2 USC 166 (d)(6)), one of the duties of CRS is "to prepare summaries and digests of bills and resolutions of a public general nature introduced in the Senate or House of Representatives". For more information, refer to the User Guide that accompanies this file.</dc:description>
</dublinCore>
</BillSummaries>
