<?xml version="1.0" encoding="UTF-8"?>
<BillSummaries>
<item congress="113" measure-type="hr" measure-number="469" measure-id="id113hr469" originChamber="HOUSE" orig-publish-date="2013-02-04" update-date="2013-02-09">
<title>Heat Island and Smog Reduction Act of 2013</title>
<summary summary-id="id113hr469v00" currentChamber="HOUSE" update-date="2013-02-09">
<action-date>2013-02-04</action-date>
<action-desc>Introduced in House</action-desc>
<summary-text><![CDATA[<p>Heat Island and Smog Reduction Act of 2013 - Requires each federal agency, by April 1, 2013, to develop a heat island reduction plan for all federal property and facilities under its possession or control that are located in an area designated under the Clean Air Act as being in nonattainment with national ambient air quality standards for ozone. Requires each plan to include measures to: (1) maximize tree cover on federal property; and (2) increase solar reflectivity through techniques such as using roofs with high solar reflectivity (cool roofs), vegetated roofs, and paving materials with higher solar reflectivity.</p> <p>Requires the Administrator of the General Services Administration (GSA) to submit annual reports to specified congressional committees assessing agency progress in developing and implementing such plans.<br /> </p>]]></summary-text>
</summary>
</item>
<dublinCore xmlns:dc="http://purl.org/dc/elements/1.1/">
<dc:format>text/xml</dc:format>
<dc:language>EN</dc:language>
<dc:rights>Pursuant to Title 17 Section 105 of the United States Code, this file is not subject to copyright protection and is in the public domain.</dc:rights>
<dc:contributor>Congressional Research Service, Library of Congress</dc:contributor>
<dc:description>This file contains bill summaries for federal legislation. A bill summary describes the most significant provisions of a piece of legislation and details the effects the legislative text may have on current law and federal programs. Bill summaries are authored by the Congressional Research Service (CRS) of the Library of Congress. As stated in Public Law 91-510 (2 USC 166 (d)(6)), one of the duties of CRS is "to prepare summaries and digests of bills and resolutions of a public general nature introduced in the Senate or House of Representatives". For more information, refer to the User Guide that accompanies this file.</dc:description>
</dublinCore>
</BillSummaries>
