<?xml version="1.0" encoding="UTF-8"?>
<BillSummaries>
<item congress="113" measure-type="hr" measure-number="768" measure-id="id113hr768" originChamber="HOUSE" orig-publish-date="2013-02-15" update-date="2013-03-08">
<title>STELLAR Act</title>
<summary summary-id="id113hr768v00" currentChamber="HOUSE" update-date="2013-03-08">
<action-date>2013-02-15</action-date>
<action-desc>Introduced in House</action-desc>
<summary-text><![CDATA[<p>Securing Teacher Effectiveness, Leadership, Learning, And Results Act of 2013 or STELLAR Act - Amends the Elementary and Secondary Education Act of 1965 to require each state receiving school improvement funds to: (1) define teacher and principal effectiveness and establish performance ratings; (2) demonstrate that it has developed, in collaboration with teachers and principals, a model teacher and principal evaluation program; (3) demonstrate that each of its local educational agencies (LEAs) has adopted a teacher and principal evaluation program; (4) demonstrate that each LEA is collaborating with teachers and principals in developing and making annual improvements to such program; (5) review, report on, and assist LEAs in improving such evaluation programs; and (6) establish procedures to ensure that ineffective teachers and principals facing unemployment are treated fairly.</p> <p>Requires teacher evaluations to: (1) emphasize student academic growth, (2) include observations of the teacher's classroom performance, (3) rate teachers using at least four performance categories, and (4) provide results that are comparable for all teachers in grade levels and subject areas across the state and within the teacher's LEA.</p> <p>Requires principal evaluations to: (1) emphasize student academic growth; (2) factor in their school's graduation rates; (3) assess the principal's success in recruiting, developing, evaluating, and retaining effective teachers; (4) assess the principal's leadership abilities through observations and other relevant data; (5) rate principals using at least four performance categories; and (6) provide results that are comparable across all principals within the LEA.</p> <p>Requires states to take steps to ensure that poor and minority children are not taught at higher rates than other children by teachers rated as less than effective.</p> <p>Requires states and LEAs to report the number and percentage of teachers and principals in each performance rating at: (1) the state, LEA, and school level; and (2) their LEAs and schools that have the highest and lowest poverty rates or the highest and lowest percentages of minority students. Requires states to report student attendance rates, disaggregated by each school and each teacher and principal at each school within specified jurisdictions.</p> <p>Directs the Secretary of Education to: (1) recognize each LEA that has innovative, high-quality, and effective teacher or principal evaluation programs that lead to professional development and improved student performance; and (2) establish a clearinghouse to share the best practices of such programs with educators.<br> </p>]]></summary-text>
</summary>
</item>
<dublinCore xmlns:dc="http://purl.org/dc/elements/1.1/">
<dc:format>text/xml</dc:format>
<dc:language>EN</dc:language>
<dc:rights>Pursuant to Title 17 Section 105 of the United States Code, this file is not subject to copyright protection and is in the public domain.</dc:rights>
<dc:contributor>Congressional Research Service, Library of Congress</dc:contributor>
<dc:description>This file contains bill summaries for federal legislation. A bill summary describes the most significant provisions of a piece of legislation and details the effects the legislative text may have on current law and federal programs. Bill summaries are authored by the Congressional Research Service (CRS) of the Library of Congress. As stated in Public Law 91-510 (2 USC 166 (d)(6)), one of the duties of CRS is "to prepare summaries and digests of bills and resolutions of a public general nature introduced in the Senate or House of Representatives". For more information, refer to the User Guide that accompanies this file.</dc:description>
</dublinCore>
</BillSummaries>
