<?xml version="1.0" encoding="UTF-8"?>
<BillSummaries>
<item congress="113" measure-type="hr" measure-number="1011" measure-id="id113hr1011" originChamber="HOUSE" orig-publish-date="2013-03-06" update-date="2013-04-12">
<title>To prohibit the Secretary of the Interior from issuing oil and gas leases on portions of the Outer Continental Shelf located off the coast of New Jersey.</title>
<summary summary-id="id113hr1011v00" currentChamber="HOUSE" update-date="2013-04-12">
<action-date>2013-03-06</action-date>
<action-desc>Introduced in House</action-desc>
<summary-text><![CDATA[<p>Prohibits the Secretary of the Interior from issuing a lease, permit, or license for oil exploration or extraction from specified submerged Outer Continental Shelf lands located within 125 miles of the coast of New Jersey, including areas with respect to which a moratorium on oil and gas leasing activities existed before enactment of this Act.</p>]]></summary-text>
</summary>
</item>
<dublinCore xmlns:dc="http://purl.org/dc/elements/1.1/">
<dc:format>text/xml</dc:format>
<dc:language>EN</dc:language>
<dc:rights>Pursuant to Title 17 Section 105 of the United States Code, this file is not subject to copyright protection and is in the public domain.</dc:rights>
<dc:contributor>Congressional Research Service, Library of Congress</dc:contributor>
<dc:description>This file contains bill summaries for federal legislation. A bill summary describes the most significant provisions of a piece of legislation and details the effects the legislative text may have on current law and federal programs. Bill summaries are authored by the Congressional Research Service (CRS) of the Library of Congress. As stated in Public Law 91-510 (2 USC 166 (d)(6)), one of the duties of CRS is "to prepare summaries and digests of bills and resolutions of a public general nature introduced in the Senate or House of Representatives". For more information, refer to the User Guide that accompanies this file.</dc:description>
</dublinCore>
</BillSummaries>
