<?xml version="1.0" encoding="UTF-8"?>
<BillSummaries>
<item congress="113" measure-type="hr" measure-number="641" measure-id="id113hr641" originChamber="HOUSE" orig-publish-date="2013-02-13" update-date="2013-03-04">
<title>National Guard State Partnership Program Enhancement Act</title>
<summary summary-id="id113hr641v00" currentChamber="HOUSE" update-date="2013-03-04">
<action-date>2013-02-13</action-date>
<action-desc>Introduced in House</action-desc>
<summary-text><![CDATA[<p>National Guard State Partnership Program Enhancement Act - Codifies under federal law the National Guard State Partnership Program (defense and security partnerships between the National Guard and the military and security forces, and related disaster management, emergency response, and security ministries, of a foreign country). Allows funds available to the Department of Defense (DOD), including for the Army and Air National Guard, to be used for such purposes.</p> <p>Repeals superseded authority under the National Defense Authorization Act for Fiscal Year 2010.</p>]]></summary-text>
</summary>
</item>
<dublinCore xmlns:dc="http://purl.org/dc/elements/1.1/">
<dc:format>text/xml</dc:format>
<dc:language>EN</dc:language>
<dc:rights>Pursuant to Title 17 Section 105 of the United States Code, this file is not subject to copyright protection and is in the public domain.</dc:rights>
<dc:contributor>Congressional Research Service, Library of Congress</dc:contributor>
<dc:description>This file contains bill summaries for federal legislation. A bill summary describes the most significant provisions of a piece of legislation and details the effects the legislative text may have on current law and federal programs. Bill summaries are authored by the Congressional Research Service (CRS) of the Library of Congress. As stated in Public Law 91-510 (2 USC 166 (d)(6)), one of the duties of CRS is "to prepare summaries and digests of bills and resolutions of a public general nature introduced in the Senate or House of Representatives". For more information, refer to the User Guide that accompanies this file.</dc:description>
</dublinCore>
</BillSummaries>
