<?xml version="1.0" encoding="UTF-8"?>
<BillSummaries>
<item congress="113" measure-type="hr" measure-number="762" measure-id="id113hr762" originChamber="HOUSE" orig-publish-date="2013-02-15" update-date="2013-03-18">
<title>Health Care Choice Act of 2013</title>
<summary summary-id="id113hr762v00" currentChamber="HOUSE" update-date="2013-03-18">
<action-date>2013-02-15</action-date>
<action-desc>Introduced in House</action-desc>
<summary-text><![CDATA[<p>Health Care Choice Act of 2013 - Repeals the health insurance and health coverage expansion requirements of the Patient Protection and Affordable Care Act and related requirements of the Health Care and Education Reconciliation Act of 2010. Restores provisions of law amended or repealed by such provisions. </p> <p>Amends the Public Health Service Act to provide that the laws of the state designated by a health insurance issuer (primary state) shall apply to individual health insurance coverage offered by that issuer in the primary state and in any other state (secondary state), but only if the coverage and issuer comply with the conditions of this Act.</p> <p>Exempts issuers from any secondary state's laws that would prohibit or regulate the operation of the issuer in such state, subject to certain restrictions imposed by such state.</p> <p>Specifies the notice that an issuer must provide in any insurance coverage offered in a secondary state and at renewal of the policy.</p> <p>Requires each issuer issuing individual health insurance coverage in both primary and secondary states to submit to the insurance commissioners of such states: (1) a copy of the plan of operation or feasibility study, (2) written notice of any change in its designation of its primary state and of its compliance with all the laws of the primary state, and (3) a quarterly financial statement.</p> <p>Prohibits an issuer from offering, selling, or issuing individual health insurance coverage in a secondary state if the state insurance commissioner does not use a risk-based capital formula for the determination of capital and surplus requirements for all issuers.</p> <p>Gives sole jurisdiction to the primary state to enforce the primary state's covered laws in the primary state and any secondary state. </p> <p>Requires the Comptroller General to study the effect of this Act on specified health insurance issues.</p>]]></summary-text>
</summary>
</item>
<dublinCore xmlns:dc="http://purl.org/dc/elements/1.1/">
<dc:format>text/xml</dc:format>
<dc:language>EN</dc:language>
<dc:rights>Pursuant to Title 17 Section 105 of the United States Code, this file is not subject to copyright protection and is in the public domain.</dc:rights>
<dc:contributor>Congressional Research Service, Library of Congress</dc:contributor>
<dc:description>This file contains bill summaries for federal legislation. A bill summary describes the most significant provisions of a piece of legislation and details the effects the legislative text may have on current law and federal programs. Bill summaries are authored by the Congressional Research Service (CRS) of the Library of Congress. As stated in Public Law 91-510 (2 USC 166 (d)(6)), one of the duties of CRS is "to prepare summaries and digests of bills and resolutions of a public general nature introduced in the Senate or House of Representatives". For more information, refer to the User Guide that accompanies this file.</dc:description>
</dublinCore>
</BillSummaries>
