<?xml version="1.0" encoding="UTF-8"?>
<BillSummaries>
<item congress="113" measure-type="hr" measure-number="353" measure-id="id113hr353" originChamber="HOUSE" orig-publish-date="2013-01-23" update-date="2013-02-04">
<title>To require the Secretary of the Treasury to implement a program to prevent the fraudulent use of taxpayer identification numbers of residents of United States territories and possessions to be used to obtain a credit or refund on tax returns filed with the United States.</title>
<summary summary-id="id113hr353v00" currentChamber="HOUSE" update-date="2013-02-04">
<action-date>2013-01-23</action-date>
<action-desc>Introduced in House</action-desc>
<summary-text><![CDATA[<p>Directs the Secretary of the Treasury to implement a program to prevent the fraudulent use of taxpayer identification numbers of residents of U.S. territories and possessions to obtain federal tax refunds or credits. Requires the program to include a comparison of all income tax returns filed with the United States and any U.S. territory or possession under the same taxpayer identification number. </p> <p>.</p>]]></summary-text>
</summary>
</item>
<dublinCore xmlns:dc="http://purl.org/dc/elements/1.1/">
<dc:format>text/xml</dc:format>
<dc:language>EN</dc:language>
<dc:rights>Pursuant to Title 17 Section 105 of the United States Code, this file is not subject to copyright protection and is in the public domain.</dc:rights>
<dc:contributor>Congressional Research Service, Library of Congress</dc:contributor>
<dc:description>This file contains bill summaries for federal legislation. A bill summary describes the most significant provisions of a piece of legislation and details the effects the legislative text may have on current law and federal programs. Bill summaries are authored by the Congressional Research Service (CRS) of the Library of Congress. As stated in Public Law 91-510 (2 USC 166 (d)(6)), one of the duties of CRS is "to prepare summaries and digests of bills and resolutions of a public general nature introduced in the Senate or House of Representatives". For more information, refer to the User Guide that accompanies this file.</dc:description>
</dublinCore>
</BillSummaries>
