<?xml version="1.0" encoding="UTF-8"?>
<BillSummaries>
<item congress="113" measure-type="hr" measure-number="700" measure-id="id113hr700" originChamber="HOUSE" orig-publish-date="2013-02-14" update-date="2013-03-08">
<title>ARPA-ED Act</title>
<summary summary-id="id113hr700v00" currentChamber="HOUSE" update-date="2013-03-08">
<action-date>2013-02-14</action-date>
<action-desc>Introduced in House</action-desc>
<summary-text><![CDATA[<p>ARPA-ED Act - Authorizes the Secretary of Education to reserve up to 30% of amounts appropriated for the Investing in Innovation Fund under the American Recovery and Reinvestment Act of 2009 to establish and carry out the objectives of the Advanced Research Projects Agency-Education (ARPA-ED). </p> <p>Requires the Secretary to appoint to the ARPA-ED, for terms of up to four years, individuals who have expertise in carrying out the Agency's objectives.</p> <p>Requires the ARPA-ED to: (1) identify and promote advances in learning, fundamental and applied sciences, and engineering that may be translated into new learning technologies; (2) develop, test, and evaluate new learning technologies and related processes; and (3) accelerate transformational technological advances in education.</p> <p>Directs the Secretary to award grants, contracts, cooperative agreements, or cash prizes to, or enter into other transactions with, public or private entities in pursuit of these objectives.</p> <p>Directs the Secretary to: (1) convene an advisory panel to provide the Secretary and the ARPA-ED with advice in making those awards or entering into those transactions; (2) obtain independent, periodic, and rigorous evaluations of the ARPA-ED's effectiveness; and (3) disseminate information to education practitioners on effective practices and technologies developed through the ARPA-ED.</p>]]></summary-text>
</summary>
</item>
<dublinCore xmlns:dc="http://purl.org/dc/elements/1.1/">
<dc:format>text/xml</dc:format>
<dc:language>EN</dc:language>
<dc:rights>Pursuant to Title 17 Section 105 of the United States Code, this file is not subject to copyright protection and is in the public domain.</dc:rights>
<dc:contributor>Congressional Research Service, Library of Congress</dc:contributor>
<dc:description>This file contains bill summaries for federal legislation. A bill summary describes the most significant provisions of a piece of legislation and details the effects the legislative text may have on current law and federal programs. Bill summaries are authored by the Congressional Research Service (CRS) of the Library of Congress. As stated in Public Law 91-510 (2 USC 166 (d)(6)), one of the duties of CRS is "to prepare summaries and digests of bills and resolutions of a public general nature introduced in the Senate or House of Representatives". For more information, refer to the User Guide that accompanies this file.</dc:description>
</dublinCore>
</BillSummaries>
