<?xml version="1.0" encoding="UTF-8"?>
<BillSummaries>
<item congress="113" measure-type="hr" measure-number="565" measure-id="id113hr565" originChamber="HOUSE" orig-publish-date="2013-02-06" update-date="2015-11-30">
<title>Cardiomyopathy Health Education, Awareness, Risk Assessment, and Training in the Schools (HEARTS) Act of 2013</title>
<summary summary-id="id113hr565v00" currentChamber="HOUSE" update-date="2015-11-30">
<action-date>2013-02-06</action-date>
<action-desc>Introduced in House</action-desc>
<summary-text><![CDATA[<p>Cardiomyopathy Health Education, Awareness, Risk Assessment, and Training in the Schools (HEARTS) Act of 2013 - Amends the Public Health Service Act to direct the Secretary of Health and Human Services (HHS), in conjunction with the Director of the Centers for Disease Control and Prevention (CDC), to develop and disseminate to school administrators, educators, school health professionals, coaches, and families, as well as to state and local health departments, pediatricians, hospitals, and other health professionals, public education and awareness materials and resources that include: (1) background information to increase education and awareness of cardiomyopathy (a disease of the heart muscle) among school administrators, educators, and families; (2) a cardiomyopathy risk assessment worksheet for use by parents, guardians, or other caregivers; (3) guidelines regarding the placement of automated external defibrillators in schools and child care centers; (4) training information on defibrillators and cardiopulmonary resuscitation; and (5) recommendations for how schools and child care centers can develop and implement a cardiac emergency response plan.</p> <p>Encourages the Secretary, in support of such effort, to: (1) establish an advisory panel, and (2) engage in a memorandum of understanding or cooperative agreement with a national nonprofit advocacy organization expert in all forms of cardiomyopathy. </p>]]></summary-text>
</summary>
</item>
<dublinCore xmlns:dc="http://purl.org/dc/elements/1.1/">
<dc:format>text/xml</dc:format>
<dc:language>EN</dc:language>
<dc:rights>Pursuant to Title 17 Section 105 of the United States Code, this file is not subject to copyright protection and is in the public domain.</dc:rights>
<dc:contributor>Congressional Research Service, Library of Congress</dc:contributor>
<dc:description>This file contains bill summaries for federal legislation. A bill summary describes the most significant provisions of a piece of legislation and details the effects the legislative text may have on current law and federal programs. Bill summaries are authored by the Congressional Research Service (CRS) of the Library of Congress. As stated in Public Law 91-510 (2 USC 166 (d)(6)), one of the duties of CRS is "to prepare summaries and digests of bills and resolutions of a public general nature introduced in the Senate or House of Representatives". For more information, refer to the User Guide that accompanies this file.</dc:description>
</dublinCore>
</BillSummaries>
