<?xml version="1.0" encoding="UTF-8"?>
<BillSummaries>
<item congress="113" measure-type="hr" measure-number="554" measure-id="id113hr554" originChamber="HOUSE" orig-publish-date="2013-02-06" update-date="2013-03-07">
<title>Superstorm Sandy Mortgage Relief Act of 2013</title>
<summary summary-id="id113hr554v00" currentChamber="HOUSE" update-date="2013-03-07">
<action-date>2013-02-06</action-date>
<action-desc>Introduced in House</action-desc>
<summary-text><![CDATA[<p>Superstorm Sandy Mortgage Relief Act of 2013 - Directs the Secretary of Housing and Urban Development (HUD) and the Director of the Federal Housing Agency to carry out a program to notify mortgagors under covered mortgages of the availability of forbearance and to offer and provide such relief upon an eligible homeowner's request.</p> <p>Defines &quot;covered mortgage&quot; as one that: (1) is secured by a one- to four-family dwelling that is the mortgagor's principal residence and is located within a major disaster area resulting from Hurricane Sandy; and (2) is insured under the National Housing Act or owned or guaranteed by the Federal National Mortgage Association (Fannie Mae) or the Federal Home Loan Mortgage Corporation (Freddie Mac).</p>]]></summary-text>
</summary>
</item>
<dublinCore xmlns:dc="http://purl.org/dc/elements/1.1/">
<dc:format>text/xml</dc:format>
<dc:language>EN</dc:language>
<dc:rights>Pursuant to Title 17 Section 105 of the United States Code, this file is not subject to copyright protection and is in the public domain.</dc:rights>
<dc:contributor>Congressional Research Service, Library of Congress</dc:contributor>
<dc:description>This file contains bill summaries for federal legislation. A bill summary describes the most significant provisions of a piece of legislation and details the effects the legislative text may have on current law and federal programs. Bill summaries are authored by the Congressional Research Service (CRS) of the Library of Congress. As stated in Public Law 91-510 (2 USC 166 (d)(6)), one of the duties of CRS is "to prepare summaries and digests of bills and resolutions of a public general nature introduced in the Senate or House of Representatives". For more information, refer to the User Guide that accompanies this file.</dc:description>
</dublinCore>
</BillSummaries>
