<?xml version="1.0" encoding="UTF-8"?>
<BillSummaries>
<item congress="113" measure-type="hr" measure-number="549" measure-id="id113hr549" originChamber="HOUSE" orig-publish-date="2013-02-06" update-date="2013-03-16">
<title>Homeowner Catastrophe Protection Act of 2013</title>
<summary summary-id="id113hr549v00" currentChamber="HOUSE" update-date="2013-03-16">
<action-date>2013-02-06</action-date>
<action-desc>Introduced in House</action-desc>
<summary-text><![CDATA[<p>Homeowner Catastrophe Protection Act of 2013 - Amends the Internal Revenue Code to: (1) allow insurance companies (other than life insurance companies) to make tax deductible contributions to a tax-exempt policyholder disaster protection fund established by this Act for the payment of policyholders' claims arising from certain catastrophic events, such as windstorms, earthquakes, snowstorms, fires, tsunamis or floods, volcanic eruptions, or hail; (2) establish a tax-exempt Catastrophe Savings Account to help taxpayers pay for catastrophe expenses; and (3) allow a nonrefundable tax credit for 25% of certain natural disaster mitigation property expenditures made to fortify a taxpayer's principal residence against catastrophes.</p>]]></summary-text>
</summary>
</item>
<dublinCore xmlns:dc="http://purl.org/dc/elements/1.1/">
<dc:format>text/xml</dc:format>
<dc:language>EN</dc:language>
<dc:rights>Pursuant to Title 17 Section 105 of the United States Code, this file is not subject to copyright protection and is in the public domain.</dc:rights>
<dc:contributor>Congressional Research Service, Library of Congress</dc:contributor>
<dc:description>This file contains bill summaries for federal legislation. A bill summary describes the most significant provisions of a piece of legislation and details the effects the legislative text may have on current law and federal programs. Bill summaries are authored by the Congressional Research Service (CRS) of the Library of Congress. As stated in Public Law 91-510 (2 USC 166 (d)(6)), one of the duties of CRS is "to prepare summaries and digests of bills and resolutions of a public general nature introduced in the Senate or House of Representatives". For more information, refer to the User Guide that accompanies this file.</dc:description>
</dublinCore>
</BillSummaries>
