<?xml version="1.0" encoding="UTF-8"?>
<BillSummaries>
<item congress="113" measure-type="hr" measure-number="658" measure-id="id113hr658" originChamber="HOUSE" orig-publish-date="2013-02-13" update-date="2013-02-27">
<title>To authorize and request the President to award the congressional Medal of Honor to Arthur Jibilian for actions behind enemy lines during World War II while a member of the United States Navy and the Office of Strategic Services.</title>
<summary summary-id="id113hr658v00" currentChamber="HOUSE" update-date="2013-02-27">
<action-date>2013-02-13</action-date>
<action-desc>Introduced in House</action-desc>
<summary-text><![CDATA[<p>Authorizes and requests the President to award the Medal of Honor to Arthur Jibilian for his actions, while a member of the Navy and OSS, during the successful 1944 operation by the Office of Strategic Services (OSS), code-named &quot;Operation Halyard,&quot; to protect and facilitate in the rescue of over 500 allied airmen behind enemy lines. </p>]]></summary-text>
</summary>
</item>
<dublinCore xmlns:dc="http://purl.org/dc/elements/1.1/">
<dc:format>text/xml</dc:format>
<dc:language>EN</dc:language>
<dc:rights>Pursuant to Title 17 Section 105 of the United States Code, this file is not subject to copyright protection and is in the public domain.</dc:rights>
<dc:contributor>Congressional Research Service, Library of Congress</dc:contributor>
<dc:description>This file contains bill summaries for federal legislation. A bill summary describes the most significant provisions of a piece of legislation and details the effects the legislative text may have on current law and federal programs. Bill summaries are authored by the Congressional Research Service (CRS) of the Library of Congress. As stated in Public Law 91-510 (2 USC 166 (d)(6)), one of the duties of CRS is "to prepare summaries and digests of bills and resolutions of a public general nature introduced in the Senate or House of Representatives". For more information, refer to the User Guide that accompanies this file.</dc:description>
</dublinCore>
</BillSummaries>
