<?xml version="1.0" encoding="UTF-8"?>
<BillSummaries>
<item congress="113" measure-type="hr" measure-number="330" measure-id="id113hr330" originChamber="HOUSE" orig-publish-date="2013-01-22" update-date="2014-08-11">
<title>Distinguished Flying Cross National Memorial Act</title>
<summary summary-id="id113hr330v49" currentChamber="BOTH" update-date="2014-08-11">
<action-date>2014-07-25</action-date>
<action-desc>Public Law</action-desc>
<summary-text><![CDATA[<p><b>(This measure has not been amended since it was introduced. The expanded summary of the House reported version is repeated here.)</b></p> <p>Distinguished Flying Cross National Memorial Act - Designates a memorial located at March Field Air Museum in Riverside, California, as the Distinguished Flying Cross National Memorial, in honor of current and former members of the Armed Forces who have been awarded the Distinguished Flying Cross. </p> <p>Prohibits the designation of such memorial from being construed to require or permit the use of federal funds for any related purpose. </p>]]></summary-text>
</summary>
<summary summary-id="id113hr330v82" currentChamber="SENATE" update-date="2014-08-15">
<action-date>2014-07-09</action-date>
<action-desc>Passed Senate without amendment</action-desc>
<summary-text><![CDATA[<p><b>(This measure has not been amended since it was introduced. The expanded summary of the House reported version is repeated here.)</b></p> <p>Distinguished Flying Cross National Memorial Act - Designates a memorial located at March Field Air Museum in Riverside, California, as the Distinguished Flying Cross National Memorial, in honor of current and former members of the Armed Forces who have been awarded the Distinguished Flying Cross. </p> <p>Prohibits the designation of such memorial from being construed to require or permit the use of federal funds for any related purpose. </p>]]></summary-text>
</summary>
<summary summary-id="id113hr330v81" currentChamber="HOUSE" update-date="2013-11-05">
<action-date>2013-10-29</action-date>
<action-desc>Passed House without amendment</action-desc>
<summary-text><![CDATA[<p><b>(This measure has not been amended since it was introduced. The expanded summary of the House reported version is repeated here.)</b></p> <p>Distinguished Flying Cross National Memorial Act - Designates a memorial located at March Field Air Museum in Riverside, California, as the Distinguished Flying Cross National Memorial, in honor of current and former members of the Armed Forces who have been awarded the Distinguished Flying Cross. </p> <p>Prohibits the designation of such memorial from being construed to require or permit the use of federal funds for any related purpose. </p>]]></summary-text>
</summary>
<summary summary-id="id113hr330v79" currentChamber="HOUSE" update-date="2013-07-08">
<action-date>2013-05-17</action-date>
<action-desc>Reported to House without amendment</action-desc>
<summary-text><![CDATA[<p><b>(This measure has not been amended since it was introduced. The summary has been expanded because action occurred on the measure.)</b></p> <p>Distinguished Flying Cross National Memorial Act - Designates a memorial located at March Field Air Museum in Riverside, California, as the Distinguished Flying Cross National Memorial, in honor of current and former members of the Armed Forces who have been awarded the Distinguished Flying Cross. </p> <p>Prohibits the designation of such memorial from being construed to require or permit the use of federal funds for any related purpose. </p>]]></summary-text>
</summary>
<summary summary-id="id113hr330v00" currentChamber="HOUSE" update-date="2013-01-30">
<action-date>2013-01-22</action-date>
<action-desc>Introduced in House</action-desc>
<summary-text><![CDATA[<p>Distinguished Flying Cross National Memorial Act - Designates a memorial located at March Field Air Museum in Riverside, California, as the Distinguished Flying Cross National Memorial, in honor of current and former members of the Armed Forces who have been awarded the Distinguished Flying Cross. </p>]]></summary-text>
</summary>
</item>
<dublinCore xmlns:dc="http://purl.org/dc/elements/1.1/">
<dc:format>text/xml</dc:format>
<dc:language>EN</dc:language>
<dc:rights>Pursuant to Title 17 Section 105 of the United States Code, this file is not subject to copyright protection and is in the public domain.</dc:rights>
<dc:contributor>Congressional Research Service, Library of Congress</dc:contributor>
<dc:description>This file contains bill summaries for federal legislation. A bill summary describes the most significant provisions of a piece of legislation and details the effects the legislative text may have on current law and federal programs. Bill summaries are authored by the Congressional Research Service (CRS) of the Library of Congress. As stated in Public Law 91-510 (2 USC 166 (d)(6)), one of the duties of CRS is "to prepare summaries and digests of bills and resolutions of a public general nature introduced in the Senate or House of Representatives". For more information, refer to the User Guide that accompanies this file.</dc:description>
</dublinCore>
</BillSummaries>
