<?xml version="1.0" encoding="UTF-8"?>
<BillSummaries>
<item congress="113" measure-type="hr" measure-number="674" measure-id="id113hr674" originChamber="HOUSE" orig-publish-date="2013-02-13" update-date="2013-06-21">
<title>Rota Cultural and Natural Resources Study Act</title>
<summary summary-id="id113hr674v81" currentChamber="HOUSE" update-date="2013-06-21">
<action-date>2013-06-17</action-date>
<action-desc>Passed House without amendment</action-desc>
<summary-text><![CDATA[<p><b>(This measure has not been amended since it was introduced. The expanded summary of the House reported version is repeated here.)</b></p> <p>Rota Cultural and Natural Resources Study Act - Directs the Secretary of the Interior to: (1) study and report to Congress on the feasibility of designating prehistoric, historic, and limestone forest sites on the island of Rota, Commonwealth of the Northern Mariana Islands, as a unit of the National Park System; and (2) consider management alternatives for Rota.</p>]]></summary-text>
</summary>
<summary summary-id="id113hr674v79" currentChamber="HOUSE" update-date="2013-06-21">
<action-date>2013-05-17</action-date>
<action-desc>Reported to House without amendment</action-desc>
<summary-text><![CDATA[<p><b>(This measure has not been amended since it was introduced. The summary has been expanded because action occurred on the measure.)</b></p> <p>Rota Cultural and Natural Resources Study Act - Directs the Secretary of the Interior to: (1) study and report to Congress on the feasibility of designating prehistoric, historic, and limestone forest sites on the island of Rota, Commonwealth of the Northern Mariana Islands, as a unit of the National Park System; and (2) consider management alternatives for Rota. </p>]]></summary-text>
</summary>
<summary summary-id="id113hr674v00" currentChamber="HOUSE" update-date="2013-03-07">
<action-date>2013-02-13</action-date>
<action-desc>Introduced in House</action-desc>
<summary-text><![CDATA[<p>Rota Cultural and Natural Resources Study Act - Directs the Secretary of the Interior to study the suitability and feasibility of designating prehistoric, historic, and limestone forest sites on the island of Rota, Commonwealth of the Northern Mariana Islands, as a unit of the National Park System and to consider management alternatives for Rota. </p>]]></summary-text>
</summary>
</item>
<dublinCore xmlns:dc="http://purl.org/dc/elements/1.1/">
<dc:format>text/xml</dc:format>
<dc:language>EN</dc:language>
<dc:rights>Pursuant to Title 17 Section 105 of the United States Code, this file is not subject to copyright protection and is in the public domain.</dc:rights>
<dc:contributor>Congressional Research Service, Library of Congress</dc:contributor>
<dc:description>This file contains bill summaries for federal legislation. A bill summary describes the most significant provisions of a piece of legislation and details the effects the legislative text may have on current law and federal programs. Bill summaries are authored by the Congressional Research Service (CRS) of the Library of Congress. As stated in Public Law 91-510 (2 USC 166 (d)(6)), one of the duties of CRS is "to prepare summaries and digests of bills and resolutions of a public general nature introduced in the Senate or House of Representatives". For more information, refer to the User Guide that accompanies this file.</dc:description>
</dublinCore>
</BillSummaries>
