<?xml version="1.0" encoding="UTF-8"?>
<BillSummaries>
<item congress="113" measure-type="hr" measure-number="714" measure-id="id113hr714" originChamber="HOUSE" orig-publish-date="2013-02-14" update-date="2013-03-01">
<title>Startup Act 3.0</title>
<summary summary-id="id113hr714v00" currentChamber="HOUSE" update-date="2013-03-01">
<action-date>2013-02-14</action-date>
<action-desc>Introduced in House</action-desc>
<summary-text><![CDATA[<p>Startup Act 3.0 - Amends the Immigration and Nationality Act to authorize the Secretary of Homeland Security (DHS) to adjust to conditional permanent resident status up to 50,000 aliens who have earned a master's or doctorate degree in a science, technology, engineering, or mathematics field (STEM field) and permit such an alien to remain in the United States: (1) for up to one year after the expiration of the alien's student visa, if the alien is searching for STEM field employment; and (2) indefinitely if the alien remains actively engaged in a STEM field. </p> <p>Removes a STEM alien's conditional status after five years of maintaining eligibility during the entire five-year period.</p> <p>Authorizes the Secretary to issue conditional immigrant visas to up to 75,000 qualified alien entrepreneurs. Removes such conditional basis after four years of maintaining qualified entrepreneur status.</p> <p>Eliminates the per-country numerical limitation for employment-based visas.</p> <p>Increases the per country numerical limitation for family based immigrants from 7% to 15% of the total number of family-sponsored visas. </p> <p>Amends the Chinese Student Protection Act of 1992 to eliminate the provision requiring the reduction of annual People's Republic of China immigrant visas to offset status adjustments under such Act.</p> <p>Amends the Internal Revenue Code to: (1) provide a permanent full tax exclusion on gain from the sale or exchange of qualified small business stock held for more than five years, (2) repeal the minimum tax preference and the 28% capital gains rate on such stock, and (3) provide a limited tax credit for certain startup small businesses.</p> <p>Directs the Secretary of Commerce to use certain federal agency extramural budget funds to award grants to institutions of higher education for initiatives to improve commercialization and transfer of technology. </p> <p> Requires the head of any federal or independent regulatory agency, before issuing a notice of rule making in connection with the issuance of a proposed major rule, to complete a review that, among other things, analyzes the problem that the rule intends to address, and identifies and analyzes the rule's expected impact on state, local, and tribal governments, as well as on the ability of new businesses to form and expand. Requires a cost-benefit analysis before rule issuance.</p> <p>Directs the Secretary of Commerce to regularly compile: (1) information from each of the states and the District of Columbia on laws that affect the formation and growth of new businesses, and (2) quantitative and qualitative information on U.S. businesses that are not more than one year old.</p>]]></summary-text>
</summary>
</item>
<dublinCore xmlns:dc="http://purl.org/dc/elements/1.1/">
<dc:format>text/xml</dc:format>
<dc:language>EN</dc:language>
<dc:rights>Pursuant to Title 17 Section 105 of the United States Code, this file is not subject to copyright protection and is in the public domain.</dc:rights>
<dc:contributor>Congressional Research Service, Library of Congress</dc:contributor>
<dc:description>This file contains bill summaries for federal legislation. A bill summary describes the most significant provisions of a piece of legislation and details the effects the legislative text may have on current law and federal programs. Bill summaries are authored by the Congressional Research Service (CRS) of the Library of Congress. As stated in Public Law 91-510 (2 USC 166 (d)(6)), one of the duties of CRS is "to prepare summaries and digests of bills and resolutions of a public general nature introduced in the Senate or House of Representatives". For more information, refer to the User Guide that accompanies this file.</dc:description>
</dublinCore>
</BillSummaries>
