<?xml version="1.0" encoding="UTF-8"?>
<BillSummaries>
<item congress="113" measure-type="hr" measure-number="511" measure-id="id113hr511" originChamber="HOUSE" orig-publish-date="2013-02-05" update-date="2013-02-19">
<title>TEAM-Empowerment Act of 2013</title>
<summary summary-id="id113hr511v00" currentChamber="HOUSE" update-date="2013-02-19">
<action-date>2013-02-05</action-date>
<action-desc>Introduced in House</action-desc>
<summary-text><![CDATA[<p>Transition toward Excellence, Achievement, and Mobility through Empowerment Act of 2013 or the TEAM-Empowerment Act of 2013 - Amends the Developmental Disabilities Assistance and Bill of Rights Act of 2000 to direct the Secretary of Health and Human Services (HHS) to award competitive grants to states for the development and implementation of an individual transition plan (ITP) for each individual with a developmental disability in the state who is transitioning from secondary school into adulthood. </p> <p>Requires ITPs to assist the developmentally disabled achieve integrated employment, postsecondary education, independent living, and community engagement.</p> <p>Requires each grantee to establish a transition planning and services (TPS) administrative unit within its intellectual and developmental disabilities agency to develop, and assist in the implementation of, ITPs. Requires that unit to offer strategies, training, and information to the developmentally disabled and their families that facilitates their participation in the transition process.</p> <p>States that ITPs are to: (1) apply until an individual's 26th birthday; (2) be reviewed annually and updated as needed; (3) be developed during in-person meetings that include the individual and his or her family; and (4) address the individual's needs in the areas of postsecondary education, career preparation and work-based learning, development and leadership, connecting activities, and family involvement and supports.</p> <p>Requires the TPS administrative unit to use transition brokers to: (1) facilitate coordination among state agencies in the development of ITPs; and (2) assist the developmentally disabled, consistent with their ITPs, in navigating the complex system of supports and services available through federal and state programs.</p>]]></summary-text>
</summary>
</item>
<dublinCore xmlns:dc="http://purl.org/dc/elements/1.1/">
<dc:format>text/xml</dc:format>
<dc:language>EN</dc:language>
<dc:rights>Pursuant to Title 17 Section 105 of the United States Code, this file is not subject to copyright protection and is in the public domain.</dc:rights>
<dc:contributor>Congressional Research Service, Library of Congress</dc:contributor>
<dc:description>This file contains bill summaries for federal legislation. A bill summary describes the most significant provisions of a piece of legislation and details the effects the legislative text may have on current law and federal programs. Bill summaries are authored by the Congressional Research Service (CRS) of the Library of Congress. As stated in Public Law 91-510 (2 USC 166 (d)(6)), one of the duties of CRS is "to prepare summaries and digests of bills and resolutions of a public general nature introduced in the Senate or House of Representatives". For more information, refer to the User Guide that accompanies this file.</dc:description>
</dublinCore>
</BillSummaries>
