<?xml version="1.0" encoding="UTF-8"?>
<BillSummaries>
<item congress="113" measure-type="hr" measure-number="812" measure-id="id113hr812" originChamber="HOUSE" orig-publish-date="2013-02-25" update-date="2013-03-08">
<title>Campus Sexual Violence Elimination Act</title>
<summary summary-id="id113hr812v00" currentChamber="HOUSE" update-date="2013-03-08">
<action-date>2013-02-25</action-date>
<action-desc>Introduced in House</action-desc>
<summary-text><![CDATA[<p>Campus Sexual Violence Elimination Act - Amends title IV (Student Assistance) of the Higher Education Act of 1965 to require institutions of higher education (IHEs) to include in their annual security report policies encouraging the accurate and prompt reporting of all crimes to campus police and appropriate law enforcement agencies when crime victims elect to, or are unable to, report the crimes. </p> <p>Requires that report to include: (1) data on the occurrence of certain violent crimes that are motivated by the victim's nationality; and (2) statistics concerning the occurrence of domestic violence, dating violence, and stalking incidents reported to campus security authorities or local police.</p> <p>Requires schools to protect victim confidentiality when reporting criminal threats to the campus community.</p> <p>Directs IHEs to include in their annual security report a statement of policy regarding their programs to prevent domestic violence, dating violence, sexual assault, and stalking and the procedures they follow when such an offense is reported.</p> <p>Requires an IHE's policy regarding those offenses to include: </p> <ul> <li> education that promotes awareness of the offenses; </li> <li> possible sanctions or protective measures imposed following disciplinary action; </li> <li> procedures victims should follow after such an offense occurs; </li> <li> institutional disciplinary procedures; </li> <li> information about how the IHE will protect victim confidentiality; </li> <li> the written notification of students and employees concerning on-campus and community services available for victims; and </li> <li> the written notification of victims regarding their options for, and assistance in, changing academic, living, transportation, and working situations, regardless of whether or not they choose to report the crime.</li> </ul> <p>Requires students and employees who report having been the victim of such an offense to their IHE, whether it occurred on or off campus, to receive a written notification of their rights and options under the IHE's policy.</p> <p>Directs the Secretary of Education to seek the counsel of the Attorney General and Secretary of Health and Human Services (HHS) regarding the development, and dissemination to IHEs, of best practices for preventing and responding to incidents of domestic violence, dating violence, sexual assault, and stalking.</p>]]></summary-text>
</summary>
</item>
<dublinCore xmlns:dc="http://purl.org/dc/elements/1.1/">
<dc:format>text/xml</dc:format>
<dc:language>EN</dc:language>
<dc:rights>Pursuant to Title 17 Section 105 of the United States Code, this file is not subject to copyright protection and is in the public domain.</dc:rights>
<dc:contributor>Congressional Research Service, Library of Congress</dc:contributor>
<dc:description>This file contains bill summaries for federal legislation. A bill summary describes the most significant provisions of a piece of legislation and details the effects the legislative text may have on current law and federal programs. Bill summaries are authored by the Congressional Research Service (CRS) of the Library of Congress. As stated in Public Law 91-510 (2 USC 166 (d)(6)), one of the duties of CRS is "to prepare summaries and digests of bills and resolutions of a public general nature introduced in the Senate or House of Representatives". For more information, refer to the User Guide that accompanies this file.</dc:description>
</dublinCore>
</BillSummaries>
