<?xml version="1.0" encoding="UTF-8"?>
<BillSummaries>
<item congress="113" measure-type="hr" measure-number="699" measure-id="id113hr699" originChamber="HOUSE" orig-publish-date="2013-02-14" update-date="2013-04-22">
<title>Stop the Sequester Job Loss Now Act</title>
<summary summary-id="id113hr699v00" currentChamber="HOUSE" update-date="2013-04-22">
<action-date>2013-02-14</action-date>
<action-desc>Introduced in House</action-desc>
<summary-text><![CDATA[<p>Stop the Sequester Job Loss Now Act - Amends the Balanced Budget and Emergency Deficit Control Act of 1985 (Gramm-Rudman-Hollings Act) to repeal the FY2013 sequester and reduce the FY2014 sequester.</p> <p>Eliminates the 2% maximum permissible reduction in budget authority for veterans' medical care.</p> <p>Extends through FY2014 agricultural commodity programs generally under the Food, Conservation, and Energy Act of 2008, but not the direct payment programs for wheat, corn, grain sorghum, barley, oats, upland cotton, long and medium grain rice, soybeans, other oilseeds, and peanuts.</p> <p>Amends the Internal Revenue Code, with respect to deductions from income, to set a special rule that a major integrated oil company's domestic production gross receipts shall not include any gross receipts from the production, refining, processing, transportation, or distribution of oil, natural gas, or any of their primary products.</p> <p>Prohibits a major integrated oil company from using the last-in, first-out (LIFO) accounting method in inventorying goods.</p> <p>Prescribes a special rule to limit the foreign tax credit and tax deferrals for amounts paid or accrued by a major integrated oil company that is a dual capacity taxpayer (a person subject to a levy of a foreign country or U.S. possession and receives, or will receive, directly or indirectly a specific economic benefit from such county or possession).</p> <p>Requires an individual taxpayer whose adjusted gross income exceeds $1 million to pay a minimum (fair share) tax rate of 30% of the excess of the taxpayer's adjusted gross income over the taxpayer's modified charitable contribution deduction for the taxable year.</p> <p>Declares that it is the sense of the House that Congress should replace the entire 10-year sequester established by the Budget Control Act of 2011 with a balanced approach that would: (1) increase revenues without increasing the tax burden on middle-income Americans; and (2) decrease long-term spending while maintaining the Medicare guarantee, protecting Social Security and a strong social safety net, and making strategic investments in education, science, research, and critical infrastructure necessary to compete in the global economy.</p>]]></summary-text>
</summary>
</item>
<dublinCore xmlns:dc="http://purl.org/dc/elements/1.1/">
<dc:format>text/xml</dc:format>
<dc:language>EN</dc:language>
<dc:rights>Pursuant to Title 17 Section 105 of the United States Code, this file is not subject to copyright protection and is in the public domain.</dc:rights>
<dc:contributor>Congressional Research Service, Library of Congress</dc:contributor>
<dc:description>This file contains bill summaries for federal legislation. A bill summary describes the most significant provisions of a piece of legislation and details the effects the legislative text may have on current law and federal programs. Bill summaries are authored by the Congressional Research Service (CRS) of the Library of Congress. As stated in Public Law 91-510 (2 USC 166 (d)(6)), one of the duties of CRS is "to prepare summaries and digests of bills and resolutions of a public general nature introduced in the Senate or House of Representatives". For more information, refer to the User Guide that accompanies this file.</dc:description>
</dublinCore>
</BillSummaries>
