<?xml version="1.0" encoding="UTF-8"?>
<BillSummaries>
<item congress="113" measure-type="hr" measure-number="609" measure-id="id113hr609" originChamber="HOUSE" orig-publish-date="2013-02-12" update-date="2013-02-27">
<title>End Big Oil Tax Subsidies Act of 2013</title>
<summary summary-id="id113hr609v00" currentChamber="HOUSE" update-date="2013-02-27">
<action-date>2013-02-12</action-date>
<action-desc>Introduced in House</action-desc>
<summary-text><![CDATA[<p>End Big Oil Tax Subsidies Act of 2013 - Amends the Internal Revenue Code to require seven-year amortization of the geological and geophysical expenditures of covered large oil companies. Defines &quot;covered large oil company&quot; as a taxpayer which is a major integrated oil company or which has gross receipts in excess of $50 million in a taxable year. </p> <p>Denies certain tax benefits to any taxpayer that is not a small, independent oil and gas company, including: (1) the tax credits for producing oil and gas from marginal wells and for enhanced oil recovery, (2) expensing of intangible drilling and development costs in the case of gas wells and geothermal wells, (3) percentage depletion, (4) the tax deduction for qualified tertiary injectant expenses, (5) the exemption from limitations on passive activity losses, and (6) the tax deduction for income attributable to domestic production activities.</p> <p>Prohibits the use of the last-in, first-out (LIFO) accounting method by major integrated oil companies. </p> <p>Limits or denies the foreign tax credit and tax deferrals for amounts paid or accrued by a dual capacity taxpayer to a foreign country or U.S. possession for any period with respect to combined foreign oil and gas income. Defines &quot;dual capacity taxpayer&quot; as a person who is subject to a levy of a foreign country or U.S. possession and receives (or will receive) directly or indirectly a specific economic benefit from such county or possession.. </p>]]></summary-text>
</summary>
</item>
<dublinCore xmlns:dc="http://purl.org/dc/elements/1.1/">
<dc:format>text/xml</dc:format>
<dc:language>EN</dc:language>
<dc:rights>Pursuant to Title 17 Section 105 of the United States Code, this file is not subject to copyright protection and is in the public domain.</dc:rights>
<dc:contributor>Congressional Research Service, Library of Congress</dc:contributor>
<dc:description>This file contains bill summaries for federal legislation. A bill summary describes the most significant provisions of a piece of legislation and details the effects the legislative text may have on current law and federal programs. Bill summaries are authored by the Congressional Research Service (CRS) of the Library of Congress. As stated in Public Law 91-510 (2 USC 166 (d)(6)), one of the duties of CRS is "to prepare summaries and digests of bills and resolutions of a public general nature introduced in the Senate or House of Representatives". For more information, refer to the User Guide that accompanies this file.</dc:description>
</dublinCore>
</BillSummaries>
