<?xml version="1.0" encoding="UTF-8"?>
<BillSummaries>
<item congress="113" measure-type="hr" measure-number="853" measure-id="id113hr853" originChamber="HOUSE" orig-publish-date="2013-02-27" update-date="2013-03-19">
<title>Citrus Disease Research and Development Trust Fund Act of 2013</title>
<summary summary-id="id113hr853v00" currentChamber="HOUSE" update-date="2013-03-19">
<action-date>2013-02-27</action-date>
<action-desc>Introduced in House</action-desc>
<summary-text><![CDATA[<p>Citrus Disease Research and Development Trust Fund Act of 2013 - Amends the Trade Act of 1974 to establish the Citrus Disease Research and Development Trust Fund, consisting of revenues from duties paid on imported citrus or citrus products, to support scientific research, technical assistance, and development activities to combat both domestic and invasive citrus diseases and pests harming the United States.</p> <p> Establishes the Citrus Disease Research and Development Trust Fund Advisory Board.</p> <p>Makes Fund amounts available to the Secretary of Agriculture to develop a coordinated program of research and product development relating to: (1) scientific research of both domestic and invasive diseases and pests afflicting the citrus industry; and (2) support for the dissemination and commercialization of relevant information, techniques, and technologies discovered through Fund research or other research projects intended to solve problems caused by citrus production diseases and invasive pests.</p> <p>Requires the President to notify certain congressional committees before entering into a trade agreement that could result in a decrease in the amount of: (1) duties paid on imported citrus or citrus products, and (2) funds transferred into the Fund.</p> <p>Prescribes a formula for required estimated tax payments otherwise due in each of the quarters of 2018 from corporations with assets of at least $1 billion. </p> <p>Amends the Consolidated Omnibus Budget Reconciliation Act of 1985 (COBRA) to extend certain customs users fees for the processing of merchandise entered into the United States between October 23, 2021, and November 6, 2021, and other specified customs users fees for merchandise entered between October 30, 2021, and November 13, 2021. </p>]]></summary-text>
</summary>
</item>
<dublinCore xmlns:dc="http://purl.org/dc/elements/1.1/">
<dc:format>text/xml</dc:format>
<dc:language>EN</dc:language>
<dc:rights>Pursuant to Title 17 Section 105 of the United States Code, this file is not subject to copyright protection and is in the public domain.</dc:rights>
<dc:contributor>Congressional Research Service, Library of Congress</dc:contributor>
<dc:description>This file contains bill summaries for federal legislation. A bill summary describes the most significant provisions of a piece of legislation and details the effects the legislative text may have on current law and federal programs. Bill summaries are authored by the Congressional Research Service (CRS) of the Library of Congress. As stated in Public Law 91-510 (2 USC 166 (d)(6)), one of the duties of CRS is "to prepare summaries and digests of bills and resolutions of a public general nature introduced in the Senate or House of Representatives". For more information, refer to the User Guide that accompanies this file.</dc:description>
</dublinCore>
</BillSummaries>
