<?xml version="1.0" encoding="UTF-8"?>
<BillSummaries>
<item congress="113" measure-type="hr" measure-number="95" measure-id="id113hr95" originChamber="HOUSE" orig-publish-date="2013-01-03" update-date="2014-01-06">
<title>To reduce Federal spending and the deficit by terminating taxpayer financing of presidential election campaigns and party conventions.</title>
<summary summary-id="id113hr95v28" currentChamber="HOUSE" update-date="2014-01-06">
<action-date>2013-12-12</action-date>
<action-desc>Reported to House without amendment, Part I</action-desc>
<summary-text><![CDATA[<p><b>(This measure has not been amended since it was introduced. The summary has been expanded because action occurred on the measure.)</b></p> <p>Amends the Internal Revenue Code to terminate: (1) the taxpayer election to designate $3 of income tax liability to the Presidential Election Campaign Fund for taxable years beginning after December 31, 2011, (2) the Presidential Election Campaign Fund, and (3) the Presidential Primary Matching Payment Account.</p> <p>Directs that any amounts remaining in the Presidential Election Campaign Fund after its termination be transferred to the general fund of the Treasury to be used only for reducing the deficit. </p>]]></summary-text>
</summary>
<summary summary-id="id113hr95v00" currentChamber="HOUSE" update-date="2013-01-11">
<action-date>2013-01-03</action-date>
<action-desc>Introduced in House</action-desc>
<summary-text><![CDATA[<p>Amends the Internal Revenue Code to terminate: (1) the taxpayer election to designate $3 of income tax liability for financing of presidential election campaigns, (2) the Presidential Election Campaign Fund, and (3) the Presidential Primary Matching Payment Account.</p>]]></summary-text>
</summary>
</item>
<dublinCore xmlns:dc="http://purl.org/dc/elements/1.1/">
<dc:format>text/xml</dc:format>
<dc:language>EN</dc:language>
<dc:rights>Pursuant to Title 17 Section 105 of the United States Code, this file is not subject to copyright protection and is in the public domain.</dc:rights>
<dc:contributor>Congressional Research Service, Library of Congress</dc:contributor>
<dc:description>This file contains bill summaries for federal legislation. A bill summary describes the most significant provisions of a piece of legislation and details the effects the legislative text may have on current law and federal programs. Bill summaries are authored by the Congressional Research Service (CRS) of the Library of Congress. As stated in Public Law 91-510 (2 USC 166 (d)(6)), one of the duties of CRS is "to prepare summaries and digests of bills and resolutions of a public general nature introduced in the Senate or House of Representatives". For more information, refer to the User Guide that accompanies this file.</dc:description>
</dublinCore>
</BillSummaries>
