<?xml version="1.0" encoding="UTF-8"?>
<BillSummaries>
<item congress="113" measure-type="hr" measure-number="201" measure-id="id113hr201" originChamber="HOUSE" orig-publish-date="2013-01-04" update-date="2013-02-13">
<title>Poverty Impact Trigger Act of 2013</title>
<summary summary-id="id113hr201v00" currentChamber="HOUSE" update-date="2013-02-13">
<action-date>2013-01-04</action-date>
<action-desc>Introduced in House</action-desc>
<summary-text><![CDATA[<p>Poverty Impact Trigger Act of 2013 - Amends Rule XXI (Restrictions on Certain Bills) of the Rules of the House of Representatives to make it out of order to consider a public bill or joint resolution authorizing an appropriation of $10 million or more, unless: (1) the accompanying committee report includes a Congressional Budget Office (CBO) Poverty Impact Division impact statement, or (2) the chair of the committee reporting the legislation submits such statement for publication in the Congressional Record before consideration of the measure.</p> <p>Amends the Congressional Budget Act of 1974 to establish the CBO Poverty Impact Division to prepare and submit poverty impact statements to the chair of House committees.</p>]]></summary-text>
</summary>
</item>
<dublinCore xmlns:dc="http://purl.org/dc/elements/1.1/">
<dc:format>text/xml</dc:format>
<dc:language>EN</dc:language>
<dc:rights>Pursuant to Title 17 Section 105 of the United States Code, this file is not subject to copyright protection and is in the public domain.</dc:rights>
<dc:contributor>Congressional Research Service, Library of Congress</dc:contributor>
<dc:description>This file contains bill summaries for federal legislation. A bill summary describes the most significant provisions of a piece of legislation and details the effects the legislative text may have on current law and federal programs. Bill summaries are authored by the Congressional Research Service (CRS) of the Library of Congress. As stated in Public Law 91-510 (2 USC 166 (d)(6)), one of the duties of CRS is "to prepare summaries and digests of bills and resolutions of a public general nature introduced in the Senate or House of Representatives". For more information, refer to the User Guide that accompanies this file.</dc:description>
</dublinCore>
</BillSummaries>
