<?xml version="1.0" encoding="UTF-8"?>
<BillSummaries>
<item congress="113" measure-type="hr" measure-number="87" measure-id="id113hr87" originChamber="HOUSE" orig-publish-date="2013-01-03" update-date="2013-01-16">
<title>Castle Nugent National Historic Site Establishment Act of 2013</title>
<summary summary-id="id113hr87v00" currentChamber="HOUSE" update-date="2013-01-16">
<action-date>2013-01-03</action-date>
<action-desc>Introduced in House</action-desc>
<summary-text><![CDATA[<p> Castle Nugent National Historic Site Establishment Act of 2013 - Establishes the Castle Nugent National Historic Site on the island of St. Croix, U.S. Virgin Islands, as a unit of the National Park System in order to preserve, protect, and interpret a Caribbean cultural landscape spanning over 300 years of agricultural use, significant archeological resources, an extensive barrier coral reef system, and other outstanding natural features. </p> <p>Authorizes the Secretary of the Interior to lease certain lands within the boundary of the Historic Site to the University of the Virgin Islands for the purpose of continuing the University's operations for breeding Senepol cattle. </p>]]></summary-text>
</summary>
</item>
<dublinCore xmlns:dc="http://purl.org/dc/elements/1.1/">
<dc:format>text/xml</dc:format>
<dc:language>EN</dc:language>
<dc:rights>Pursuant to Title 17 Section 105 of the United States Code, this file is not subject to copyright protection and is in the public domain.</dc:rights>
<dc:contributor>Congressional Research Service, Library of Congress</dc:contributor>
<dc:description>This file contains bill summaries for federal legislation. A bill summary describes the most significant provisions of a piece of legislation and details the effects the legislative text may have on current law and federal programs. Bill summaries are authored by the Congressional Research Service (CRS) of the Library of Congress. As stated in Public Law 91-510 (2 USC 166 (d)(6)), one of the duties of CRS is "to prepare summaries and digests of bills and resolutions of a public general nature introduced in the Senate or House of Representatives". For more information, refer to the User Guide that accompanies this file.</dc:description>
</dublinCore>
</BillSummaries>
