<?xml version="1.0" encoding="UTF-8"?>
<BillSummaries>
<item congress="113" measure-type="hr" measure-number="550" measure-id="id113hr550" originChamber="HOUSE" orig-publish-date="2013-02-06" update-date="2013-02-15">
<title>Phantom Fuel Reform Act of 2013</title>
<summary summary-id="id113hr550v00" currentChamber="HOUSE" update-date="2013-02-15">
<action-date>2013-02-06</action-date>
<action-desc>Introduced in House</action-desc>
<summary-text><![CDATA[<p>Phantom Fuel Reform Act of 2013 - Amends the Clean Air Act to revise the renewable fuel program by requiring the Administrator of the Energy Information Administration, in estimating the projected volume of cellulosic biofuel to be sold or introduced into commerce in the next year, to determine for each facility producing such biofuel during the current year: (1) the average monthly volume of biofuel produced by such facility based on the actual volume produced through October 31, and (2) the estimated annualized volume of biofuel production for such facility for the current year based on such average monthly production. Requires the estimate of cellulosic biofuel projected to be sold or introduced into commerce in the following year to equal the total of the estimated annual volumes of cellulosic biofuel production for all such facilities.</p> <p>Requires (currently, authorizes) the Administrator, in any year in which the Administrator reduces the applicable volume of cellulosic biofuel required in gasoline, to also reduce the applicable volume of renewable fuel and advanced biofuels required by the same (currently, by the same or a lesser) volume.</p>]]></summary-text>
</summary>
</item>
<dublinCore xmlns:dc="http://purl.org/dc/elements/1.1/">
<dc:format>text/xml</dc:format>
<dc:language>EN</dc:language>
<dc:rights>Pursuant to Title 17 Section 105 of the United States Code, this file is not subject to copyright protection and is in the public domain.</dc:rights>
<dc:contributor>Congressional Research Service, Library of Congress</dc:contributor>
<dc:description>This file contains bill summaries for federal legislation. A bill summary describes the most significant provisions of a piece of legislation and details the effects the legislative text may have on current law and federal programs. Bill summaries are authored by the Congressional Research Service (CRS) of the Library of Congress. As stated in Public Law 91-510 (2 USC 166 (d)(6)), one of the duties of CRS is "to prepare summaries and digests of bills and resolutions of a public general nature introduced in the Senate or House of Representatives". For more information, refer to the User Guide that accompanies this file.</dc:description>
</dublinCore>
</BillSummaries>
