<?xml version="1.0" encoding="UTF-8"?>
<BillSummaries>
<item congress="113" measure-type="hr" measure-number="317" measure-id="id113hr317" originChamber="HOUSE" orig-publish-date="2013-01-18" update-date="2013-02-19">
<title>Judgment Fund Transparency Act of 2013</title>
<summary summary-id="id113hr317v00" currentChamber="HOUSE" update-date="2013-02-19">
<action-date>2013-01-18</action-date>
<action-desc>Introduced in House</action-desc>
<summary-text><![CDATA[<p>Judgment Fund Transparency Act of 2013 - Requires the Secretary of the Treasury to make available to the public on a website, as soon as practicable but within 30 days after a payment under this Act is tendered, the following information with regard to any payment made by the United States under a judgment, award, or compromise settlement with respect to a claim against the United States, unless the disclosure of such information is otherwise prohibited by law or court order:</p> <ul> <li> the name of the specific federal agency or entity whose actions gave rise to the claim or judgment;</li> <li>the name of the plaintiff or claimant and counsel;</li> <li>the amount paid representing principal liability, and any amounts paid representing any ancillary liability, including attorney fees, costs, and interest;</li> <li> a brief description of the facts that gave rise to the claim; </li> <li>a copy of the original or amended complaint or written claim, and any written answer given by the federal government to it;</li> <li>a copy of the final action by a court regarding the claim (whether by decree, approval of settlement, or otherwise), or of the settlement agreement in any action not involving a court; and</li> <li>the name of the agency that submitted the claim.<br> </li> </ul>]]></summary-text>
</summary>
</item>
<dublinCore xmlns:dc="http://purl.org/dc/elements/1.1/">
<dc:format>text/xml</dc:format>
<dc:language>EN</dc:language>
<dc:rights>Pursuant to Title 17 Section 105 of the United States Code, this file is not subject to copyright protection and is in the public domain.</dc:rights>
<dc:contributor>Congressional Research Service, Library of Congress</dc:contributor>
<dc:description>This file contains bill summaries for federal legislation. A bill summary describes the most significant provisions of a piece of legislation and details the effects the legislative text may have on current law and federal programs. Bill summaries are authored by the Congressional Research Service (CRS) of the Library of Congress. As stated in Public Law 91-510 (2 USC 166 (d)(6)), one of the duties of CRS is "to prepare summaries and digests of bills and resolutions of a public general nature introduced in the Senate or House of Representatives". For more information, refer to the User Guide that accompanies this file.</dc:description>
</dublinCore>
</BillSummaries>
