<?xml version="1.0" encoding="UTF-8"?>
<BillSummaries>
<item congress="113" measure-type="hr" measure-number="275" measure-id="id113hr275" originChamber="HOUSE" orig-publish-date="2013-01-15" update-date="2013-01-18">
<title>End Radon in Schools Act</title>
<summary summary-id="id113hr275v00" currentChamber="HOUSE" update-date="2013-01-18">
<action-date>2013-01-15</action-date>
<action-desc>Introduced in House</action-desc>
<summary-text><![CDATA[<p>End Radon in Schools Act - Directs the Administrator of the Environmental Protection Agency (EPA) to review, update, revise, and publish the Radon Measurements In Schools Guidelines with current information and guidance on radon testing in public elementary and secondary schools.</p> <p>Directs the Administrator, subject to the availability of appropriations, to award grants to states to: (1) follow the updated Guidelines, (2) test radon levels in their public elementary and secondary schools, and (3) provide funds to their local educational agencies (LEAs) to mitigate and re-test radon levels in schools found to have radon levels that the updated Guidelines deem unsafe.</p> <p>Requires the Administrator to conduct such mitigation directly or by contract if an LEA does not certify to its state that it will use grant funds to mitigate unsafe radon levels at its schools.</p> <p>Gives highest grant priority to states whose total landmass lies in Radon Zone 1 and second highest priority to states with at least 50% of their landmass in Radon Zone 1. Defines &quot;Radon Zone 1&quot; as areas that have a predicted average indoor radon screening level greater than four picocuries per liter.</p>]]></summary-text>
</summary>
</item>
<dublinCore xmlns:dc="http://purl.org/dc/elements/1.1/">
<dc:format>text/xml</dc:format>
<dc:language>EN</dc:language>
<dc:rights>Pursuant to Title 17 Section 105 of the United States Code, this file is not subject to copyright protection and is in the public domain.</dc:rights>
<dc:contributor>Congressional Research Service, Library of Congress</dc:contributor>
<dc:description>This file contains bill summaries for federal legislation. A bill summary describes the most significant provisions of a piece of legislation and details the effects the legislative text may have on current law and federal programs. Bill summaries are authored by the Congressional Research Service (CRS) of the Library of Congress. As stated in Public Law 91-510 (2 USC 166 (d)(6)), one of the duties of CRS is "to prepare summaries and digests of bills and resolutions of a public general nature introduced in the Senate or House of Representatives". For more information, refer to the User Guide that accompanies this file.</dc:description>
</dublinCore>
</BillSummaries>
