<?xml version="1.0" encoding="UTF-8"?>
<BillSummaries>
<item congress="113" measure-type="hr" measure-number="580" measure-id="id113hr580" originChamber="HOUSE" orig-publish-date="2013-02-06" update-date="2013-03-07">
<title>Expedited LNG for American Allies Act of 2013</title>
<summary summary-id="id113hr580v00" currentChamber="HOUSE" update-date="2013-03-07">
<action-date>2013-02-06</action-date>
<action-desc>Introduced in House</action-desc>
<summary-text><![CDATA[<CENTER> </CENTER> <p>Expedited LNG for American Allies Act of 2013 - Amends the Natural Gas Act to deem consistent with the public interest an expedited application and approval process without modification or delay for the exportation of natural gas to a foreign country that is: (1) a nation with which there is in effect a free trade agreement requiring national treatment for trade in natural gas (as under existing law); (2) a member country of the North Atlantic Treaty Organization (NATO); (3) Japan, as long as the Treaty of Mutual Cooperation and Security between the United States and Japan remains in effect; and (4) any other foreign country if the Secretary of State determines that such exportation promotes U.S. national security interests.</p>]]></summary-text>
</summary>
</item>
<dublinCore xmlns:dc="http://purl.org/dc/elements/1.1/">
<dc:format>text/xml</dc:format>
<dc:language>EN</dc:language>
<dc:rights>Pursuant to Title 17 Section 105 of the United States Code, this file is not subject to copyright protection and is in the public domain.</dc:rights>
<dc:contributor>Congressional Research Service, Library of Congress</dc:contributor>
<dc:description>This file contains bill summaries for federal legislation. A bill summary describes the most significant provisions of a piece of legislation and details the effects the legislative text may have on current law and federal programs. Bill summaries are authored by the Congressional Research Service (CRS) of the Library of Congress. As stated in Public Law 91-510 (2 USC 166 (d)(6)), one of the duties of CRS is "to prepare summaries and digests of bills and resolutions of a public general nature introduced in the Senate or House of Representatives". For more information, refer to the User Guide that accompanies this file.</dc:description>
</dublinCore>
</BillSummaries>
