<?xml version="1.0" encoding="UTF-8"?>
<BillSummaries>
<item congress="113" measure-type="hr" measure-number="1002" measure-id="id113hr1002" originChamber="HOUSE" orig-publish-date="2013-03-06" update-date="2013-04-29">
<title>Fair Access to Credit Scores Act of 2013</title>
<summary summary-id="id113hr1002v00" currentChamber="HOUSE" update-date="2013-04-29">
<action-date>2013-03-06</action-date>
<action-desc>Introduced in House</action-desc>
<summary-text><![CDATA[<p>Fair Access to Credit Scores Act of 2013 - Amends the Fair Credit Reporting Act to require certain consumer reporting agencies to disclose, without charge, as part of a consumer's free annual disclosure upon request, a current credit score generated using the scoring methodology most frequently used to generate scores sold to creditors, including information regarding other risk scores or predictors in the consumer's file. </p> <p>Requires the agencies also to furnish such other consumer information as the Consumer Financial Protection Bureau (CFPB) considers appropriate with respect to consumer financial education, including where the consumer's credit score falls with respect to a range of possible credit scores, and the general factors contributing to the credit scores of consumers.</p> <p>Requires such agencies, upon consumer request for either a credit score or a risk score, to supply any such score in the consumer's file at the agency.</p> <p>Requires the agencies to maintain credit scores or other risk scores or predictors in the consumer's file for at least one year after the data is generated.</p>    <p>Directs the CFPB to develop regulations establishing a mandatory format for consumer file disclosures.</p>]]></summary-text>
</summary>
</item>
<dublinCore xmlns:dc="http://purl.org/dc/elements/1.1/">
<dc:format>text/xml</dc:format>
<dc:language>EN</dc:language>
<dc:rights>Pursuant to Title 17 Section 105 of the United States Code, this file is not subject to copyright protection and is in the public domain.</dc:rights>
<dc:contributor>Congressional Research Service, Library of Congress</dc:contributor>
<dc:description>This file contains bill summaries for federal legislation. A bill summary describes the most significant provisions of a piece of legislation and details the effects the legislative text may have on current law and federal programs. Bill summaries are authored by the Congressional Research Service (CRS) of the Library of Congress. As stated in Public Law 91-510 (2 USC 166 (d)(6)), one of the duties of CRS is "to prepare summaries and digests of bills and resolutions of a public general nature introduced in the Senate or House of Representatives". For more information, refer to the User Guide that accompanies this file.</dc:description>
</dublinCore>
</BillSummaries>
