<?xml version="1.0" encoding="UTF-8"?>
<BillSummaries>
<item congress="113" measure-type="hr" measure-number="791" measure-id="id113hr791" originChamber="HOUSE" orig-publish-date="2013-02-15" update-date="2013-03-08">
<title>Continuum of Learning Act of 2013</title>
<summary summary-id="id113hr791v00" currentChamber="HOUSE" update-date="2013-03-08">
<action-date>2013-02-15</action-date>
<action-desc>Introduced in House</action-desc>
<summary-text><![CDATA[<p>Continuum of Learning Act of 2013 - Amends the Elementary and Secondary Education Act of 1965 (ESEA) to coordinate school improvement and professional development activities with early childhood development and education programs.</p> <p>Amends the school improvement program under part A of title I of the ESEA to require states to create or revise early learning guidelines for preschool age children and early learning standards for children in kindergarten through grade three. </p> <p>Requires the guidelines and standards to be developmentally appropriate and cover all domains of child development and learning.</p> <p>Requires states to encourage local educational agencies (LEAs) and elementary schools to use school improvement funds to offer early childhood education programs in schools and other settings from birth to the age of mandatory school entry.</p> <p>Requires LEAs to: (1) assist their elementary schools in conducting a ready school needs review, at least once every three years, that is used to create a school environment that supports children's transition to school and achievement of state and grade level expectations; (2) ensure, to the extent feasible, starting with the 2015-2016 school year, that teachers placed in the early elementary school grades have a specialized early childhood education teaching license, credential, or endorsement; and (3) work with early childhood education programs to establish a continuity of curricular objectives and developmental expectations that support children's transition to school.</p> <p>Limits the use of child assessments for children from birth through grade two.</p> <p>Amends part A (Teacher and Principal Training and Recruiting Fund) of title II of the ESEA to require states to incorporate knowledge regarding early childhood development and learning into teacher and principal certification or licensing requirements.</p> <p>Requires professional development activities to include: (1) training in early child development and learning, and (2) joint training for elementary school staff and early childhood education program staff.</p>]]></summary-text>
</summary>
</item>
<dublinCore xmlns:dc="http://purl.org/dc/elements/1.1/">
<dc:format>text/xml</dc:format>
<dc:language>EN</dc:language>
<dc:rights>Pursuant to Title 17 Section 105 of the United States Code, this file is not subject to copyright protection and is in the public domain.</dc:rights>
<dc:contributor>Congressional Research Service, Library of Congress</dc:contributor>
<dc:description>This file contains bill summaries for federal legislation. A bill summary describes the most significant provisions of a piece of legislation and details the effects the legislative text may have on current law and federal programs. Bill summaries are authored by the Congressional Research Service (CRS) of the Library of Congress. As stated in Public Law 91-510 (2 USC 166 (d)(6)), one of the duties of CRS is "to prepare summaries and digests of bills and resolutions of a public general nature introduced in the Senate or House of Representatives". For more information, refer to the User Guide that accompanies this file.</dc:description>
</dublinCore>
</BillSummaries>
