<?xml version="1.0" encoding="UTF-8"?>
<BillSummaries>
<item congress="113" measure-type="hr" measure-number="774" measure-id="id113hr774" originChamber="HOUSE" orig-publish-date="2013-02-15" update-date="2013-03-23">
<title>Small Business Start-up Savings Accounts Act of 2013</title>
<summary summary-id="id113hr774v00" currentChamber="HOUSE" update-date="2013-03-23">
<action-date>2013-02-15</action-date>
<action-desc>Introduced in House</action-desc>
<summary-text><![CDATA[<p>Small Business Start-up Savings Accounts Act of 2013 - Amends the Internal Revenue Code to allow businesses with 500 or fewer employees to establish small business start-up savings accounts for the payment of certain business expenses, including the purchase of equipment or facilities, marketing, training, incorporation, and accounting fees. Requires all distributions from such accounts for payment of business expenses to be completed within five years after the first account distribution.</p> <p>Allows a tax deduction for contributions to a start-up savings account, limited to the lesser of: (1) $10,000, or (2) $150,000 reduced by the aggregate account contributions for all taxable years. Excludes distributions from such accounts from gross income for income tax purposes. Imposes an excise tax on excess contributions to and for nonqualified distributions from such accounts.</p>]]></summary-text>
</summary>
</item>
<dublinCore xmlns:dc="http://purl.org/dc/elements/1.1/">
<dc:format>text/xml</dc:format>
<dc:language>EN</dc:language>
<dc:rights>Pursuant to Title 17 Section 105 of the United States Code, this file is not subject to copyright protection and is in the public domain.</dc:rights>
<dc:contributor>Congressional Research Service, Library of Congress</dc:contributor>
<dc:description>This file contains bill summaries for federal legislation. A bill summary describes the most significant provisions of a piece of legislation and details the effects the legislative text may have on current law and federal programs. Bill summaries are authored by the Congressional Research Service (CRS) of the Library of Congress. As stated in Public Law 91-510 (2 USC 166 (d)(6)), one of the duties of CRS is "to prepare summaries and digests of bills and resolutions of a public general nature introduced in the Senate or House of Representatives". For more information, refer to the User Guide that accompanies this file.</dc:description>
</dublinCore>
</BillSummaries>
