<?xml version="1.0" encoding="UTF-8"?>
<BillSummaries>
<item congress="113" measure-type="hr" measure-number="846" measure-id="id113hr846" originChamber="HOUSE" orig-publish-date="2013-02-27" update-date="2013-03-11">
<title>Diagnostic Imaging Services Access Protection Act of 2013</title>
<summary summary-id="id113hr846v00" currentChamber="HOUSE" update-date="2013-03-11">
<action-date>2013-02-27</action-date>
<action-desc>Introduced in House</action-desc>
<summary-text><![CDATA[<p>Diagnostic Imaging Services Access Protection Act of 2013 - Amends title XVIII (Medicare) of the Social Security Act, with respect to payments for physician services, to prohibit the Secretary of Health and Human Services (HHS) from applying a multiple procedure payment reduction policy to the professional component of imaging services until the Secretary publishes in the Federal Register: (1) an analysis of the information used in the final rule to implement the physician fee schedule in 2013 to determine what, if any, efficiences exist within the professional component of imaging services when two or more studies are performed on the same patient on the same day; and (2) detailed information on which activities in the vignettes in such rule were assigned specified reduction percentages, how such percentage reductions for the pre-, intra-, and post-service work were determined and calculated, and the clinical aspects that went into those decisions.</p>]]></summary-text>
</summary>
</item>
<dublinCore xmlns:dc="http://purl.org/dc/elements/1.1/">
<dc:format>text/xml</dc:format>
<dc:language>EN</dc:language>
<dc:rights>Pursuant to Title 17 Section 105 of the United States Code, this file is not subject to copyright protection and is in the public domain.</dc:rights>
<dc:contributor>Congressional Research Service, Library of Congress</dc:contributor>
<dc:description>This file contains bill summaries for federal legislation. A bill summary describes the most significant provisions of a piece of legislation and details the effects the legislative text may have on current law and federal programs. Bill summaries are authored by the Congressional Research Service (CRS) of the Library of Congress. As stated in Public Law 91-510 (2 USC 166 (d)(6)), one of the duties of CRS is "to prepare summaries and digests of bills and resolutions of a public general nature introduced in the Senate or House of Representatives". For more information, refer to the User Guide that accompanies this file.</dc:description>
</dublinCore>
</BillSummaries>
