<?xml version="1.0" encoding="UTF-8"?>
<BillSummaries>
<item congress="113" measure-type="hr" measure-number="405" measure-id="id113hr405" originChamber="HOUSE" orig-publish-date="2013-01-23" update-date="2013-02-20">
<title>To permit Members of Congress to administer the oath of allegiance to applicants for naturalization.</title>
<summary summary-id="id113hr405v00" currentChamber="HOUSE" update-date="2013-02-20">
<action-date>2013-01-23</action-date>
<action-desc>Introduced in House</action-desc>
<summary-text><![CDATA[<p>Amends the Immigration and Nationality Act to permit each applicant for naturalization to choose to have the oath of allegiance for naturalization administered by a Member of Congress, Delegate, or Resident Commissioner (Member).</p> <p>Limits the administration of the oath: (1) by a Senator to individuals who reside in the Senator's state; and (2) by a Member of the House of Representatives, Delegate, or Resident Commissioner to individuals who reside in the respective congressional district.</p> <p>Limits the Member's authority solely to the administration of such oath.</p> <p>Prohibits a Member from administering the oath during the 90-day period before any election for federal, state, or local office in which the Member is a candidate.</p> <p>Requires a Member to administer the oath only at times and places designated by the Secretary of Homeland Security (DHS).</p> <p>Prohibits a Member from administering the oath during any period in which exclusive authority to administer it may be exercised by an eligible court for the person concerned, unless the court has waived such exclusive authority.</p>]]></summary-text>
</summary>
</item>
<dublinCore xmlns:dc="http://purl.org/dc/elements/1.1/">
<dc:format>text/xml</dc:format>
<dc:language>EN</dc:language>
<dc:rights>Pursuant to Title 17 Section 105 of the United States Code, this file is not subject to copyright protection and is in the public domain.</dc:rights>
<dc:contributor>Congressional Research Service, Library of Congress</dc:contributor>
<dc:description>This file contains bill summaries for federal legislation. A bill summary describes the most significant provisions of a piece of legislation and details the effects the legislative text may have on current law and federal programs. Bill summaries are authored by the Congressional Research Service (CRS) of the Library of Congress. As stated in Public Law 91-510 (2 USC 166 (d)(6)), one of the duties of CRS is "to prepare summaries and digests of bills and resolutions of a public general nature introduced in the Senate or House of Representatives". For more information, refer to the User Guide that accompanies this file.</dc:description>
</dublinCore>
</BillSummaries>
