<?xml version="1.0" encoding="UTF-8"?>
<BillSummaries>
<item congress="113" measure-type="hr" measure-number="379" measure-id="id113hr379" originChamber="HOUSE" orig-publish-date="2013-01-23" update-date="2013-02-05">
<title>Fiscal Fairness Act</title>
<summary summary-id="id113hr379v00" currentChamber="HOUSE" update-date="2013-02-05">
<action-date>2013-01-23</action-date>
<action-desc>Introduced in House</action-desc>
<summary-text><![CDATA[<p> Fiscal Fairness Act - Amends part A of title I of the Elementary and Secondary Education Act of 1965 to condition local educational agency (LEA) receipt of school improvement funds on: (1) an average state and local spending per pupil in each school receiving school improvement funds of at least 97% of such spending per pupil across all of the LEA's schools that are not receiving such funds; and (2) an average state and local spending per pupil in each higher poverty school of at least 97% of such spending per pupil across all lower poverty schools, if the LEA is serving all of its schools under part A.</p> <p>Allows LEAs to meet such requirement across all schools or among schools serving a particular grade span if they compare schools within no more than three grade spans.</p> <p>Directs the Inspector General of the Department of Education, in the fourth and fifth years after this Act's enactment, to audit 5 states and 10 LEAs to determine their progress in meeting these requirements.</p> <p>Requires annual LEA report cards to include certain information on state and local spending per pupil in schools.</p> <p>Requires states to provide the public with annual up-to-date school-by-school listings of per-pupil state and local spending.</p>]]></summary-text>
</summary>
</item>
<dublinCore xmlns:dc="http://purl.org/dc/elements/1.1/">
<dc:format>text/xml</dc:format>
<dc:language>EN</dc:language>
<dc:rights>Pursuant to Title 17 Section 105 of the United States Code, this file is not subject to copyright protection and is in the public domain.</dc:rights>
<dc:contributor>Congressional Research Service, Library of Congress</dc:contributor>
<dc:description>This file contains bill summaries for federal legislation. A bill summary describes the most significant provisions of a piece of legislation and details the effects the legislative text may have on current law and federal programs. Bill summaries are authored by the Congressional Research Service (CRS) of the Library of Congress. As stated in Public Law 91-510 (2 USC 166 (d)(6)), one of the duties of CRS is "to prepare summaries and digests of bills and resolutions of a public general nature introduced in the Senate or House of Representatives". For more information, refer to the User Guide that accompanies this file.</dc:description>
</dublinCore>
</BillSummaries>
