<?xml version="1.0" encoding="UTF-8"?>
<BillSummaries>
<item congress="113" measure-type="hr" measure-number="796" measure-id="id113hr796" originChamber="HOUSE" orig-publish-date="2013-02-15" update-date="2013-03-04">
<title>To require the Administrator of the Environmental Protection Agency to use the commercially available volume of cellulosic biofuel in setting requirements for the renewable fuel program under the Clean Air Act, and for other purposes.</title>
<summary summary-id="id113hr796v00" currentChamber="HOUSE" update-date="2013-03-04">
<action-date>2013-02-15</action-date>
<action-desc>Introduced in House</action-desc>
<summary-text><![CDATA[<p>Amends the Clean Air Act, with respect to reductions in requirements to use cellulosic biofuel under the renewable fuel program, to remove the requirement that the Administrator of the Environmental Protection Agency (EPA) determine volumes of transportation fuel based upon estimates of projected sales provided by the Energy Information Administration.</p> <p>Revises cellulosic biofuel use requirements to require the Administrator to reduce the applicable volume of renewable fuel and advanced biofuels requirement by the same or a lesser volume of the cellulosic biofuel requirements of the renewable fuel program. Limits, for such purposes, the projected volume of cellulosic biofuel production for a calendar year to not more than 5% or 1 million gallons (whichever is greater) more than the total volume of cellulosic biofuel that was commercially available for the most recent calendar year for which such volume is known.</p>]]></summary-text>
</summary>
</item>
<dublinCore xmlns:dc="http://purl.org/dc/elements/1.1/">
<dc:format>text/xml</dc:format>
<dc:language>EN</dc:language>
<dc:rights>Pursuant to Title 17 Section 105 of the United States Code, this file is not subject to copyright protection and is in the public domain.</dc:rights>
<dc:contributor>Congressional Research Service, Library of Congress</dc:contributor>
<dc:description>This file contains bill summaries for federal legislation. A bill summary describes the most significant provisions of a piece of legislation and details the effects the legislative text may have on current law and federal programs. Bill summaries are authored by the Congressional Research Service (CRS) of the Library of Congress. As stated in Public Law 91-510 (2 USC 166 (d)(6)), one of the duties of CRS is "to prepare summaries and digests of bills and resolutions of a public general nature introduced in the Senate or House of Representatives". For more information, refer to the User Guide that accompanies this file.</dc:description>
</dublinCore>
</BillSummaries>
