<?xml version="1.0" encoding="UTF-8"?>
<BillSummaries>
<item congress="113" measure-type="hr" measure-number="191" measure-id="id113hr191" originChamber="HOUSE" orig-publish-date="2013-01-04" update-date="2013-01-15">
<title>NAFTA Accountability Act</title>
<summary summary-id="id113hr191v00" currentChamber="HOUSE" update-date="2013-01-15">
<action-date>2013-01-04</action-date>
<action-desc>Introduced in House</action-desc>
<summary-text><![CDATA[<p>NAFTA Accountability Act - Provides that unless the specified conditions set forth in this Act are met: (1) Congress withdraws its approval of the North American Free Trade Agreement (NAFTA) effective one year after enactment of this Act; and (2) the President, not later than 200 days after enactment of such Act, shall provide written notice of withdrawal to the governments of Canada and Mexico.</p> <p>Specifies among such conditions that the President confers with the governments of Canada and Mexico and renegotiates NAFTA to correct: (1) trade deficits, (2) currency distortions, and (3) the impact of agricultural imports on U.S. production. Prescribes requirements also for: (1) gains in U.S. jobs and living standards, (2) increased domestic manufacturing, (3) health and environmental standards, (4) a non-increase in crime with illegal drugs, and (5) democracy and human freedoms.</p> <p>Expresses the sense of Congress that until such conditions are met: (1) the President should not engage in negotiations to expand NAFTA to include other countries, and (2) trade promotion authority should not be renewed with respect to approval of any such NAFTA expansion.</p>]]></summary-text>
</summary>
</item>
<dublinCore xmlns:dc="http://purl.org/dc/elements/1.1/">
<dc:format>text/xml</dc:format>
<dc:language>EN</dc:language>
<dc:rights>Pursuant to Title 17 Section 105 of the United States Code, this file is not subject to copyright protection and is in the public domain.</dc:rights>
<dc:contributor>Congressional Research Service, Library of Congress</dc:contributor>
<dc:description>This file contains bill summaries for federal legislation. A bill summary describes the most significant provisions of a piece of legislation and details the effects the legislative text may have on current law and federal programs. Bill summaries are authored by the Congressional Research Service (CRS) of the Library of Congress. As stated in Public Law 91-510 (2 USC 166 (d)(6)), one of the duties of CRS is "to prepare summaries and digests of bills and resolutions of a public general nature introduced in the Senate or House of Representatives". For more information, refer to the User Guide that accompanies this file.</dc:description>
</dublinCore>
</BillSummaries>
