<?xml version="1.0" encoding="UTF-8"?>
<BillSummaries>
<item congress="113" measure-type="hr" measure-number="314" measure-id="id113hr314" originChamber="HOUSE" orig-publish-date="2013-01-18" update-date="2013-01-22">
<title>Inspector General Improvement Act of 2013</title>
<summary summary-id="id113hr314v00" currentChamber="HOUSE" update-date="2013-01-22">
<action-date>2013-01-18</action-date>
<action-desc>Introduced in House</action-desc>
<summary-text><![CDATA[<p>Inspector General Improvement Act of 2013 - Requires the inspectors general of the following federal agencies, in addition to the other duties and responsibilities specified in the Inspector General Act of 1978, to supervise, direct, and control audit and investigative activities pertaining to programs and operations:</p> <ul> <li>U.S. Agency for International Development (USAID);</li> <li> Board of Governors of the Federal Reserve System;</li> <li> Department of Defense (DOD);</li> <li>Department of Education;</li> <li>Federal Labor Relations Authority (FLRA);</li> <li>Department of Health and Human Services (HHS);</li> <li>Department of Homeland Security (DHS);</li> <li>Department of the Interior;</li> <li>Department of Labor;</li> <li>Department of State;</li> <li>Department of the Treasury;</li> <li>Environmental Protection Agency (EPA);</li> <li>General Services Administration (GSA);</li> <li>Government Accountability Office (GAO);</li> <li>Intelligence Community;</li> <li>National Archives and Records Administration (NARA);</li> <li> Nuclear Regulatory Commission (NRC);</li> <li> Office of Personnel Management (OPM); and</li> <li>Smithsonian Institution.</li> </ul>]]></summary-text>
</summary>
</item>
<dublinCore xmlns:dc="http://purl.org/dc/elements/1.1/">
<dc:format>text/xml</dc:format>
<dc:language>EN</dc:language>
<dc:rights>Pursuant to Title 17 Section 105 of the United States Code, this file is not subject to copyright protection and is in the public domain.</dc:rights>
<dc:contributor>Congressional Research Service, Library of Congress</dc:contributor>
<dc:description>This file contains bill summaries for federal legislation. A bill summary describes the most significant provisions of a piece of legislation and details the effects the legislative text may have on current law and federal programs. Bill summaries are authored by the Congressional Research Service (CRS) of the Library of Congress. As stated in Public Law 91-510 (2 USC 166 (d)(6)), one of the duties of CRS is "to prepare summaries and digests of bills and resolutions of a public general nature introduced in the Senate or House of Representatives". For more information, refer to the User Guide that accompanies this file.</dc:description>
</dublinCore>
</BillSummaries>
