<?xml version="1.0" encoding="UTF-8"?>
<BillSummaries>
<item congress="113" measure-type="hr" measure-number="507" measure-id="id113hr507" originChamber="HOUSE" orig-publish-date="2013-02-05" update-date="2014-07-30">
<title>Pascua Yaqui Tribe Trust Land Act</title>
<summary summary-id="id113hr507v49" currentChamber="BOTH" update-date="2014-07-30">
<action-date>2014-07-25</action-date>
<action-desc>Public Law</action-desc>
<summary-text><![CDATA[<p><b>(This measure has not been amended since it was introduced. The summary of that version is repeated here.)</b></p> <p>Pascua Yaqui Tribe Trust Land Act - Holds in trust for the Pascua Yaqui Tribe of Arizona all right, title, and interest of the United States in and to approximately 10 acres of federal land generally depicted as parcel A, and approximately 10 acres of federal land generally depicted as parcel B, on the map titled &quot;PYT Land Department,&quot; dated January 15, 2013. </p><p>Makes that conveyance effective on the day after the date on which: (1) the Tucson Unified School District relinquishes all right, title, and interest to the parcel B land; and (2) the Secretary of the Interior approves and records the lease agreement between the Tribe and the District for the construction and operation of a regional transportation facility located on the Tribe's restricted land. <p>Prohibits gaming on the lands held in trust under this Act.</p> <p>Prohibits the forfeiture or abandonment of any water rights that are appurtenant to such lands.</p>]]></summary-text>
</summary>
<summary summary-id="id113hr507v82" currentChamber="SENATE" update-date="2014-07-17">
<action-date>2014-07-09</action-date>
<action-desc>Passed Senate without amendment</action-desc>
<summary-text><![CDATA[<p><b>(This measure has not been amended since it was introduced. The summary of that version is repeated here.)</b></p> <p>Pascua Yaqui Tribe Trust Land Act - Holds in trust for the Pascua Yaqui Tribe of Arizona all right, title, and interest of the United States in and to approximately 10 acres of federal land generally depicted as parcel A, and approximately 10 acres of federal land generally depicted as parcel B, on the map titled &quot;PYT Land Department,&quot; dated January 15, 2013. </p><p>Makes that conveyance effective on the day after the date on which: (1) the Tucson Unified School District relinquishes all right, title, and interest to the parcel B land; and (2) the Secretary of the Interior approves and records the lease agreement between the Tribe and the District for the construction and operation of a regional transportation facility located on the Tribe's restricted land. <p>Prohibits gaming on the lands held in trust under this Act.</p> <p>Prohibits the forfeiture or abandonment of any water rights that are appurtenant to such lands.</p>]]></summary-text>
</summary>
<summary summary-id="id113hr507v80" currentChamber="SENATE" update-date="2014-04-15">
<action-date>2014-04-10</action-date>
<action-desc>Reported to Senate without amendment</action-desc>
<summary-text><![CDATA[<p><b>(This measure has not been amended since it was introduced. The summary of that version is repeated here.)</b></p> <p>Pascua Yaqui Tribe Trust Land Act - Holds in trust for the Pascua Yaqui Tribe of Arizona all right, title, and interest of the United States in and to approximately 10 acres of federal land generally depicted as parcel A, and approximately 10 acres of federal land generally depicted as parcel B, on the map titled &quot;PYT Land Department,&quot; dated January 15, 2013. </p><p>Makes that conveyance effective on the day after the date on which: (1) the Tucson Unified School District relinquishes all right, title, and interest to the parcel B land; and (2) the Secretary of the Interior approves and records the lease agreement between the Tribe and the District for the construction and operation of a regional transportation facility located on the Tribe's restricted land. <p>Prohibits gaming on the lands held in trust under this Act.</p> <p>Prohibits the forfeiture or abandonment of any water rights that are appurtenant to such lands.</p>]]></summary-text>
</summary>
<summary summary-id="id113hr507v81" currentChamber="HOUSE" update-date="2013-05-09">
<action-date>2013-05-06</action-date>
<action-desc>Passed House without amendment</action-desc>
<summary-text><![CDATA[<p><b>(This measure has not been amended since it was introduced. The summary of that version is repeated here.)</b></p> <p>Pascua Yaqui Tribe Trust Land Act - Holds in trust for the Pascua Yaqui Tribe of Arizona all right, title, and interest of the United States in and to approximately 10 acres of federal land generally depicted as parcel A, and approximately 10 acres of federal land generally depicted as parcel B, on the map titled &quot;PYT Land Department,&quot; dated January 15, 2013. </p><p>Makes that conveyance effective on the day after the date on which: (1) the Tucson Unified School District relinquishes all right, title, and interest to the parcel B land; and (2) the Secretary of the Interior approves and records the lease agreement between the Tribe and the District for the construction and operation of a regional transportation facility located on the Tribe's restricted land. <p>Prohibits gaming on the lands held in trust under this Act.</p> <p>Prohibits the forfeiture or abandonment of any water rights that are appurtenant to such lands.</p>]]></summary-text>
</summary>
<summary summary-id="id113hr507v79" currentChamber="HOUSE" update-date="2013-04-22">
<action-date>2013-04-09</action-date>
<action-desc>Reported to House without amendment</action-desc>
<summary-text><![CDATA[<p><b>(This measure has not been amended since it was introduced. The summary of that version is repeated here.)</b></p> <p>Pascua Yaqui Tribe Trust Land Act - Holds in trust for the Pascua Yaqui Tribe of Arizona all right, title, and interest of the United States in and to approximately 10 acres of federal land generally depicted as parcel A, and approximately 10 acres of federal land generally depicted as parcel B, on the map titled &quot;PYT Land Department,&quot; dated January 15, 2013. </p><p>Makes that conveyance effective on the day after the date on which: (1) the Tucson Unified School District relinquishes all right, title, and interest to the parcel B land; and (2) the Secretary of the Interior approves and records the lease agreement between the Tribe and the District for the construction and operation of a regional transportation facility located on the Tribe's restricted land. <p>Prohibits gaming on the lands held in trust under this Act.</p> <p>Prohibits the forfeiture or abandonment of any water rights that are appurtenant to such lands.</p>]]></summary-text>
</summary>
<summary summary-id="id113hr507v00" currentChamber="HOUSE" update-date="2013-02-19">
<action-date>2013-02-05</action-date>
<action-desc>Introduced in House</action-desc>
<summary-text><![CDATA[<p>Pascua Yaqui Tribe Trust Land Act - Holds in trust for the Pascua Yaqui Tribe of Arizona all right, title, and interest of the United States in and to approximately 10 acres of federal land generally depicted as parcel A, and approximately 10 acres of federal land generally depicted as parcel B, on the map titled &quot;PYT Land Department,&quot; dated January 15, 2013. <p>Makes that conveyance effective on the day after the date on which: (1) the Tucson Unified School District relinquishes all right, title, and interest to the parcel B land; and (2) the Secretary of the Interior approves and records the lease agreement between the Tribe and the District for the construction and operation of a regional transportation facility located on the Tribe's restricted land. <p>Prohibits gaming on the lands held in trust under this Act.</p> <p>Prohibits the forfeiture or abandonment of any water rights that are appurtenant to such lands.</p>]]></summary-text>
</summary>
</item>
<dublinCore xmlns:dc="http://purl.org/dc/elements/1.1/">
<dc:format>text/xml</dc:format>
<dc:language>EN</dc:language>
<dc:rights>Pursuant to Title 17 Section 105 of the United States Code, this file is not subject to copyright protection and is in the public domain.</dc:rights>
<dc:contributor>Congressional Research Service, Library of Congress</dc:contributor>
<dc:description>This file contains bill summaries for federal legislation. A bill summary describes the most significant provisions of a piece of legislation and details the effects the legislative text may have on current law and federal programs. Bill summaries are authored by the Congressional Research Service (CRS) of the Library of Congress. As stated in Public Law 91-510 (2 USC 166 (d)(6)), one of the duties of CRS is "to prepare summaries and digests of bills and resolutions of a public general nature introduced in the Senate or House of Representatives". For more information, refer to the User Guide that accompanies this file.</dc:description>
</dublinCore>
</BillSummaries>
