<?xml version="1.0" encoding="UTF-8"?>
<BillSummaries>
<item congress="113" measure-type="hr" measure-number="634" measure-id="id113hr634" originChamber="HOUSE" orig-publish-date="2013-02-13" update-date="2014-09-22">
<title>Business Risk Mitigation and Price Stabilization Act of 2013</title>
<summary summary-id="id113hr634v36" currentChamber="HOUSE" update-date="2014-09-22">
<action-date>2013-06-12</action-date>
<action-desc>Passed House amended</action-desc>
<summary-text><![CDATA[<p>Business Risk Mitigation and Price Stabilization Act of 2013 - Amends the Commodity Exchange Act (CEA) to exempt, from the rules of prudential regulators for swap dealers and major swap participants with respect to initial and variation margin requirements for swaps not cleared by a registered derivatives clearing organization, those swaps in which one of the counterparties: (1) is eligible for an exception from clearing requirements because it is not a financial entity, uses swaps to hedge or mitigate commercial risk, and notifies the Commodity Futures Trading Commission (CFTC) how it meets financial obligations associated with entering into non-cleared swaps; (2) is eligible for a public interest exemption from swap clearing requirements for certain cooperative entities; or (3) satisfies specified criteria governing treatment of affiliates in connection with clearing requirements.</p> <p>Amends the Securities Exchange Act of 1934, regarding registration and regulation of security-based swap dealers and major security-based swap participants, to exempt from initial and variation margin requirements for swaps not cleared by a registered derivatives clearing organization a security-based swap in which one of the counterparties: (1) qualifies for a specified exception from clearing requirements, or (2) satisfies certain criteria governing the treatment of affiliates.</p> <p> Requires that the amendments to CEA made by this Act be implemented: (1) without regard to federal information policy requirements or the notice and comment requirements of federal administrative procedure; and (2) through promulgation of an interim final rule, pursuant to which public comment will be sought before a final rule is issued. <p>Limits the disregard of such federal information policy and notice and comment requirements solely to changes to rules and regulations, or proposed rule and regulations, that are limited to, and directly a consequence of, the amendments to CEA made by this Act. </p>]]></summary-text>
</summary>
<summary summary-id="id113hr634v00" currentChamber="HOUSE" update-date="2014-09-22">
<action-date>2013-02-13</action-date>
<action-desc>Introduced in House</action-desc>
<summary-text><![CDATA[<p>Business Risk Mitigation and Price Stabilization Act of 2013 - Amends the Commodity Exchange Act (CEA) to exempt, from the rules of prudential regulators for swap dealers and major swap participants with respect to initial and variation margin requirements for swaps not cleared by a registered derivatives clearing organization, those swaps in which one of the counterparties: (1) is eligible for an exception from clearing requirements because it is not a financial entity, uses swaps to hedge or mitigate commercial risk, and notifies the Commodity Futures Trading Commission (CFTC) how it meets financial obligations associated with entering into non-cleared swaps; or (2) satisfies specified criteria governing treatment of affiliates in connection with clearing requirements.</p> <p>Amends the Securities Exchange Act of 1934, regarding registration and regulation of security-based swap dealers and major security-based swap participants, to exempt from initial and variation margin requirements for swaps not cleared by a registered derivatives clearing organization a security-based swap in which one of the counterparties: (1) qualifies for a specified exception from clearing requirements, or (2) satisfies certain criteria governing the treatment of affiliates.</p> <p> Requires that the amendments to CEA made by this Act be implemented: (1) without regard to federal information policy requirements or the notice and comment requirements of federal administrative procedure; and (2) through promulgation of an interim final rule, pursuant to which public comment will be sought before a final rule is issued. <p>Limits the disregard of such federal information policy and notice and comment requirements solely to changes to rules and regulations, or proposed rule and regulations, that are limited to, and directly a consequence of, the amendments to CEA made by this Act.<br> </p>]]></summary-text>
</summary>
</item>
<dublinCore xmlns:dc="http://purl.org/dc/elements/1.1/">
<dc:format>text/xml</dc:format>
<dc:language>EN</dc:language>
<dc:rights>Pursuant to Title 17 Section 105 of the United States Code, this file is not subject to copyright protection and is in the public domain.</dc:rights>
<dc:contributor>Congressional Research Service, Library of Congress</dc:contributor>
<dc:description>This file contains bill summaries for federal legislation. A bill summary describes the most significant provisions of a piece of legislation and details the effects the legislative text may have on current law and federal programs. Bill summaries are authored by the Congressional Research Service (CRS) of the Library of Congress. As stated in Public Law 91-510 (2 USC 166 (d)(6)), one of the duties of CRS is "to prepare summaries and digests of bills and resolutions of a public general nature introduced in the Senate or House of Representatives". For more information, refer to the User Guide that accompanies this file.</dc:description>
</dublinCore>
</BillSummaries>
