<?xml version="1.0" encoding="UTF-8"?>
<BillSummaries>
<item congress="113" measure-type="hr" measure-number="269" measure-id="id113hr269" originChamber="HOUSE" orig-publish-date="2013-01-15" update-date="2013-02-11">
<title>Fair Elections Now Act</title>
<summary summary-id="id113hr269v00" currentChamber="HOUSE" update-date="2013-02-11">
<action-date>2013-01-15</action-date>
<action-desc>Introduced in House</action-desc>
<summary-text><![CDATA[<p>Fair Elections Now Act - Amends the Federal Election Campaign Act of 1971 (FECA) with respect to:</p> <ul> <li> candidate benefits of fair elections financing of House of Representatives election campaigns;</li> <li> allocations to candidates from the Fair Elections Fund established by this Act;</li> <li>500% matching payments to candidates for certain small dollar contributions;</li> <li>Fund allocation eligibility requirements;</li> <li>certification of a federal election candidate as a participating candidate;</li> <li>contribution, expenditure, and fundraising requirements;</li> <li>a public debate requirement;</li> <li>remission to the Fair Elections Fund of unspent funds after an election;</li> <li>establishment of the Fair Elections Fund and of a Fair Elections Oversight Board;</li> <li>civil penalties for violation of contribution and expenditure requirements; and</li> <li>transfer of a portion of collected civil money penalties into the Fair Elections Fund.</li> </ul> <p>Prohibits: (1) use of contributions by a participating candidate for any purposes other than an election campaign, and (2) establishment of joint fundraising committees with any political committee other than a candidate's authorized committee. Prescribes a limitation on coordinated expenditures by political party committees with participating candidates.</p> <p>Amends FECA to empower the Federal Election Commission (FEC) to petition the U.S. Supreme Court for a writ of certiorari to appeal a civil action.</p> <p>Requires all designations, statements, and reports required to be filed under FECA to be filed: (1) directly with the FEC, and (2) in electronic form accessible by computers. Reduces from 48 hours to 24 hours after their receipt the deadline for the FEC to make designations, statements, reports, or notifications available to the public in the FEC office and on the Internet.</p>]]></summary-text>
</summary>
</item>
<dublinCore xmlns:dc="http://purl.org/dc/elements/1.1/">
<dc:format>text/xml</dc:format>
<dc:language>EN</dc:language>
<dc:rights>Pursuant to Title 17 Section 105 of the United States Code, this file is not subject to copyright protection and is in the public domain.</dc:rights>
<dc:contributor>Congressional Research Service, Library of Congress</dc:contributor>
<dc:description>This file contains bill summaries for federal legislation. A bill summary describes the most significant provisions of a piece of legislation and details the effects the legislative text may have on current law and federal programs. Bill summaries are authored by the Congressional Research Service (CRS) of the Library of Congress. As stated in Public Law 91-510 (2 USC 166 (d)(6)), one of the duties of CRS is "to prepare summaries and digests of bills and resolutions of a public general nature introduced in the Senate or House of Representatives". For more information, refer to the User Guide that accompanies this file.</dc:description>
</dublinCore>
</BillSummaries>
