<?xml version="1.0" encoding="UTF-8"?>
<BillSummaries>
<item congress="113" measure-type="hr" measure-number="284" measure-id="id113hr284" originChamber="HOUSE" orig-publish-date="2013-01-15" update-date="2013-02-15">
<title>Congressional Accountability Pay Act</title>
<summary summary-id="id113hr284v00" currentChamber="HOUSE" update-date="2013-02-15">
<action-date>2013-01-15</action-date>
<action-desc>Introduced in House</action-desc>
<summary-text><![CDATA[<p>Congressional Accountability Pay Act - Amends the Legislative Reorganization Act of 1946 to revise the method of adjusting the annual rate of pay of Members of Congress.</p> <p>Requires a decrease in the rate of pay for each Member by a specified percentage if outlays for any fiscal year are greater than outlays for the preceding fiscal year.</p> <p>Amends the Federal Salary Act of 1967 to require that recommendations by the Citizens' Commission on Public Service and Compensation conform with this Act, except those for the salaries of the Chief Justice of the United States, judges of U.S. district courts, and judges of the U.S. Court of International Trade.</p>]]></summary-text>
</summary>
</item>
<dublinCore xmlns:dc="http://purl.org/dc/elements/1.1/">
<dc:format>text/xml</dc:format>
<dc:language>EN</dc:language>
<dc:rights>Pursuant to Title 17 Section 105 of the United States Code, this file is not subject to copyright protection and is in the public domain.</dc:rights>
<dc:contributor>Congressional Research Service, Library of Congress</dc:contributor>
<dc:description>This file contains bill summaries for federal legislation. A bill summary describes the most significant provisions of a piece of legislation and details the effects the legislative text may have on current law and federal programs. Bill summaries are authored by the Congressional Research Service (CRS) of the Library of Congress. As stated in Public Law 91-510 (2 USC 166 (d)(6)), one of the duties of CRS is "to prepare summaries and digests of bills and resolutions of a public general nature introduced in the Senate or House of Representatives". For more information, refer to the User Guide that accompanies this file.</dc:description>
</dublinCore>
</BillSummaries>
