<?xml version="1.0" encoding="UTF-8"?>
<BillSummaries>
<item congress="113" measure-type="hr" measure-number="695" measure-id="id113hr695" originChamber="HOUSE" orig-publish-date="2013-02-14" update-date="2013-03-16">
<title>CPRA</title>
<summary summary-id="id113hr695v00" currentChamber="HOUSE" update-date="2013-03-16">
<action-date>2013-02-14</action-date>
<action-desc>Introduced in House</action-desc>
<summary-text><![CDATA[<p> Civilian Property Realignment Act or CPRA - Establishes the Civilian Property Realignment Commission as an independent commission for the purpose of identifying opportunities for the federal government to reduce its inventory of civilian real property and reduce costs to the government.</p> <p>Requires federal agency heads to submit to the Administrator of the General Services Administration (GSA) and the Director of the Office of Management and Budget (OMB): (1) current data on all federal civilian real properties owned, leased or controlled by federal agencies, including the age and condition of such properties, operating costs, history of capital expenditures, sustainability metrics, the number of federal employees and functions housed in such properties, and square footage; and (2) recommendations for the sale for proceeds or disposal of federal civilian properties and for achieving operational efficiencies for such properties. </p> <p>Sets forth the duties of the Commission, including: (1) identifying opportunities to reduce significantly the inventory of civilian real property and reduce costs to the government, (2) identifying not less than 5 federal properties not on the list of surplus or excess buildings with a total fair market value of not less than $500 million, (3) performing an independent analysis of the inventory of federal civilian real property and of recommendations for the sale of such properties, and (4) identifying or developing and implementing an accounting system for evaluating recommendations for sales of civilian real property.</p> <p>Requires the President to review the Commission's recommendations and report on his or her approval or disapproval of them. Requires the Commission to revise its recommendations if disapproved by the President. Sets forth procedures for congressional consideration of Commission recommendations approved by the President. </p> <p>Requires federal agencies to: (1) immediately begin preparation to carry out the Commission's recommendations after the congressional review process, (2) initiate all activities for implementation not later than two years after the President transmits the approved recommendations to Congress, and (3) complete implementation within six years unless extenuating circumstances prevent timely completion.</p> <p>Limits the authority of executive agencies to lease space for the purposes of a public building. Requires the Administrator of GSA to comply with requirements of the Small Business Act when using commercial leasing services.</p> <p>Expresses the sense of Congress that: (1) the Commission should assist small, minority, and women-owned businesses in obtaining contracts to redevelop federal property; (2) the Commission and other federal officials should conduct a public information campaign to advise small, minority, and women-owned businesses regarding such contracts; and (3) firms that are awarded such contracts should, to the maximum extent practicable, seek to award subcontracts to small, minority, and women-owned businesses. </p> <p>Requires the Administrator to ensure that the life-cycle cost of a public building is considered in the construction or lease of a public building that: (1) is constructed or leased after the enactment of this Act; (2) has estimated construction costs exceeding $1 million; (3) if leased, has square footage of more than 25,000 square feet; and (4) has more than 50% of its estimated construction or lease costs federally-funded. Defines &quot;life-cycle cost&quot; as the sum of investment, capital, installation, energy, operating, maintenance, and replacement costs.]]></summary-text>
</summary>
</item>
<dublinCore xmlns:dc="http://purl.org/dc/elements/1.1/">
<dc:format>text/xml</dc:format>
<dc:language>EN</dc:language>
<dc:rights>Pursuant to Title 17 Section 105 of the United States Code, this file is not subject to copyright protection and is in the public domain.</dc:rights>
<dc:contributor>Congressional Research Service, Library of Congress</dc:contributor>
<dc:description>This file contains bill summaries for federal legislation. A bill summary describes the most significant provisions of a piece of legislation and details the effects the legislative text may have on current law and federal programs. Bill summaries are authored by the Congressional Research Service (CRS) of the Library of Congress. As stated in Public Law 91-510 (2 USC 166 (d)(6)), one of the duties of CRS is "to prepare summaries and digests of bills and resolutions of a public general nature introduced in the Senate or House of Representatives". For more information, refer to the User Guide that accompanies this file.</dc:description>
</dublinCore>
</BillSummaries>
