<?xml version="1.0" encoding="UTF-8"?>
<BillSummaries>
<item congress="113" measure-type="hr" measure-number="356" measure-id="id113hr356" originChamber="HOUSE" orig-publish-date="2013-01-23" update-date="2014-07-30">
<title>Hill Creek Cultural Preservation and Energy Development Act</title>
<summary summary-id="id113hr356v49" currentChamber="BOTH" update-date="2014-07-30">
<action-date>2014-07-25</action-date>
<action-desc>Public Law</action-desc>
<summary-text><![CDATA[<p><b>(This measure has not been amended since it was introduced. The expanded summary of the House reported version is repeated here.)</b></p> <p>Hill Creek Cultural Preservation and Energy Development Act - Authorizes Utah to relinquish for the benefit of the Ute Indian Tribe of the Uintah and Ouray Reservation certain of its school trust or subsurface mineral lands south of the border between Grand County and Uintah County, Utah, in exchange for certain federal subsurface mineral lands north of that border.</p> <p>Directs the Secretary of the Interior to reserve an overriding interest in that portion of the mineral estate composed of minerals subject to leasing under the Mineral Leasing Act in the mineral lands conveyed to Utah. Delineates the extent of that interest.</p> <p>Requires Utah to reserve, for the benefit of its school trust, an overriding interest in that portion of the mineral estate composed of minerals subject to leasing under the Mineral Leasing Act in the mineral lands it relinquished to the federal government. Delineates the extent of that interest.</p> <p>Authorizes the Secretary to enter into cooperative agreements with Utah and the Tribe to facilitate the relinquishment and selection of the lands to be conveyed, and the administration of the overriding interests reserved, under this Act.]]></summary-text>
</summary>
<summary summary-id="id113hr356v82" currentChamber="SENATE" update-date="2014-07-17">
<action-date>2014-07-09</action-date>
<action-desc>Passed Senate without amendment</action-desc>
<summary-text><![CDATA[<p><b>(This measure has not been amended since it was introduced. The expanded summary of the House reported version is repeated here.)</b></p> <p>Hill Creek Cultural Preservation and Energy Development Act - Authorizes Utah to relinquish for the benefit of the Ute Indian Tribe of the Uintah and Ouray Reservation certain of its school trust or subsurface mineral lands south of the border between Grand County and Uintah County, Utah, in exchange for certain federal subsurface mineral lands north of that border.</p> <p>Directs the Secretary of the Interior to reserve an overriding interest in that portion of the mineral estate composed of minerals subject to leasing under the Mineral Leasing Act in the mineral lands conveyed to Utah. Delineates the extent of that interest.</p> <p>Requires Utah to reserve, for the benefit of its school trust, an overriding interest in that portion of the mineral estate composed of minerals subject to leasing under the Mineral Leasing Act in the mineral lands it relinquished to the federal government. Delineates the extent of that interest.</p> <p>Authorizes the Secretary to enter into cooperative agreements with Utah and the Tribe to facilitate the relinquishment and selection of the lands to be conveyed, and the administration of the overriding interests reserved, under this Act.]]></summary-text>
</summary>
<summary summary-id="id113hr356v81" currentChamber="HOUSE" update-date="2014-07-17">
<action-date>2013-05-15</action-date>
<action-desc>Passed House without amendment</action-desc>
<summary-text><![CDATA[<p><b>(This measure has not been amended since it was introduced. The expanded summary of the House reported version is repeated here.)</b></p> <p>Hill Creek Cultural Preservation and Energy Development Act - Authorizes Utah to relinquish for the benefit of the Ute Indian Tribe of the Uintah and Ouray Reservation certain of its school trust or subsurface mineral lands south of the border between Grand County and Uintah County, Utah, in exchange for certain federal subsurface mineral lands north of that border.</p> <p>Directs the Secretary of the Interior to reserve an overriding interest in that portion of the mineral estate composed of minerals subject to leasing under the Mineral Leasing Act in the mineral lands conveyed to Utah. Delineates the extent of that interest.</p> <p>Requires Utah to reserve, for the benefit of its school trust, an overriding interest in that portion of the mineral estate composed of minerals subject to leasing under the Mineral Leasing Act in the mineral lands it relinquished to the federal government. Delineates the extent of that interest.</p> <p>Authorizes the Secretary to enter into cooperative agreements with Utah and the Tribe to facilitate the relinquishment and selection of the lands to be conveyed, and the administration of the overriding interests reserved, under this Act.]]></summary-text>
</summary>
<summary summary-id="id113hr356v79" currentChamber="HOUSE" update-date="2013-05-17">
<action-date>2013-05-14</action-date>
<action-desc>Reported to House without amendment</action-desc>
<summary-text><![CDATA[<p><b>(This measure has not been amended since it was introduced. The summary has been expanded because action occurred on the measure.)</b></p> <p>Hill Creek Cultural Preservation and Energy Development Act - Authorizes Utah to relinquish for the benefit of the Ute Indian Tribe of the Uintah and Ouray Reservation certain of its school trust or subsurface mineral lands south of the border between Grand County and Uintah County, Utah, in exchange for certain federal subsurface mineral lands north of that border.</p> <p>Directs the Secretary of the Interior to reserve an overriding interest in that portion of the mineral estate composed of minerals subject to leasing under the Mineral Leasing Act in the mineral lands conveyed to Utah. Delineates the extent of that interest.</p> <p>Requires Utah to reserve, for the benefit of its school trust, an overriding interest in that portion of the mineral estate composed of minerals subject to leasing under the Mineral Leasing Act in the mineral lands it relinquished to the federal government. Delineates the extent of that interest.</p> <p>Authorizes the Secretary to enter into cooperative agreements with Utah and the Tribe to facilitate the relinquishment and selection of the lands to be conveyed, and the administration of the overriding interests reserved, under this Act.]]></summary-text>
</summary>
<summary summary-id="id113hr356v00" currentChamber="HOUSE" update-date="2013-02-02">
<action-date>2013-01-23</action-date>
<action-desc>Introduced in House</action-desc>
<summary-text><![CDATA[<p>Hill Creek Cultural Preservation and Energy Development Act - Authorizes Utah to relinquish for the benefit of the Ute Indian Tribe of the Uintah and Ouray Reservation certain of its school trust or subsurface mineral lands south of the border between Grand County and Uintah County, Utah, in exchange for certain federal subsurface mineral lands north of that border.</p> <p>Directs the Secretary of the Interior to reserve an overriding interest in that portion of the mineral estate composed of minerals subject to leasing under the Mineral Leasing Act in the mineral lands conveyed to Utah. Delineates the extent of that interest.</p> <p>Requires Utah to reserve, for the benefit of its school trust, an overriding interest in that portion of the mineral estate composed of minerals subject to leasing under the Mineral Leasing Act in the mineral lands it relinquished to the federal government. Delineates the extent of that interest.</p> <p>]]></summary-text>
</summary>
</item>
<dublinCore xmlns:dc="http://purl.org/dc/elements/1.1/">
<dc:format>text/xml</dc:format>
<dc:language>EN</dc:language>
<dc:rights>Pursuant to Title 17 Section 105 of the United States Code, this file is not subject to copyright protection and is in the public domain.</dc:rights>
<dc:contributor>Congressional Research Service, Library of Congress</dc:contributor>
<dc:description>This file contains bill summaries for federal legislation. A bill summary describes the most significant provisions of a piece of legislation and details the effects the legislative text may have on current law and federal programs. Bill summaries are authored by the Congressional Research Service (CRS) of the Library of Congress. As stated in Public Law 91-510 (2 USC 166 (d)(6)), one of the duties of CRS is "to prepare summaries and digests of bills and resolutions of a public general nature introduced in the Senate or House of Representatives". For more information, refer to the User Guide that accompanies this file.</dc:description>
</dublinCore>
</BillSummaries>
