<?xml version="1.0" encoding="UTF-8"?>
<BillSummaries>
<item congress="113" measure-type="hr" measure-number="813" measure-id="id113hr813" originChamber="HOUSE" orig-publish-date="2013-02-25" update-date="2013-11-27">
<title>Putting Veterans Funding First Act of 2013</title>
<summary summary-id="id113hr813v17" currentChamber="HOUSE" update-date="2013-11-27">
<action-date>2013-09-17</action-date>
<action-desc>Reported to House amended</action-desc>
<summary-text><![CDATA[<p>Putting Veterans Funding First Act of 2013 - (Sec. 3) Authorizes the provision of advance appropriations for the following discretionary (under current law, medical care) accounts of the Department of Veterans Affairs (VA): (1) Veterans Health Administration Medical Services, Medical Support and Compliance, Medical Facilities, and Medical and Prosthetic Research; (2) National Cemetery Administration; and (3) Veterans Benefits Administration, Native American Veteran Housing Loan Program.</p> <p>Authorizes the provision of advance appropriations for the following VA discretionary administration accounts: (1) general operating expenses, (2) information technology systems, (3) the Office of the Inspector General, (4) construction for major and minor projects, and (5) grants for the construction of state extended care facilities and veterans cemeteries.</p> <p>(Sec. 4) Requires the Comptroller General, for each of FY2015-FY2017, to: (1) review the budget requests for the VA Medical Services, Medical Support and Compliance, and Medical Facilities accounts contained in the President's budget request for that fiscal year; and (2) report review results to the congressional veterans, appropriations, and budget committees.</p> <p>(Sec. 5) Directs the VA Secretary to submit annually to Congress a future-years veterans program reflecting estimated expenditures and proposed appropriations included in the budget for that fiscal year. Requires each program to set forth a five-year VA plan to address the U.S. commitment to veterans and the resources necessary to meet that commitment. Requires the Secretary, in 2017 and quadrennially thereafter, to conduct a review of the strategy for meeting such commitment and resources requirement (quadrennial veterans review). Requires each review to be coordinated with the future-years veterans program. Directs the Secretary to report to the veterans committees on each review. Directs the Secretary to provide annually to the appropriate VA officials written policy guidance for the preparation and review of the planning and program recommendations and budget proposals of the VA elements of such officials. Requires the Secretary to designate a Chief Strategy Officer to advise the Secretary on long-range VA strategy and implications.</p> <p>(Sec. 6) Directs the Secretary to: (1) study and report to the veterans committees on the functions and organizational structure of the Office of the Secretary and the VA, and (2) contract for an independent study covering the same matters.</p> <p>(Sec. 7) Prohibits the Secretary from paying any performance award to a VA Senior Executive Service employee during FY2014-FY2018.</p>]]></summary-text>
</summary>
<summary summary-id="id113hr813v00" currentChamber="HOUSE" update-date="2013-03-12">
<action-date>2013-02-25</action-date>
<action-desc>Introduced in House</action-desc>
<summary-text><![CDATA[<p>Putting Veterans Funding First Act of 2013 - Authorizes the provision of advance appropriations for the following discretionary (under current law, medical care) accounts of the Department of Veterans Affairs (VA): (1) Veterans Health Administration Medical Services, Medical Support and Compliance, Medical Facilities, and Medical Research and Support; (2) National Cemetery Administration; and (3) Veterans Benefits Administration, Native American Veteran Housing Loan Program.</p> <p>Authorizes the provision of advance appropriations for the following VA discretionary administration accounts: (1) general operating expenses, (2) information technology systems, (3) the Office of the Inspector General, (4) construction for major and minor projects, and (5) grants for the construction of state extended care facilities and veterans cemeteries.</p>]]></summary-text>
</summary>
</item>
<dublinCore xmlns:dc="http://purl.org/dc/elements/1.1/">
<dc:format>text/xml</dc:format>
<dc:language>EN</dc:language>
<dc:rights>Pursuant to Title 17 Section 105 of the United States Code, this file is not subject to copyright protection and is in the public domain.</dc:rights>
<dc:contributor>Congressional Research Service, Library of Congress</dc:contributor>
<dc:description>This file contains bill summaries for federal legislation. A bill summary describes the most significant provisions of a piece of legislation and details the effects the legislative text may have on current law and federal programs. Bill summaries are authored by the Congressional Research Service (CRS) of the Library of Congress. As stated in Public Law 91-510 (2 USC 166 (d)(6)), one of the duties of CRS is "to prepare summaries and digests of bills and resolutions of a public general nature introduced in the Senate or House of Representatives". For more information, refer to the User Guide that accompanies this file.</dc:description>
</dublinCore>
</BillSummaries>
