<?xml version="1.0" encoding="UTF-8"?>
<BillSummaries>
<item congress="113" measure-type="hr" measure-number="975" measure-id="id113hr975" originChamber="HOUSE" orig-publish-date="2013-03-05" update-date="2013-03-20">
<title>Servicemember Mental Health Review Act</title>
<summary summary-id="id113hr975v00" currentChamber="HOUSE" update-date="2013-03-20">
<action-date>2013-03-05</action-date>
<action-desc>Introduced in House</action-desc>
<summary-text><![CDATA[<p>Servicemember Mental Health Review Act - Extends through 2014 (under current law, through 2009) the authority of the Physical Disability Board of Review (Board) to review the disability determinations of individuals who, since September 11, 2001, are separated from the Armed Forces due to unfitness for duty because of a mental condition with a disability rating of 20% or less and are found to be ineligible for retirement. Adds to those eligible for such review individuals who, before December 31, 2014, are separated due to unfitness because of a mental condition not amounting to disability, including separation based on a personality or adjustment disorder. Requires the Board to: (1) review, upon request, the findings and decisions of the appropriate physical evaluation board with respect to such latter individuals; and (2) include as Board members at least one licensed psychologist and one licensed psychiatrist who have had no fiduciary relationship to the Department of Defense (DOD) since December 31, 2001. Allows the Board to review disability determinations of non-requesting individuals, after obtaining their consent.</p> <p>Requires the Secretary of the military department concerned to correct the military records of individuals in accordance with Board recommendations, unless such Secretary finds that the Board has made a clearly erroneous recommendation.</p> <p>Requires the Secretary of Defense to ensure that eligible individuals receive notification of their right to a separation review by the Board, including the right to obtain counsel.</p>]]></summary-text>
</summary>
</item>
<dublinCore xmlns:dc="http://purl.org/dc/elements/1.1/">
<dc:format>text/xml</dc:format>
<dc:language>EN</dc:language>
<dc:rights>Pursuant to Title 17 Section 105 of the United States Code, this file is not subject to copyright protection and is in the public domain.</dc:rights>
<dc:contributor>Congressional Research Service, Library of Congress</dc:contributor>
<dc:description>This file contains bill summaries for federal legislation. A bill summary describes the most significant provisions of a piece of legislation and details the effects the legislative text may have on current law and federal programs. Bill summaries are authored by the Congressional Research Service (CRS) of the Library of Congress. As stated in Public Law 91-510 (2 USC 166 (d)(6)), one of the duties of CRS is "to prepare summaries and digests of bills and resolutions of a public general nature introduced in the Senate or House of Representatives". For more information, refer to the User Guide that accompanies this file.</dc:description>
</dublinCore>
</BillSummaries>
