<?xml version="1.0" encoding="UTF-8"?>
<BillSummaries>
<item congress="113" measure-type="hr" measure-number="661" measure-id="id113hr661" originChamber="HOUSE" orig-publish-date="2013-02-13" update-date="2013-04-02">
<title>Tiahrt Restrictions Repeal Act</title>
<summary summary-id="id113hr661v00" currentChamber="HOUSE" update-date="2013-04-02">
<action-date>2013-02-13</action-date>
<action-desc>Introduced in House</action-desc>
<summary-text><![CDATA[<p>Tiahrt Restrictions Repeal Act - Amends the Consolidated and Further Continuing Appropriations Act, 2012, to repeal prohibitions on using appropriated funds: (1) to disclose contents of the Firearms Trace System database maintained by the National Trace Center of the Bureau of Alcohol, Tobacco, Firearms and Explosives (ATF) or any information required to be kept by firearms dealers except as specified in such Act; (2) to promulgate or implement any rule requiring a physical inventory of any firearms business; or (3) for any background check system that does not require the destruction of identifying information submitted for a transferee within 24 hours after the system advises a federal firearms licensee that the transferee's receipt of a firearm is not prohibited. </p>]]></summary-text>
</summary>
</item>
<dublinCore xmlns:dc="http://purl.org/dc/elements/1.1/">
<dc:format>text/xml</dc:format>
<dc:language>EN</dc:language>
<dc:rights>Pursuant to Title 17 Section 105 of the United States Code, this file is not subject to copyright protection and is in the public domain.</dc:rights>
<dc:contributor>Congressional Research Service, Library of Congress</dc:contributor>
<dc:description>This file contains bill summaries for federal legislation. A bill summary describes the most significant provisions of a piece of legislation and details the effects the legislative text may have on current law and federal programs. Bill summaries are authored by the Congressional Research Service (CRS) of the Library of Congress. As stated in Public Law 91-510 (2 USC 166 (d)(6)), one of the duties of CRS is "to prepare summaries and digests of bills and resolutions of a public general nature introduced in the Senate or House of Representatives". For more information, refer to the User Guide that accompanies this file.</dc:description>
</dublinCore>
</BillSummaries>
