<?xml version="1.0" encoding="UTF-8"?>
<BillSummaries>
<item congress="113" measure-type="hr" measure-number="311" measure-id="id113hr311" originChamber="HOUSE" orig-publish-date="2013-01-18" update-date="2014-04-29">
<title>FUELS Act</title>
<summary summary-id="id113hr311v81" currentChamber="HOUSE" update-date="2014-04-29">
<action-date>2014-03-11</action-date>
<action-desc>Passed House without amendment</action-desc>
<summary-text><![CDATA[<p><b>(This measure has not been amended since it was introduced. The summary of that version is repeated here.)</b></p> <p>Farmers Undertake Environmental Land Stewardship Act or the FUELS Act - Requires the Administrator of the Environmental Protection Agency (EPA), in implementing the Spill Prevention, Control, and Countermeasure rule with respect to any farm, to require certification of compliance with such rule by: (1) a professional engineer for a farm with an individual tank with an aboveground storage capacity greater than 10,000 gallons, an aggregate aboveground storage capacity of at least 42,000 gallons, or a history that includes a spill, as determined by the Administrator; or (2) the owner or operator of the farm (via self-certification) for a farm with an aggregate aboveground storage capacity greater than 10,000 gallons but less than 42,000 gallons and no history of spills. Directs the Administrator to exempt from all requirements of such rule any farm with an aggregate aboveground storage capacity of 10,000 gallons or less and no history of spills.</p> <p>Excludes from the aggregate storage capacity of a farm all containers on separate parcels that have a capacity that is less than 1,320 gallons.</p>]]></summary-text>
</summary>
<summary summary-id="id113hr311v00" currentChamber="HOUSE" update-date="2013-03-20">
<action-date>2013-01-18</action-date>
<action-desc>Introduced in House</action-desc>
<summary-text><![CDATA[<p>Farmers Undertake Environmental Land Stewardship Act or the FUELS Act - Requires the Administrator of the Environmental Protection Agency (EPA), in implementing the Spill Prevention, Control, and Countermeasure rule with respect to any farm, to require certification of compliance with such rule by: (1) a professional engineer for a farm with an individual tank with an aboveground storage capacity greater than 10,000 gallons, an aggregate aboveground storage capacity of at least 42,000 gallons, or a history that includes a spill, as determined by the Administrator; or (2) the owner or operator of the farm (via self-certification) for a farm with an aggregate aboveground storage capacity greater than 10,000 gallons but less than 42,000 gallons and no history of spills. Directs the Administrator to exempt from all requirements of such rule any farm with an aggregate aboveground storage capacity of 10,000 gallons or less and no history of spills.</p> <p>Excludes from the aggregate storage capacity of a farm all containers on separate parcels that have a capacity that is less than 1,320 gallons.</p>]]></summary-text>
</summary>
</item>
<dublinCore xmlns:dc="http://purl.org/dc/elements/1.1/">
<dc:format>text/xml</dc:format>
<dc:language>EN</dc:language>
<dc:rights>Pursuant to Title 17 Section 105 of the United States Code, this file is not subject to copyright protection and is in the public domain.</dc:rights>
<dc:contributor>Congressional Research Service, Library of Congress</dc:contributor>
<dc:description>This file contains bill summaries for federal legislation. A bill summary describes the most significant provisions of a piece of legislation and details the effects the legislative text may have on current law and federal programs. Bill summaries are authored by the Congressional Research Service (CRS) of the Library of Congress. As stated in Public Law 91-510 (2 USC 166 (d)(6)), one of the duties of CRS is "to prepare summaries and digests of bills and resolutions of a public general nature introduced in the Senate or House of Representatives". For more information, refer to the User Guide that accompanies this file.</dc:description>
</dublinCore>
</BillSummaries>
