<?xml version="1.0" encoding="UTF-8"?>
<BillSummaries>
<item congress="113" measure-type="hr" measure-number="392" measure-id="id113hr392" originChamber="HOUSE" orig-publish-date="2013-01-23" update-date="2013-02-02">
<title>Student Privacy Protection Act of 2009</title>
<summary summary-id="id113hr392v00" currentChamber="HOUSE" update-date="2013-02-02">
<action-date>2013-01-23</action-date>
<action-desc>Introduced in House</action-desc>
<summary-text><![CDATA[<p>Student Privacy Protection Act of 2009 [<i>sic</i>]- Amends the Elementary and Secondary Education Act of 1965 (ESEA) to revise provisions for military recruiter access to secondary school student information. </p> <p>Requires ESEA-assisted local educational agencies (LEAs) to notify each secondary school student's parent of the option to consent to a release of the student's name, address, and telephone listing to military recruiters, and to give the parent the opportunity to provide such consent in writing. Requires such LEAs to provide military recruiters, upon their request, with access to such information on a student only if the student's parent has given such written consent. </p>]]></summary-text>
</summary>
</item>
<dublinCore xmlns:dc="http://purl.org/dc/elements/1.1/">
<dc:format>text/xml</dc:format>
<dc:language>EN</dc:language>
<dc:rights>Pursuant to Title 17 Section 105 of the United States Code, this file is not subject to copyright protection and is in the public domain.</dc:rights>
<dc:contributor>Congressional Research Service, Library of Congress</dc:contributor>
<dc:description>This file contains bill summaries for federal legislation. A bill summary describes the most significant provisions of a piece of legislation and details the effects the legislative text may have on current law and federal programs. Bill summaries are authored by the Congressional Research Service (CRS) of the Library of Congress. As stated in Public Law 91-510 (2 USC 166 (d)(6)), one of the duties of CRS is "to prepare summaries and digests of bills and resolutions of a public general nature introduced in the Senate or House of Representatives". For more information, refer to the User Guide that accompanies this file.</dc:description>
</dublinCore>
</BillSummaries>
