<?xml version="1.0" encoding="UTF-8"?>
<BillSummaries>
<item congress="113" measure-type="hr" measure-number="213" measure-id="id113hr213" originChamber="HOUSE" orig-publish-date="2013-01-04" update-date="2013-01-15">
<title>Sewage Sludge in Food Production Consumer Notification Act</title>
<summary summary-id="id113hr213v00" currentChamber="HOUSE" update-date="2013-01-15">
<action-date>2013-01-04</action-date>
<action-desc>Introduced in House</action-desc>
<summary-text><![CDATA[<p>Sewage Sludge in Food Production Consumer Notification Act - Amends the Federal Food, Drug, and Cosmetic Act, the Egg Products Inspection Act, the Federal Meat Inspection Act, and the Poultry Products Inspection Act to deem as adulterated food that is: (1) produced on land on which sewage sludge was applied; (2) derived from poultry that were raised, or that consumed animal feed produced, on such land; and (3) derived from livestock that grazed, or consumed animal feed produced, on such land.</p> <p>Permits exceptions if: (1) the application of sewage sludge ended more than one year before producing food, raising poultry, producing animal feed, or grazing livestock; (2) the food labeling includes notice that the product was produced on such land; or (3) a sign providing such notice is posted in close proximity to the product for those foods generally offered for sale without labeling.</p> <p>States that nothing in this Act shall be construed to modify the prohibition on the use of sewage sludge in organic food production under the National Organic Program of the Department of Agriculture (USDA).]]></summary-text>
</summary>
</item>
<dublinCore xmlns:dc="http://purl.org/dc/elements/1.1/">
<dc:format>text/xml</dc:format>
<dc:language>EN</dc:language>
<dc:rights>Pursuant to Title 17 Section 105 of the United States Code, this file is not subject to copyright protection and is in the public domain.</dc:rights>
<dc:contributor>Congressional Research Service, Library of Congress</dc:contributor>
<dc:description>This file contains bill summaries for federal legislation. A bill summary describes the most significant provisions of a piece of legislation and details the effects the legislative text may have on current law and federal programs. Bill summaries are authored by the Congressional Research Service (CRS) of the Library of Congress. As stated in Public Law 91-510 (2 USC 166 (d)(6)), one of the duties of CRS is "to prepare summaries and digests of bills and resolutions of a public general nature introduced in the Senate or House of Representatives". For more information, refer to the User Guide that accompanies this file.</dc:description>
</dublinCore>
</BillSummaries>
