<?xml version="1.0" encoding="UTF-8"?>
<BillSummaries>
<item congress="113" measure-type="hr" measure-number="528" measure-id="id113hr528" originChamber="HOUSE" orig-publish-date="2013-02-06" update-date="2013-02-26">
<title>Invest in America First Act of 2013</title>
<summary summary-id="id113hr528v00" currentChamber="HOUSE" update-date="2013-02-26">
<action-date>2013-02-06</action-date>
<action-desc>Introduced in House</action-desc>
<summary-text><![CDATA[<p>Invest in America First Act of 2013 - Prohibits foreign assistance from being provided to a country with a GDP of $1.5 trillion or more. </p> <p>Exempts from such prohibition military, security, or humanitarian assistance.</p> <p>Defines &quot;GDP&quot; as a country's gross domestic product on a purchasing power parity basis divided by the population of the country, as determined by the most recent publication of the Central Intelligence Agency's (CIA) The World Factbook.</p>]]></summary-text>
</summary>
</item>
<dublinCore xmlns:dc="http://purl.org/dc/elements/1.1/">
<dc:format>text/xml</dc:format>
<dc:language>EN</dc:language>
<dc:rights>Pursuant to Title 17 Section 105 of the United States Code, this file is not subject to copyright protection and is in the public domain.</dc:rights>
<dc:contributor>Congressional Research Service, Library of Congress</dc:contributor>
<dc:description>This file contains bill summaries for federal legislation. A bill summary describes the most significant provisions of a piece of legislation and details the effects the legislative text may have on current law and federal programs. Bill summaries are authored by the Congressional Research Service (CRS) of the Library of Congress. As stated in Public Law 91-510 (2 USC 166 (d)(6)), one of the duties of CRS is "to prepare summaries and digests of bills and resolutions of a public general nature introduced in the Senate or House of Representatives". For more information, refer to the User Guide that accompanies this file.</dc:description>
</dublinCore>
</BillSummaries>
