<?xml version="1.0" encoding="UTF-8"?>
<BillSummaries>
<item congress="113" measure-type="hr" measure-number="570" measure-id="id113hr570" originChamber="HOUSE" orig-publish-date="2013-02-06" update-date="2013-06-04">
<title>American Heroes COLA Act</title>
<summary summary-id="id113hr570v36" currentChamber="HOUSE" update-date="2013-06-04">
<action-date>2013-05-21</action-date>
<action-desc>Passed House amended</action-desc>
<summary-text><![CDATA[<p>American Heroes COLA Act - Requires that, whenever there is an increase in benefit amounts payable under title II (Old Age, Survivors and Disability Insurance) of the Social Security Act, the Secretary of Veterans Affairs (VA) shall increase by the same percentage the amounts payable as veterans' disability compensation, additional compensation for dependents, the clothing allowance for certain disabled adult children, and dependency and indemnity compensation for surviving spouses and children, but only if such percentage increase is calculated using the Bureau of Labor Statistics Consumer Price Index for Urban Wage Earners and Clerical Workers.</p> <p>Increases the rate of VA special monthly pay for severely injured veterans. Provides a temporary rate for such pay during the period beginning December 1, 2014, and ending September 30, 2018.</p>]]></summary-text>
</summary>
<summary summary-id="id113hr570v79" currentChamber="HOUSE" update-date="2013-05-21">
<action-date>2013-05-17</action-date>
<action-desc>Reported to House without amendment</action-desc>
<summary-text><![CDATA[<p><b>(This measure has not been amended since it was introduced. The summary of that version is repeated here.)</b></p> <p>American Heroes COLA Act - Requires that, whenever there is an increase in benefit amounts payable under title II (Old Age, Survivors and Disability Insurance) of the Social Security Act, the Secretary of Veterans Affairs (VA) shall increase by the same percentage the amounts payable as veterans' disability compensation, additional compensation for dependents, the clothing allowance for certain disabled adult children, and dependency and indemnity compensation for surviving spouses and children.</p>]]></summary-text>
</summary>
<summary summary-id="id113hr570v00" currentChamber="HOUSE" update-date="2013-02-26">
<action-date>2013-02-06</action-date>
<action-desc>Introduced in House</action-desc>
<summary-text><![CDATA[<p>American Heroes COLA Act - Requires that, whenever there is an increase in benefit amounts payable under title II (Old Age, Survivors and Disability Insurance) of the Social Security Act, the Secretary of Veterans Affairs (VA) shall increase by the same percentage the amounts payable as veterans' disability compensation, additional compensation for dependents, the clothing allowance for certain disabled adult children, and dependency and indemnity compensation for surviving spouses and children.</p>]]></summary-text>
</summary>
</item>
<dublinCore xmlns:dc="http://purl.org/dc/elements/1.1/">
<dc:format>text/xml</dc:format>
<dc:language>EN</dc:language>
<dc:rights>Pursuant to Title 17 Section 105 of the United States Code, this file is not subject to copyright protection and is in the public domain.</dc:rights>
<dc:contributor>Congressional Research Service, Library of Congress</dc:contributor>
<dc:description>This file contains bill summaries for federal legislation. A bill summary describes the most significant provisions of a piece of legislation and details the effects the legislative text may have on current law and federal programs. Bill summaries are authored by the Congressional Research Service (CRS) of the Library of Congress. As stated in Public Law 91-510 (2 USC 166 (d)(6)), one of the duties of CRS is "to prepare summaries and digests of bills and resolutions of a public general nature introduced in the Senate or House of Representatives". For more information, refer to the User Guide that accompanies this file.</dc:description>
</dublinCore>
</BillSummaries>
