<?xml version="1.0" encoding="UTF-8"?>
<BillSummaries>
<item congress="113" measure-type="hr" measure-number="824" measure-id="id113hr824" originChamber="HOUSE" orig-publish-date="2013-02-26" update-date="2013-04-05">
<title>Federal Workforce Reduction Through Attrition Act</title>
<summary summary-id="id113hr824v00" currentChamber="HOUSE" update-date="2013-04-05">
<action-date>2013-02-26</action-date>
<action-desc>Introduced in House</action-desc>
<summary-text><![CDATA[<p>Federal Workforce Reduction Through Attrition Act - Requires the Office of Management and Budget (OMB) to ensure that the total number of federal employees in each calendar quarter after the enactment of this Act does not exceed the applicable maximum for such quarter, as determined under this Act. Sets forth a formula for determining the applicable maximum based upon 90% of the total number of federal employees as of September 30, 2012. </p> <p>Requires that compliance with such workforce limitation be made through attrition, or through both attrition and a freeze on appointments if the total number of federal employees exceeds the applicable maximum for a quarter. Allows the President to waive such workforce limitation with respect to any individual appointment if the President determines that such appointment is necessary due to: (1) a state of war or for reasons of national security; or (2) an extraordinary emergency threatening life, health, safety, or property. </p> <p>Requires OMB to continuously monitor all agencies to determine whether the workforce limitation required by this Act has been met.</p>]]></summary-text>
</summary>
</item>
<dublinCore xmlns:dc="http://purl.org/dc/elements/1.1/">
<dc:format>text/xml</dc:format>
<dc:language>EN</dc:language>
<dc:rights>Pursuant to Title 17 Section 105 of the United States Code, this file is not subject to copyright protection and is in the public domain.</dc:rights>
<dc:contributor>Congressional Research Service, Library of Congress</dc:contributor>
<dc:description>This file contains bill summaries for federal legislation. A bill summary describes the most significant provisions of a piece of legislation and details the effects the legislative text may have on current law and federal programs. Bill summaries are authored by the Congressional Research Service (CRS) of the Library of Congress. As stated in Public Law 91-510 (2 USC 166 (d)(6)), one of the duties of CRS is "to prepare summaries and digests of bills and resolutions of a public general nature introduced in the Senate or House of Representatives". For more information, refer to the User Guide that accompanies this file.</dc:description>
</dublinCore>
</BillSummaries>
