<?xml version="1.0" encoding="UTF-8"?>
<BillSummaries>
<item congress="113" measure-type="hr" measure-number="559" measure-id="id113hr559" originChamber="HOUSE" orig-publish-date="2013-02-06" update-date="2013-02-26">
<title>Audit the Pentagon Act of 2013</title>
<summary summary-id="id113hr559v00" currentChamber="HOUSE" update-date="2013-02-26">
<action-date>2013-02-06</action-date>
<action-desc>Introduced in House</action-desc>
<summary-text><![CDATA[<p>Audit the Pentagon Act of 2013 - Requires, on March 2 of FY2014 and each subsequent fiscal year, a 5% reduction in the discretionary budget authority of a federal agency that is identified by the Director of the Office of Management and Budget (OMB) as required to have an audited financial statement: (1) that has not submitted a financial statement for the previous fiscal year, or (2) whose statement has not received either an unqualified or a qualified audit opinion by an independent external auditor. Excludes from such reduction accounts for military, reserve and National Guard personnel and the Defense Health Program account of the Department of Defense (DOD). Authorizes the President to waive a reduction in discretionary budget authority if such reduction would harm national security or members of the Armed Forces who are in combat.</p> <p>Requires a report to Congress listing required DOD reports that interfere with DOD's capacity to achieve an audit of its financial statements with an unqualified opinion.</p> <p>Expresses the sense of Congress that: (1) congressional defense committees and DOD should not endanger the nation's troops by reducing wounded warrior accounts or vital protection for members of the Armed Forces in harm's way, (2) the valuation of legacy assets by DOD should be simplified without compromising essential controls or generally accepted government auditing standards, and (3) this Act should not be construed to require or permit the declassification of accounting details about classified defense programs and DOD should ensure financial accountability in such programs.</p> <p>.</p>]]></summary-text>
</summary>
</item>
<dublinCore xmlns:dc="http://purl.org/dc/elements/1.1/">
<dc:format>text/xml</dc:format>
<dc:language>EN</dc:language>
<dc:rights>Pursuant to Title 17 Section 105 of the United States Code, this file is not subject to copyright protection and is in the public domain.</dc:rights>
<dc:contributor>Congressional Research Service, Library of Congress</dc:contributor>
<dc:description>This file contains bill summaries for federal legislation. A bill summary describes the most significant provisions of a piece of legislation and details the effects the legislative text may have on current law and federal programs. Bill summaries are authored by the Congressional Research Service (CRS) of the Library of Congress. As stated in Public Law 91-510 (2 USC 166 (d)(6)), one of the duties of CRS is "to prepare summaries and digests of bills and resolutions of a public general nature introduced in the Senate or House of Representatives". For more information, refer to the User Guide that accompanies this file.</dc:description>
</dublinCore>
</BillSummaries>
