<?xml version="1.0" encoding="UTF-8"?>
<BillSummaries>
<item congress="113" measure-type="hr" measure-number="702" measure-id="id113hr702" originChamber="HOUSE" orig-publish-date="2013-02-14" update-date="2013-04-09">
<title>Access to Frontline Health Care Act of 2013</title>
<summary summary-id="id113hr702v00" currentChamber="HOUSE" update-date="2013-04-09">
<action-date>2013-02-14</action-date>
<action-desc>Introduced in House</action-desc>
<summary-text><![CDATA[<p>Access to Frontline Health Care Act of 2013 - Amends the Public Health Service Act to direct the Secretary of Health and Human Services (HHS) to establish and carry out a Frontline Providers Loan Repayment Program under which the Secretary agrees to make student loan repayments in exchange for a health professional providing frontline care services for two years in a frontline care scarcity area.</p> <p>Defines "frontline care services" as health care services in the fields of general surgery, optometry, ophthalmology, chiropractic, physical therapy, audiology, speech language pathology, pharmacies, public health, podiatric medicine, dietetics, occupational therapy, general pediatrics, respiratory therapy, medical technology, otolaryngology, or radiologic technology.</p>]]></summary-text>
</summary>
</item>
<dublinCore xmlns:dc="http://purl.org/dc/elements/1.1/">
<dc:format>text/xml</dc:format>
<dc:language>EN</dc:language>
<dc:rights>Pursuant to Title 17 Section 105 of the United States Code, this file is not subject to copyright protection and is in the public domain.</dc:rights>
<dc:contributor>Congressional Research Service, Library of Congress</dc:contributor>
<dc:description>This file contains bill summaries for federal legislation. A bill summary describes the most significant provisions of a piece of legislation and details the effects the legislative text may have on current law and federal programs. Bill summaries are authored by the Congressional Research Service (CRS) of the Library of Congress. As stated in Public Law 91-510 (2 USC 166 (d)(6)), one of the duties of CRS is "to prepare summaries and digests of bills and resolutions of a public general nature introduced in the Senate or House of Representatives". For more information, refer to the User Guide that accompanies this file.</dc:description>
</dublinCore>
</BillSummaries>
