<?xml version="1.0" encoding="UTF-8"?>
<BillSummaries>
<item congress="113" measure-type="hr" measure-number="848" measure-id="id113hr848" originChamber="HOUSE" orig-publish-date="2013-02-27" update-date="2013-04-30">
<title>Armed Prohibited Persons Act of 2013</title>
<summary summary-id="id113hr848v00" currentChamber="HOUSE" update-date="2013-04-30">
<action-date>2013-02-27</action-date>
<action-desc>Introduced in House</action-desc>
<summary-text><![CDATA[<p>Armed Prohibited Persons Act of 2013 - Authorizes the Attorney General to make grants to states to develop and operate systems to retrieve firearms from armed prohibited persons. </p> <p>Defines an "armed prohibited person" as a person whose possession of a lawfully purchased firearm became unlawful because of an act or omission committed by such person.</p> <p>Requires a state's grant application to include assurances that: (1) the state's system will provide a reasonable opportunity for such a person to lawfully dispose of a firearm before the state takes any action to retrieve it, (2) the state will contribute pertinent information to the national instant criminal background check system, and (3) the state has a plan for the continued operation and maintenance of the system.</p>]]></summary-text>
</summary>
</item>
<dublinCore xmlns:dc="http://purl.org/dc/elements/1.1/">
<dc:format>text/xml</dc:format>
<dc:language>EN</dc:language>
<dc:rights>Pursuant to Title 17 Section 105 of the United States Code, this file is not subject to copyright protection and is in the public domain.</dc:rights>
<dc:contributor>Congressional Research Service, Library of Congress</dc:contributor>
<dc:description>This file contains bill summaries for federal legislation. A bill summary describes the most significant provisions of a piece of legislation and details the effects the legislative text may have on current law and federal programs. Bill summaries are authored by the Congressional Research Service (CRS) of the Library of Congress. As stated in Public Law 91-510 (2 USC 166 (d)(6)), one of the duties of CRS is "to prepare summaries and digests of bills and resolutions of a public general nature introduced in the Senate or House of Representatives". For more information, refer to the User Guide that accompanies this file.</dc:description>
</dublinCore>
</BillSummaries>
