<?xml version="1.0" encoding="UTF-8"?>
<BillSummaries>
<item congress="113" measure-type="hr" measure-number="917" measure-id="id113hr917" originChamber="HOUSE" orig-publish-date="2013-02-28" update-date="2013-03-18">
<title>Sunshine in the Courtroom Act of 2013</title>
<summary summary-id="id113hr917v00" currentChamber="HOUSE" update-date="2013-03-18">
<action-date>2013-02-28</action-date>
<action-desc>Introduced in House</action-desc>
<summary-text><![CDATA[<p>Sunshine in the Courtroom Act of 2013 - Authorizes the presiding judge of a U.S. appellate court (including the Supreme Court) or U.S. district court to permit the photographing, electronic recording, broadcasting, or televising to the public of court proceedings over which that judge presides, except when such action would constitute a violation of the due process rights of any party.</p> <p>Directs: (1) a district court, upon the request of any witness in a trial proceeding other than a party, to order the face and voice of the witness to be disguised or otherwise obscured to render the witness unrecognizable for purposes of photographing, recording, broadcasting, or televising the witness; and (2) the presiding judge in a trial proceeding to inform each witness who is not a party of the right to make such request. </p> <p>Authorizes the Judicial Conference to promulgate mandatory guidelines with respect to the management and administration of photographing, recording, broadcasting, or televising described in this Act.</p> <p>Terminates a district court's authority under this Act three years after enactment of this Act. </p>]]></summary-text>
</summary>
</item>
<dublinCore xmlns:dc="http://purl.org/dc/elements/1.1/">
<dc:format>text/xml</dc:format>
<dc:language>EN</dc:language>
<dc:rights>Pursuant to Title 17 Section 105 of the United States Code, this file is not subject to copyright protection and is in the public domain.</dc:rights>
<dc:contributor>Congressional Research Service, Library of Congress</dc:contributor>
<dc:description>This file contains bill summaries for federal legislation. A bill summary describes the most significant provisions of a piece of legislation and details the effects the legislative text may have on current law and federal programs. Bill summaries are authored by the Congressional Research Service (CRS) of the Library of Congress. As stated in Public Law 91-510 (2 USC 166 (d)(6)), one of the duties of CRS is "to prepare summaries and digests of bills and resolutions of a public general nature introduced in the Senate or House of Representatives". For more information, refer to the User Guide that accompanies this file.</dc:description>
</dublinCore>
</BillSummaries>
