<?xml version="1.0" encoding="UTF-8"?>
<BillSummaries>
<item congress="113" measure-type="hr" measure-number="508" measure-id="id113hr508" originChamber="HOUSE" orig-publish-date="2013-02-05" update-date="2013-03-07">
<title>TRIA Reauthorization Act of 2013</title>
<summary summary-id="id113hr508v00" currentChamber="HOUSE" update-date="2013-03-07">
<action-date>2013-02-05</action-date>
<action-desc>Introduced in House</action-desc>
<summary-text><![CDATA[<p>Terrorism Risk Insurance Act of 2002 Reauthorization Act of 2013 or the TRIA Reauthorization Act of 2013 - Amends the Terrorism Risk Insurance Act of 2002 to extend the Terrorism Insurance Program until December 31, 2019 (under current law the Program expires on December 31, 2014).</p> <p>Requires the Secretary of the Treasury to collect all required terrorism loss risk-spreading premiums for any act of terrorism that occurs on or after January 1, 2012, by September 30, 2024 (currently, by September 30, 2017).</p>]]></summary-text>
</summary>
</item>
<dublinCore xmlns:dc="http://purl.org/dc/elements/1.1/">
<dc:format>text/xml</dc:format>
<dc:language>EN</dc:language>
<dc:rights>Pursuant to Title 17 Section 105 of the United States Code, this file is not subject to copyright protection and is in the public domain.</dc:rights>
<dc:contributor>Congressional Research Service, Library of Congress</dc:contributor>
<dc:description>This file contains bill summaries for federal legislation. A bill summary describes the most significant provisions of a piece of legislation and details the effects the legislative text may have on current law and federal programs. Bill summaries are authored by the Congressional Research Service (CRS) of the Library of Congress. As stated in Public Law 91-510 (2 USC 166 (d)(6)), one of the duties of CRS is "to prepare summaries and digests of bills and resolutions of a public general nature introduced in the Senate or House of Representatives". For more information, refer to the User Guide that accompanies this file.</dc:description>
</dublinCore>
</BillSummaries>
