<?xml version="1.0" encoding="UTF-8"?>
<BillSummaries>
<item congress="113" measure-type="hr" measure-number="569" measure-id="id113hr569" originChamber="HOUSE" orig-publish-date="2013-02-06" update-date="2013-02-26">
<title>Veterans' Compensation Cost-of-Living Adjustment Act of 2013</title>
<summary summary-id="id113hr569v00" currentChamber="HOUSE" update-date="2013-02-26">
<action-date>2013-02-06</action-date>
<action-desc>Introduced in House</action-desc>
<summary-text><![CDATA[<p> Veterans' Compensation Cost-of-Living Adjustment Act of 2013 - Directs the Secretary of Veterans Affairs (VA) to increase, as of December 1, 2013, the rates of veterans' disability compensation, additional compensation for dependents, the clothing allowance for certain disabled veterans, and dependency and indemnity compensation for surviving spouses and children.</p> <p>Requires each such increase to be the same percentage as the increase in benefits provided under title II (Old Age, Survivors and Disability Insurance) of the Social Security Act, on the same effective date.</p>]]></summary-text>
</summary>
</item>
<dublinCore xmlns:dc="http://purl.org/dc/elements/1.1/">
<dc:format>text/xml</dc:format>
<dc:language>EN</dc:language>
<dc:rights>Pursuant to Title 17 Section 105 of the United States Code, this file is not subject to copyright protection and is in the public domain.</dc:rights>
<dc:contributor>Congressional Research Service, Library of Congress</dc:contributor>
<dc:description>This file contains bill summaries for federal legislation. A bill summary describes the most significant provisions of a piece of legislation and details the effects the legislative text may have on current law and federal programs. Bill summaries are authored by the Congressional Research Service (CRS) of the Library of Congress. As stated in Public Law 91-510 (2 USC 166 (d)(6)), one of the duties of CRS is "to prepare summaries and digests of bills and resolutions of a public general nature introduced in the Senate or House of Representatives". For more information, refer to the User Guide that accompanies this file.</dc:description>
</dublinCore>
</BillSummaries>
