<?xml version="1.0" encoding="UTF-8"?>
<BillSummaries>
<item congress="113" measure-type="hr" measure-number="996" measure-id="id113hr996" originChamber="HOUSE" orig-publish-date="2013-03-06" update-date="2014-07-18">
<title>Invasive Fish and Wildlife Prevention Act</title>
<summary summary-id="id113hr996v00" currentChamber="HOUSE" update-date="2014-07-18">
<action-date>2013-03-06</action-date>
<action-desc>Introduced in House</action-desc>
<summary-text><![CDATA[<p>Invasive Fish and Wildlife Prevention Act - Authorizes any person, entity, or the Director of the United States Fish and Wildlife Service to propose the regulation of nonnative wildlife taxa. Requires the Director to determine whether the proposal should be approved within 180 days. </p> <p>Requires the Director to promulgate regulations to: (1) specify the criteria for regulating a nonnative taxon as an Injurious I taxon or Injurious II taxon that is injurious to humans, agriculture, horticulture, forestry, wildlife, or wildlife resources; (2) establish a process for assessing and analyzing the risks of taxa that may have been imported into or found in interstate commerce; and (3) designate a wildlife taxon that was previously designated as injurious by statute or the Secretary of the Interior as an Injurious I or Injurious II taxon.</p> <p>Requires the Secretary, not later than three years after enactment of this Act, to: (1) define the phrase &quot;non-native wildlife taxa novel to the United States&quot;; (2) establish a process to ensure that all such taxa are thereafter reviewed by the Director to determine whether they should be regulated as Injurious I or Injurious II taxa prior to allowing their importation; and (3) seek to avoid, in promulgating such regulation, creating a new incentive for animal importers to import novel taxa prior to the effective date of such regulation.</p> <p>Requires the Director, prior to designating a taxon as an Injurious I or Injurious II taxon, to prepare a risk determination.</p> <p>Authorizes the Director to immediately and temporarily designate a nonnative wildlife taxon as Injurious I if an emergency exists because such unregulated taxon poses an imminent threat of harm to individuals in, or wildlife of, the United States or to the U.S. economy or environment.</p> <p>Requires the Director to: (1) establish an electronic, publicly available database that describes all quantities of imports of all live wildlife and the regulatory status of such wildlife; (2) monitor and report on the identities and quantities of nonnative wildlife taxa being imported; and (3) make more rapid determinations on proposals for regulation of importations or shipments of injurious mammals, birds, fish, amphibia, and reptiles under the Lacey Act by requiring the Secretary to forego time-consuming optional administrative steps that are not essential and by authorizing the Secretary to forego economic impact analyses.</p> <p>Gives the Secretary the primary authority to prevent the importation of, and interstate commerce in, wildlife pathogens and harmful parasites. Requires the Secretary to promulgate regulations to impose import restrictions to prevent the importation of, and commerce in, such pathogens and parasites. Establishes exemptions to such requirement. </p> <p>Prohibits any person from: (1) importing or knowingly possessing such an Injurious I or Injurious II taxon, or the descendant of such an animal, that was imported in violation of this Act; (2) engaging in interstate commerce for or knowingly possessing such an animal that was transported in interstate commerce in violation of this Act; and (3) releasing any such taxon into the wild. Sets forth exemptions from such prohibitions. Authorizes the Director to issue permits to qualified institutions to authorize actions otherwise prohibited for such taxon. </p> <p>Establishes civil and criminal penalties for violations of this Act.</p> <p>Requires the Secretary to adopt a fee to be charged on imported live wildlife shipments, excluding shipments made by qualified institutions for scientific, veterinary, or medical research, education, conservation outreach, or display purposes. </p> <p>Establishes the Injurious Wildlife Prevention Fund to carry out this Act.</p>]]></summary-text>
</summary>
</item>
<dublinCore xmlns:dc="http://purl.org/dc/elements/1.1/">
<dc:format>text/xml</dc:format>
<dc:language>EN</dc:language>
<dc:rights>Pursuant to Title 17 Section 105 of the United States Code, this file is not subject to copyright protection and is in the public domain.</dc:rights>
<dc:contributor>Congressional Research Service, Library of Congress</dc:contributor>
<dc:description>This file contains bill summaries for federal legislation. A bill summary describes the most significant provisions of a piece of legislation and details the effects the legislative text may have on current law and federal programs. Bill summaries are authored by the Congressional Research Service (CRS) of the Library of Congress. As stated in Public Law 91-510 (2 USC 166 (d)(6)), one of the duties of CRS is "to prepare summaries and digests of bills and resolutions of a public general nature introduced in the Senate or House of Representatives". For more information, refer to the User Guide that accompanies this file.</dc:description>
</dublinCore>
</BillSummaries>
