<?xml version="1.0" encoding="UTF-8"?>
<BillSummaries>
<item congress="113" measure-type="hr" measure-number="509" measure-id="id113hr509" originChamber="HOUSE" orig-publish-date="2013-02-05" update-date="2013-02-15">
<title>TEAM-Employment Act of 2013</title>
<summary summary-id="id113hr509v00" currentChamber="HOUSE" update-date="2013-02-15">
<action-date>2013-02-05</action-date>
<action-desc>Introduced in House</action-desc>
<summary-text><![CDATA[<p>Transition toward Excellence, Achievement, and Mobility through Employment Act of 2013 or TEAM-Employment Act of 2013 - Amends the Rehabilitation Act of 1973 to extend from 18 to 48 months the length of time a designated state unit may provide supported employment services, including: (1) activities related to customized employment, or (2) a set of activities implemented during the search for employment leading to an integrated employment outcome for an individual with a disability.</p> <p>Authorizes the Commissioner of the Rehabilitation Services Administration of the Department of Education to make up to ten grants to or contracts with eligible entities to pay all or part of the cost of special demonstration programs that expand and improve rehabilitation, employment, and other services for adults and youths with disabilities. </p> <p>Authorizes the Assistant Secretary of Education for Special Education and Rehabilitative Services to provide, for FY2014-FY2018, grants to eligible entities to carry out certain activities to help youths between the ages of 14 and 26 with significant disabilities to transition to adulthood.</p> <p>Includes among such activities development and provision of: (1) innovative and effective practices through person-centered planning processes for attaining integrated employment experiences, including customized employment, supported employment services, and employment experiences after school, on weekends, and in the summer months; (2) certain educational-, work-, and family-related objectives and activities based upon the highest expectations of such youths; (3) appropriate and effective curricula and the deployment of professionals with expertise to provide training to school personnel to assist such youths to obtain integrated employment at the greater of minimum or competitive wages; and (4) assistance to such youths and their families to help determine appropriate services under federal and state programs.</p> <p>Limits an eligible entity to one grant or contract during a five-year period.</p> <p>Prohibits the use of grant funds for activities that result in such youths being placed in facility-based segregated services as an employment outcome or post-secondary outcome.</p> <p>Establishes a National Coordination Center on Systems Change and Transformation in the Transition of Youths with Significant Disabilities into Adulthood.</p>]]></summary-text>
</summary>
</item>
<dublinCore xmlns:dc="http://purl.org/dc/elements/1.1/">
<dc:format>text/xml</dc:format>
<dc:language>EN</dc:language>
<dc:rights>Pursuant to Title 17 Section 105 of the United States Code, this file is not subject to copyright protection and is in the public domain.</dc:rights>
<dc:contributor>Congressional Research Service, Library of Congress</dc:contributor>
<dc:description>This file contains bill summaries for federal legislation. A bill summary describes the most significant provisions of a piece of legislation and details the effects the legislative text may have on current law and federal programs. Bill summaries are authored by the Congressional Research Service (CRS) of the Library of Congress. As stated in Public Law 91-510 (2 USC 166 (d)(6)), one of the duties of CRS is "to prepare summaries and digests of bills and resolutions of a public general nature introduced in the Senate or House of Representatives". For more information, refer to the User Guide that accompanies this file.</dc:description>
</dublinCore>
</BillSummaries>
