<?xml version="1.0" encoding="UTF-8"?>
<BillSummaries>
<item congress="113" measure-type="hr" measure-number="36" measure-id="id113hr36" originChamber="HOUSE" orig-publish-date="2013-01-03" update-date="2013-01-07">
<title>Health Care Safety Net Enhancement Act of 2013</title>
<summary summary-id="id113hr36v00" currentChamber="HOUSE" update-date="2013-01-07">
<action-date>2013-01-03</action-date>
<action-desc>Introduced in House</action-desc>
<summary-text><![CDATA[<p>Health Care Safety Net Enhancement Act of 2013 - Amends the Public Health Service Act to deem a hospital or an emergency department and a physician or physician group of such hospital or emergency department to be an employee of the Public Health Service for purposes of any civil action that may arise due to providing emergency and post-stabilization services on or after January 1, 2014.</p>]]></summary-text>
</summary>
</item>
<dublinCore xmlns:dc="http://purl.org/dc/elements/1.1/">
<dc:format>text/xml</dc:format>
<dc:language>EN</dc:language>
<dc:rights>Pursuant to Title 17 Section 105 of the United States Code, this file is not subject to copyright protection and is in the public domain.</dc:rights>
<dc:contributor>Congressional Research Service, Library of Congress</dc:contributor>
<dc:description>This file contains bill summaries for federal legislation. A bill summary describes the most significant provisions of a piece of legislation and details the effects the legislative text may have on current law and federal programs. Bill summaries are authored by the Congressional Research Service (CRS) of the Library of Congress. As stated in Public Law 91-510 (2 USC 166 (d)(6)), one of the duties of CRS is "to prepare summaries and digests of bills and resolutions of a public general nature introduced in the Senate or House of Representatives". For more information, refer to the User Guide that accompanies this file.</dc:description>
</dublinCore>
</BillSummaries>
