<?xml version="1.0" encoding="UTF-8"?>
<BillSummaries>
<item congress="113" measure-type="hr" measure-number="309" measure-id="id113hr309" originChamber="HOUSE" orig-publish-date="2013-01-18" update-date="2013-01-22">
<title>Regulatory Sunset and Review Act of 2013</title>
<summary summary-id="id113hr309v00" currentChamber="HOUSE" update-date="2013-01-22">
<action-date>2013-01-18</action-date>
<action-desc>Introduced in House</action-desc>
<summary-text><![CDATA[<p>Regulatory Sunset and Review Act of 2013 - Requires federal agencies to review their covered rules and modify, consolidate, or terminate such rules on a periodic basis. Defines "covered rule" to include a significant rule that is likely to result in an annual effect on the economy of $100 million or more or any other rule designated by an agency for sunset review. </p> <p>Allows a person adversely affected by a rule that is not a significant rule to submit a petition for sunset review of such rule. Provides for sunset review of a rule upon the request of a congressional committee or a majority of the members of such committee.</p> <p>Requires the Administrator of the Office of Information and Regulatory Affairs of the Office of Management and Budget (OMB) to: (1) conduct an inventory of existing rules and deadlines for their sunset review; (2) prioritize rules for sunset review based on specified criteria, including the cost of the rule and the burden of reviewing it; (3) group related rules for simultaneous review; (4) provide guidance to agencies for conducting sunset reviews; and (5) provide feedback to agencies on sunset reviews and results. Requires a new significant rule to be reviewed: (1) within three years after taking effect, or (2) within seven years after taking effect if the rule is issued pursuant to negotiated rulemaking procedures or if compliance with the rule requires substantial capital investment.</p> <p>Requires each federal agency to designate a Regulatory Review Officer with responsibility for implementation of this Act. </p> <p>Provides for judicial review of a denial or delay in granting or denying a petition for sunset review of a rule.</p>]]></summary-text>
</summary>
</item>
<dublinCore xmlns:dc="http://purl.org/dc/elements/1.1/">
<dc:format>text/xml</dc:format>
<dc:language>EN</dc:language>
<dc:rights>Pursuant to Title 17 Section 105 of the United States Code, this file is not subject to copyright protection and is in the public domain.</dc:rights>
<dc:contributor>Congressional Research Service, Library of Congress</dc:contributor>
<dc:description>This file contains bill summaries for federal legislation. A bill summary describes the most significant provisions of a piece of legislation and details the effects the legislative text may have on current law and federal programs. Bill summaries are authored by the Congressional Research Service (CRS) of the Library of Congress. As stated in Public Law 91-510 (2 USC 166 (d)(6)), one of the duties of CRS is "to prepare summaries and digests of bills and resolutions of a public general nature introduced in the Senate or House of Representatives". For more information, refer to the User Guide that accompanies this file.</dc:description>
</dublinCore>
</BillSummaries>
