<?xml version="1.0" encoding="UTF-8"?>
<BillSummaries>
<item congress="113" measure-type="hr" measure-number="193" measure-id="id113hr193" originChamber="HOUSE" orig-publish-date="2013-01-04" update-date="2013-01-15">
<title>Seed Availability and Competition Act of 2013</title>
<summary summary-id="id113hr193v00" currentChamber="HOUSE" update-date="2013-01-15">
<action-date>2013-01-04</action-date>
<action-desc>Introduced in House</action-desc>
<summary-text><![CDATA[<p>Seed Availability and Competition Act of 2013 - Permits a person who plants patented seed or seed derived from patented seed to retain harvested seed for replanting by such person if that person: (1) notifies the Secretary of Agriculture (USDA) of the type and quantity of seed to be retained, and (2) pays the appropriate fee established by the Secretary. </p> <p>Establishes the Patented Seed Fund in the Treasury into which such fees shall be deposited and from which the Secretary shall pay appropriate fees to patent holders.</p> <p>Imposes an additional duty on the imported product of exported genetically modified seed on which royalties or other fees are charged by the patent owner to purchasers of the seed in the United States and on which no fees or lesser fees are charged to purchasers of the exported seed in a foreign country. Requires that such duties be deposited in the Fund for distribution to the appropriate patent holders.</p>]]></summary-text>
</summary>
</item>
<dublinCore xmlns:dc="http://purl.org/dc/elements/1.1/">
<dc:format>text/xml</dc:format>
<dc:language>EN</dc:language>
<dc:rights>Pursuant to Title 17 Section 105 of the United States Code, this file is not subject to copyright protection and is in the public domain.</dc:rights>
<dc:contributor>Congressional Research Service, Library of Congress</dc:contributor>
<dc:description>This file contains bill summaries for federal legislation. A bill summary describes the most significant provisions of a piece of legislation and details the effects the legislative text may have on current law and federal programs. Bill summaries are authored by the Congressional Research Service (CRS) of the Library of Congress. As stated in Public Law 91-510 (2 USC 166 (d)(6)), one of the duties of CRS is "to prepare summaries and digests of bills and resolutions of a public general nature introduced in the Senate or House of Representatives". For more information, refer to the User Guide that accompanies this file.</dc:description>
</dublinCore>
</BillSummaries>
