<?xml version="1.0" encoding="UTF-8"?>
<BillSummaries>
<item congress="113" measure-type="hr" measure-number="292" measure-id="id113hr292" originChamber="HOUSE" orig-publish-date="2013-01-15" update-date="2013-02-15">
<title>New Columbia Admission Act</title>
<summary summary-id="id113hr292v00" currentChamber="HOUSE" update-date="2013-02-15">
<action-date>2013-01-15</action-date>
<action-desc>Introduced in House</action-desc>
<summary-text><![CDATA[<p>New Columbia Admission Act - Sets forth procedures for admission into the United States of the state of New Columbia. <p>Requires the Mayor of the District of Columbia to: (1) submit to the eligible voters propositions for statehood and adoption of a State Constitution, and (2) issue a proclamation for the first elections to Congress of two Senators and one Representative of New Columbia. Requires the President, upon adoption of such propositions and certification of such elections, to issue a proclamation announcing the results and admitting New Columbia into the Union. <p>Provides for conversion of District government offices to state offices. <p>Provides that New Columbia shall consist of all territory of the District as of the enactment of this Act, excluding land within specified metes and bounds that shall remain the District of Columbia and that shall include the principal federal monuments, the White House, the Capitol Building, the Supreme Court Building, the federal executive, legislative, and judicial office buildings located adjacent to the Mall and the Capitol Building, and certain military property. <p>Prohibits New Columbia from imposing taxes on federal property except as provided by Congress. <p>Maintains the applicability to New Columbia of current District laws and continues pending judicial proceedings. <p>Maintains: (1) the District of Columbia as the seat of the federal government, and (2) the federal government's authority over military lands and specified other property. <p>Requires each state that is the last place an individual resided before residing in the District of Columbia to permit such individual to vote in federal elections by absentee ballot. Sets forth a rule for expedited consideration of a joint resolution proposing an amendment to the Constitution to repeal the 23rd amendment (which provides for the appointment of electors for President and Vice President for the District).]]></summary-text>
</summary>
</item>
<dublinCore xmlns:dc="http://purl.org/dc/elements/1.1/">
<dc:format>text/xml</dc:format>
<dc:language>EN</dc:language>
<dc:rights>Pursuant to Title 17 Section 105 of the United States Code, this file is not subject to copyright protection and is in the public domain.</dc:rights>
<dc:contributor>Congressional Research Service, Library of Congress</dc:contributor>
<dc:description>This file contains bill summaries for federal legislation. A bill summary describes the most significant provisions of a piece of legislation and details the effects the legislative text may have on current law and federal programs. Bill summaries are authored by the Congressional Research Service (CRS) of the Library of Congress. As stated in Public Law 91-510 (2 USC 166 (d)(6)), one of the duties of CRS is "to prepare summaries and digests of bills and resolutions of a public general nature introduced in the Senate or House of Representatives". For more information, refer to the User Guide that accompanies this file.</dc:description>
</dublinCore>
</BillSummaries>
