<?xml version="1.0" encoding="UTF-8"?>
<BillSummaries>
<item congress="113" measure-type="hr" measure-number="533" measure-id="id113hr533" originChamber="HOUSE" orig-publish-date="2013-02-06" update-date="2013-02-25">
<title>Land Management Workforce Flexibility Act</title>
<summary summary-id="id113hr533v00" currentChamber="HOUSE" update-date="2013-02-25">
<action-date>2013-02-06</action-date>
<action-desc>Introduced in House</action-desc>
<summary-text><![CDATA[<p> Land Management Workforce Flexibility Act - Makes an employee of a land management agency who served under a time-limited appointment in the competitive service eligible to compete for a permanent appointment in the agency if the original appointment was competitive, totaled a period of at least 24 months, and the employee's performance was satisfactory. Requires such an employee's appointment to a full-time position, if such a position is offered and the employee agrees to such employment, if the original position stated that there was the potential for the position to become permanent.]]></summary-text>
</summary>
</item>
<dublinCore xmlns:dc="http://purl.org/dc/elements/1.1/">
<dc:format>text/xml</dc:format>
<dc:language>EN</dc:language>
<dc:rights>Pursuant to Title 17 Section 105 of the United States Code, this file is not subject to copyright protection and is in the public domain.</dc:rights>
<dc:contributor>Congressional Research Service, Library of Congress</dc:contributor>
<dc:description>This file contains bill summaries for federal legislation. A bill summary describes the most significant provisions of a piece of legislation and details the effects the legislative text may have on current law and federal programs. Bill summaries are authored by the Congressional Research Service (CRS) of the Library of Congress. As stated in Public Law 91-510 (2 USC 166 (d)(6)), one of the duties of CRS is "to prepare summaries and digests of bills and resolutions of a public general nature introduced in the Senate or House of Representatives". For more information, refer to the User Guide that accompanies this file.</dc:description>
</dublinCore>
</BillSummaries>
