<?xml version="1.0" encoding="UTF-8"?>
<BillSummaries>
<item congress="113" measure-type="hr" measure-number="433" measure-id="id113hr433" originChamber="HOUSE" orig-publish-date="2013-01-29" update-date="2013-02-12">
<title>Pine Forest Range Recreation Enhancement Act of 2013</title>
<summary summary-id="id113hr433v00" currentChamber="HOUSE" update-date="2013-02-12">
<action-date>2013-01-29</action-date>
<action-desc>Introduced in House</action-desc>
<summary-text><![CDATA[<p>Pine Forest Range Recreation Enhancement Act of 2013 - Designates specified federal land managed by the Bureau of Land Management (BLM) in Humboldt County, Nevada, and to be known as the Pine Forest Range Wilderness, as wilderness and as a component of the National Wilderness Preservation System. </p> <p>Releases BLM land in any part of the Blue Lakes and Alder Creek wilderness study areas not designated as wilderness by this Act from further study for wilderness designation. </p> <p>Authorizes the Secretary of the Interior to take necessary measures in the wilderness designated by this Act to control fire, insects, and diseases. </p> <p>Authorizes land exchanges involving identified federal and non-federal lands in Humboldt County. Incorporates acquired lands and interests in or adjoining the Pine Forest Range Wilderness Area into and administered as part of such wilderness area. </p>]]></summary-text>
</summary>
</item>
<dublinCore xmlns:dc="http://purl.org/dc/elements/1.1/">
<dc:format>text/xml</dc:format>
<dc:language>EN</dc:language>
<dc:rights>Pursuant to Title 17 Section 105 of the United States Code, this file is not subject to copyright protection and is in the public domain.</dc:rights>
<dc:contributor>Congressional Research Service, Library of Congress</dc:contributor>
<dc:description>This file contains bill summaries for federal legislation. A bill summary describes the most significant provisions of a piece of legislation and details the effects the legislative text may have on current law and federal programs. Bill summaries are authored by the Congressional Research Service (CRS) of the Library of Congress. As stated in Public Law 91-510 (2 USC 166 (d)(6)), one of the duties of CRS is "to prepare summaries and digests of bills and resolutions of a public general nature introduced in the Senate or House of Representatives". For more information, refer to the User Guide that accompanies this file.</dc:description>
</dublinCore>
</BillSummaries>
