<?xml version="1.0" encoding="UTF-8"?>
<BillSummaries>
<item congress="113" measure-type="hr" measure-number="743" measure-id="id113hr743" originChamber="HOUSE" orig-publish-date="2013-02-15" update-date="2013-04-09">
<title>Health Insurance Industry Fair Competition Act</title>
<summary summary-id="id113hr743v00" currentChamber="HOUSE" update-date="2013-04-09">
<action-date>2013-02-15</action-date>
<action-desc>Introduced in House</action-desc>
<summary-text><![CDATA[<p>Health Insurance Industry Fair Competition Act - Amends the McCarran-Ferguson Act to provide that nothing in that Act shall modify, impair, or supersede the operation of any of the antitrust laws with respect to the business of health insurance.</p> <p>Applies prohibitions against using unfair methods of competition to the business of health insurance without regard to whether such business is carried on for profit.</p>]]></summary-text>
</summary>
</item>
<dublinCore xmlns:dc="http://purl.org/dc/elements/1.1/">
<dc:format>text/xml</dc:format>
<dc:language>EN</dc:language>
<dc:rights>Pursuant to Title 17 Section 105 of the United States Code, this file is not subject to copyright protection and is in the public domain.</dc:rights>
<dc:contributor>Congressional Research Service, Library of Congress</dc:contributor>
<dc:description>This file contains bill summaries for federal legislation. A bill summary describes the most significant provisions of a piece of legislation and details the effects the legislative text may have on current law and federal programs. Bill summaries are authored by the Congressional Research Service (CRS) of the Library of Congress. As stated in Public Law 91-510 (2 USC 166 (d)(6)), one of the duties of CRS is "to prepare summaries and digests of bills and resolutions of a public general nature introduced in the Senate or House of Representatives". For more information, refer to the User Guide that accompanies this file.</dc:description>
</dublinCore>
</BillSummaries>
