<?xml version="1.0" encoding="UTF-8"?>
<BillSummaries>
<item congress="113" measure-type="hr" measure-number="313" measure-id="id113hr313" originChamber="HOUSE" orig-publish-date="2013-01-18" update-date="2013-08-27">
<title>GSA Act of 2013</title>
<summary summary-id="id113hr313v36" currentChamber="HOUSE" update-date="2013-08-27">
<action-date>2013-07-31</action-date>
<action-desc>Passed House amended</action-desc>
<summary-text><![CDATA[<p>Government Spending Accountability Act of 2013 or the GSA Act of 2013 - Requires each federal agency to post on its public website detailed information on employee presentations at conferences, including: (1) the prepared text of any verbal presentation; and (2) any visual, digital, video, or audio materials presented, including photographs, slides, and audio-visual recordings. Allows a waiver of such requirement for reasons of national security.</p> <p>Limits to $500,000 the amount that any agency may spend to support a single conference. Allows an agency head to waive such limitation for a specific conference after making a determination that a higher expenditure is justified as the most cost-effective option to achieve a compelling purpose. Requires the agency head to report to the appropriate congressional committees on any waiver granted and the justification for such waiver.</p> <p>Prohibits an agency from paying the travel expenses for more than 50 employees stationed in the United States to attend any international conference, unless the Secretary of State determines that attendance of such employees is in the national interest, or the agency head determines that attendance for such employees is critical to the agency's mission. Requires the Secretary and the agency head to report to the appropriate congressional committees on any waiver granted and the justification for such waiver. </p> <p>Requires each agency to post on its public website quarterly reports on each conference that costs more than $10,000 for which the agency paid travel expenses during the preceding 3 months that include: </p> <UL> <LI>itemized expenses, including travel, lodging, meal expenses, and any other agency expenditures to support the conference; <LI>the primary sponsor of the conference; <LI>the location and date of the conference; <LI>an explanation of how participation at the conference by agency employees advanced the mission of the agency; <LI>the title of any employee or other individual whose travel or conference expenses were paid by the agency; <LI>the total number of individuals whose travel or conference expenses were paid by the agency; and <li>for a conference for which the agency was the primary sponsor, a statement that: (1) describes the cost to the agency of selecting the specific conference venue and why such location was selected, (2) demonstrates the cost efficiency of the location, (3) provides a cost benefit analysis of holding a conference rather than conducting a teleconference, and (4) describes any financial support or assistance from a private entity used to pay or defray the costs of the conference and a certification from the agency head that no conflict of interest resulted from accepting such support or assistance. </li> </UL> <p>Limits agency travel expenses for FY2014-FY2018 to 70% of the aggregate amount of such expenses for FY2010. Allows an agency to exclude certain travel expenses from such limitation if the agency head determines that the inclusion of such expenses would undermine national security, international diplomacy, health and safety inspections, law enforcement, or site visits required for oversight or investigatory purposes. Requires agency heads to report to the House Committee on Oversight and Government Reform and the Senate Committee on Homeland Security and Governmental Affairs in each of FY2014-FY2018 on: (1) the justification for any expenses excluded; and (2) the positive or negative impacts, if any, of the limitation on travel expenses on the agency's mission, cost-effectiveness, efficiency, and ability to perform core functions. </p> <p>Requires the Director of the Office of Management and Budget (OMB), not later than September 30, 2013, to establish guidelines for determining what expenses constitute travel expenses for purposes of this Act. Exempts from such guidelines military travel expenses.</p>]]></summary-text>
</summary>
<summary summary-id="id113hr313v17" currentChamber="HOUSE" update-date="2013-08-27">
<action-date>2013-07-30</action-date>
<action-desc>Reported to House amended</action-desc>
<summary-text><![CDATA[<p>Government Spending Accountability Act of 2013 or the GSA Act of 2013 - Requires each federal agency to post on its public website detailed information on employee presentations at conferences, including: (1) the prepared text of any verbal presentation; and (2) any visual, digital, video, or audio materials presented, including photographs, slides, and audio-visual recordings. Allows a waiver of such requirement for reasons of national security.</p> <p>Limits to $500,000 the amount that any agency may spend to support a single conference. Allows an agency head to waive such limitation for a specific conference after making a determination that a higher expenditure is justified as the most cost-effective option to achieve a compelling purpose. Requires the agency head to report to the appropriate congressional committees on any waiver granted and the justification for such waiver. </p> <p>Prohibits an agency from paying the travel expenses for more than 50 employees stationed in the United States to attend any international conference, unless the Secretary of State determines that attendance of such employees is in the national interest, or the agency head determines that attendance for such employees is critical to the agency's mission. Requires the Secretary and the agency head to report to the appropriate congressional committees on any waiver granted and the justification for such waiver. </p> <p>Requires each agency to post on its public website quarterly reports on each conference that costs more than $10,000 for which the agency paid travel expenses during the preceding 3 months that include: </p> <ul> <li> itemized expenses, including travel, lodging, meal expenses, and any other agency expenditures to support the conference; </li> <li> the primary sponsor of the conference; </li> <li> the location and date of the conference; </li> <li> an explanation of how participation at the conference by agency employees advanced the mission of the agency; </li> <li> the title of any employee or other individual whose travel or conference expenses were paid by the agency; </li> <li>the total number of individuals whose travel or conference expenses were paid by the agency; and </li> <li> for a conference for which the agency was the primary sponsor, a statement that: (1) describes the cost to the agency of selecting the specific conference venue and why such location was selected, (2) demonstrates the cost efficiency of the location, (3) provides a cost benefit analysis of holding a conference rather than conducting a teleconference, and (4) describes any financial support or assistance from a private entity used to pay or defray the costs of the conference and a certification from the agency head that no conflict of interest resulted from accepting such support or assistance.</li> </ul> <p>Limits agency travel expenses for FY2014-FY2018 to 70% of the aggregate amount of such expenses for FY2010. Requires the Director of the Office of Management and Budget (OMB), not later than September 30, 2013, to establish guidelines for determining what expenses constitute travel expenses for purposes of this Act. Exempts from such guidelines military travel expenses.</p>]]></summary-text>
</summary>
<summary summary-id="id113hr313v00" currentChamber="HOUSE" update-date="2013-01-22">
<action-date>2013-01-18</action-date>
<action-desc>Introduced in House</action-desc>
<summary-text><![CDATA[<p>Government Spending Accountability Act of 2013 or the GSA Act of 2013 - Requires each federal agency to post on its public website detailed information on employee presentations at conferences, including: (1) the prepared text of any verbal presentation; and (2) any visual, digital, video, or audio materials presented, including photographs, slides, and audio-visual recordings.</p> <p>Limits to $500,000 the amount that any agency may spend to support a single conference. Allows an agency head to waive such limitation for a specific conference after making a determination that a higher expenditure is justified as the most cost-effective option to achieve a compelling purpose.</p> <p>Prohibits an agency from paying the travel expenses for more than 50 employees stationed in the United States to attend any international conference, unless the Secretary of State determines that attendance of such employees is in the national interest. </p> <p>Requires each agency to post on its public website quarterly reports on each conference for which the agency paid travel expenses during the preceding three months.</p> <p>Limits agency travel expenses for FY2014-FY2018 to 70% of the aggregate amount of such expenses for FY2010. Requires the Director of the Office of Management and Budget (OMB) to establish guidelines for determining what expenses constitute travel expenses for purposes of the ceiling imposed on such expenses. Exempts from such limitation military travel expenses. </p>]]></summary-text>
</summary>
</item>
<dublinCore xmlns:dc="http://purl.org/dc/elements/1.1/">
<dc:format>text/xml</dc:format>
<dc:language>EN</dc:language>
<dc:rights>Pursuant to Title 17 Section 105 of the United States Code, this file is not subject to copyright protection and is in the public domain.</dc:rights>
<dc:contributor>Congressional Research Service, Library of Congress</dc:contributor>
<dc:description>This file contains bill summaries for federal legislation. A bill summary describes the most significant provisions of a piece of legislation and details the effects the legislative text may have on current law and federal programs. Bill summaries are authored by the Congressional Research Service (CRS) of the Library of Congress. As stated in Public Law 91-510 (2 USC 166 (d)(6)), one of the duties of CRS is "to prepare summaries and digests of bills and resolutions of a public general nature introduced in the Senate or House of Representatives". For more information, refer to the User Guide that accompanies this file.</dc:description>
</dublinCore>
</BillSummaries>
