<?xml version="1.0" encoding="UTF-8"?>
<BillSummaries>
<item congress="113" measure-type="hr" measure-number="251" measure-id="id113hr251" originChamber="HOUSE" orig-publish-date="2013-01-15" update-date="2013-08-08">
<title>South Utah Valley Electric Conveyance Act</title>
<summary summary-id="id113hr251v49" currentChamber="BOTH" update-date="2013-08-08">
<action-date>2013-07-18</action-date>
<action-desc>Public Law</action-desc>
<summary-text><![CDATA[<p><b>(This measure has not been amended since it was introduced. The expanded summary of the House reported version is repeated here.)</b></p> <p>South Utah Valley Electric Conveyance Act - Requires the Secretary of the Interior, insofar as the Strawberry Water Users Association conveyed its interest in an electric distribution system to the South Utah Valley Electric Service District, to convey and assign to the District: (1) all interest of the United States in all fixtures owned by the United States as part of the electric distribution system and the federal lands and interests where the fixtures are located, (2) license for use in perpetuity of the shared power poles, and (3) licenses for use and access in perpetuity to specified project lands and interests and corridors where federal lands and interests are abutting public streets and roads and can provide access to facilities. </p> <p>Requires the District to assume all liability from the United States for the administration, operation, maintenance, and replacement of such electric distribution system. </p> <p>Requires the Secretary, before conveying such lands, interests, and fixtures, to be in compliance with all applicable requirements under the National Environmental Policy Act of 1969, the Endangered Species Act of 1973, and any other law applicable to such land and facilities.</p> <p>Prohibits anything, except for the uses as granted by license in the shared power poles, from being construed as granting or conveying to the District or any other party, any interest in any facilities comprising a part of the Strawberry Valley Project power generation system or the federally owned parts of the 46 kilovolt transmission system, the ownership of which shall remain in the United States. </p> <p>Prohibits, upon conveyance of any land or facility under this Act: (1) the conveyed and assigned land and facilities from any longer being considered as part of a federal reclamation project; (2) the District from being entitled to receive any future Bureau of Reclamation benefits respecting such land and facilities, except for those that would be available to other non-Bureau facilities; and (3) the United States from being liable for damages arising out of any act, omission, or occurrence related to the land and facilities, including the transaction specified above between the Association and the District. </p> <p>Requires the Secretary to report to Congress on the status of such conveyance, any obstacles to completing it, and the anticipated date for its completion, if the conveyance is not completed within one year of enactment of this Act. </p>]]></summary-text>
</summary>
<summary summary-id="id113hr251v82" currentChamber="SENATE" update-date="2013-09-11">
<action-date>2013-07-10</action-date>
<action-desc>Passed Senate without amendment</action-desc>
<summary-text><![CDATA[<p><b>(This measure has not been amended since it was introduced. The expanded summary of the House reported version is repeated here.)</b></p> <p>South Utah Valley Electric Conveyance Act - Requires the Secretary of the Interior, insofar as the Strawberry Water Users Association conveyed its interest in an electric distribution system to the South Utah Valley Electric Service District, to convey and assign to the District: (1) all interest of the United States in all fixtures owned by the United States as part of the electric distribution system and the federal lands and interests where the fixtures are located, (2) license for use in perpetuity of the shared power poles, and (3) licenses for use and access in perpetuity to specified project lands and interests and corridors where federal lands and interests are abutting public streets and roads and can provide access to facilities. </p> <p>Requires the District to assume all liability from the United States for the administration, operation, maintenance, and replacement of such electric distribution system. </p> <p>Requires the Secretary, before conveying such lands, interests, and fixtures, to be in compliance with all applicable requirements under the National Environmental Policy Act of 1969, the Endangered Species Act of 1973, and any other law applicable to such land and facilities.</p> <p>Prohibits anything, except for the uses as granted by license in the shared power poles, from being construed as granting or conveying to the District or any other party, any interest in any facilities comprising a part of the Strawberry Valley Project power generation system or the federally owned parts of the 46-kilovolt transmission system, the ownership of which shall remain in the United States. </p> <p>Prohibits, upon conveyance of any land or facility under this Act: (1) the conveyed and assigned land and facilities from any longer being considered as part of a federal reclamation project; (2) the District from being entitled to receive any future Bureau of Reclamation benefits respecting such land and facilities, except for those that would be available to other non-Bureau facilities; and (3) the United States from being liable for damages arising out of any act, omission, or occurrence related to the land and facilities, including the transaction specified above between the Association and the District. </p> <p>Requires the Secretary to report to Congress on the status of such conveyance, any obstacles to completing it, and the anticipated date for its completion, if the conveyance is not completed within one year of enactment of this Act. </p>]]></summary-text>
</summary>
<summary summary-id="id113hr251v81" currentChamber="HOUSE" update-date="2013-06-21">
<action-date>2013-06-11</action-date>
<action-desc>Passed House without amendment</action-desc>
<summary-text><![CDATA[<p><b>(This measure has not been amended since it was introduced. The expanded summary of the House reported version is repeated here.)</b></p> <p>South Utah Valley Electric Conveyance Act - Requires the Secretary of the Interior, insofar as the Strawberry Water Users Association conveyed its interest in an electric distribution system to the South Utah Valley Electric Service District, to convey and assign to the District: (1) all interest of the United States in all fixtures owned by the United States as part of the electric distribution system and the federal lands and interests where the fixtures are located, (2) license for use in perpetuity of the shared power poles, and (3) licenses for use and access in perpetuity to specified project lands and interests and corridors where federal lands and interests are abutting public streets and roads and can provide access to facilities. </p> <p>Requires the District to assume all liability from the United States for the administration, operation, maintenance, and replacement of such electric distribution system. </p> <p>Requires the Secretary, before conveying such lands, interests, and fixtures, to be in compliance with all applicable requirements under the National Environmental Policy Act of 1969, the Endangered Species Act of 1973, and any other law applicable to such land and facilities.</p> <p>Prohibits anything, except for the uses as granted by license in the shared power poles, from being construed as granting or conveying to the District or any other party, any interest in any facilities comprising a part of the Strawberry Valley Project power generation system or the federally owned parts of the 46 kilovolt transmission system, the ownership of which shall remain in the United States. </p> <p>Prohibits anything, except for the uses as granted by license in the shared power poles, from being construed as granting or conveying to the District or any other party, any interest in any facilities comprising a part of the Strawberry Valley Project power generation system or the federally owned parts of the 46 kilovolt transmission system, the ownership of which shall remain in the United States. </p> <p>Prohibits, upon conveyance of any land or facility under this Act: (1) the conveyed and assigned land and facilities from any longer being considered as part of a federal reclamation project; (2) the District from being entitled to receive any future Bureau of Reclamation benefits respecting such land and facilities, except for those that would be available to other non-Bureau facilities; and (3) the United States from being liable for damages arising out of any act, omission, or occurrence related to the land and facilities, including the transaction specified above between the Association and the District. </p> <p>Requires the Secretary to report to Congress on the status of such conveyance, any obstacles to completing it, and the anticipated date for its completion, if the conveyance is not completed within one year of enactment of this Act. </p>]]></summary-text>
</summary>
<summary summary-id="id113hr251v79" currentChamber="HOUSE" update-date="2013-09-11">
<action-date>2013-05-17</action-date>
<action-desc>Reported to House without amendment</action-desc>
<summary-text><![CDATA[<p><b>(This measure has not been amended since it was introduced. The summary has been expanded because action occurred on the measure.)</b></p> <p>South Utah Valley Electric Conveyance Act - Requires the Secretary of the Interior, insofar as the Strawberry Water Users Association conveyed its interest in an electric distribution system to the South Utah Valley Electric Service District, to convey and assign to the District: (1) all interest of the United States in all fixtures owned by the United States as part of the electric distribution system and the federal lands and interests where the fixtures are located, (2) license for use in perpetuity of the shared power poles, and (3) licenses for use and access in perpetuity to specified project lands and interests and corridors where federal lands and interests are abutting public streets and roads and can provide access to facilities. </p> <p>Requires the District to assume all liability from the United States for the administration, operation, maintenance, and replacement of such electric distribution system. </p> <p>Requires the Secretary, before conveying such lands, interests, and fixtures, to be in compliance with all applicable requirements under the National Environmental Policy Act of 1969, the Endangered Species Act of 1973, and any other law applicable to such land and facilities.</p> <p>Prohibits anything, except for the uses as granted by license in the shared power poles, from being construed as granting or conveying to the District or any other party, any interest in any facilities comprising a part of the Strawberry Valley Project power generation system or the federally owned parts of the 46-kilovolt transmission system, the ownership of which shall remain in the United States. </p> <p>Prohibits, upon conveyance of any land or facility under this Act: (1) the conveyed and assigned land and facilities from any longer being considered as part of a federal reclamation project; (2) the District from being entitled to receive any future Bureau of Reclamation benefits respecting such land and facilities, except for those that would be available to other non-Bureau facilities; and (3) the United States from being liable for damages arising out of any act, omission, or occurrence related to the land and facilities, including the transaction specified above between the Association and the District. </p> <p>Requires the Secretary to report to Congress on the status of such conveyance, any obstacles to completing it, and the anticipated date for its completion, if the conveyance is not completed within one year of enactment of this Act. </p>]]></summary-text>
</summary>
<summary summary-id="id113hr251v00" currentChamber="HOUSE" update-date="2013-01-17">
<action-date>2013-01-15</action-date>
<action-desc>Introduced in House</action-desc>
<summary-text><![CDATA[<p><strong></strong></p> <p>South Utah Valley Electric Conveyance Act - Requires the Secretary of the Interior, insofar as the Strawberry Water Users Association conveyed its interest in an electric distribution system to the South Utah Valley Electric Service District, to convey and assign to the District: (1) all interest of the United States in all fixtures owned by the United States as part of the electric distribution system and the federal lands and interests where the fixtures are located, (2) license for use in perpetuity of the shared power poles, and (3) licenses for use and access in perpetuity to specified project lands and interests and corridors where federal lands and interests are abutting public streets and roads and can provide access to facilities. </p>]]></summary-text>
</summary>
</item>
<dublinCore xmlns:dc="http://purl.org/dc/elements/1.1/">
<dc:format>text/xml</dc:format>
<dc:language>EN</dc:language>
<dc:rights>Pursuant to Title 17 Section 105 of the United States Code, this file is not subject to copyright protection and is in the public domain.</dc:rights>
<dc:contributor>Congressional Research Service, Library of Congress</dc:contributor>
<dc:description>This file contains bill summaries for federal legislation. A bill summary describes the most significant provisions of a piece of legislation and details the effects the legislative text may have on current law and federal programs. Bill summaries are authored by the Congressional Research Service (CRS) of the Library of Congress. As stated in Public Law 91-510 (2 USC 166 (d)(6)), one of the duties of CRS is "to prepare summaries and digests of bills and resolutions of a public general nature introduced in the Senate or House of Representatives". For more information, refer to the User Guide that accompanies this file.</dc:description>
</dublinCore>
</BillSummaries>
