<?xml version="1.0" encoding="UTF-8"?>
<BillSummaries>
<item congress="113" measure-type="hr" measure-number="756" measure-id="id113hr756" originChamber="HOUSE" orig-publish-date="2013-02-15" update-date="2013-04-26">
<title>Cybersecurity Enhancement Act of 2013</title>
<summary summary-id="id113hr756v36" currentChamber="HOUSE" update-date="2013-04-26">
<action-date>2013-04-16</action-date>
<action-desc>Passed House amended</action-desc>
<summary-text><![CDATA[<p><b>(This measure has not been amended since it was reported to the House on April 11, 2013. The summary of that version is repeated here.)</b> </p> <p>Cybersecurity Enhancement Act of 2013 - <b>Title I: Research and Development </b> <times> - (Sec. 103) Directs specified federal agencies participating in the National High-Performance Computing Program to: (1) transmit to Congress a cybersecurity strategic research and development plan and triennial updates, and (2) develop and annually update an implementation roadmap for such plan. </times> </p> <p>Instructs the participating agencies, in developing and updating the strategic plan, to solicit recommendations and advice from the advisory committee on high-performance computing and a wide range of specified stakeholders. </p> <p>Directs such agencies to establish a mechanism to track ongoing and completed federal cybersecurity research and development projects and associated funding. Requires such information to be made available to the public.</p> <p> (Sec. 104) Provides for the award of computer and network security research grants by the National Science Foundation (NSF) in the research areas of social and behavioral factors, including human-computer interactions, identity management, as well as the detection, investigation, and prosecution of cyber-crimes involving organized crime and crimes against children. Authorizes appropriations for FY2014-FY2016 for such grants. </p> <p>(Sec. 105) Requires applications for the establishment of Computer and Network Security Research Centers to include a description of how such Centers will partner with government laboratories, for-profit entities, other institutions of higher education, or nonprofit research institutions. Authorizes appropriations for FY2014-FY2016 for such Centers. </p> <p>Authorizes appropriations to NSF for FY2014-FY2016 for: (1) computer and network security capacity building grants, (2) grants under the Scientific and Advanced Technology Act for the national advanced scientific and technical education program and national centers of scientific and technical education, and (3) grants for graduate traineeships programs in computer and network security research. </p> <p>Repeals the Cyber Security Faculty Development Traineeship Program. </p> <p> (Sec. 106) Requires the NSF Director to continue carrying out a Scholarship for Service program under the Cyber Security Research and Development Act to recruit and train the next generation of federal cybersecurity professionals and to increase the capacity of the higher education system to produce an information technology workforce with the skills necessary to enhance the security of the nation's communications and information infrastructure. </p> <p>Requires the program to: (1) provide scholarships for tuition, fees, and a stipend for up to two years to students pursuing a bachelor's or master's degree and up to three years to students pursuing a doctoral degree in a cybersecurity field upon condition that a scholarship recipient, upon the completion of the degree, serves as a cybersecurity professional within the federal workforce (or in another specified cybersecurity capacity) for a specified period of time; (2) provide scholarship recipients with summer internships or other temporary appointments in the federal information technology workforce; and (3) increase, through competitive grants, the capacity of U.S. higher education institutions to produce highly qualified cybersecurity professionals. </p> <p>(Sec. 107) Directs the President to transmit a report to Congress addressing the cybersecurity workforce needs of the federal government. </p> <p> (Sec. 108) Requires the Director of the Office of Science and Technology Policy to convene a cybersecurity university-industry task force to explore mechanisms for carrying out collaborative research, development, education, and training activities through a consortium or other appropriate entity. Terminates the task force upon transmittal of a report to Congress. </p> <p> (Sec. 109) Revises provisions under the Cyber Security Research and Development Act concerning the development and dissemination by the National Institute of Standards and Technology (NIST) of security risk checklists associated with computer systems that are, or are likely to become, widely used within the federal government. </p> <p>Requires the NIST Director to establish priorities for the development, and revision as necessary, of security automation standards, associated reference materials (including protocols), and checklists associated with such systems in order to enable standardized and interoperable technologies, architectures, and frameworks to continuously monitor information security within the federal government. </p> <p>Instructs the NIST Director to ensure that federal agencies are informed of the availability of any standard, reference material, checklist, or other item developed pursuant to this section. </p> <p> (Sec. 110) Requires NIST to conduct <times> intramural security research activities under its computing standards program. </times></p> <p>(Sec. 111) Directs NSF and NIST to support research that will lead to the development of a scientific foundation for the field of cybersecurity, including research that increases understanding of securing complex networked systems, enables repeatable experimentation, and creates quantifiable security metrics.</p> <p><b>Title II: Advancement of Cybersecurity Technical Standards </b>- (Sec. 202) Requires the NIST Director to ensure the coordination of federal agencies engaged in the development of international technical standards related to information system security. Requires the development and transmittal to Congress of a plan to ensure coordination by such federal agencies. Instructs the Director to ensure consultation with appropriate private sector stakeholders. </p> <p>(Sec. 203) Requires the NIST Director, in collaboration with the federal Chief Information Officers Council, to continue to develop and encourage implementation of a comprehensive strategy for the use and adoption of cloud computing services by the federal government. </p> <p>Requires consideration to be given to activities that: (1) accelerate the development, in collaboration with the private sector, of standards that address the interoperability and portability of cloud computing services; (2) advance the development of conformance testing performed by the private sector in support of cloud computing standardization; and (3) support, in consultation with the private sector, the development of appropriate security frameworks and reference materials, and the identification of best practices, for federal agencies to use in addressing security and privacy requirements. </p> <p>(Sec. 204) Requires the NIST Director, in collaboration with the National Coordination Office of the Networking and Information Technology Research and Development program, to continue the coordination of a cybersecurity awareness and education program for increasing the knowledge, skills, and awareness of cybersecurity risks, consequences, and best practices through: (1) the widespread dissemination of cybersecurity technical standards and best practices identified by NIST; (2) efforts to make cybersecurity best practices usable by individuals, small to medium-sized businesses, state, local, and tribal governments, and educational institutions; (3) improving the state of cybersecurity education at all educational levels; and (4) efforts to attract, recruit, and retain qualified professionals to the federal cybersecurity workforce and improve the skills and training of such workforce. Requires the NIST Director to implement and transmit a strategic plan to Congress to guide federal programs and activities in support of a specified comprehensive cybersecurity awareness and education program. </p> <p>(Sec. 205) Requires the NIST Director to continue a program to support the development of technical standards, metrology, testbeds, and conformance criteria with regard to identity management research and development. </p> <p>(Sec. 206) Prohibits the authorization of any additional funds to carry out this Act and the amendments made by this Act. Requires this Act and the amendments made by this Act to be carried out using otherwise authorized or appropriated amounts. </p>]]></summary-text>
</summary>
<summary summary-id="id113hr756v17" currentChamber="HOUSE" update-date="2013-04-15">
<action-date>2013-04-11</action-date>
<action-desc>Reported to House amended</action-desc>
<summary-text><![CDATA[<p>Cybersecurity Enhancement Act of 2013 - <b>Title I: Research and Development </b> <times> - (Sec. 103) Directs specified federal agencies participating in the National High-Performance Computing Program to: (1) transmit to Congress a cybersecurity strategic research and development plan and triennial updates, and (2) develop and annually update an implementation roadmap for such plan. </times> </p> <p>Instructs the participating agencies, in developing and updating the strategic plan, to solicit recommendations and advice from the advisory committee on high-performance computing and a wide range of specified stakeholders. </p> <p>Directs such agencies to establish a mechanism to track ongoing and completed federal cybersecurity research and development projects and associated funding. Requires such information to be made available to the public.</p> <p> (Sec. 104) Provides for the award of computer and network security research grants by the National Science Foundation (NSF) in the research areas of social and behavioral factors, including human-computer interactions, identity management, as well as the detection, investigation, and prosecution of cyber-crimes involving organized crime and crimes against children. Authorizes appropriations for FY2014-FY2016 for such grants. </p> <p>(Sec. 105) Requires applications for the establishment of Computer and Network Security Research Centers to include a description of how such Centers will partner with government laboratories, for-profit entities, other institutions of higher education, or nonprofit research institutions. Authorizes appropriations for FY2014-FY2016 for such Centers. </p> <p>Authorizes appropriations to NSF for FY2014-FY2016 for: (1) computer and network security capacity building grants, (2) grants under the Scientific and Advanced Technology Act for the national advanced scientific and technical education program and national centers of scientific and technical education, and (3) grants for graduate traineeships programs in computer and network security research. </p> <p>Repeals the Cyber Security Faculty Development Traineeship Program. </p> <p> (Sec. 106) Requires the NSF Director to continue carrying out a Scholarship for Service program under the Cyber Security Research and Development Act to recruit and train the next generation of federal cybersecurity professionals and to increase the capacity of the higher education system to produce an information technology workforce with the skills necessary to enhance the security of the nation's communications and information infrastructure. </p> <p>Requires the program to: (1) provide scholarships for tuition, fees, and a stipend for up to two years to students pursuing a bachelor's or master's degree and up to three years to students pursuing a doctoral degree in a cybersecurity field upon condition that a scholarship recipient, upon the completion of the degree, serves as a cybersecurity professional within the federal workforce (or in another specified cybersecurity capacity) for a specified period of time; (2) provide scholarship recipients with summer internships or other temporary appointments in the federal information technology workforce; and (3) increase, through competitive grants, the capacity of U.S. higher education institutions to produce highly qualified cybersecurity professionals. </p> <p>(Sec. 107) Directs the President to transmit a report to Congress addressing the cybersecurity workforce needs of the federal government. </p> <p> (Sec. 108) Requires the Director of the Office of Science and Technology Policy to convene a cybersecurity university-industry task force to explore mechanisms for carrying out collaborative research, development, education, and training activities through a consortium or other appropriate entity. Terminates the task force upon transmittal of a report to Congress. </p> <p> (Sec. 109) Revises provisions under the Cyber Security Research and Development Act concerning the development and dissemination by the National Institute of Standards and Technology (NIST) of security risk checklists associated with computer systems that are, or are likely to become, widely used within the federal government. </p> <p>Requires the NIST Director to establish priorities for the development, and revision as necessary, of security automation standards, associated reference materials (including protocols), and checklists associated with such systems in order to enable standardized and interoperable technologies, architectures, and frameworks to continuously monitor information security within the federal government. </p> <p>Instructs the NIST Director to ensure that federal agencies are informed of the availability of any standard, reference material, checklist, or other item developed pursuant to this section. </p> <p> (Sec. 110) Requires NIST to conduct <times> intramural security research activities under its computing standards program. </times></p> <p>(Sec. 111) Directs NSF and NIST to support research that will lead to the development of a scientific foundation for the field of cybersecurity, including research that increases understanding of securing complex networked systems, enables repeatable experimentation, and creates quantifiable security metrics.</p> <p><b>Title II: Advancement of Cybersecurity Technical Standards </b>- (Sec. 202) Requires the NIST Director to ensure the coordination of federal agencies engaged in the development of international technical standards related to information system security. Requires the development and transmittal to Congress of a plan to ensure coordination by such federal agencies. Instructs the Director to ensure consultation with appropriate private sector stakeholders. </p> <p>(Sec. 203) Requires the NIST Director, in collaboration with the federal Chief Information Officers Council, to continue to develop and encourage implementation of a comprehensive strategy for the use and adoption of cloud computing services by the federal government. </p> <p>Requires consideration to be given to activities that: (1) accelerate the development, in collaboration with the private sector, of standards that address the interoperability and portability of cloud computing services; (2) advance the development of conformance testing performed by the private sector in support of cloud computing standardization; and (3) support, in consultation with the private sector, the development of appropriate security frameworks and reference materials, and the identification of best practices, for federal agencies to use in addressing security and privacy requirements. </p> <p>(Sec. 204) Requires the NIST Director, in collaboration with the National Coordination Office of the Networking and Information Technology Research and Development program, to continue the coordination of a cybersecurity awareness and education program for increasing the knowledge, skills, and awareness of cybersecurity risks, consequences, and best practices through: (1) the widespread dissemination of cybersecurity technical standards and best practices identified by NIST; (2) efforts to make cybersecurity best practices usable by individuals, small to medium-sized businesses, state, local, and tribal governments, and educational institutions; (3) improving the state of cybersecurity education at all educational levels; and (4) efforts to attract, recruit, and retain qualified professionals to the federal cybersecurity workforce and improve the skills and training of such workforce. Requires the NIST Director to implement and transmit a strategic plan to Congress to guide federal programs and activities in support of a specified comprehensive cybersecurity awareness and education program. </p> <p>(Sec. 205) Requires the NIST Director to continue a program to support the development of technical standards, metrology, testbeds, and conformance criteria with regard to identity management research and development. </p> <p>(Sec. 206) Prohibits the authorization of any additional funds to carry out this Act and the amendments made by this Act. Requires this Act and the amendments made by this Act to be carried out using otherwise authorized or appropriated amounts. </p>]]></summary-text>
</summary>
<summary summary-id="id113hr756v00" currentChamber="HOUSE" update-date="2013-03-11">
<action-date>2013-02-15</action-date>
<action-desc>Introduced in House</action-desc>
<summary-text><![CDATA[<p>Cybersecurity Enhancement Act of 2013 - <times>Directs specified federal agencies participating in the National High-Performance Computing Program to: (1) transmit to Congress a cybersecurity strategic research and development plan and triennial updates, and (2) develop and annually update an implementation roadmap for such plan. </times></p> <p> Provides for the award of computer and network security research grants by the National Science Foundation (NSF) in the research areas of social and behavioral factors, including human-computer interactions, identity management, as well as the detection, investigation, and prosecution of cyber-crimes involving organized crime and crimes against children. </p> <p>Requires applications for the establishment of Computer and Network Security Research Centers to include a description of how such Centers will partner with government laboratories, for-profit entities, other institutions of higher education, or nonprofit research institutions. </p> <p>Repeals the Cyber Security Faculty Development Traineeship Program. </p> <p> Requires the NSF Director to continue carrying out a Scholarship for Service program under the Cyber Security Research and Development Act. </p> <p>Directs the President to transmit a report to Congress addressing the cybersecurity workforce needs of the federal government. </p> <p> Requires the Director of the Office of Science and Technology Policy to convene a cybersecurity university-industry task force to explore mechanisms for carrying out collaborative R&amp;D activities. Terminates the task force upon transmittal of a report to Congress. </p> <p> Revises provisions under the Cyber Security Research and Development Act concerning the development and dissemination by the National Institute of Standards and Technology (NIST) of security risk checklists associated with computer systems that are, or are likely to become, widely used within the federal government. </p> <p>Requires the NIST to: (1) establish priorities for the development, and revision as necessary, of security automation standards, associated reference materials (including protocols), and checklists associated with such systems in order to enable standardized and interoperable technologies, architectures, and frameworks to continuously monitor information security within the federal government; (2) conduct intramural security research activities under its computing standards program; (3) ensure the coordination of federal agencies engaged in the development of international technical standards related to information system security; and (4) continue to encourage implementation of a comprehensive strategy for the use and adoption of cloud computing services, to coordinate a cybersecurity awareness and education program, and to develop technical standards, metrology, testbeds, and conformance criteria with regard to identity management research and development.</p>]]></summary-text>
</summary>
</item>
<dublinCore xmlns:dc="http://purl.org/dc/elements/1.1/">
<dc:format>text/xml</dc:format>
<dc:language>EN</dc:language>
<dc:rights>Pursuant to Title 17 Section 105 of the United States Code, this file is not subject to copyright protection and is in the public domain.</dc:rights>
<dc:contributor>Congressional Research Service, Library of Congress</dc:contributor>
<dc:description>This file contains bill summaries for federal legislation. A bill summary describes the most significant provisions of a piece of legislation and details the effects the legislative text may have on current law and federal programs. Bill summaries are authored by the Congressional Research Service (CRS) of the Library of Congress. As stated in Public Law 91-510 (2 USC 166 (d)(6)), one of the duties of CRS is "to prepare summaries and digests of bills and resolutions of a public general nature introduced in the Senate or House of Representatives". For more information, refer to the User Guide that accompanies this file.</dc:description>
</dublinCore>
</BillSummaries>
