<?xml version="1.0" encoding="UTF-8"?>
<BillSummaries>
<item congress="113" measure-type="hr" measure-number="567" measure-id="id113hr567" originChamber="HOUSE" orig-publish-date="2013-02-06" update-date="2013-03-01">
<title>State Health Flexibility Act of 2013</title>
<summary summary-id="id113hr567v00" currentChamber="HOUSE" update-date="2013-03-01">
<action-date>2013-02-06</action-date>
<action-desc>Introduced in House</action-desc>
<summary-text><![CDATA[<p>State Health Flexibility Act of 2013 - Amends the Social Security Act (SSA) to replace the Medicaid and the Children's Health Insurance Program with a program of block grants to states for health care services to indigent individuals.</p> <p>Requires states receiving such block grants to pay for health-care-related items and services provided to a citizen, legal resident, or an alien not lawfully admitted for permanent residence or otherwise permanently residing in the United States under color of law, if: (1) such health-care-related items and services are necessary for the treatment of an emergency medical condition; (2) the individual meets all necessary eligibility requirements for health-care-related items and services under the block grant program except for any immigration status requirement; and (3) such items and services are not related to an organ transplant procedure.</p> <p>Repeals the Patient Protection and Affordable Care Act, the Health Care and Educational Reconciliation Act of 2010, SSA title XIX (Medicaid), and SSA title XXI (State Children's Health Insurance Program) (CHIP).</p>]]></summary-text>
</summary>
</item>
<dublinCore xmlns:dc="http://purl.org/dc/elements/1.1/">
<dc:format>text/xml</dc:format>
<dc:language>EN</dc:language>
<dc:rights>Pursuant to Title 17 Section 105 of the United States Code, this file is not subject to copyright protection and is in the public domain.</dc:rights>
<dc:contributor>Congressional Research Service, Library of Congress</dc:contributor>
<dc:description>This file contains bill summaries for federal legislation. A bill summary describes the most significant provisions of a piece of legislation and details the effects the legislative text may have on current law and federal programs. Bill summaries are authored by the Congressional Research Service (CRS) of the Library of Congress. As stated in Public Law 91-510 (2 USC 166 (d)(6)), one of the duties of CRS is "to prepare summaries and digests of bills and resolutions of a public general nature introduced in the Senate or House of Representatives". For more information, refer to the User Guide that accompanies this file.</dc:description>
</dublinCore>
</BillSummaries>
