<?xml version="1.0" encoding="UTF-8"?>
<BillSummaries>
<item congress="113" measure-type="hr" measure-number="390" measure-id="id113hr390" originChamber="HOUSE" orig-publish-date="2013-01-23" update-date="2013-02-06">
<title>National Emergency Centers Establishment Act</title>
<summary summary-id="id113hr390v00" currentChamber="HOUSE" update-date="2013-02-06">
<action-date>2013-01-23</action-date>
<action-desc>Introduced in House</action-desc>
<summary-text><![CDATA[<p>National Emergency Centers Establishment Act - Directs the Secretary of Homeland Security (DHS) to establish at least six national emergency centers on military installations to use existing infrastructure to provide: (1) temporary housing, medical, and humanitarian assistance to individuals and families dislocated due to an emergency or major disaster; and (2) centralized locations for the training of first responders and the coordination of preparedness, response, and recovery efforts. </p> <p>Lists minimum requirements for sites for such centers, including that they be capable of: (1) meeting for an extended period the housing, health, transportation, education, public works, humanitarian, and other transition needs of a large number of individuals affected; (2) being scaled up or down to accommodate major disaster preparedness and response drills, operations, and procedures; (3) housing existing permanent structures necessary to meet training and first responders coordination requirements during non-disaster periods; and (4) hosting the infrastructure necessary to rapidly adjust to temporary housing, medical, and humanitarian assistance needs.</p> <p>Sets forth center location requirements, including requiring the Secretary to designate closed military installations as sites whenever possible and to designate portions of existing military installations as centers otherwise.</p>]]></summary-text>
</summary>
</item>
<dublinCore xmlns:dc="http://purl.org/dc/elements/1.1/">
<dc:format>text/xml</dc:format>
<dc:language>EN</dc:language>
<dc:rights>Pursuant to Title 17 Section 105 of the United States Code, this file is not subject to copyright protection and is in the public domain.</dc:rights>
<dc:contributor>Congressional Research Service, Library of Congress</dc:contributor>
<dc:description>This file contains bill summaries for federal legislation. A bill summary describes the most significant provisions of a piece of legislation and details the effects the legislative text may have on current law and federal programs. Bill summaries are authored by the Congressional Research Service (CRS) of the Library of Congress. As stated in Public Law 91-510 (2 USC 166 (d)(6)), one of the duties of CRS is "to prepare summaries and digests of bills and resolutions of a public general nature introduced in the Senate or House of Representatives". For more information, refer to the User Guide that accompanies this file.</dc:description>
</dublinCore>
</BillSummaries>
