<?xml version="1.0" encoding="UTF-8"?>
<BillSummaries>
<item congress="113" measure-type="hr" measure-number="912" measure-id="id113hr912" originChamber="HOUSE" orig-publish-date="2013-02-28" update-date="2013-03-13">
<title>Restoring Medicaid for Compact of Free Association Migrants Act of 2013</title>
<summary summary-id="id113hr912v00" currentChamber="HOUSE" update-date="2013-03-13">
<action-date>2013-02-28</action-date>
<action-desc>Introduced in House</action-desc>
<summary-text><![CDATA[<p>Restoring Medicaid for Compact of Free Association Migrants Act of 2013 - Amends the Personal Responsibility and Work Opportunity Act of 1996 to permit coverage under title XIX (Medicaid) of the Social Security Act for citizens of the Freely Associated States lawfully residing in the United States under the Compacts of Free Association between the United States Government and the Governments of the Federated States of Micronesia, the Republic of the Marshall Islands, and the Republic of Palau.</p> <p>Permits Medicaid coverage also to lawful residents, in accordance with such Compacts, but only at the option of the governor, of Puerto Rico, the Virgin Islands, Guam, the Northern Mariana Islands, or American Samoa.</p> <p>Exempts such citizens from the five-year limited eligibility of qualified aliens for federal means-tested public benefits with respect to Medicaid benefits.</p>]]></summary-text>
</summary>
</item>
<dublinCore xmlns:dc="http://purl.org/dc/elements/1.1/">
<dc:format>text/xml</dc:format>
<dc:language>EN</dc:language>
<dc:rights>Pursuant to Title 17 Section 105 of the United States Code, this file is not subject to copyright protection and is in the public domain.</dc:rights>
<dc:contributor>Congressional Research Service, Library of Congress</dc:contributor>
<dc:description>This file contains bill summaries for federal legislation. A bill summary describes the most significant provisions of a piece of legislation and details the effects the legislative text may have on current law and federal programs. Bill summaries are authored by the Congressional Research Service (CRS) of the Library of Congress. As stated in Public Law 91-510 (2 USC 166 (d)(6)), one of the duties of CRS is "to prepare summaries and digests of bills and resolutions of a public general nature introduced in the Senate or House of Representatives". For more information, refer to the User Guide that accompanies this file.</dc:description>
</dublinCore>
</BillSummaries>
