<?xml version="1.0" encoding="UTF-8"?>
<BillSummaries>
<item congress="113" measure-type="hr" measure-number="137" measure-id="id113hr137" originChamber="HOUSE" orig-publish-date="2013-01-03" update-date="2013-03-11">
<title>Fix Gun Checks Act of 2013</title>
<summary summary-id="id113hr137v00" currentChamber="HOUSE" update-date="2013-03-11">
<action-date>2013-01-03</action-date>
<action-desc>Introduced in House</action-desc>
<summary-text><![CDATA[<p>Fix Gun Checks Act of 2013 - Amends the NICS Improvement Amendments Act of 2007 (NICS Act) to modify the periods during which penalties are applicable to states that do not make certain records pertaining to firearms eligibility electronically available to the National Instant Criminal Background Check System (NICBCS). Repeals provisions authorizing the Attorney General to waive certain penalties if a state provides substantial evidence that it is making a reasonable effort to provide such records. Directs the Attorney General to publish, and make available on a publicly accessible website, an annual report that ranks states by the ratio of number of records submitted by each state to the estimated total number of available records of the state.</p> <p>Amends the Brady Handgun Violence Prevention Act to: (1) require the head of each federal agency to submit to the Attorney General, biannually, a written certification indicating whether the agency has provided pertinent information contained in any agency record demonstrating that a person falls within a category of persons prohibited from possessing firearms under federal law; and (2) include a federal court as a federal department or agency, and require the Director of the Administrative Office of the U.S. Courts to perform the functions of a department or agency head, for purposes of such Act.</p> <p>Amends the federal criminal code to define the terms &quot;adjudicated as a mental defective&quot; and &quot;committed to a mental institution&quot; for purposes of federal firearms provisions. Prohibits an individual so adjudicated before the effective date of this Act from applying for relief from disability under the NICS Act on the basis that the individual does not meet the requirements under such definition. </p> <p>Prohibits a person who is not a licensed firearms importer, manufacturer, or dealer from transferring a firearm to, or receiving a firearm from, another unlicensed person, except: (1) through a licensed dealer, which shall conduct a background check through the NICBCS; and (2) after inspecting a permit that confirms that such background check has been conducted. Specifies exceptions, including for: (1) the transfer of a bona fide gift between immediate family members; (2) a transfer that occurs by operation of law or by an executor or trustee because of the death of another person; (3) a temporary transfer that occurs in the home of the unlicensed transferee who believes that possession of the firearm is necessary to prevent imminent death or great bodily harm to the transferee; and (4) certain temporary transfers without the transfer of title at a shooting range, at a shooting competition, or while hunting, fishing, or trapping.</p> <p>Prohibits an unlicensed transferee from receiving a firearm from an unlicensed transferor if the licensed dealer through which the transfer is made receives a notification from the NICBCS that the transfer is prohibited.</p> <p>Sets forth requirements for a licensed dealer that assists in such transfer, including requirements to: (1) notify the transferor and transferee of compliance with background check requirements and of the receipt of any notification from the NICBCS that a transfer is prohibited, and (2) report to the Attorney General on such a transfer and on transfers of two or more pistols and/or revolvers to the same unlicensed transferee during any five consecutive business days. Permits such dealer to assess a processing fee.</p>]]></summary-text>
</summary>
</item>
<dublinCore xmlns:dc="http://purl.org/dc/elements/1.1/">
<dc:format>text/xml</dc:format>
<dc:language>EN</dc:language>
<dc:rights>Pursuant to Title 17 Section 105 of the United States Code, this file is not subject to copyright protection and is in the public domain.</dc:rights>
<dc:contributor>Congressional Research Service, Library of Congress</dc:contributor>
<dc:description>This file contains bill summaries for federal legislation. A bill summary describes the most significant provisions of a piece of legislation and details the effects the legislative text may have on current law and federal programs. Bill summaries are authored by the Congressional Research Service (CRS) of the Library of Congress. As stated in Public Law 91-510 (2 USC 166 (d)(6)), one of the duties of CRS is "to prepare summaries and digests of bills and resolutions of a public general nature introduced in the Senate or House of Representatives". For more information, refer to the User Guide that accompanies this file.</dc:description>
</dublinCore>
</BillSummaries>
