<?xml version="1.0" encoding="UTF-8"?>
<BillSummaries>
<item congress="113" measure-type="hr" measure-number="265" measure-id="id113hr265" originChamber="HOUSE" orig-publish-date="2013-01-15" update-date="2014-11-06">
<title>Confidential Informant Accountability Act of 2013</title>
<summary summary-id="id113hr265v00" currentChamber="HOUSE" update-date="2014-11-06">
<action-date>2013-01-15</action-date>
<action-desc>Introduced in House</action-desc>
<summary-text><![CDATA[<p>Confidential Informant Accountability Act of 2013 - Directs the Department of Justice (DOJ), the Department of Homeland Security (DHS), and the Department of the Treasury to report biannually to Congress on all serious crimes, authorized and unauthorized, committed by informants maintained by the respective law enforcement agencies of such Departments (the Federal Bureau of Investigation [FBI], the Drug Enforcement Administration [DEA], the U.S. Secret Service, the U.S. Immigration and Customs Enforcement [ICE], and the Bureau of Alcohol, Tobacco, Firearms and Explosives [ATF]).</p> <p>Defines a &quot;serious crime&quot; as any serious violent felony or drug offense (as such terms are defined in the federal criminal code) or any offense of racketeering, bribery, child pornography, obstruction of justice, or perjury that an agent or employee of the relevant law enforcement agency has reasonable grounds to believe an informant has committed.</p> <p>]]></summary-text>
</summary>
</item>
<dublinCore xmlns:dc="http://purl.org/dc/elements/1.1/">
<dc:format>text/xml</dc:format>
<dc:language>EN</dc:language>
<dc:rights>Pursuant to Title 17 Section 105 of the United States Code, this file is not subject to copyright protection and is in the public domain.</dc:rights>
<dc:contributor>Congressional Research Service, Library of Congress</dc:contributor>
<dc:description>This file contains bill summaries for federal legislation. A bill summary describes the most significant provisions of a piece of legislation and details the effects the legislative text may have on current law and federal programs. Bill summaries are authored by the Congressional Research Service (CRS) of the Library of Congress. As stated in Public Law 91-510 (2 USC 166 (d)(6)), one of the duties of CRS is "to prepare summaries and digests of bills and resolutions of a public general nature introduced in the Senate or House of Representatives". For more information, refer to the User Guide that accompanies this file.</dc:description>
</dublinCore>
</BillSummaries>
