<?xml version="1.0" encoding="UTF-8"?>
<BillSummaries>
<item congress="113" measure-type="hr" measure-number="1000" measure-id="id113hr1000" originChamber="HOUSE" orig-publish-date="2013-03-06" update-date="2013-04-24">
<title>Humphrey-Hawkins Full Employment and Training Act</title>
<summary summary-id="id113hr1000v00" currentChamber="HOUSE" update-date="2013-04-24">
<action-date>2013-03-06</action-date>
<action-desc>Introduced in House</action-desc>
<summary-text><![CDATA[<p>Humphrey-Hawkins Full Employment and Training Act - Directs the Secretary of Labor to establish a Full Employment National Trust Fund with two separate accounts for: (1) Employment Opportunity Grants to states, local governments, and Indian tribes for job-creating activities in communities whose economy is not at a level of full employment; and (2) Workforce Investment programs.</p> <p>Establishes arbitration procedures for resolution of disputes for grant recipients. Requires the Secretary of Labor to post a whistleblower hotline on the Department of Labor's website for the public to report noncompliance with the Act's requirements.</p> <p>Directs the Secretary to convene a national employment conference to bring together leaders of small, medium, and large businesses, labor, government, and other parties to discuss employment, with particular attention to structural unemployment and the plight of disadvantaged youth.</p> <p>Amends the Workforce Investment Act of 1998 to revise member composition requirements for state and local workforce investment boards to include at least 25% of the chief executive officers of minority-serving, community-based organizations.</p> <p>Amends the Internal Revenue Code to impose a tax on certain covered securities transactions, payable by trading facilities or purchasers that deal in such transactions.</p> <p>Requires a transferor with respect to any outbound securities transaction to deduct and withhold a tax equal to the tax imposed on covered securities transactions.</p>]]></summary-text>
</summary>
</item>
<dublinCore xmlns:dc="http://purl.org/dc/elements/1.1/">
<dc:format>text/xml</dc:format>
<dc:language>EN</dc:language>
<dc:rights>Pursuant to Title 17 Section 105 of the United States Code, this file is not subject to copyright protection and is in the public domain.</dc:rights>
<dc:contributor>Congressional Research Service, Library of Congress</dc:contributor>
<dc:description>This file contains bill summaries for federal legislation. A bill summary describes the most significant provisions of a piece of legislation and details the effects the legislative text may have on current law and federal programs. Bill summaries are authored by the Congressional Research Service (CRS) of the Library of Congress. As stated in Public Law 91-510 (2 USC 166 (d)(6)), one of the duties of CRS is "to prepare summaries and digests of bills and resolutions of a public general nature introduced in the Senate or House of Representatives". For more information, refer to the User Guide that accompanies this file.</dc:description>
</dublinCore>
</BillSummaries>
