<?xml version="1.0" encoding="UTF-8"?>
<BillSummaries>
<item congress="113" measure-type="hr" measure-number="472" measure-id="id113hr472" originChamber="HOUSE" orig-publish-date="2013-02-04" update-date="2013-02-12">
<title>Federal Cost Reduction Act of 2013</title>
<summary summary-id="id113hr472v00" currentChamber="HOUSE" update-date="2013-02-12">
<action-date>2013-02-04</action-date>
<action-desc>Introduced in House</action-desc>
<summary-text><![CDATA[<p>Federal Cost Reduction Act of 2013 - Requires: (1) the Director of the Office of Management and Budget (OMB) to issue recommendations for reducing or consolidating the number of federal data centers by at least 40% by the end of FY2018 and by at least 80% by the end of FY2023, and (2) executive agency heads to implement such recommendations within six months after their issuance.</p> <p>Requires the Administrator of General Services (GSA) to report on: (1) recommendations to reduce long-term real estate costs and energy expenditures; and (2) federal employee parking expenses, with a plan to reduce such expenses.</p> <p>Requires executive agency heads to establish a plan to reduce the volume of material printed for FY2014-FY2024 and to require duplex printing on all federal printers and copiers.</p> <p>Requires the Director of the Office of Personnel Management (OPM) to submit a plan to implement federal employee cost savings proposals.</p> <p>Authorizes executive agency heads to enter into cost-effective power purchase agreements for the purchase of electricity from federally-owned or controlled renewable energy sources.</p> <p>Establishes in the Treasury the Federal Facility Energy Efficiency and Renewable Energy Projects Fund to provide assistance for energy efficiency and renewable energy projects carried out at federal facilities to reduce energy use.</p> <p>Requires the Secretary of Energy (DOE) to: (1) establish a federal facility energy efficiency and renewable energy projects fund program to make loans to assist agencies in reducing energy use; (2) promulgate regulations to enable agencies to retain the financial savings from entering into utility energy saving contracts; (3) promulgate regulations to enable agencies to identify all potential locations for renewable energy projects; (4) issue guidance for agencies to achieve energy savings by using computer hardware, energy efficiency software, and power management tools; and (5) issue guidance on a federal energy management and data collection standard that includes a plan for GSA to publish energy consumption data for individual facilities on a searchable and free website accessible by the public.</p> <p>Requires federal agencies to submit a plan to the Secretary on metering their consumption of electricity. Requires the Secretary to develop and report on best practices for the use of advanced metering of energy use in federal facilities, buildings, and equipment.</p> <p>Authorizes the GSA Administrator to use appropriated funds to update project designs to meet federal building energy efficiency standards.</p> <p>Requires the Administrator and the Secretary to incorporate commissioning and recommissioning standards for all real property that: (1) is more than $10 million in value, (2) has more than 50,000 square feet, or (3) has energy intensity of more than $2 per square foot.</p> <p>Requires that a contribution by the Secretary of Defense (DOD) to a state for facilities for reserve components of the Armed Forces, which is made at an armory or readiness center for an energy efficiency upgrade, cover 100% of the costs of architectural, engineering, and design services and the cost of the construction related to the upgrade.</p>]]></summary-text>
</summary>
</item>
<dublinCore xmlns:dc="http://purl.org/dc/elements/1.1/">
<dc:format>text/xml</dc:format>
<dc:language>EN</dc:language>
<dc:rights>Pursuant to Title 17 Section 105 of the United States Code, this file is not subject to copyright protection and is in the public domain.</dc:rights>
<dc:contributor>Congressional Research Service, Library of Congress</dc:contributor>
<dc:description>This file contains bill summaries for federal legislation. A bill summary describes the most significant provisions of a piece of legislation and details the effects the legislative text may have on current law and federal programs. Bill summaries are authored by the Congressional Research Service (CRS) of the Library of Congress. As stated in Public Law 91-510 (2 USC 166 (d)(6)), one of the duties of CRS is "to prepare summaries and digests of bills and resolutions of a public general nature introduced in the Senate or House of Representatives". For more information, refer to the User Guide that accompanies this file.</dc:description>
</dublinCore>
</BillSummaries>
