<?xml version="1.0" encoding="UTF-8"?>
<BillSummaries>
<item congress="113" measure-type="hr" measure-number="86" measure-id="id113hr86" originChamber="HOUSE" orig-publish-date="2013-01-03" update-date="2013-01-11">
<title>Cybersecurity Education Enhancement Act of 2013</title>
<summary summary-id="id113hr86v00" currentChamber="HOUSE" update-date="2013-01-11">
<action-date>2013-01-03</action-date>
<action-desc>Introduced in House</action-desc>
<summary-text><![CDATA[<p>Cybersecurity Education Enhancement Act of 2013 - Directs the Secretary of Homeland Security, acting through the Assistant Secretary of Cybersecurity, to establish, in conjunction with the National Science Foundation, a program to award grants to institutions of higher education for: (1) cybersecurity professional development programs, (2) associate degree programs in cybersecurity, and (3) the purchase of equipment to provide training in cybersecurity for either professional development or degree programs.</p> <p>Requires the Director of the National Science Foundation to operate the program.</p> <p>Amends the Homeland Security Act of 2002 to direct the Secretary to establish an E-Security Fellows program to bring state, local, tribal, and private sector officials to participate in the work of the National Cybersecurity Division in order to become familiar with Department of Homeland Security cybersecurity missions and capabilities.</p>]]></summary-text>
</summary>
</item>
<dublinCore xmlns:dc="http://purl.org/dc/elements/1.1/">
<dc:format>text/xml</dc:format>
<dc:language>EN</dc:language>
<dc:rights>Pursuant to Title 17 Section 105 of the United States Code, this file is not subject to copyright protection and is in the public domain.</dc:rights>
<dc:contributor>Congressional Research Service, Library of Congress</dc:contributor>
<dc:description>This file contains bill summaries for federal legislation. A bill summary describes the most significant provisions of a piece of legislation and details the effects the legislative text may have on current law and federal programs. Bill summaries are authored by the Congressional Research Service (CRS) of the Library of Congress. As stated in Public Law 91-510 (2 USC 166 (d)(6)), one of the duties of CRS is "to prepare summaries and digests of bills and resolutions of a public general nature introduced in the Senate or House of Representatives". For more information, refer to the User Guide that accompanies this file.</dc:description>
</dublinCore>
</BillSummaries>
