<?xml version="1.0" encoding="UTF-8"?>
<BillSummaries>
<item congress="113" measure-type="hr" measure-number="342" measure-id="id113hr342" originChamber="HOUSE" orig-publish-date="2013-01-22" update-date="2013-02-21">
<title>Guarantee Paychecks for America's Military Families Act</title>
<summary summary-id="id113hr342v00" currentChamber="HOUSE" update-date="2013-02-21">
<action-date>2013-01-22</action-date>
<action-desc>Introduced in House</action-desc>
<summary-text><![CDATA[<p>Guarantee Paychecks for America's Military Families Act - Prioritizes, in the event that the public debt of the U.S. government reaches the statutory limit, the following obligations over all other obligations: (1) the Secretary of the Treasury to pay with legal tender the principal and interest on debt held by the public; (2) the Secretary of Defense (DOD) and the Secretary of Homeland Security (DHS) to pay members of the Armed Forces the earned pay, allowances, and other compensation paid from military personnel accounts; and (3) the Secretary of Defense and the Secretary of Homeland Security to carry out a contingency operation (as defined in existing provisions of federal military law), including the pay earned by civilian employees of the DOD and the Coast Guard serving in a combat zone (as defined in existing provisions of the Internal Revenue Code of 1986).</p> <p>Appropriates to the Secretary of Defense and the Secretary of Homeland Security, for any period of lapsed appropriations, such amounts as may be necessary to allow such Secretaries to provide, during the period of lapsed appropriations and without interruption: (1) pay and allowances to members of Armed Forces, including reserve components thereof, who perform active service during the period of lapsed appropriations; and (2) pay to civilian employees of the DOD and the Coast Guard serving in a combat zone.</p> <p> Defines &quot;period of lapsed appropriations&quot; as any period during which appropriations are not available due to the absence of the timely enactment of any Act or joint resolution (whether a general appropriations Act or an Act or joint resolution making continuing appropriations) appropriating funds for the payment of the pay and allowances of members of the Armed Forces or civilian employees of the DOD and Coast Guard.</p>]]></summary-text>
</summary>
</item>
<dublinCore xmlns:dc="http://purl.org/dc/elements/1.1/">
<dc:format>text/xml</dc:format>
<dc:language>EN</dc:language>
<dc:rights>Pursuant to Title 17 Section 105 of the United States Code, this file is not subject to copyright protection and is in the public domain.</dc:rights>
<dc:contributor>Congressional Research Service, Library of Congress</dc:contributor>
<dc:description>This file contains bill summaries for federal legislation. A bill summary describes the most significant provisions of a piece of legislation and details the effects the legislative text may have on current law and federal programs. Bill summaries are authored by the Congressional Research Service (CRS) of the Library of Congress. As stated in Public Law 91-510 (2 USC 166 (d)(6)), one of the duties of CRS is "to prepare summaries and digests of bills and resolutions of a public general nature introduced in the Senate or House of Representatives". For more information, refer to the User Guide that accompanies this file.</dc:description>
</dublinCore>
</BillSummaries>
