<?xml version="1.0" encoding="UTF-8"?>
<BillSummaries>
<item congress="113" measure-type="hr" measure-number="510" measure-id="id113hr510" originChamber="HOUSE" orig-publish-date="2013-02-05" update-date="2013-02-19">
<title>TEAM-Education Act of 2013</title>
<summary summary-id="id113hr510v00" currentChamber="HOUSE" update-date="2013-02-19">
<action-date>2013-02-05</action-date>
<action-desc>Introduced in House</action-desc>
<summary-text><![CDATA[<p>Transition toward Excellence, Achievement and Mobility through Education Act of 2013 or TEAM-Education Act of 2013 - Amends the Individuals with Disabilities Education Act to allow states to use special education grant funds to contract with entities that have the experience to assist disabled children in accomplishing the transition objectives outlined in their Individualized Education Programs (IEPs).</p> <p>Conditions a state's eligibility for such grant funds on its having a plan to coordinate state efforts to transition disabled youth into adulthood. </p> <p>Requires local educational agencies (LEAs) to provide a disabled child and his or her parents, when the child's secondary education ends, with a comprehensive record of the child's work experiences and skills that would be relevant to prospective employers, post-secondary education programs, career placement services, and mentors.</p> <p>Requires IEPs, after a child attains age 14, to describe: (1) the transition services to be provided to assist the child in reaching postsecondary goals, and (2) the training the child will receive to empower the child to act on his or her own behalf. (Currently, IEPs are to address postsecondary goals and transition services when children turn 16.)</p> <p>Requires an IEP team: (1) to include a representative of the state intellectual and developmental disabilities agency after a disabled child attains age 14, if the child is expected to be eligible to receive certain adult services upon reaching adulthood; (2) to consider the transition services necessary to assist the child to attain postsecondary education, integrated employment, independent living, and community participation; (3) at the request of a 14 year old disabled child, to take certain steps to enable his or her parents to advocate at IEP team meetings on the child's behalf; and (4) after the child attains age 14, to evaluate the progress made in meeting, and discuss any additional services that may be needed to meet, the child's transition objectives.</p> <p>Authorizes the Secretary of Education to provide grants to states to assist LEAs in establishing transition service coordinators.</p>]]></summary-text>
</summary>
</item>
<dublinCore xmlns:dc="http://purl.org/dc/elements/1.1/">
<dc:format>text/xml</dc:format>
<dc:language>EN</dc:language>
<dc:rights>Pursuant to Title 17 Section 105 of the United States Code, this file is not subject to copyright protection and is in the public domain.</dc:rights>
<dc:contributor>Congressional Research Service, Library of Congress</dc:contributor>
<dc:description>This file contains bill summaries for federal legislation. A bill summary describes the most significant provisions of a piece of legislation and details the effects the legislative text may have on current law and federal programs. Bill summaries are authored by the Congressional Research Service (CRS) of the Library of Congress. As stated in Public Law 91-510 (2 USC 166 (d)(6)), one of the duties of CRS is "to prepare summaries and digests of bills and resolutions of a public general nature introduced in the Senate or House of Representatives". For more information, refer to the User Guide that accompanies this file.</dc:description>
</dublinCore>
</BillSummaries>
