<?xml version="1.0" encoding="UTF-8"?>
<BillSummaries>
<item congress="113" measure-type="hr" measure-number="349" measure-id="id113hr349" originChamber="HOUSE" orig-publish-date="2013-01-22" update-date="2013-02-21">
<title>Preserving Marginal Lands and Protecting Farming Act of 2013</title>
<summary summary-id="id113hr349v00" currentChamber="HOUSE" update-date="2013-02-21">
<action-date>2013-01-22</action-date>
<action-desc>Introduced in House</action-desc>
<summary-text><![CDATA[<p>Preserving Marginal Lands and Protecting Farming Act of 2013 - Amends the Food Security Act of 1985 to set the maximum number of acres that may be enrolled at any one time in the conservation reserve program (CRP) at: (1) 29 million acres for FY2013, (2) 26 million acres for FY2014, and (3) 26 million acres for each of FY2015 through FY2018.</p> <p>Prohibits the enrollment of land in the conservation reserve that is classified as class I or class II land under the National Soil Survey Handbook's land capability classification system unless such land is enrolled as a buffer, filterstrip, or strip adjacent to a riparian area.</p> <p>Directs the Secretary of Agriculture (USDA), during FY2014, to permit a participant that entered into a CRP contract to terminate the contract at any time if the contract has been in effect for at least five years. </p> <p>Revises the types of land that are not subject to early contract termination.</p>]]></summary-text>
</summary>
</item>
<dublinCore xmlns:dc="http://purl.org/dc/elements/1.1/">
<dc:format>text/xml</dc:format>
<dc:language>EN</dc:language>
<dc:rights>Pursuant to Title 17 Section 105 of the United States Code, this file is not subject to copyright protection and is in the public domain.</dc:rights>
<dc:contributor>Congressional Research Service, Library of Congress</dc:contributor>
<dc:description>This file contains bill summaries for federal legislation. A bill summary describes the most significant provisions of a piece of legislation and details the effects the legislative text may have on current law and federal programs. Bill summaries are authored by the Congressional Research Service (CRS) of the Library of Congress. As stated in Public Law 91-510 (2 USC 166 (d)(6)), one of the duties of CRS is "to prepare summaries and digests of bills and resolutions of a public general nature introduced in the Senate or House of Representatives". For more information, refer to the User Guide that accompanies this file.</dc:description>
</dublinCore>
</BillSummaries>
