<?xml version="1.0" encoding="UTF-8"?>
<BillSummaries>
<item congress="113" measure-type="hr" measure-number="493" measure-id="id113hr493" originChamber="HOUSE" orig-publish-date="2013-02-05" update-date="2013-02-12">
<title>Homeland Security Respect for Life Act</title>
<summary summary-id="id113hr493v00" currentChamber="HOUSE" update-date="2013-02-12">
<action-date>2013-02-05</action-date>
<action-desc>Introduced in House</action-desc>
<summary-text><![CDATA[<p>Homeland Security Respect for Life Act - Prohibits funds appropriated for the Department of Homeland Security (DHS) from being used to: (1) pay for an abortion, except in a case where a pregnant detainee suffers from a physical disorder, injury, or illness that would place the detainee in danger of death unless an abortion is performed, including a life-endangering physical condition caused by, or arising from, pregnancy itself, or in a case of rape or incest; or (2) require any person to perform, or facilitate in any way the performance of, any abortion. </p>]]></summary-text>
</summary>
</item>
<dublinCore xmlns:dc="http://purl.org/dc/elements/1.1/">
<dc:format>text/xml</dc:format>
<dc:language>EN</dc:language>
<dc:rights>Pursuant to Title 17 Section 105 of the United States Code, this file is not subject to copyright protection and is in the public domain.</dc:rights>
<dc:contributor>Congressional Research Service, Library of Congress</dc:contributor>
<dc:description>This file contains bill summaries for federal legislation. A bill summary describes the most significant provisions of a piece of legislation and details the effects the legislative text may have on current law and federal programs. Bill summaries are authored by the Congressional Research Service (CRS) of the Library of Congress. As stated in Public Law 91-510 (2 USC 166 (d)(6)), one of the duties of CRS is "to prepare summaries and digests of bills and resolutions of a public general nature introduced in the Senate or House of Representatives". For more information, refer to the User Guide that accompanies this file.</dc:description>
</dublinCore>
</BillSummaries>
