<?xml version="1.0" encoding="UTF-8"?><BillSummaries>
<item congress="113" measure-type="hr" measure-number="547" measure-id="id113hr547" originChamber="HOUSE" orig-publish-date="2013-02-06" update-date="2017-03-02">
<title>Border Security and Responsibility Act of 2013</title>
<summary summary-id="id113hr547v00" currentChamber="HOUSE" update-date="2017-03-02">
<action-date>2013-02-06</action-date>
<action-desc>Introduced in House</action-desc>
<summary-text><![CDATA[<p>Border Security and Responsibility Act 2013 - Directs the Secretary of Homeland Security (DHS), the Secretary of the Interior, the Secretary of Agriculture (USDA), the Secretary of Defense (DOD), and the Secretary of Commerce, in consultation with tribal, state, and local officials, to submit to Congress a border protection strategy for the international land borders of the United States. Specifies strategy elements.</p> <p>Amends the Illegal Immigration Reform and Immigrant Responsibility Act of 1996 to revise international land border security provisions, including: (1) eliminating existing southwest border fencing requirements; (2) requiring that border control actions be in accordance with the border strategy required under this Act; and (3) giving priority to the use of remote cameras, sensors, removal of nonnative vegetation, incorporation of natural barriers, additional manpower, unmanned aerial vehicles, or other low impact border enforcement techniques. </p> <p>Prohibits construction of border fencing, physical barriers, roads, lighting, cameras, sensors, or other tactical infrastructure prior to 90 days after such border strategy's submission to Congress. </p> <p>Directs the Secretary of Homeland Security, in consultation with the Secretary of the Interior, the Secretary of Agriculture, the Secretary of Defense, the Secretary of Commerce, and the heads of appropriate state and tribal wildlife agencies, to implement a comprehensive monitoring and mitigation plan to address the ecological and environmental impacts of security infrastructure and activities along the international land borders of the United States. Specifies plan requirements.</p>]]></summary-text>
</summary>
</item>
<dublinCore xmlns:dc="http://purl.org/dc/elements/1.1/">
<dc:format>text/xml</dc:format>
<dc:language>EN</dc:language>
<dc:rights>Pursuant to Title 17 Section 105 of the United States Code, this file is not subject to copyright protection and is in the public domain.</dc:rights>
<dc:contributor>Congressional Research Service, Library of Congress</dc:contributor>
<dc:description>This file contains bill summaries for federal legislation. A bill summary describes the most significant provisions of a piece of legislation and details the effects the legislative text may have on current law and federal programs. Bill summaries are authored by the Congressional Research Service (CRS) of the Library of Congress. As stated in Public Law 91-510 (2 USC 166 (d)(6)), one of the duties of CRS is "to prepare summaries and digests of bills and resolutions of a public general nature introduced in the Senate or House of Representatives". For more information, refer to the User Guide that accompanies this file.</dc:description>
</dublinCore>
</BillSummaries>
