<?xml version="1.0" encoding="UTF-8"?>
<BillSummaries>
<item congress="113" measure-type="hr" measure-number="373" measure-id="id113hr373" originChamber="HOUSE" orig-publish-date="2013-01-23" update-date="2013-02-04">
<title>Oil Pollution Research and Development Program Reauthorization Act of 2013</title>
<summary summary-id="id113hr373v00" currentChamber="HOUSE" update-date="2013-02-04">
<action-date>2013-01-23</action-date>
<action-desc>Introduced in House</action-desc>
<summary-text><![CDATA[<p>Oil Pollution Research and Development Program Reauthorization Act of 2013 - Amends the Oil Pollution Act of 1990 to&nbsp;revise provisions concerning&nbsp;the Interagency Coordinating Committee on Oil Pollution Research. Revises Committee membership. Requires the Committee, acting through the National Oceanic and Atmospheric Administration (NOAA), to: (1) develop a national information clearinghouse on oil discharge; and (2) submit a&nbsp;plan for the implementation of the oil pollution research, development, and demonstration program at least every five years.</p> <p>Requires oil pollution research and technology plans to identify: (1) regional oil pollution research needs; (2) information needed to conduct risk assessment and risk analysis research to effectively prevent oil discharges; and (3) a methodology for the solicitation, evaluation, preapproval, funding, and utilization of technologies and research projects in advance of oil discharges.</p> <p>Requires the oil pollution research, development, and demonstration program to provide for research, development, and demonstration of new or improved technologies which are effective in preventing, detecting, containing, recovering, or mitigating (currently preventing or mitigating) oil discharges and which protect the environment. Revises provisions concerning the evaluation of such technologies.</p> <p>Requires the Committee, in establishing a research program to monitor and scientifically evaluate the environmental effects of oil discharge (including long-term effects), to act through the Administrator of NOAA. Revises requirements for program elements.</p> <p>Requires the Committee, acting through the Administrator of NOAA (currently the Department of Commerce), to monitor and scientifically evaluate the long-term environmental effects of oil discharges under certain circumstances.</p> <p>Removes requirements that the Coast Guard conduct port oil pollution minimization demonstration projects with the Port Authority of New York and New Jersey and the Port of New Orleans, Louisiana.</p> <p>Requires oil pollution technology testing and evaluations to be given priority over all other activities performed at the Oil and Hazardous Materials Simulated Environmental Test Tank Research Center in New Jersey.</p> <p> Requires the Committee to engage in international cooperation on oil pollution research, development, and demonstration activities.</p> <p> Requires the Committee Chair to establish the Oil Pollution Research Advisory Committee to: (1) review, advise, and comment on Interagency Committee activities; and (2) submit biennial reports to Congress on the Interagency Committee's function, activities, and progress.</p> <p>Increases the maximum amount that may be authorized for the oil pollution research, development, and demonstration program from the Oil Spill Liability Trust Fund. </p> <p>Requires any entity that receives federal funding for research, the methodologies or results of which may be useful for response activities in the event of an oil discharge incident, to make such methodologies or results of such research available to the Interagency Committee and the Federal On-Scene Coordinator of the Federal Water Pollution Control Act (commonly known as the Clean Water Act).</p>]]></summary-text>
</summary>
</item>
<dublinCore xmlns:dc="http://purl.org/dc/elements/1.1/">
<dc:format>text/xml</dc:format>
<dc:language>EN</dc:language>
<dc:rights>Pursuant to Title 17 Section 105 of the United States Code, this file is not subject to copyright protection and is in the public domain.</dc:rights>
<dc:contributor>Congressional Research Service, Library of Congress</dc:contributor>
<dc:description>This file contains bill summaries for federal legislation. A bill summary describes the most significant provisions of a piece of legislation and details the effects the legislative text may have on current law and federal programs. Bill summaries are authored by the Congressional Research Service (CRS) of the Library of Congress. As stated in Public Law 91-510 (2 USC 166 (d)(6)), one of the duties of CRS is "to prepare summaries and digests of bills and resolutions of a public general nature introduced in the Senate or House of Representatives". For more information, refer to the User Guide that accompanies this file.</dc:description>
</dublinCore>
</BillSummaries>
