<?xml version="1.0" encoding="UTF-8"?>
<BillSummaries>
<item congress="113" measure-type="hr" measure-number="744" measure-id="id113hr744" originChamber="HOUSE" orig-publish-date="2013-02-15" update-date="2014-12-17">
<title>STOP Identity Theft Act of 2014</title>
<summary summary-id="id113hr744v36" currentChamber="HOUSE" update-date="2014-12-17">
<action-date>2014-09-08</action-date>
<action-desc>Passed House amended</action-desc>
<summary-text><![CDATA[<p><b>(This measure has not been amended since it was reported to the House on September 8, 2014. The summary of that version is repeated here.)</b></p> <p>Stopping Tax Offenders and Prosecuting Identity Theft Act of 2014 or the STOP Identity Theft Act of 2014 - Calls for the Attorney General to: (1) make use of all existing resources of the Department of Justice (DOJ), including task forces, to bring more perpetrators of tax return identity theft to justice; and (2) take into account the need to concentrate efforts in areas of the country where the crime is most frequently reported, to coordinate with state and local authorities to prosecute and prevent such crime, and to protect vulnerable groups from becoming victims or otherwise being used in the offense.</p> <p>Amends the federal criminal code to: (1) include organizations as victims for purposes of prohibitions against identity theft or aggravated identity theft, and (2) subject an identity theft offense committed during and in relation to tax fraud to a fine and/or up to 20 years' imprisonment.</p> <p>Directs the Attorney General to report to the House and Senate Judiciary Committees on: (1) trends in the incidence of tax return identity theft, (2) recommendations on additional statutory tools that would aid in the effective prosecution of tax return identity theft, and (3) the status of implementing DOJ's March 2010 Audit Report 10-21 entitled &quot;The Department of Justice's Efforts to Combat Identity Theft.&quot;</p>]]></summary-text>
</summary>
<summary summary-id="id113hr744v17" currentChamber="HOUSE" update-date="2014-12-17">
<action-date>2014-09-08</action-date>
<action-desc>Reported to House amended</action-desc>
<summary-text><![CDATA[<p>Stopping Tax Offenders and Prosecuting Identity Theft Act of 2014 or the STOP Identity Theft Act of 2014 - Calls for the Attorney General to: (1) make use of all existing resources of the Department of Justice (DOJ), including task forces, to bring more perpetrators of tax return identity theft to justice; and (2) take into account the need to concentrate efforts in areas of the country where the crime is most frequently reported, to coordinate with state and local authorities to prosecute and prevent such crime, and to protect vulnerable groups from becoming victims or otherwise being used in the offense.</p> <p>Amends the federal criminal code to: (1) include organizations as victims for purposes of prohibitions against identity theft or aggravated identity theft, and (2) subject an identity theft offense committed during and in relation to tax fraud to a fine and/or up to 20 years' imprisonment.</p> <p>Directs the Attorney General to report to the House and Senate Judiciary Committees on: (1) trends in the incidence of tax return identity theft, (2) recommendations on additional statutory tools that would aid in the effective prosecution of tax return identity theft, and (3) the status of implementing DOJ's March 2010 Audit Report 10-21 entitled &quot;The Department of Justice's Efforts to Combat Identity Theft.&quot;</p>]]></summary-text>
</summary>
<summary summary-id="id113hr744v00" currentChamber="HOUSE" update-date="2013-03-13">
<action-date>2013-02-15</action-date>
<action-desc>Introduced in House</action-desc>
<summary-text><![CDATA[<p>Stopping Tax Offenders and Prosecuting Identity Theft Act of 2013 or the STOP Identity Theft Act of 2013 - Calls for the Attorney General to: (1) make use of all existing resources of the Department of Justice (DOJ), including task forces, to bring more perpetrators of tax return identity theft to justice; and (2) take into account the need to concentrate efforts in areas of the country where the crime is most frequently reported, to coordinate with state and local authorities to prosecute and prevent such crime, and to protect vulnerable groups from becoming victims or otherwise being used in the offense.</p> <p>Amends the federal criminal code to: (1) include organizations as victims for purposes of prohibitions against identity theft or aggravated identity theft, and (2) subject an identity theft offense committed during and in relation to tax fraud to a fine and/or up to 20 years' imprisonment.</p> <p>Directs the Attorney General to include in the first annual DOJ performance report made more than nine months after the date of this Act's enactment information as to progress in implementing this Act regarding: (1) information readily available to DOJ about trends in the incidence of tax return identity theft, (2) the effectiveness of statutory tools in aiding DOJ in prosecuting it, (3) recommendations on additional statutory tools that would aid in removing barriers to effective prosecution, and (4) the status of implementing DOJ's March 2010 audit report on DOJ efforts to combat identity theft.</p>]]></summary-text>
</summary>
</item>
<dublinCore xmlns:dc="http://purl.org/dc/elements/1.1/">
<dc:format>text/xml</dc:format>
<dc:language>EN</dc:language>
<dc:rights>Pursuant to Title 17 Section 105 of the United States Code, this file is not subject to copyright protection and is in the public domain.</dc:rights>
<dc:contributor>Congressional Research Service, Library of Congress</dc:contributor>
<dc:description>This file contains bill summaries for federal legislation. A bill summary describes the most significant provisions of a piece of legislation and details the effects the legislative text may have on current law and federal programs. Bill summaries are authored by the Congressional Research Service (CRS) of the Library of Congress. As stated in Public Law 91-510 (2 USC 166 (d)(6)), one of the duties of CRS is "to prepare summaries and digests of bills and resolutions of a public general nature introduced in the Senate or House of Representatives". For more information, refer to the User Guide that accompanies this file.</dc:description>
</dublinCore>
</BillSummaries>
