<?xml version="1.0" encoding="UTF-8"?>
<BillSummaries>
<item congress="113" measure-type="hr" measure-number="724" measure-id="id113hr724" originChamber="HOUSE" orig-publish-date="2013-02-14" update-date="2014-07-28">
<title>To amend the Clean Air Act to remove the requirement for dealer certification of new light-duty motor vehicles.</title>
<summary summary-id="id113hr724v49" currentChamber="BOTH" update-date="2014-07-28">
<action-date>2014-06-09</action-date>
<action-desc>Public Law</action-desc>
<summary-text><![CDATA[<p><b>(This measure has not been amended since it was introduced. The summary of that version is repeated here.)</b></p> <p>Amends the Clean Air Act to remove the requirement that a dealer of new light-duty motor vehicles furnish a certification to the purchaser that the vehicle conforms to applicable regulations concerning emission standards, including notice of warranty rights should the vehicle fail to conform to such regulations.</p>]]></summary-text>
</summary>
<summary summary-id="id113hr724v82" currentChamber="SENATE" update-date="2014-06-07">
<action-date>2014-05-22</action-date>
<action-desc>Passed Senate without amendment</action-desc>
<summary-text><![CDATA[<p><b>(This measure has not been amended since it was introduced. The summary of that version is repeated here.)</b></p> <p>Amends the Clean Air Act to remove the requirement that a dealer of new light-duty motor vehicles furnish a certification to the purchaser that the vehicle conforms to applicable regulations concerning emission standards, including notice of warranty rights should the vehicle fail to conform to such regulations.</p>]]></summary-text>
</summary>
<summary summary-id="id113hr724v80" currentChamber="SENATE" update-date="2014-04-04">
<action-date>2014-04-01</action-date>
<action-desc>Reported to Senate without amendment</action-desc>
<summary-text><![CDATA[<p><b>(This measure has not been amended since it was introduced. The summary of that version is repeated here.)</b></p> <p>Amends the Clean Air Act to remove the requirement that a dealer of new light-duty motor vehicles furnish a certification to the purchaser that the vehicle conforms to applicable regulations concerning emission standards, including notice of warranty rights should the vehicle fail to conform to such regulations.</p>]]></summary-text>
</summary>
<summary summary-id="id113hr724v81" currentChamber="HOUSE" update-date="2014-01-09">
<action-date>2014-01-08</action-date>
<action-desc>Passed House without amendment</action-desc>
<summary-text><![CDATA[<p><b>(This measure has not been amended since it was introduced. The summary of that version is repeated here.)</b></p> <p>Amends the Clean Air Act to remove the requirement that a dealer of new light-duty motor vehicles furnish a certification to the purchaser that the vehicle conforms to applicable regulations concerning emission standards, including notice of warranty rights should the vehicle fail to conform to such regulations.</p>]]></summary-text>
</summary>
<summary summary-id="id113hr724v79" currentChamber="HOUSE" update-date="2014-01-09">
<action-date>2014-01-07</action-date>
<action-desc>Reported to House without amendment</action-desc>
<summary-text><![CDATA[<p><b>(This measure has not been amended since it was introduced. The summary of that version is repeated here.)</b></p> <p>Amends the Clean Air Act to remove the requirement that a dealer of new light-duty motor vehicles furnish a certification to the purchaser that the vehicle conforms to applicable regulations concerning emission standards, including notice of warranty rights should the vehicle fail to conform to such regulations.</p>]]></summary-text>
</summary>
<summary summary-id="id113hr724v00" currentChamber="HOUSE" update-date="2013-04-10">
<action-date>2013-02-14</action-date>
<action-desc>Introduced in House</action-desc>
<summary-text><![CDATA[<p>Amends the Clean Air Act to remove the requirement that a dealer of new light-duty motor vehicles furnish a certification to the purchaser that the vehicle conforms to applicable regulations concerning emission standards, including notice of warranty rights should the vehicle fail to conform to such regulations.</p>]]></summary-text>
</summary>
</item>
<dublinCore xmlns:dc="http://purl.org/dc/elements/1.1/">
<dc:format>text/xml</dc:format>
<dc:language>EN</dc:language>
<dc:rights>Pursuant to Title 17 Section 105 of the United States Code, this file is not subject to copyright protection and is in the public domain.</dc:rights>
<dc:contributor>Congressional Research Service, Library of Congress</dc:contributor>
<dc:description>This file contains bill summaries for federal legislation. A bill summary describes the most significant provisions of a piece of legislation and details the effects the legislative text may have on current law and federal programs. Bill summaries are authored by the Congressional Research Service (CRS) of the Library of Congress. As stated in Public Law 91-510 (2 USC 166 (d)(6)), one of the duties of CRS is "to prepare summaries and digests of bills and resolutions of a public general nature introduced in the Senate or House of Representatives". For more information, refer to the User Guide that accompanies this file.</dc:description>
</dublinCore>
</BillSummaries>
