<?xml version="1.0" encoding="UTF-8"?>
<BillSummaries>
<item congress="113" measure-type="hr" measure-number="348" measure-id="id113hr348" originChamber="HOUSE" orig-publish-date="2013-01-22" update-date="2013-01-31">
<title>Narrowing Exceptions for Withholding Taxes Act of 2013</title>
<summary summary-id="id113hr348v00" currentChamber="HOUSE" update-date="2013-01-31">
<action-date>2013-01-22</action-date>
<action-desc>Introduced in House</action-desc>
<summary-text><![CDATA[<p>Narrowing Exceptions for Withholding Taxes Act of 2013 - Amends the Internal Revenue Code and title II (Old-Age, Survivors, and Disability Insurance Benefits) of the Social Security Act to require a shareholder of a subchapter S corporation engaged in a professional service business to include all items of income or loss attributable to such business in determining such shareholder's net earnings from self-employment for purposes of computing employment tax liability.</p> <p>Defines a "professional service business" as any trade or business substantially all of the activities of which involve providing services in the fields of health, law, lobbying, engineering, architecture, accounting, actuarial science, performing arts, consulting, athletics, investment advice or management, or brokerage services. </p> <br />]]></summary-text>
</summary>
</item>
<dublinCore xmlns:dc="http://purl.org/dc/elements/1.1/">
<dc:format>text/xml</dc:format>
<dc:language>EN</dc:language>
<dc:rights>Pursuant to Title 17 Section 105 of the United States Code, this file is not subject to copyright protection and is in the public domain.</dc:rights>
<dc:contributor>Congressional Research Service, Library of Congress</dc:contributor>
<dc:description>This file contains bill summaries for federal legislation. A bill summary describes the most significant provisions of a piece of legislation and details the effects the legislative text may have on current law and federal programs. Bill summaries are authored by the Congressional Research Service (CRS) of the Library of Congress. As stated in Public Law 91-510 (2 USC 166 (d)(6)), one of the duties of CRS is "to prepare summaries and digests of bills and resolutions of a public general nature introduced in the Senate or House of Representatives". For more information, refer to the User Guide that accompanies this file.</dc:description>
</dublinCore>
</BillSummaries>
