<?xml version="1.0" encoding="UTF-8"?>
<BillSummaries>
<item congress="113" measure-type="hr" measure-number="901" measure-id="id113hr901" originChamber="HOUSE" orig-publish-date="2013-02-28" update-date="2013-04-15">
<title>Tax Return Due Date Simplification and Modernization Act of 2013</title>
<summary summary-id="id113hr901v00" currentChamber="HOUSE" update-date="2013-04-15">
<action-date>2013-02-28</action-date>
<action-desc>Introduced in House</action-desc>
<summary-text><![CDATA[<p>Tax Return Due Date Simplification and Modernization Act of 2013 - Amends the Internal Revenue Code to change tax return due dates for partnerships (from April 15 to March 15, with a six-month extension), S corporations (from March 15 to March 31), and C corporations (from March 15 to April 15).</p> <p>Requires the Secretary of the Treasury, for taxable years beginning after December 31, 2013, to modify by regulation the due dates for extensions of tax returns for partnerships, trusts and estates, employee benefit plans, tax-exempt organizations, and certain trust funds. Sets a due date of April 15 for the annual information return of a foreign trust with a U.S. owner and for the report of foreign bank and financial accounts (with extensions until October 15).</p> <p>Extends the automatic extension for corporation income tax returns from three to six months. </p>]]></summary-text>
</summary>
</item>
<dublinCore xmlns:dc="http://purl.org/dc/elements/1.1/">
<dc:format>text/xml</dc:format>
<dc:language>EN</dc:language>
<dc:rights>Pursuant to Title 17 Section 105 of the United States Code, this file is not subject to copyright protection and is in the public domain.</dc:rights>
<dc:contributor>Congressional Research Service, Library of Congress</dc:contributor>
<dc:description>This file contains bill summaries for federal legislation. A bill summary describes the most significant provisions of a piece of legislation and details the effects the legislative text may have on current law and federal programs. Bill summaries are authored by the Congressional Research Service (CRS) of the Library of Congress. As stated in Public Law 91-510 (2 USC 166 (d)(6)), one of the duties of CRS is "to prepare summaries and digests of bills and resolutions of a public general nature introduced in the Senate or House of Representatives". For more information, refer to the User Guide that accompanies this file.</dc:description>
</dublinCore>
</BillSummaries>
