<?xml version="1.0" encoding="UTF-8"?>
<BillSummaries>
<item congress="113" measure-type="hr" measure-number="775" measure-id="id113hr775" originChamber="HOUSE" orig-publish-date="2013-02-15" update-date="2013-03-12">
<title>Uninterrupted Elections Act</title>
<summary summary-id="id113hr775v00" currentChamber="HOUSE" update-date="2013-03-12">
<action-date>2013-02-15</action-date>
<action-desc>Introduced in House</action-desc>
<summary-text><![CDATA[<p>Uninterrupted Elections Act - Amends the federal judicial code to exempt an election and registration official, if named as a prospective juror under a random jury selection plan, from starting service as a juror during any election period (the period beginning 60 days before and ending 30 days after an election with respect to which the official has specified election duties). </p> <p>Defines "election or registration official" as an appointed or elected local election administrator, or a permanent full-time employee of such an administrator, whose duties include the registration of voters or the administration of elections.</p>]]></summary-text>
</summary>
</item>
<dublinCore xmlns:dc="http://purl.org/dc/elements/1.1/">
<dc:format>text/xml</dc:format>
<dc:language>EN</dc:language>
<dc:rights>Pursuant to Title 17 Section 105 of the United States Code, this file is not subject to copyright protection and is in the public domain.</dc:rights>
<dc:contributor>Congressional Research Service, Library of Congress</dc:contributor>
<dc:description>This file contains bill summaries for federal legislation. A bill summary describes the most significant provisions of a piece of legislation and details the effects the legislative text may have on current law and federal programs. Bill summaries are authored by the Congressional Research Service (CRS) of the Library of Congress. As stated in Public Law 91-510 (2 USC 166 (d)(6)), one of the duties of CRS is "to prepare summaries and digests of bills and resolutions of a public general nature introduced in the Senate or House of Representatives". For more information, refer to the User Guide that accompanies this file.</dc:description>
</dublinCore>
</BillSummaries>
