<?xml version="1.0" encoding="UTF-8"?>
<BillSummaries>
<item congress="113" measure-type="hr" measure-number="294" measure-id="id113hr294" originChamber="HOUSE" orig-publish-date="2013-01-15" update-date="2013-01-22">
<title>To revoke a requirement of Executive Order 13618 with respect to the use of privately owned communications resources by the Secretary of Homeland Security, and for other purposes.</title>
<summary summary-id="id113hr294v00" currentChamber="HOUSE" update-date="2013-01-22">
<action-date>2013-01-15</action-date>
<action-desc>Introduced in House</action-desc>
<summary-text><![CDATA[<p>Revokes a provision of Executive Order 13618 (entitled &quot;Assignment of National Security and Emergency Preparedness Communications Functions&quot;) to the extent that it requires the Secretary of Homeland Security (DHS) to satisfy priority communications requirements through the use of privately owned communications resources.</p> <p>Prohibits: (1) any federal agency or instrumentality from satisfying priority communications requirements through the use of privately owned communications resources, or (2) appropriated funds from being used to take any action that expands the federal government's authority to control such resources.</p>]]></summary-text>
</summary>
</item>
<dublinCore xmlns:dc="http://purl.org/dc/elements/1.1/">
<dc:format>text/xml</dc:format>
<dc:language>EN</dc:language>
<dc:rights>Pursuant to Title 17 Section 105 of the United States Code, this file is not subject to copyright protection and is in the public domain.</dc:rights>
<dc:contributor>Congressional Research Service, Library of Congress</dc:contributor>
<dc:description>This file contains bill summaries for federal legislation. A bill summary describes the most significant provisions of a piece of legislation and details the effects the legislative text may have on current law and federal programs. Bill summaries are authored by the Congressional Research Service (CRS) of the Library of Congress. As stated in Public Law 91-510 (2 USC 166 (d)(6)), one of the duties of CRS is "to prepare summaries and digests of bills and resolutions of a public general nature introduced in the Senate or House of Representatives". For more information, refer to the User Guide that accompanies this file.</dc:description>
</dublinCore>
</BillSummaries>
