<?xml version="1.0" encoding="UTF-8"?>
<BillSummaries>
<item congress="113" measure-type="hr" measure-number="315" measure-id="id113hr315" originChamber="HOUSE" orig-publish-date="2013-01-18" update-date="2013-03-12">
<title>Synthetic Cathinones Control Act of 2013</title>
<summary summary-id="id113hr315v00" currentChamber="HOUSE" update-date="2013-03-12">
<action-date>2013-01-18</action-date>
<action-desc>Introduced in House</action-desc>
<summary-text><![CDATA[<p>Synthetic Cathinones Control Act of 2013 - Directs the Attorney General to issue a final order within 60 days of this Act's enactment that schedules specified synthetic drugs on schedule I of the Controlled Substances Act.</p> <p> Amends the Controlled Substances Act to provide that Schedules I, II, III, IV, and V shall consist of the drugs and other substances that are set forth in the respective schedules in part 1308 of title 21 of the Code of Federal Regulations.</p>]]></summary-text>
</summary>
</item>
<dublinCore xmlns:dc="http://purl.org/dc/elements/1.1/">
<dc:format>text/xml</dc:format>
<dc:language>EN</dc:language>
<dc:rights>Pursuant to Title 17 Section 105 of the United States Code, this file is not subject to copyright protection and is in the public domain.</dc:rights>
<dc:contributor>Congressional Research Service, Library of Congress</dc:contributor>
<dc:description>This file contains bill summaries for federal legislation. A bill summary describes the most significant provisions of a piece of legislation and details the effects the legislative text may have on current law and federal programs. Bill summaries are authored by the Congressional Research Service (CRS) of the Library of Congress. As stated in Public Law 91-510 (2 USC 166 (d)(6)), one of the duties of CRS is "to prepare summaries and digests of bills and resolutions of a public general nature introduced in the Senate or House of Representatives". For more information, refer to the User Guide that accompanies this file.</dc:description>
</dublinCore>
</BillSummaries>
