<?xml version="1.0" encoding="UTF-8"?>
<BillSummaries>
<item congress="113" measure-type="hr" measure-number="488" measure-id="id113hr488" originChamber="HOUSE" orig-publish-date="2013-02-04" update-date="2013-02-14">
<title>To amend the Surface Mining Control and Reclamation Act of 1977 to clarify that uncertified States and Indian tribes have the authority to use certain payments for certain noncoal reclamation projects.</title>
<summary summary-id="id113hr488v00" currentChamber="HOUSE" update-date="2013-02-14">
<action-date>2013-02-04</action-date>
<action-desc>Introduced in House</action-desc>
<summary-text><![CDATA[<p> Amends the Surface Mining Control and Reclamation Act of 1977, with respect to the allocation of surface mining reclamation funds to states and Indian tribes, to authorize uncertified states and Indian tribes to use certain unexpended and unappropriated balance amounts for: (1) acid mine drainage abatement and treatment, and (2) noncoal abandoned mine land reclamation. </p> <p> Modifies limitations placed upon the allocation of such surface mining reclamation funds to provide for payments for filling voids and sealing tunnels and entryways of noncoal mines as well as coal mines.</p> <p> (&quot;Uncertified states and Indian tribes&quot; are those which have not certified to the Secretary of the Interior completion of their abandoned coal mine reclamation work.)</p>]]></summary-text>
</summary>
</item>
<dublinCore xmlns:dc="http://purl.org/dc/elements/1.1/">
<dc:format>text/xml</dc:format>
<dc:language>EN</dc:language>
<dc:rights>Pursuant to Title 17 Section 105 of the United States Code, this file is not subject to copyright protection and is in the public domain.</dc:rights>
<dc:contributor>Congressional Research Service, Library of Congress</dc:contributor>
<dc:description>This file contains bill summaries for federal legislation. A bill summary describes the most significant provisions of a piece of legislation and details the effects the legislative text may have on current law and federal programs. Bill summaries are authored by the Congressional Research Service (CRS) of the Library of Congress. As stated in Public Law 91-510 (2 USC 166 (d)(6)), one of the duties of CRS is "to prepare summaries and digests of bills and resolutions of a public general nature introduced in the Senate or House of Representatives". For more information, refer to the User Guide that accompanies this file.</dc:description>
</dublinCore>
</BillSummaries>
