<?xml version="1.0" encoding="UTF-8"?>
<BillSummaries>
<item congress="113" measure-type="hr" measure-number="271" measure-id="id113hr271" originChamber="HOUSE" orig-publish-date="2013-01-15" update-date="2013-06-03">
<title>Resolving Environmental and Grid Reliability Conflicts Act of 2013</title>
<summary summary-id="id113hr271v79" currentChamber="HOUSE" update-date="2013-06-03">
<action-date>2013-05-20</action-date>
<action-desc>Reported to House without amendment</action-desc>
<summary-text><![CDATA[<p><b>(This measure has not been amended since it was introduced. The summary of that version is repeated here.)</b></p> <p>Resolving Environmental and Grid Reliability Conflicts Act of 2013 - Amends the Federal Power Act to require the Federal Energy Regulatory Commission (FERC) to ensure that any emergency order issued under such Act for the interconnection of facilities for the generation, transmission, and sale of electric energy, that may result in a conflict with a requirement of any environmental law, shall: (1) require generation, delivery, interchange, or transmission of electric energy only during hours necessary to meet the emergency and serve the public interest; and (2) to the maximum extent practical, be consistent with any other applicable environmental law and minimize any adverse environmental impacts. </p> <p>Provides that any omission or action taken by a party to comply with such an order that results in noncompliance with any environmental law shall not: (1) be considered a violation of such law; or (2) subject such party to any requirement of, or any civil or criminal liability under, such law.</p> <p>Requires such an order that may result in a conflict with environmental law to expire within 90 days after it is issued. Authorizes FERC to renew or reissue such order for subsequent periods, not to exceed 90 days each, as necessary to meet the emergency and serve the public interest. </p> <p>Requires FERC, in renewing or reissuing such order, to: (1) consult with the primary federal agency with expertise in the environmental interest protected by such law and include in any such order conditions determined to be necessary to minimize any adverse environmental impacts, and (2) make such conditions available to the public. Authorizes FERC to exclude such a condition from the order if such condition would prevent the order from adequately addressing the emergency.</p> <p>Authorizes, during an emergency, a municipality engaged in the transmission or sale of electric energy and not otherwise subject to FERC's jurisdiction to make temporary connections with public utilities subject to FERC's jurisdiction and construct temporary facilities for the transmission of electric energy in interstate commerce as may be necessary or appropriate to meet such emergency.</p>]]></summary-text>
</summary>
<summary summary-id="id113hr271v00" currentChamber="HOUSE" update-date="2014-11-06">
<action-date>2013-01-15</action-date>
<action-desc>Introduced in House</action-desc>
<summary-text><![CDATA[<p>Resolving Environmental and Grid Reliability Conflicts Act of 2013 - Amends the Federal Power Act to require the Federal Energy Regulatory Commission (FERC) to ensure that any emergency order issued under such Act for the interconnection of facilities for the generation, transmission, and sale of electric energy that may result in a conflict with a requirement of any environmental law shall: (1) require generation, delivery, interchange, or transmission of electric energy only during hours necessary to meet the emergency and serve the public interest; and (2) to the maximum extent practical, be consistent with any other applicable environmental law and minimize any adverse environmental impacts. </p> <p>Provides that any omission or action taken by a party to comply with such an order that results in noncompliance with any environmental law shall not: (1) be considered a violation of such law; or (2) subject such party to any requirement of, or any civil or criminal liability under, such law.</p> <p>Requires such an order that may result in a conflict with environmental law to expire within 90 days after it is issued. Authorizes FERC to renew or reissue such order for subsequent periods, not to exceed 90 days each, as necessary to meet the emergency and serve the public interest. </p> <p>Requires FERC, in renewing or reissuing such order, to: (1) consult with the primary federal agency with expertise in the environmental interest protected by such law and include in any such order conditions determined to be necessary to minimize any adverse environmental impacts, and (2) make such conditions available to the public. Authorizes FERC to exclude such a condition from the order if such condition would prevent the order from adequately addressing the emergency.</p> <p>Authorizes, during an emergency, a municipality engaged in the transmission or sale of electric energy and not otherwise subject to FERC's jurisdiction to make temporary connections with public utilities subject to FERC's jurisdiction and construct temporary facilities for the transmission of electric energy in interstate commerce as may be necessary or appropriate to meet such emergency.</p>]]></summary-text>
</summary>
</item>
<dublinCore xmlns:dc="http://purl.org/dc/elements/1.1/">
<dc:format>text/xml</dc:format>
<dc:language>EN</dc:language>
<dc:rights>Pursuant to Title 17 Section 105 of the United States Code, this file is not subject to copyright protection and is in the public domain.</dc:rights>
<dc:contributor>Congressional Research Service, Library of Congress</dc:contributor>
<dc:description>This file contains bill summaries for federal legislation. A bill summary describes the most significant provisions of a piece of legislation and details the effects the legislative text may have on current law and federal programs. Bill summaries are authored by the Congressional Research Service (CRS) of the Library of Congress. As stated in Public Law 91-510 (2 USC 166 (d)(6)), one of the duties of CRS is "to prepare summaries and digests of bills and resolutions of a public general nature introduced in the Senate or House of Representatives". For more information, refer to the User Guide that accompanies this file.</dc:description>
</dublinCore>
</BillSummaries>
