<?xml version="1.0" encoding="UTF-8"?>
<BillSummaries>
<item congress="113" measure-type="hr" measure-number="728" measure-id="id113hr728" originChamber="HOUSE" orig-publish-date="2013-02-14" update-date="2013-04-09">
<title>Access to Birth Control Act</title>
<summary summary-id="id113hr728v00" currentChamber="HOUSE" update-date="2013-04-09">
<action-date>2013-02-14</action-date>
<action-desc>Introduced in House</action-desc>
<summary-text><![CDATA[<p>Access to Birth Control Act - Amends the Public Health Service Act to require pharmacies to comply with certain rules related to contraceptives, including: (1) providing a customer a contraceptive without delay if it is in stock; (2) immediately informing a customer if the contraceptive is not in stock and either transferring the prescription to a pharmacy that has the contraceptive in stock or expediting the ordering of the contraceptive and notifying the customer when it arrives, based on customer preference, except for pharmacies that do not ordinarily stock contraceptives in the normal course of business; and (3) ensuring that pharmacy employees do not take certain actions relating to a request for contraception, including intimidating, threatening, or harassing customers, interfering with or obstructing the delivery of services, intentionally misrepresenting or deceiving customers about the availability of contraception or its mechanism of action, breaching or threatening to breach medical confidentiality, or refusing to return a valid, lawful prescription. </p> <p>Provides that a pharmacy is not prohibited from refusing to provide a contraceptive to a customer if: (1) it is unlawful to dispense the contraceptive to the customer without a valid, lawful prescription and no such prescription is presented; (2) the customer is unable to pay for the contraceptive; or (3) the employee of the pharmacy refuses to provide the contraceptive on the basis of a professional clinical judgment.</p> <p>Provides that this Act does not preempt state law or any professional obligation of a state board that provides greater protections for customers.</p> <p>Sets forth civil penalties and establishes a a private cause of action for violations of this Act. </p>]]></summary-text>
</summary>
</item>
<dublinCore xmlns:dc="http://purl.org/dc/elements/1.1/">
<dc:format>text/xml</dc:format>
<dc:language>EN</dc:language>
<dc:rights>Pursuant to Title 17 Section 105 of the United States Code, this file is not subject to copyright protection and is in the public domain.</dc:rights>
<dc:contributor>Congressional Research Service, Library of Congress</dc:contributor>
<dc:description>This file contains bill summaries for federal legislation. A bill summary describes the most significant provisions of a piece of legislation and details the effects the legislative text may have on current law and federal programs. Bill summaries are authored by the Congressional Research Service (CRS) of the Library of Congress. As stated in Public Law 91-510 (2 USC 166 (d)(6)), one of the duties of CRS is "to prepare summaries and digests of bills and resolutions of a public general nature introduced in the Senate or House of Representatives". For more information, refer to the User Guide that accompanies this file.</dc:description>
</dublinCore>
</BillSummaries>
