<?xml version="1.0" encoding="UTF-8"?>
<BillSummaries>
<item congress="113" measure-type="hr" measure-number="97" measure-id="id113hr97" originChamber="HOUSE" orig-publish-date="2013-01-03" update-date="2013-01-18">
<title>Fair, Accurate, Secure, and Timely Voting</title>
<summary summary-id="id113hr97v00" currentChamber="HOUSE" update-date="2013-01-18">
<action-date>2013-01-03</action-date>
<action-desc>Introduced in House</action-desc>
<summary-text><![CDATA[<p>Fair, Accurate, Secure, and Timely Voting Act or FAST Voting Act - Directs the Attorney General to award grants, on a competitive basis, to enable states to: (1) invest in practices and technology designed to expedite voting at the polls, and (2) simplify voter registration. </p> <p>Requires the grant application to include a comprehensive and coherent plan for using funds to improve the applicant's performance on specified measures with respect to: (1) flexible registration opportunities, (2) early voting, (3) assistance to non-English speaking voters, and (4) other related matters. <p>Requires each grantee to establish performance measures and targets, approved by the Attorney General, that track its progress in implementing its plan and expediting voting at the polls or simplifying voter registration, as applicable.]]></summary-text>
</summary>
</item>
<dublinCore xmlns:dc="http://purl.org/dc/elements/1.1/">
<dc:format>text/xml</dc:format>
<dc:language>EN</dc:language>
<dc:rights>Pursuant to Title 17 Section 105 of the United States Code, this file is not subject to copyright protection and is in the public domain.</dc:rights>
<dc:contributor>Congressional Research Service, Library of Congress</dc:contributor>
<dc:description>This file contains bill summaries for federal legislation. A bill summary describes the most significant provisions of a piece of legislation and details the effects the legislative text may have on current law and federal programs. Bill summaries are authored by the Congressional Research Service (CRS) of the Library of Congress. As stated in Public Law 91-510 (2 USC 166 (d)(6)), one of the duties of CRS is "to prepare summaries and digests of bills and resolutions of a public general nature introduced in the Senate or House of Representatives". For more information, refer to the User Guide that accompanies this file.</dc:description>
</dublinCore>
</BillSummaries>
