<?xml version="1.0" encoding="UTF-8"?>
<BillSummaries>
<item congress="113" measure-type="hr" measure-number="1017" measure-id="id113hr1017" originChamber="HOUSE" orig-publish-date="2013-03-06" update-date="2013-03-28">
<title>American Land Act</title>
<summary summary-id="id113hr1017v00" currentChamber="HOUSE" update-date="2013-03-28">
<action-date>2013-03-06</action-date>
<action-desc>Introduced in House</action-desc>
<summary-text><![CDATA[<p>American Land Act - Authorizes the Secretary of the Interior or the Secretary of Agriculture (USDA), for FY2013-FY2017, to offer for competitive sale by auction 8% of the federal lands managed by the Bureau of Land Management (BLM) and 8% of the National Forest System lands. </p> <p>Requires the lands to be sold to be configured so as to maximize their marketability or to achieve management objectives. </p> <p>Permits either Secretary to include the mineral rights in a sale of land under this Act for not more than 50% of the total acreage sold, if such inclusion is likely to maximize that land's marketability. </p>]]></summary-text>
</summary>
</item>
<dublinCore xmlns:dc="http://purl.org/dc/elements/1.1/">
<dc:format>text/xml</dc:format>
<dc:language>EN</dc:language>
<dc:rights>Pursuant to Title 17 Section 105 of the United States Code, this file is not subject to copyright protection and is in the public domain.</dc:rights>
<dc:contributor>Congressional Research Service, Library of Congress</dc:contributor>
<dc:description>This file contains bill summaries for federal legislation. A bill summary describes the most significant provisions of a piece of legislation and details the effects the legislative text may have on current law and federal programs. Bill summaries are authored by the Congressional Research Service (CRS) of the Library of Congress. As stated in Public Law 91-510 (2 USC 166 (d)(6)), one of the duties of CRS is "to prepare summaries and digests of bills and resolutions of a public general nature introduced in the Senate or House of Representatives". For more information, refer to the User Guide that accompanies this file.</dc:description>
</dublinCore>
</BillSummaries>
