<?xml version="1.0" encoding="UTF-8"?>
<BillSummaries>
<item congress="113" measure-type="hr" measure-number="864" measure-id="id113hr864" originChamber="HOUSE" orig-publish-date="2013-02-27" update-date="2013-03-15">
<title>To direct the Secretary of Veterans Affairs to designate at least one city in the United States each year as an "American World War II City", and for other purposes.</title>
<summary summary-id="id113hr864v00" currentChamber="HOUSE" update-date="2013-03-15">
<action-date>2013-02-27</action-date>
<action-desc>Introduced in House</action-desc>
<summary-text><![CDATA[<p>Directs the Secretary of Veterans Affairs (VA) to designate at least one city in the United States each year as an &quot;American World War II City&quot; based on: (1) contributions to the war effort during World War II; and (2) efforts to preserve the history of such contributions, including preservation organizations or museums, restoration of World War II facilities, and recognition of World War II veterans.</p> <p>Designates Wilmington, North Carolina, as the first such city.</p>]]></summary-text>
</summary>
</item>
<dublinCore xmlns:dc="http://purl.org/dc/elements/1.1/">
<dc:format>text/xml</dc:format>
<dc:language>EN</dc:language>
<dc:rights>Pursuant to Title 17 Section 105 of the United States Code, this file is not subject to copyright protection and is in the public domain.</dc:rights>
<dc:contributor>Congressional Research Service, Library of Congress</dc:contributor>
<dc:description>This file contains bill summaries for federal legislation. A bill summary describes the most significant provisions of a piece of legislation and details the effects the legislative text may have on current law and federal programs. Bill summaries are authored by the Congressional Research Service (CRS) of the Library of Congress. As stated in Public Law 91-510 (2 USC 166 (d)(6)), one of the duties of CRS is "to prepare summaries and digests of bills and resolutions of a public general nature introduced in the Senate or House of Representatives". For more information, refer to the User Guide that accompanies this file.</dc:description>
</dublinCore>
</BillSummaries>
