<?xml version="1.0" encoding="UTF-8"?>
<BillSummaries>
<item congress="113" measure-type="hr" measure-number="814" measure-id="id113hr814" originChamber="HOUSE" orig-publish-date="2013-02-25" update-date="2013-03-08">
<title>RISE Out of Poverty Act</title>
<summary summary-id="id113hr814v00" currentChamber="HOUSE" update-date="2013-03-08">
<action-date>2013-02-25</action-date>
<action-desc>Introduced in House</action-desc>
<summary-text><![CDATA[<p>Rewriting to Improve and Secure an Exit Out of Poverty Act or RISE Out of Poverty Act - Amends part A (Temporary Assistance for Needy Families Act) (TANF) of title IV of the Social Security Act to require state TANF plans to address whether and how states will give priority to providing assistance in areas with the greatest need.</p> <p>Extends the TANF program.</p> <p>Establishes matching grants to the states for subsidized employment. Sets a flat minimum participation rate of 50% with respect to all families residing in a state that include a work-eligible individual.</p> <p>Revises participation requirements.</p> <p>Gives TANF recipients the option to have trained personnel assess certain barriers to employment.</p> <p>Revises the contents of individual responsibility plans.</p> <p>Authorizes a state to develop a modified employability plan for a TANF recipient with, or caring for a family member with, a disability.</p> <p>Prohibits a state from imposing a lifetime sanction or full-family sanction on assistance to any individual or family on the basis of a family member's failure to comply with a program requirement.</p> <p>Prohibits sanctioning individuals for failure to engage in work if the failure results from the inability to secure child care or after-school arrangements for a child under age 13.</p> <p>Prohibits imposing a limit of less than 60 months on duration of TANF assistance. Makes the durational limit inapplicable during a recession.</p> <p>Requires that states establish personnel standards through a merit-based system in the administration of TANF programs.</p> <p>Bans state use of federal TANF funds to replace state or local spending for non-qualified state expenditures.</p> <p>Requires TANF assistance to meet basic family economic needs.</p> <p>Makes reducing child poverty a purpose of the TANF program.</p> <p>Requires that states adopt standards and procedures to address domestic and sexual violence suffered by TANF recipients.</p> <p>Requires a state to guarantee child care services to TANF recipients employed or participating in a work activity.</p> <p>Eliminates the ban on providing assistance to families not assigning certain support rights to the state.</p> <p>Gives states the option to extend TANF eligibility to children through age 21.</p> <p>Prohibits considering financial aid tied to education of a child in determining eligibility for or the amount of TANF.</p> <p>Eliminates bars to TANF assistance for persons convicted of drug felonies, unwed teen parents not in school, and teens not in an adult-supervised living arrangement.</p>]]></summary-text>
</summary>
</item>
<dublinCore xmlns:dc="http://purl.org/dc/elements/1.1/">
<dc:format>text/xml</dc:format>
<dc:language>EN</dc:language>
<dc:rights>Pursuant to Title 17 Section 105 of the United States Code, this file is not subject to copyright protection and is in the public domain.</dc:rights>
<dc:contributor>Congressional Research Service, Library of Congress</dc:contributor>
<dc:description>This file contains bill summaries for federal legislation. A bill summary describes the most significant provisions of a piece of legislation and details the effects the legislative text may have on current law and federal programs. Bill summaries are authored by the Congressional Research Service (CRS) of the Library of Congress. As stated in Public Law 91-510 (2 USC 166 (d)(6)), one of the duties of CRS is "to prepare summaries and digests of bills and resolutions of a public general nature introduced in the Senate or House of Representatives". For more information, refer to the User Guide that accompanies this file.</dc:description>
</dublinCore>
</BillSummaries>
