<?xml version="1.0" encoding="UTF-8"?>
<BillSummaries>
<item congress="113" measure-type="hr" measure-number="461" measure-id="id113hr461" originChamber="HOUSE" orig-publish-date="2013-02-04" update-date="2013-02-07">
<title>To amend title 5, United States Code, to increase the maximum age limit for an original appointment to a position as a Federal law enforcement officer in the case of any individual who has been discharged or released from active duty in the Armed Forces under honorable conditions, and for other purposes.</title>
<summary summary-id="id113hr461v00" currentChamber="HOUSE" update-date="2013-02-07">
<action-date>2013-02-04</action-date>
<action-desc>Introduced in House</action-desc>
<summary-text><![CDATA[<p>Sets a maximum age limit of 40 years for an original appointment to a position as a federal law enforcement officer in the case of individuals who have been discharged or released from active duty in the Armed Forces under honorable conditions. Increases the age at which such an individual must be separated from service as an officer to 60 years of age, with an authorized exemption until age 63.</p>]]></summary-text>
</summary>
</item>
<dublinCore xmlns:dc="http://purl.org/dc/elements/1.1/">
<dc:format>text/xml</dc:format>
<dc:language>EN</dc:language>
<dc:rights>Pursuant to Title 17 Section 105 of the United States Code, this file is not subject to copyright protection and is in the public domain.</dc:rights>
<dc:contributor>Congressional Research Service, Library of Congress</dc:contributor>
<dc:description>This file contains bill summaries for federal legislation. A bill summary describes the most significant provisions of a piece of legislation and details the effects the legislative text may have on current law and federal programs. Bill summaries are authored by the Congressional Research Service (CRS) of the Library of Congress. As stated in Public Law 91-510 (2 USC 166 (d)(6)), one of the duties of CRS is "to prepare summaries and digests of bills and resolutions of a public general nature introduced in the Senate or House of Representatives". For more information, refer to the User Guide that accompanies this file.</dc:description>
</dublinCore>
</BillSummaries>
