<?xml version="1.0" encoding="UTF-8"?>
<BillSummaries>
<item congress="113" measure-type="hr" measure-number="1022" measure-id="id113hr1022" originChamber="HOUSE" orig-publish-date="2013-03-06" update-date="2013-04-19">
<title>Securing Energy Critical Elements and American Jobs Act of 2013</title>
<summary summary-id="id113hr1022v00" currentChamber="HOUSE" update-date="2013-04-19">
<action-date>2013-03-06</action-date>
<action-desc>Introduced in House</action-desc>
<summary-text><![CDATA[<p> <br> Securing Energy Critical Elements and American Jobs Act of 2013 - Establishes in the Department of Energy (DOE) a research, development, and commercial application program to assure the long-term, secure, and sustainable supply of energy critical elements to satisfy the national security, economic well-being, and industrial production needs of the United States.</p> <p>Directs the Secretary of Energy to: (1) support new or significantly improved processes and technologies (as compared to those currently in use in the energy critical elements industry; (2) encourage multidisciplinary collaborations and opportunities for students at institutions of higher education; (3) collaborate with the relevant agencies of foreign countries with interests relating to energy critical elements; (4) establish a Research and Development Information Center to catalogue, disseminate, and archive information on energy critical elements; and (5) submit an implementation plan to Congress.</p> <p>Directs the President, acting through the Office of Science and Technology Policy, to coordinate the actions of federal agencies to: (1) promote an adequate and stable supply of energy critical elements, (2) identify energy critical elements and establish early warning systems for supply problems, (3) establish a mechanism for the coordination and evaluation of federal programs with energy critical element needs, and (4) encourage private enterprise in the development of an economically sound and stable domestic energy critical elements supply chain. </p> <p>Amends the Energy Policy Act of 2005 to authorize the Secretary to make loan guarantee commitments for the commercial application of new or significantly improved technologies for specified rare earth materials projects.</p> <p>Amends the National Materials and Minerals Policy, Research and Development Act of 1980 to: (1) instruct the Director of the Office of Science and Technology Policy to coordinate federal materials research and development through the National Science and Technology Council (instead of, as currently required, the Federal Coordinating Council for Science, Engineering, and Technology, which is now defunct), (2) modify the duties of the Secretary of Commerce regarding critical needs assessment, and (3) repeal specified duties of the Secretaries of Defense and of the Interior.</p> <p>Repeals the National Critical Materials Act of 1984.</p>]]></summary-text>
</summary>
</item>
<dublinCore xmlns:dc="http://purl.org/dc/elements/1.1/">
<dc:format>text/xml</dc:format>
<dc:language>EN</dc:language>
<dc:rights>Pursuant to Title 17 Section 105 of the United States Code, this file is not subject to copyright protection and is in the public domain.</dc:rights>
<dc:contributor>Congressional Research Service, Library of Congress</dc:contributor>
<dc:description>This file contains bill summaries for federal legislation. A bill summary describes the most significant provisions of a piece of legislation and details the effects the legislative text may have on current law and federal programs. Bill summaries are authored by the Congressional Research Service (CRS) of the Library of Congress. As stated in Public Law 91-510 (2 USC 166 (d)(6)), one of the duties of CRS is "to prepare summaries and digests of bills and resolutions of a public general nature introduced in the Senate or House of Representatives". For more information, refer to the User Guide that accompanies this file.</dc:description>
</dublinCore>
</BillSummaries>
