<?xml version="1.0" encoding="UTF-8"?>
<BillSummaries>
<item congress="113" measure-type="hr" measure-number="253" measure-id="id113hr253" originChamber="HOUSE" orig-publish-date="2013-01-15" update-date="2013-06-24">
<title>Y Mountain Access Enhancement Act</title>
<summary summary-id="id113hr253v36" currentChamber="HOUSE" update-date="2013-06-24">
<action-date>2013-06-17</action-date>
<action-desc>Passed House amended</action-desc>
<summary-text><![CDATA[<p> Y Mountain Access Enhancement Act - Directs the Secretary of Agriculture (USDA), upon request by Brigham Young University, to convey an approximately 80-acre parcel of National Forest System land in the Uinta-Wasatch-Cache National Forest in Utah. </p> <p>Requires the University to pay to the Secretary an amount equal to the fair market value of such land. Requires such consideration to be deposited in the general Treasury fund to reduce the federal deficit. </p> <p>Directs the University, after the conveyance, to represent that it will: (1) continue allowing the same reasonable public access to the trailhead, and the part of the Y Mountain Trail already owned by the University, as has been historically allowed; and (2) allow such access to the part of the Trail and the "Y" symbol located on the conveyed land. </p> <p>Requires the exact acreage and legal description of the conveyed land to be determined by a survey that is satisfactory to the Secretary. </p> <p>Requires Brigham Young University to pay the costs of the survey and appraisal and any administrative analyses required by law. </p>]]></summary-text>
</summary>
<summary summary-id="id113hr253v79" currentChamber="HOUSE" update-date="2013-06-21">
<action-date>2013-06-06</action-date>
<action-desc>Reported to House without amendment</action-desc>
<summary-text><![CDATA[<p><b>(This measure has not been amended since it was introduced. The summary has been expanded because action occurred on the measure.)</b></p> <p> Y Mountain Access Enhancement Act - Directs the Secretary of Agriculture (USDA), upon request by Brigham Young University, to convey an approximately 80-acre parcel of National Forest System land in the Uinta-Wasatch-Cache National Forest in Utah. </p> <p>Requires the University to pay to the Secretary an amount equal to the fair market value of such land. Requires such consideration to be deposited in the general Treasury fund to reduce the federal deficit. </p> <p>Directs the University, after the conveyance, to represent that it will: (1) continue allowing the same reasonable public access to the trailhead, and the part of the Y Mountain Trail already owned by the University, as has been historically allowed; and (2) allow such access to the part of the Trail and the "Y" symbol located on the conveyed land. </p> <p>Requires the exact acreage and legal description of the conveyed land to be determined by a survey that is satisfactory to the Secretary. </p> <p>Requires Brigham Young University to pay the costs of the survey and appraisal and any administrative analyses required by law. </p>]]></summary-text>
</summary>
<summary summary-id="id113hr253v00" currentChamber="HOUSE" update-date="2013-01-22">
<action-date>2013-01-15</action-date>
<action-desc>Introduced in House</action-desc>
<summary-text><![CDATA[<p> Y Mountain Access Enhancement Act - Directs the Secretary of Agriculture (USDA), upon request by Brigham Young University, to convey an approximately 80-acre parcel of National Forest System land in the Uinta-Wasatch-Cache National Forest in Utah. </p> <p>Requires the University to pay to the Secretary an amount equal to the fair market value of such land. Requires such consideration to be deposited in the general Treasury fund to reduce the federal deficit. </p> <p>Directs the University, after the conveyance, to represent that it will: (1) continue allowing the same reasonable public access to the trailhead, and the part of the Y Mountain Trail already owned by the University, as has been historically allowed; and (2) allow such access to the part of the Trail and the "Y" symbol located on the conveyed land.</p>]]></summary-text>
</summary>
</item>
<dublinCore xmlns:dc="http://purl.org/dc/elements/1.1/">
<dc:format>text/xml</dc:format>
<dc:language>EN</dc:language>
<dc:rights>Pursuant to Title 17 Section 105 of the United States Code, this file is not subject to copyright protection and is in the public domain.</dc:rights>
<dc:contributor>Congressional Research Service, Library of Congress</dc:contributor>
<dc:description>This file contains bill summaries for federal legislation. A bill summary describes the most significant provisions of a piece of legislation and details the effects the legislative text may have on current law and federal programs. Bill summaries are authored by the Congressional Research Service (CRS) of the Library of Congress. As stated in Public Law 91-510 (2 USC 166 (d)(6)), one of the duties of CRS is "to prepare summaries and digests of bills and resolutions of a public general nature introduced in the Senate or House of Representatives". For more information, refer to the User Guide that accompanies this file.</dc:description>
</dublinCore>
</BillSummaries>
