<?xml version="1.0" encoding="UTF-8"?>
<BillSummaries>
<item congress="113" measure-type="hr" measure-number="857" measure-id="id113hr857" originChamber="HOUSE" orig-publish-date="2013-02-27" update-date="2013-04-12">
<title>Protect Troops at War Act of 2013</title>
<summary summary-id="id113hr857v00" currentChamber="HOUSE" update-date="2013-04-12">
<action-date>2013-02-27</action-date>
<action-desc>Introduced in House</action-desc>
<summary-text><![CDATA[<p>Protect Troops at War Act of 2013 - Amends the Balanced Budget and Emergency Deficit Control Act of 1985 to eliminate for FY2013-FY2014 the reductions to discretionary appropriations or direct spending for the defense function of the Department of Defense (DOD). Requires the reductions that would otherwise have occurred to be added to and distributed equally among the sequestration for such function for FY2015-FY2021.</p> <p>Authorizes the Secretary of Defense to transfer amounts appropriated for DOD by the Continuing Appropriations Resolution among DOD accounts. Requires account amounts, after such transfer, to be consistent with amounts appropriated or authorized for such accounts under a DOD appropriations or authorization Act for FY2013. Requires 15 days' advance notice of such transfers to the congressional defense and appropriations committees.</p>]]></summary-text>
</summary>
</item>
<dublinCore xmlns:dc="http://purl.org/dc/elements/1.1/">
<dc:format>text/xml</dc:format>
<dc:language>EN</dc:language>
<dc:rights>Pursuant to Title 17 Section 105 of the United States Code, this file is not subject to copyright protection and is in the public domain.</dc:rights>
<dc:contributor>Congressional Research Service, Library of Congress</dc:contributor>
<dc:description>This file contains bill summaries for federal legislation. A bill summary describes the most significant provisions of a piece of legislation and details the effects the legislative text may have on current law and federal programs. Bill summaries are authored by the Congressional Research Service (CRS) of the Library of Congress. As stated in Public Law 91-510 (2 USC 166 (d)(6)), one of the duties of CRS is "to prepare summaries and digests of bills and resolutions of a public general nature introduced in the Senate or House of Representatives". For more information, refer to the User Guide that accompanies this file.</dc:description>
</dublinCore>
</BillSummaries>
