<?xml version="1.0" encoding="UTF-8"?>
<BillSummaries>
<item congress="113" measure-type="hr" measure-number="694" measure-id="id113hr694" originChamber="HOUSE" orig-publish-date="2013-02-14" update-date="2013-03-26">
<title>Corporate Tax Fairness Act</title>
<summary summary-id="id113hr694v00" currentChamber="HOUSE" update-date="2013-03-26">
<action-date>2013-02-14</action-date>
<action-desc>Introduced in House</action-desc>
<summary-text><![CDATA[<p>Corporate Tax Fairness Act - Amends the Internal Revenue Code, with respect to the taxation of the foreign-source income of domestic corporations, to: (1) eliminate the deferral of tax on the foreign-source income of U.S. corporations for taxable years beginning after December 31, 2013, (2) deny the foreign tax credit to large integrated oil companies that are dual capacity taxpayers, (3) limit the offset of the foreign tax credit to income that is subject to U.S. tax, and (4) treat foreign corporations managed and controlled in the United States as domestic corporations for U.S. tax purposes. </p>]]></summary-text>
</summary>
</item>
<dublinCore xmlns:dc="http://purl.org/dc/elements/1.1/">
<dc:format>text/xml</dc:format>
<dc:language>EN</dc:language>
<dc:rights>Pursuant to Title 17 Section 105 of the United States Code, this file is not subject to copyright protection and is in the public domain.</dc:rights>
<dc:contributor>Congressional Research Service, Library of Congress</dc:contributor>
<dc:description>This file contains bill summaries for federal legislation. A bill summary describes the most significant provisions of a piece of legislation and details the effects the legislative text may have on current law and federal programs. Bill summaries are authored by the Congressional Research Service (CRS) of the Library of Congress. As stated in Public Law 91-510 (2 USC 166 (d)(6)), one of the duties of CRS is "to prepare summaries and digests of bills and resolutions of a public general nature introduced in the Senate or House of Representatives". For more information, refer to the User Guide that accompanies this file.</dc:description>
</dublinCore>
</BillSummaries>
