<?xml version="1.0" encoding="UTF-8"?>
<BillSummaries>
<item congress="113" measure-type="hr" measure-number="366" measure-id="id113hr366" originChamber="HOUSE" orig-publish-date="2013-01-23" update-date="2013-02-04">
<title>Animal Fighting Spectator Prohibition Act of 2013</title>
<summary summary-id="id113hr366v00" currentChamber="HOUSE" update-date="2013-02-04">
<action-date>2013-01-23</action-date>
<action-desc>Introduced in House</action-desc>
<summary-text><![CDATA[<p>Animal Fighting Spectator Prohibition Act of 2013 - Amends the Animal Welfare Act to prohibit any person from knowingly attending an animal fighting venture or causing a minor (a person under the age of 18) to attend such a venture. </p> <p>Subjects any person who: (1) knowingly attends such venture to a fine and/or imprisonment for up to a year for each violation, and (2) knowingly causes a minor to attend such venture to a fine and/or imprisonment for up to three years for each violation.</p>]]></summary-text>
</summary>
</item>
<dublinCore xmlns:dc="http://purl.org/dc/elements/1.1/">
<dc:format>text/xml</dc:format>
<dc:language>EN</dc:language>
<dc:rights>Pursuant to Title 17 Section 105 of the United States Code, this file is not subject to copyright protection and is in the public domain.</dc:rights>
<dc:contributor>Congressional Research Service, Library of Congress</dc:contributor>
<dc:description>This file contains bill summaries for federal legislation. A bill summary describes the most significant provisions of a piece of legislation and details the effects the legislative text may have on current law and federal programs. Bill summaries are authored by the Congressional Research Service (CRS) of the Library of Congress. As stated in Public Law 91-510 (2 USC 166 (d)(6)), one of the duties of CRS is "to prepare summaries and digests of bills and resolutions of a public general nature introduced in the Senate or House of Representatives". For more information, refer to the User Guide that accompanies this file.</dc:description>
</dublinCore>
</BillSummaries>
