<?xml version="1.0" encoding="UTF-8"?>
<BillSummaries>
<item congress="113" measure-type="hr" measure-number="951" measure-id="id113hr951" originChamber="HOUSE" orig-publish-date="2013-03-05" update-date="2013-03-08">
<title>Women WIN Jobs</title>
<summary summary-id="id113hr951v00" currentChamber="HOUSE" update-date="2013-03-08">
<action-date>2013-03-05</action-date>
<action-desc>Introduced in House</action-desc>
<summary-text><![CDATA[<p>Women and Workforce Investment for Nontraditional Jobs or Women WIN Jobs - Requires the Secretary of Labor, in any fiscal year in which the total authorization of appropriations to carry out this Act exceeds $50 million, to allocate grants to states with approved state plans to provide funding to eligible entities (partnerships) to increase low-income women's participation in high-wage, high-demand occupations in which women make up less than 25% of the current workforce.</p> <p>Authorizes states to use grants for statewide activities, including to: (1) provide technical assistance to eligible entities and to state registered apprenticeship programs and sponsors and joint apprenticeship training councils in meeting their enrollment goal for low-income women in nontraditional occupations, (2) develop policies and protocols that set goals for hiring specific percentages of women into registered apprenticeships and permanent employment openings in publicly assisted projects, and (3) engage in outreach activities and provide training to overcome stereotypes about women in nontraditional occupations as well as gender inequity among employers.</p> <p>Authorizes the allocation of grant funds to eligible entities to support the recruitment, training, placement, and retention of low-income women in nontraditional occupations.</p> <p>Directs the Secretary to convene a national commission to examine and make recommendations for improving the status of women in high-demand, high-wage nontraditional occupations.</p> <p>Directs the Bureau of Labor Statistics (BLS) to collect data on the status of women's participation in underrepresented sectors of the economy, and examine the status of women in relation to that of men.</p> <p>Directs the Secretary to establish a national clearinghouse to collect and distribute best practices. </p>]]></summary-text>
</summary>
</item>
<dublinCore xmlns:dc="http://purl.org/dc/elements/1.1/">
<dc:format>text/xml</dc:format>
<dc:language>EN</dc:language>
<dc:rights>Pursuant to Title 17 Section 105 of the United States Code, this file is not subject to copyright protection and is in the public domain.</dc:rights>
<dc:contributor>Congressional Research Service, Library of Congress</dc:contributor>
<dc:description>This file contains bill summaries for federal legislation. A bill summary describes the most significant provisions of a piece of legislation and details the effects the legislative text may have on current law and federal programs. Bill summaries are authored by the Congressional Research Service (CRS) of the Library of Congress. As stated in Public Law 91-510 (2 USC 166 (d)(6)), one of the duties of CRS is "to prepare summaries and digests of bills and resolutions of a public general nature introduced in the Senate or House of Representatives". For more information, refer to the User Guide that accompanies this file.</dc:description>
</dublinCore>
</BillSummaries>
