<?xml version="1.0" encoding="UTF-8"?>
<BillSummaries>
<item congress="113" measure-type="hr" measure-number="648" measure-id="id113hr648" originChamber="HOUSE" orig-publish-date="2013-02-13" update-date="2013-03-07">
<title>Campaign Sunlight Act of 2013</title>
<summary summary-id="id113hr648v00" currentChamber="HOUSE" update-date="2013-03-07">
<action-date>2013-02-13</action-date>
<action-desc>Introduced in House</action-desc>
<summary-text><![CDATA[<p>Campaign Sunlight Act of 2013 - Amends the Federal Election Campaign Act of 1971 to direct the Federal Election Commission (FEC) to establish and operate a website (Campaign Accountability Site) through which members of the public may view the contents of political advertisements.</p> <p>Requires the sponsor of a political advertisement to submit its contents to the FEC in a format the FEC may require. Requires the format to make the sources of such contents available on the website directly or through hyperlinks to the sources.</p> <p>Requires the sponsor to submit an advertisement to the FEC within: (1) 24 hours after its dissemination, if it is disseminated during the 7 days before the election involved; or (2) 72 hours after dissemination during any other period.</p>]]></summary-text>
</summary>
</item>
<dublinCore xmlns:dc="http://purl.org/dc/elements/1.1/">
<dc:format>text/xml</dc:format>
<dc:language>EN</dc:language>
<dc:rights>Pursuant to Title 17 Section 105 of the United States Code, this file is not subject to copyright protection and is in the public domain.</dc:rights>
<dc:contributor>Congressional Research Service, Library of Congress</dc:contributor>
<dc:description>This file contains bill summaries for federal legislation. A bill summary describes the most significant provisions of a piece of legislation and details the effects the legislative text may have on current law and federal programs. Bill summaries are authored by the Congressional Research Service (CRS) of the Library of Congress. As stated in Public Law 91-510 (2 USC 166 (d)(6)), one of the duties of CRS is "to prepare summaries and digests of bills and resolutions of a public general nature introduced in the Senate or House of Representatives". For more information, refer to the User Guide that accompanies this file.</dc:description>
</dublinCore>
</BillSummaries>
