<?xml version="1.0" encoding="UTF-8"?>
<BillSummaries>
<item congress="113" measure-type="hr" measure-number="585" measure-id="id113hr585" originChamber="HOUSE" orig-publish-date="2013-02-06" update-date="2014-03-07">
<title>Anchorage Land Conveyance Act of 2013</title>
<summary summary-id="id113hr585v79" currentChamber="HOUSE" update-date="2014-03-07">
<action-date>2013-12-16</action-date>
<action-desc>Reported to House without amendment</action-desc>
<summary-text><![CDATA[<p><b>(This measure has not been amended since it was introduced. The summary of that version is repeated here.)</b></p> <p>Anchorage Land Conveyance Act of 2013 - Directs the Secretary of the Interior to convey, without consideration, to the city of Anchorage, Alaska, the reversionary interests of the United States in specified parcels of non-federal land in order to unencumber the title to such land to enable the economic development of such land. </p> <p>Requires the city to pay all costs associated with such conveyance. </p>]]></summary-text>
</summary>
<summary summary-id="id113hr585v00" currentChamber="HOUSE" update-date="2013-02-26">
<action-date>2013-02-06</action-date>
<action-desc>Introduced in House</action-desc>
<summary-text><![CDATA[<p>Anchorage Land Conveyance Act of 2013 - Directs the Secretary of the Interior to convey, without consideration, to the city of Anchorage, Alaska, the reversionary interests of the United States in specified parcels of non-federal land in order to unencumber the title to such land to enable the economic development of such land. </p> <p>Requires the city to pay all costs associated with such conveyance. </p>]]></summary-text>
</summary>
</item>
<dublinCore xmlns:dc="http://purl.org/dc/elements/1.1/">
<dc:format>text/xml</dc:format>
<dc:language>EN</dc:language>
<dc:rights>Pursuant to Title 17 Section 105 of the United States Code, this file is not subject to copyright protection and is in the public domain.</dc:rights>
<dc:contributor>Congressional Research Service, Library of Congress</dc:contributor>
<dc:description>This file contains bill summaries for federal legislation. A bill summary describes the most significant provisions of a piece of legislation and details the effects the legislative text may have on current law and federal programs. Bill summaries are authored by the Congressional Research Service (CRS) of the Library of Congress. As stated in Public Law 91-510 (2 USC 166 (d)(6)), one of the duties of CRS is "to prepare summaries and digests of bills and resolutions of a public general nature introduced in the Senate or House of Representatives". For more information, refer to the User Guide that accompanies this file.</dc:description>
</dublinCore>
</BillSummaries>
