<?xml version="1.0" encoding="UTF-8"?>
<BillSummaries>
<item congress="113" measure-type="hr" measure-number="301" measure-id="id113hr301" originChamber="HOUSE" orig-publish-date="2013-01-15" update-date="2013-09-23">
<title>To provide for the establishment of the Special Envoy to Promote Religious Freedom of Religious Minorities in the Near East and South Central Asia.</title>
<summary summary-id="id113hr301v36" currentChamber="HOUSE" update-date="2013-09-23">
<action-date>2013-09-18</action-date>
<action-desc>Passed House amended</action-desc>
<summary-text><![CDATA[<p>(Sec. 2) Directs the President to appoint a Special Envoy to Promote Religious Freedom of Religious Minorities in the Near East and South Central Asia within the Department of State. Requires the Special Envoy to have the rank of ambassador.</p> <p>(Sec. 3) Requires the Special Envoy to: (1) promote the right of religious freedom of religious minorities in the countries of the Near East and South Central Asia, denounce the violation of such right, and recommend appropriate U.S government responses to such violations; (2) monitor and combat acts of religious intolerance and incitement targeted against such religious minorities; (3) ensure that the needs of such religious minority communities are addressed, including economic and security needs directly tied to religious-based discrimination and persecution; (4) work with foreign governments of such countries to address inherently discriminatory laws; and (5) coordinate and assist in the preparation of specified reports required by the Foreign Assistance Act of 1961 and the International Religious Freedom Act of 1998.</p> <p>(Sec. 4) Authorizes the Special Envoy, subject to direction by the President and the Secretary of State, to represent the United States in matters and cases relevant to religious freedom in: (1) contacts with foreign governments, intergovernmental organizations, and specialized agencies of the United Nations (U.N.), the Organization of Security and Cooperation in Europe, and other international organizations; and (2) multilateral conferences and meetings relevant to religious freedom.</p> <p>(Sec. 5) Requires the Special Envoy to give priority to programs, projects, and activities for Egypt, Iran, Iraq, Afghanistan, and Pakistan.</p> <p>(Sec. 6) Directs the Secretary to eliminate certain positions within the State Department as necessary to offset the costs of carrying out this Act. </p> <p>(Sec. 7) Declares that this Act shall cease to be effective on October 1, 2018.</p>]]></summary-text>
</summary>
<summary summary-id="id113hr301v00" currentChamber="HOUSE" update-date="2013-02-11">
<action-date>2013-01-15</action-date>
<action-desc>Introduced in House</action-desc>
<summary-text><![CDATA[<p>Directs the President to appoint a Special Envoy to Promote Religious Freedom of Religious Minorities in the Near East and South Central Asia within the Department of State.</p> <p>Requires the Special Envoy to: (1) promote the right of religious freedom of religious minorities in the countries of the Near East and South Central Asia, denounce the violation of such right, and recommend appropriate U.S government responses to such violations; (2) monitor and combat acts of religious intolerance and incitement targeted against such religious minorities; (3) ensure that the needs of such religious minority communities are addressed, including economic and security needs directly tied to religious-based discrimination and persecution; (4) work with foreign governments of such countries to address inherently discriminatory laws; and (5) coordinate and assist in the preparation of specified reports required by the Foreign Assistance Act of 1961 and the International Religious Freedom Act of 1998.</p> <p>Authorizes the Special Envoy, subject to direction by the President and the Secretary of State, to represent the United States in matters and cases relevant to religious freedom in: (1) contacts with foreign governments, intergovernmental organizations, and specialized agencies of the United Nations (U.N.), the Organization of Security and Cooperation in Europe, and other international organizations; and (2) multilateral conferences and meetings relevant to religious freedom.</p> <p>Requires the Special Envoy to give priority to programs, projects, and activities for Egypt, Iran, Iraq, Afghanistan, and Pakistan.</p> <p>Declares that this Act shall cease to be effective on October 1, 2018.</p>]]></summary-text>
</summary>
</item>
<dublinCore xmlns:dc="http://purl.org/dc/elements/1.1/">
<dc:format>text/xml</dc:format>
<dc:language>EN</dc:language>
<dc:rights>Pursuant to Title 17 Section 105 of the United States Code, this file is not subject to copyright protection and is in the public domain.</dc:rights>
<dc:contributor>Congressional Research Service, Library of Congress</dc:contributor>
<dc:description>This file contains bill summaries for federal legislation. A bill summary describes the most significant provisions of a piece of legislation and details the effects the legislative text may have on current law and federal programs. Bill summaries are authored by the Congressional Research Service (CRS) of the Library of Congress. As stated in Public Law 91-510 (2 USC 166 (d)(6)), one of the duties of CRS is "to prepare summaries and digests of bills and resolutions of a public general nature introduced in the Senate or House of Representatives". For more information, refer to the User Guide that accompanies this file.</dc:description>
</dublinCore>
</BillSummaries>
