<?xml version="1.0" encoding="UTF-8"?>
<BillSummaries>
<item congress="113" measure-type="hr" measure-number="649" measure-id="id113hr649" originChamber="HOUSE" orig-publish-date="2013-02-13" update-date="2013-04-09">
<title>Protecting and Preserving Social Security Act</title>
<summary summary-id="id113hr649v00" currentChamber="HOUSE" update-date="2013-04-09">
<action-date>2013-02-13</action-date>
<action-desc>Introduced in House</action-desc>
<summary-text><![CDATA[<p>Protecting and Preserving Social Security Act - Directs the Bureau of Labor Statistics (BLS) of the Department of Labor to prepare and publish for each calendar month a Consumer Price Index for Elderly Consumers (CPI-EC) that indicates changes over time in consumption expenditures typical for individuals in the United States age 62 or older.</p> <p>Amends title II (Old Age, Survivors and Disability Insurance) (OASDI) of the Social Security Act to make the CPI-EC the applicable Consumer Price Index (CPI) for computation of cost-of-living increases in OASDI benefits for such individuals. </p> <p>Amends the Internal Revenue Code to prescribe special rules for the determination of wages and self-employment income above the contribution and benefit base after 2013.</p> <p>Amends SSA title II to include surplus average indexed monthly earnings (AIME) in the determination of primary OASDI amounts.</p>]]></summary-text>
</summary>
</item>
<dublinCore xmlns:dc="http://purl.org/dc/elements/1.1/">
<dc:format>text/xml</dc:format>
<dc:language>EN</dc:language>
<dc:rights>Pursuant to Title 17 Section 105 of the United States Code, this file is not subject to copyright protection and is in the public domain.</dc:rights>
<dc:contributor>Congressional Research Service, Library of Congress</dc:contributor>
<dc:description>This file contains bill summaries for federal legislation. A bill summary describes the most significant provisions of a piece of legislation and details the effects the legislative text may have on current law and federal programs. Bill summaries are authored by the Congressional Research Service (CRS) of the Library of Congress. As stated in Public Law 91-510 (2 USC 166 (d)(6)), one of the duties of CRS is "to prepare summaries and digests of bills and resolutions of a public general nature introduced in the Senate or House of Representatives". For more information, refer to the User Guide that accompanies this file.</dc:description>
</dublinCore>
</BillSummaries>
