<?xml version="1.0" encoding="UTF-8"?>
<BillSummaries>
<item congress="113" measure-type="hr" measure-number="799" measure-id="id113hr799" originChamber="HOUSE" orig-publish-date="2013-02-15" update-date="2013-03-12">
<title>Fisheries Disaster Relief and Research Investment Act</title>
<summary summary-id="id113hr799v00" currentChamber="HOUSE" update-date="2013-03-12">
<action-date>2013-02-15</action-date>
<action-desc>Introduced in House</action-desc>
<summary-text><![CDATA[<p>Fisheries Disaster Relief and Research Investment Act - Amends the Saltonstall-Kennedy Act to revise the program under which the Secretary of Commerce provides financial assistance for fisheries research and development projects. Directs each Regional Fishery Management Council to establish a fishery investment committee to: (1) develop a regional fishery investment plan identifying research, conservation, management needs, and actions to rebuild and maintain healthy fish populations and sustainable fisheries; and (2) make recommendations to the Council on grant applications and projects to implement the respective plans.</p> <p>Requires that such plans be revised, approved by the relevant Council, and submitted to the Secretary at least once every five years. </p> <p>Directs the Secretary to establish an annual competitive grant program to advance regional priorities included in such plans. Makes state, federal, regional, or private entities or persons eligible for such funding. Requires that preference be given to public-private partnerships.</p> <p>Specifies that national fisheries investment program funds be used by the Secretary for research and investment that supports rebuilding and maintaining healthy U.S. fish populations and promotes sustainable fisheries. (Currently, such funds are used for harvesting, processing, marketing, and other associated infrastructures.)</p> <p>Allocates monies to each Council and marine fisheries commissions.</p> <p>Designates an amount to be distributed among eligible recipients of assistance for commercial fishery failures and fishery disasters declared by the Secretary in 2012 under specified provisions of the Interjurisdicitional Fisheries Act and the Magnuson-Stevens Fishery Conservation and Management Act.</p> <p>Limits to a specified percentage the monies authorized to offset receipts for National Oceanic and Atmospheric Administration (NOAA) operations, research, and facilities.</p>]]></summary-text>
</summary>
</item>
<dublinCore xmlns:dc="http://purl.org/dc/elements/1.1/">
<dc:format>text/xml</dc:format>
<dc:language>EN</dc:language>
<dc:rights>Pursuant to Title 17 Section 105 of the United States Code, this file is not subject to copyright protection and is in the public domain.</dc:rights>
<dc:contributor>Congressional Research Service, Library of Congress</dc:contributor>
<dc:description>This file contains bill summaries for federal legislation. A bill summary describes the most significant provisions of a piece of legislation and details the effects the legislative text may have on current law and federal programs. Bill summaries are authored by the Congressional Research Service (CRS) of the Library of Congress. As stated in Public Law 91-510 (2 USC 166 (d)(6)), one of the duties of CRS is "to prepare summaries and digests of bills and resolutions of a public general nature introduced in the Senate or House of Representatives". For more information, refer to the User Guide that accompanies this file.</dc:description>
</dublinCore>
</BillSummaries>
