<?xml version="1.0" encoding="UTF-8"?>
<BillSummaries>
<item congress="113" measure-type="hr" measure-number="325" measure-id="id113hr325" originChamber="HOUSE" orig-publish-date="2013-01-21" update-date="2013-04-25">
<title>No Budget, No Pay Act of 2013</title>
<summary summary-id="id113hr325v49" currentChamber="BOTH" update-date="2013-04-25">
<action-date>2013-02-04</action-date>
<action-desc>Public Law</action-desc>
<summary-text><![CDATA[<p><b>(This measure has not been amended since it was passed by the House on January 23, 2013. The summary of that version is repeated here.)</b></p> <p>No Budget, No Pay Act of 2013 - Suspends through May 18, 2013, the current $16.394 trillion public debt limit.</p> <p>Makes a special rule relating to obligations issued during the suspension period. Revises the discretionary increase in the public debt limit by the Secretary of the Treasury, under current law, subject to a congressional resolution of disapproval, upon submission to Congress of required presidential certifications that the debt subject to limit is within $100 billion of the limit and further borrowing is required to meet existing commitments.</p> <p>Substitutes for this discretionary increase, effective May 19, 2013, an automatic increase in the public debt limit, but only to the extent that: (1) the face amount of obligations issued and the face amount of obligations whose principal and interest are guaranteed by the federal government (except guaranteed obligations held by the Secretary of the Treasury) outstanding on May 19, 2013, exceeds (2) the face amount of such obligations outstanding on the date of enactment of this Act.</p> <p>Prohibits an obligation from being taken into account unless its issuance was necessary to fund a commitment incurred by the federal government that required payment before May 19, 2013. </p> <p>Requires the appropriate payroll administrator of each house of Congress to deposit in an escrow account all mandatory payments for compensation of Members of Congress serving in that house if by April 15, 2013, that house has not agreed to a concurrent budget resolution for FY2014. Requires release to those Members of such payments after April 16, 2013, only upon the earlier of: (1) the day on which that house agrees to a concurrent budget resolution for FY2014, or (2) the last day of the 113th Congress.</p>]]></summary-text>
</summary>
<summary summary-id="id113hr325v82" currentChamber="SENATE" update-date="2013-04-25">
<action-date>2013-01-31</action-date>
<action-desc>Passed Senate without amendment</action-desc>
<summary-text><![CDATA[<p><b>(This measure has not been amended since it was passed by the House on January 23, 2013. The summary of that version is repeated here.)</b></p> <p>No Budget, No Pay Act of 2013 - Suspends through May 18, 2013, the current $16.394 trillion public debt limit.</p> <p>Makes a special rule relating to obligations issued during the suspension period. Revises the discretionary increase in the public debt limit by the Secretary of the Treasury, under current law, subject to a congressional resolution of disapproval, upon submission to Congress of required presidential certifications that the debt subject to limit is within $100 billion of the limit and further borrowing is required to meet existing commitments.</p> <p>Substitutes for this discretionary increase, effective May 19, 2013, an automatic increase in the public debt limit, but only to the extent that: (1) the face amount of obligations issued and the face amount of obligations whose principal and interest are guaranteed by the federal government (except guaranteed obligations held by the Secretary of the Treasury) outstanding on May 19, 2013, exceeds (2) the face amount of such obligations outstanding on the date of enactment of this Act.</p> <p>Prohibits an obligation from being taken into account unless its issuance was necessary to fund a commitment incurred by the federal government that required payment before May 19, 2013. </p> <p>Requires the appropriate payroll administrator of each house of Congress to deposit in an escrow account all mandatory payments for compensation of Members of Congress serving in that house if by April 15, 2013, that house has not agreed to a concurrent budget resolution for FY2014. Requires release to those Members of such payments after April 16, 2013, only upon the earlier of: (1) the day on which that house agrees to a concurrent budget resolution for FY2014, or (2) the last day of the 113th Congress.</p>]]></summary-text>
</summary>
<summary summary-id="id113hr325v36" currentChamber="HOUSE" update-date="2013-04-25">
<action-date>2013-01-23</action-date>
<action-desc>Passed House amended</action-desc>
<summary-text><![CDATA[<p>No Budget, No Pay Act of 2013 - Suspends through May 18, 2013, the current $16.394 trillion public debt limit.</p> <p>Makes a special rule relating to obligations issued during the suspension period. Revises the discretionary increase in the public debt limit by the Secretary of the Treasury, under current law, subject to a congressional resolution of disapproval, upon submission to Congress of required presidential certifications that the debt subject to limit is within $100 billion of the limit and further borrowing is required to meet existing commitments.</p> <p>Substitutes for this discretionary increase, effective May 19, 2013, an automatic increase in the public debt limit, but only to the extent that: (1) the face amount of obligations issued and the face amount of obligations whose principal and interest are guaranteed by the federal government (except guaranteed obligations held by the Secretary of the Treasury) outstanding on May 19, 2013, exceeds (2) the face amount of such obligations outstanding on the date of enactment of this Act.</p> <p>Prohibits an obligation from being taken into account unless its issuance was necessary to fund a commitment incurred by the federal government that required payment before May 19, 2013. </p> <p>Requires the appropriate payroll administrator of each house of Congress to deposit in an escrow account all mandatory payments for compensation of Members of Congress serving in that house if by April 15, 2013, that house has not agreed to a concurrent budget resolution for FY2014. Requires release to those Members of such payments after April 16, 2013, only upon the earlier of: (1) the day on which that house agrees to a concurrent budget resolution for FY2014, or (2) the last day of the 113th Congress.</p>]]></summary-text>
</summary>
<summary summary-id="id113hr325v00" currentChamber="HOUSE" update-date="2013-04-22">
<action-date>2013-01-21</action-date>
<action-desc>Introduced in House</action-desc>
<summary-text><![CDATA[<p>Suspends through May 18, 2013, the current $16.394 trillion public debt limit.</p> <p>Makes a special rule relating to obligations issued during the suspension period. Revises the discretionary increase in the public debt limit by the Secretary of the Treasury, under current law, subject to a congressional resolution of disapproval, upon submission to Congress of required presidential certifications that the debt subject to limit is within $100 billion of the limit and further borrowing is required to meet existing commitments.</p> <p>Substitutes for this discretionary increase, effective May 19, 2013, an automatic increase in the public debt limit, but only to the extent that: (1) the face amount of obligations issued and the face amount of obligations whose principal and interest are guaranteed by the federal government (except guaranteed obligations held by the Secretary of the Treasury) outstanding on May 19, 2013, exceeds (2) the face amount of such obligations outstanding on the date of enactment of this Act.</p> <p>Prohibits an obligation from being taken into account unless its issuance was necessary to fund a commitment incurred by the federal government that required payment before May 19, 2013. </p> <p>Requires the appropriate payroll administrator of each house of Congress to deposit in an escrow account all mandatory payments for compensation of Members of Congress serving in that house if by April 15, 2013, that house has not agreed to a concurrent budget resolution for FY2014. Requires release to those Members of such payments after April 16, 2013, only upon the earlier of: (1) the day on which that house agrees to a concurrent budget resolution for FY2014, or (2) the last day of the 113th Congress.</p>]]></summary-text>
</summary>
</item>
<dublinCore xmlns:dc="http://purl.org/dc/elements/1.1/">
<dc:format>text/xml</dc:format>
<dc:language>EN</dc:language>
<dc:rights>Pursuant to Title 17 Section 105 of the United States Code, this file is not subject to copyright protection and is in the public domain.</dc:rights>
<dc:contributor>Congressional Research Service, Library of Congress</dc:contributor>
<dc:description>This file contains bill summaries for federal legislation. A bill summary describes the most significant provisions of a piece of legislation and details the effects the legislative text may have on current law and federal programs. Bill summaries are authored by the Congressional Research Service (CRS) of the Library of Congress. As stated in Public Law 91-510 (2 USC 166 (d)(6)), one of the duties of CRS is "to prepare summaries and digests of bills and resolutions of a public general nature introduced in the Senate or House of Representatives". For more information, refer to the User Guide that accompanies this file.</dc:description>
</dublinCore>
</BillSummaries>
