<?xml version="1.0" encoding="UTF-8"?>
<BillSummaries>
<item congress="113" measure-type="hr" measure-number="764" measure-id="id113hr764" originChamber="HOUSE" orig-publish-date="2013-02-15" update-date="2013-03-04">
<title>Coastal State Climate Change Planning Act</title>
<summary summary-id="id113hr764v00" currentChamber="HOUSE" update-date="2013-03-04">
<action-date>2013-02-15</action-date>
<action-desc>Introduced in House</action-desc>
<summary-text><![CDATA[<p>Coastal State Climate Change Planning Act - Amends the Coastal Zone Management Act of 1972 to direct the Secretary of Commerce to establish a coastal climate change adaptation planning and response program to: (1) provide assistance to coastal states to voluntarily develop coastal climate change adaptation plans to minimize contributions to climate change and to prepare for and reduce the negative consequences that may result from climate change in the coastal zone, and (2) provide financial and technical assistance and training to enable coastal states to implement such plans through coastal states' enforceable policies. </p> <p>Authorizes the Secretary to make grants to coastal states to develop such plans and to support projects that implement strategies contained in such plans. Requires the Secretary to promote and encourage the use of National Estuarine Research Reserves as sites for pilot or demonstration projects carried out with such grants.</p>]]></summary-text>
</summary>
</item>
<dublinCore xmlns:dc="http://purl.org/dc/elements/1.1/">
<dc:format>text/xml</dc:format>
<dc:language>EN</dc:language>
<dc:rights>Pursuant to Title 17 Section 105 of the United States Code, this file is not subject to copyright protection and is in the public domain.</dc:rights>
<dc:contributor>Congressional Research Service, Library of Congress</dc:contributor>
<dc:description>This file contains bill summaries for federal legislation. A bill summary describes the most significant provisions of a piece of legislation and details the effects the legislative text may have on current law and federal programs. Bill summaries are authored by the Congressional Research Service (CRS) of the Library of Congress. As stated in Public Law 91-510 (2 USC 166 (d)(6)), one of the duties of CRS is "to prepare summaries and digests of bills and resolutions of a public general nature introduced in the Senate or House of Representatives". For more information, refer to the User Guide that accompanies this file.</dc:description>
</dublinCore>
</BillSummaries>
