<?xml version="1.0" encoding="UTF-8"?>
<BillSummaries>
<item congress="113" measure-type="hr" measure-number="479" measure-id="id113hr479" originChamber="HOUSE" orig-publish-date="2013-02-04" update-date="2013-02-28">
<title>Arms Sale Responsibility Act of 2013</title>
<summary summary-id="id113hr479v00" currentChamber="HOUSE" update-date="2013-02-28">
<action-date>2013-02-04</action-date>
<action-desc>Introduced in House</action-desc>
<summary-text><![CDATA[<p>Arms Sale Responsibility Act of 2013 - Expresses the sense of Congress that it should be U.S. policy to adhere to a policy of restraint in transferring conventional arms if evidence exists of substantial risk that such arms will be used to commit or facilitate serious violations of international human rights law or international humanitarian law.</p> <p>Urges the President, in negotiating any conventional arms control agreement, to: (1) encourage the national control list of each party to an agreement to cover all types of weaponry, munitions, armaments and related material used for potentially lethal force in military and law enforcement operations; (2) assess each application or proposal to export or internationally transfer arms on a case-by-case basis; (3) deny an arms transfer authorization if there is a substantial risk that the arms will be used to commit or facilitate violations of international human rights law or international humanitarian law; (4) require import and transit state authorizations and certified end use assurances before issuing an export license or authorization for any international transfer of conventional arms; and (5) require each party to an agreement to establish a legal framework for lawful brokering and shipping activities relating to conventional arms transfers. </p> <p>Prohibits, with certain exemptions, the transfer of defense articles or defense services to the government of a foreign country under the Foreign Assistance Act of 1961 or the Arms Export Control Act unless the President certifies to Congress that such government is not: (1) engaging in gross violations of internationally-recognized human rights, and (2) identified by the Secretary of State as having governmental armed forces or government supported armed groups that recruit or use child soldiers.</p>]]></summary-text>
</summary>
</item>
<dublinCore xmlns:dc="http://purl.org/dc/elements/1.1/">
<dc:format>text/xml</dc:format>
<dc:language>EN</dc:language>
<dc:rights>Pursuant to Title 17 Section 105 of the United States Code, this file is not subject to copyright protection and is in the public domain.</dc:rights>
<dc:contributor>Congressional Research Service, Library of Congress</dc:contributor>
<dc:description>This file contains bill summaries for federal legislation. A bill summary describes the most significant provisions of a piece of legislation and details the effects the legislative text may have on current law and federal programs. Bill summaries are authored by the Congressional Research Service (CRS) of the Library of Congress. As stated in Public Law 91-510 (2 USC 166 (d)(6)), one of the duties of CRS is "to prepare summaries and digests of bills and resolutions of a public general nature introduced in the Senate or House of Representatives". For more information, refer to the User Guide that accompanies this file.</dc:description>
</dublinCore>
</BillSummaries>
