<?xml version="1.0" encoding="UTF-8"?>
<BillSummaries>
<item congress="113" measure-type="hr" measure-number="810" measure-id="id113hr810" originChamber="HOUSE" orig-publish-date="2013-02-25" update-date="2013-03-12">
<title>To grant the Secretary of Defense the authority to transfer funding under a continuing resolution, and for other purposes.</title>
<summary summary-id="id113hr810v00" currentChamber="HOUSE" update-date="2013-03-12">
<action-date>2013-02-25</action-date>
<action-desc>Introduced in House</action-desc>
<summary-text><![CDATA[<p>Directs the Secretary of Defense to submit to the congressional defense and appropriations committees a detailed outline of, and accounting under the discretionary spending limit for: (1) the efficiencies relating to Department of Defense (DOD) contracting for goods and services, and (2) the DOD budget initiate.</p> <p>Authorizes the Secretary to transfer amounts made available by a continuing resolution among DOD accounts. Prohibits the amount transferred to any account from exceeding that authorized for such account by the National Defense Authorization Act for Fiscal Year 2013.</p> <p>Makes such transfer authority inapplicable in the event a regular appropriations Act for DOD is enacted for FY2013.</p> <p>Requires 15 days' advance notification to such committees prior to any such transfer.</p>]]></summary-text>
</summary>
</item>
<dublinCore xmlns:dc="http://purl.org/dc/elements/1.1/">
<dc:format>text/xml</dc:format>
<dc:language>EN</dc:language>
<dc:rights>Pursuant to Title 17 Section 105 of the United States Code, this file is not subject to copyright protection and is in the public domain.</dc:rights>
<dc:contributor>Congressional Research Service, Library of Congress</dc:contributor>
<dc:description>This file contains bill summaries for federal legislation. A bill summary describes the most significant provisions of a piece of legislation and details the effects the legislative text may have on current law and federal programs. Bill summaries are authored by the Congressional Research Service (CRS) of the Library of Congress. As stated in Public Law 91-510 (2 USC 166 (d)(6)), one of the duties of CRS is "to prepare summaries and digests of bills and resolutions of a public general nature introduced in the Senate or House of Representatives". For more information, refer to the User Guide that accompanies this file.</dc:description>
</dublinCore>
</BillSummaries>
