<?xml version="1.0" encoding="UTF-8"?>
<BillSummaries>
<item congress="113" measure-type="hr" measure-number="118" measure-id="id113hr118" originChamber="HOUSE" orig-publish-date="2013-01-03" update-date="2014-03-26">
<title>National STEM Education Tax Incentive for Teachers Act of 2013</title>
<summary summary-id="id113hr118v00" currentChamber="HOUSE" update-date="2014-03-26">
<action-date>2013-01-03</action-date>
<action-desc>Introduced in House</action-desc>
<summary-text><![CDATA[<p>National STEM Education Tax Incentive for Teachers Act of 2013 - Amends the Internal Revenue Code to allow certain full-time elementary and secondary school teachers of math, science, engineering, or technology courses a refundable tax credit for 10% of their undergraduate tuition up to $1,000 in any taxable year. Increases such credit amount to $1,500 for teachers in schools serving disadvantaged children. Terminates such credit after the 10th taxable year for which such credit is allowed. </p>]]></summary-text>
</summary>
</item>
<dublinCore xmlns:dc="http://purl.org/dc/elements/1.1/">
<dc:format>text/xml</dc:format>
<dc:language>EN</dc:language>
<dc:rights>Pursuant to Title 17 Section 105 of the United States Code, this file is not subject to copyright protection and is in the public domain.</dc:rights>
<dc:contributor>Congressional Research Service, Library of Congress</dc:contributor>
<dc:description>This file contains bill summaries for federal legislation. A bill summary describes the most significant provisions of a piece of legislation and details the effects the legislative text may have on current law and federal programs. Bill summaries are authored by the Congressional Research Service (CRS) of the Library of Congress. As stated in Public Law 91-510 (2 USC 166 (d)(6)), one of the duties of CRS is "to prepare summaries and digests of bills and resolutions of a public general nature introduced in the Senate or House of Representatives". For more information, refer to the User Guide that accompanies this file.</dc:description>
</dublinCore>
</BillSummaries>
