<?xml version="1.0" encoding="UTF-8"?>
<BillSummaries>
<item congress="113" measure-type="hr" measure-number="735" measure-id="id113hr735" originChamber="HOUSE" orig-publish-date="2013-02-14" update-date="2013-03-13">
<title>Federal Protective Service Improvement and Accountability Act of 2013</title>
<summary summary-id="id113hr735v00" currentChamber="HOUSE" update-date="2013-03-13">
<action-date>2013-02-14</action-date>
<action-desc>Introduced in House</action-desc>
<summary-text><![CDATA[<p>Federal Protective Service Improvement and Accountability Act of 2013 - Directs the Secretary of Homeland Security (DHS) to maintain no fewer than 1,350 full-time equivalent positions in the Federal Protective Service inspector force, who shall be fully trained federal law enforcement officers. Directs the Secretary to classify the positions in the following categories: (1) Federal Facility Security Officers, responsible for security assessment; and (2) law enforcement officers, responsible for physical law enforcement and investigations. Directs the Secretary to establish: (1) the Federal Protective Service contract oversight force, and (2) minimum training and certification standards for security guard services at facilities protected by the Service.</p><p>Expresses the sense of Congress that specified security standards for federal facilities established by the Interagency Security Committee should be implemented for all federal facilities for which they were issued.</p> <p>Directs the Secretary, through the Director of the Federal Protective Service, to: (1) commence a one-year pilot program to research the advantages of converting guard positions at the highest-risk federal facilities protected by the Service from contract guard positions to positions held by federal employees, and (2) establish and hire individuals for a federal facility security guard position.</p><p>Directs the Comptroller General to: (1) periodically review and report to Congress on the performance by federal facility security guards under the pilot program, and upon its completion submit a final report evaluating whether or not the performance of individuals in such positions was satisfactory (if so, directs the Secretary to replace contract guards at all highest risk facilities protected by the Service with federal employees); and (2) submit a review of the fee-based funding system in use by the Service and issue any recommendations for alternative approaches.</p>]]></summary-text>
</summary>
</item>
<dublinCore xmlns:dc="http://purl.org/dc/elements/1.1/">
<dc:format>text/xml</dc:format>
<dc:language>EN</dc:language>
<dc:rights>Pursuant to Title 17 Section 105 of the United States Code, this file is not subject to copyright protection and is in the public domain.</dc:rights>
<dc:contributor>Congressional Research Service, Library of Congress</dc:contributor>
<dc:description>This file contains bill summaries for federal legislation. A bill summary describes the most significant provisions of a piece of legislation and details the effects the legislative text may have on current law and federal programs. Bill summaries are authored by the Congressional Research Service (CRS) of the Library of Congress. As stated in Public Law 91-510 (2 USC 166 (d)(6)), one of the duties of CRS is "to prepare summaries and digests of bills and resolutions of a public general nature introduced in the Senate or House of Representatives". For more information, refer to the User Guide that accompanies this file.</dc:description>
</dublinCore>
</BillSummaries>
