<?xml version="1.0" encoding="UTF-8"?>
<BillSummaries>
<item congress="113" measure-type="hr" measure-number="767" measure-id="id113hr767" originChamber="HOUSE" orig-publish-date="2013-02-15" update-date="2014-01-06">
<title>To amend the Energy Policy Act of 2005 to modify the Pilot Project offices of the Federal Permit Streamlining Pilot Project.</title>
<summary summary-id="id113hr767v49" currentChamber="BOTH" update-date="2014-01-06">
<action-date>2013-12-26</action-date>
<action-desc>Public Law</action-desc>
<summary-text><![CDATA[<p><b>(This measure has not been amended since it was reported to the House on May 14, 2013. The summary of that version is repeated here.)</b></p> <p>Amends the Energy Policy Act of 2005 to revise the list of Bureau of Land Management (BLM) Federal Permit Streamlining Pilot Project offices. Replaces the Miles City, Montana, field office with the Montana/Dakotas State Office, Montana (Billings). Replaces the Buffalo Field Office, Wyoming, with the High Plains District Office, Wyoming.</p>]]></summary-text>
</summary>
<summary summary-id="id113hr767v82" currentChamber="SENATE" update-date="2014-03-10">
<action-date>2013-12-20</action-date>
<action-desc>Passed Senate without amendment</action-desc>
<summary-text><![CDATA[<p><b>(This measure has not been amended since it was reported to the House on May 14, 2013. The summary of that version is repeated here.)</b></p> <p>Amends the Energy Policy Act of 2005 to revise the list of Bureau of Land Management (BLM) Federal Permit Streamlining Pilot Project offices. Replaces the Miles City, Montana, field office with the Montana/Dakotas State Office, Montana (Billings). Replaces the Buffalo Field Office, Wyoming, with the High Plains District Office, Wyoming.</p>]]></summary-text>
</summary>
<summary summary-id="id113hr767v36" currentChamber="HOUSE" update-date="2013-05-17">
<action-date>2013-05-15</action-date>
<action-desc>Passed House amended</action-desc>
<summary-text><![CDATA[<p><b>(This measure has not been amended since it was reported to the House on May 14, 2013. The summary of that version is repeated here.)</b></p> <p>Amends the Energy Policy Act of 2005 to revise the list of Bureau of Land Management (BLM) Federal Permit Streamlining Pilot Project offices. Replaces the Miles City, Montana, field office with the Montana/Dakotas State Office, Montana (Billings). Replaces the Buffalo Field Office, Wyoming, with the High Plains District Office, Wyoming.</p>]]></summary-text>
</summary>
<summary summary-id="id113hr767v17" currentChamber="HOUSE" update-date="2013-05-16">
<action-date>2013-05-14</action-date>
<action-desc>Reported to House amended</action-desc>
<summary-text><![CDATA[<p>Amends the Energy Policy Act of 2005 to revise the list of Bureau of Land Management (BLM) Federal Permit Streamlining Pilot Project offices. Replaces the Miles City, Montana, field office with the Montana/Dakotas State Office, Montana (Billings). Replaces the Buffalo Field Office, Wyoming, with the High Plains District Office, Wyoming.</p>]]></summary-text>
</summary>
<summary summary-id="id113hr767v00" currentChamber="HOUSE" update-date="2013-05-16">
<action-date>2013-02-15</action-date>
<action-desc>Introduced in House</action-desc>
<summary-text><![CDATA[<p>Amends the Energy Policy Act of 2005 to revise the list of Bureau of Land Management (BLM) Federal Permit Streamlining Pilot Project offices. Replaces the Miles City, Montana, field office with the Montana/Dakotas State Office, Montana (Billings). </p>]]></summary-text>
</summary>
</item>
<dublinCore xmlns:dc="http://purl.org/dc/elements/1.1/">
<dc:format>text/xml</dc:format>
<dc:language>EN</dc:language>
<dc:rights>Pursuant to Title 17 Section 105 of the United States Code, this file is not subject to copyright protection and is in the public domain.</dc:rights>
<dc:contributor>Congressional Research Service, Library of Congress</dc:contributor>
<dc:description>This file contains bill summaries for federal legislation. A bill summary describes the most significant provisions of a piece of legislation and details the effects the legislative text may have on current law and federal programs. Bill summaries are authored by the Congressional Research Service (CRS) of the Library of Congress. As stated in Public Law 91-510 (2 USC 166 (d)(6)), one of the duties of CRS is "to prepare summaries and digests of bills and resolutions of a public general nature introduced in the Senate or House of Representatives". For more information, refer to the User Guide that accompanies this file.</dc:description>
</dublinCore>
</BillSummaries>
