<?xml version="1.0" encoding="UTF-8"?>
<BillSummaries>
<item congress="113" measure-type="hr" measure-number="195" measure-id="id113hr195" originChamber="HOUSE" orig-publish-date="2013-01-04" update-date="2013-01-17">
<title>Ethics in Foreign Lobbying Act of 2013</title>
<summary summary-id="id113hr195v00" currentChamber="HOUSE" update-date="2013-01-17">
<action-date>2013-01-04</action-date>
<action-desc>Introduced in House</action-desc>
<summary-text><![CDATA[<p>Ethics in Foreign Lobbying Act of 2013 - Amends the Federal Election Campaign Act of 1971 to prohibit contributions and expenditures in federal elections by multicandidate political committees or separate segregated funds sponsored by foreign-controlled corporations and associations (at least 50% owned by a non-U.S. citizen or foreign national). Sets forth ownership and operating fund reporting requirements. </p> <p>Prohibits a foreign national from participating in the decision-making process of any person's election-related activities (such as those of a corporation, labor organization, or political committee). Establishes within the Federal Election Commission (FEC) a clearinghouse of existing public information regarding the political activities of foreign principals and agents of foreign principals. Amends the Foreign Agents Registration Act of 1938 to: (1) revise foreign agents' supplemental reporting requirements, and (2) provide civil penalties for specified reporting violations. </p>]]></summary-text>
</summary>
</item>
<dublinCore xmlns:dc="http://purl.org/dc/elements/1.1/">
<dc:format>text/xml</dc:format>
<dc:language>EN</dc:language>
<dc:rights>Pursuant to Title 17 Section 105 of the United States Code, this file is not subject to copyright protection and is in the public domain.</dc:rights>
<dc:contributor>Congressional Research Service, Library of Congress</dc:contributor>
<dc:description>This file contains bill summaries for federal legislation. A bill summary describes the most significant provisions of a piece of legislation and details the effects the legislative text may have on current law and federal programs. Bill summaries are authored by the Congressional Research Service (CRS) of the Library of Congress. As stated in Public Law 91-510 (2 USC 166 (d)(6)), one of the duties of CRS is "to prepare summaries and digests of bills and resolutions of a public general nature introduced in the Senate or House of Representatives". For more information, refer to the User Guide that accompanies this file.</dc:description>
</dublinCore>
</BillSummaries>
