<?xml version="1.0" encoding="UTF-8"?>
<BillSummaries>
<item congress="113" measure-type="hr" measure-number="462" measure-id="id113hr462" originChamber="HOUSE" orig-publish-date="2013-02-04" update-date="2013-07-08">
<title>Utah National Guard Readiness Act</title>
<summary summary-id="id113hr462v79" currentChamber="HOUSE" update-date="2013-07-08">
<action-date>2013-05-17</action-date>
<action-desc>Reported to House without amendment</action-desc>
<summary-text><![CDATA[<p><b>(This measure has not been amended since it was introduced. The summary has been expanded because action occurred on the measure.)</b></p> <p>Utah National Guard Readiness Act - Directs the Secretary of the Interior, through the Bureau of Land Management (BLM) to convey to the state of Utah, without consideration, certain lands located within the boundaries of the public lands currently withdrawn for military use by the Utah National Guard and known as "Camp Williams" for the purpose of permitting the Utah National Guard to use such conveyed land. </p> <p>Supersedes a specified Executive Order insofar as it affects the lands identified for conveyance. </p> <p>Reverts conveyed lands to the United States if the Secretary of Defense (DOD) determines that the land, or any part of such land, is sold or attempted to be sold, or that the land or any part of it is used for non-National Guard or non-national defense purposes. </p> <p>Requires the state, with respect to any part of the land conveyed that the Secretary of Defense determines is subject to reversion and which the Secretary determines contains hazardous materials, to pay the United States the fair market value of that part of the conveyed land. Bars the application of the reversionary interest to that part of the land. </p>]]></summary-text>
</summary>
<summary summary-id="id113hr462v00" currentChamber="HOUSE" update-date="2013-02-22">
<action-date>2013-02-04</action-date>
<action-desc>Introduced in House</action-desc>
<summary-text><![CDATA[<p><strong></strong></p> <p>Utah National Guard Readiness Act - Directs the Secretary of the Interior, through the Bureau of Land Management (BLM) to convey to the state of Utah, without consideration, certain lands located within the boundaries of the public lands currently withdrawn for military use by the Utah National Guard and known as "Camp Williams" for the purpose of permitting the Utah National Guard to use such conveyed land. </p>]]></summary-text>
</summary>
</item>
<dublinCore xmlns:dc="http://purl.org/dc/elements/1.1/">
<dc:format>text/xml</dc:format>
<dc:language>EN</dc:language>
<dc:rights>Pursuant to Title 17 Section 105 of the United States Code, this file is not subject to copyright protection and is in the public domain.</dc:rights>
<dc:contributor>Congressional Research Service, Library of Congress</dc:contributor>
<dc:description>This file contains bill summaries for federal legislation. A bill summary describes the most significant provisions of a piece of legislation and details the effects the legislative text may have on current law and federal programs. Bill summaries are authored by the Congressional Research Service (CRS) of the Library of Congress. As stated in Public Law 91-510 (2 USC 166 (d)(6)), one of the duties of CRS is "to prepare summaries and digests of bills and resolutions of a public general nature introduced in the Senate or House of Representatives". For more information, refer to the User Guide that accompanies this file.</dc:description>
</dublinCore>
</BillSummaries>
