<?xml version="1.0" encoding="UTF-8"?>
<BillSummaries>
<item congress="113" measure-type="hr" measure-number="357" measure-id="id113hr357" originChamber="HOUSE" orig-publish-date="2013-01-23" update-date="2014-03-27">
<title>GI Bill Tuition Fairness Act of 2014</title>
<summary summary-id="id113hr357v36" currentChamber="HOUSE" update-date="2014-03-27">
<action-date>2014-02-03</action-date>
<action-desc>Passed House amended</action-desc>
<summary-text><![CDATA[<p>GI Bill Tuition Fairness Act of 2014 - (Sec. 4) Directs the Secretary of Veterans Affairs (VA), for purposes of the All-Volunteer Force Educational Assistance Program and the program providing educational assistance to individuals who commenced service in the Armed Forces on or after September 11, 2001, to disapprove courses of education provided by a public institution of higher education (IHE) that charges tuition and fees for veterans living in the state in which the IHE is located at a higher rate than it charges residents of such state, regardless of the veteran's state of residence. </p> <p>Makes this provision applicable only to: (1) veterans who were discharged or released from at least 90 days of active service less than three years before their date of enrollment in the applicable course, and (2) courses that commence on or after July 1, 2016.</p> <p>Prohibits the Secretary from disapproving a public IHE's course on the grounds that the IHE conditions such veterans' receipt of in-state tuition rates on their: (1) demonstrating an intent, by means other than physical presence, to establish residency in the state; or (2) satisfying other requirements not related to residency.</p> <p>(Sec. 5) Makes eligible under VA homeless veterans reintegration program those homeless veterans who are: (1) participating in the VA supported housing program for which rental assistance is provided under the United States Housing Act of 1937, and (2) veterans who are transitioning from being incarcerated.</p> <p>(Sec. 6) Extends from 12 to 17 years after discharge or release from active-duty service the authorized period for veterans with service-connected disabilities to enroll in certain VA vocational training and rehabilitation programs.</p> <p>(Sec. 7) Reauthorizes through June 30, 2018 (under current law, the authorization expires as of June 30, 2013) certain qualifying work-study activities for individuals receiving educational assistance through the VA.</p> <p>(Sec. 8) Sets forth the responsibilities of each Director and Assistant Director of Veterans' Employment and Training (assigned to each state by the Secretary from among personnel within the Veterans' Employment and Training Service), including: (1) monitoring the performance of veterans' training and employment programs, with special emphasis on services to disabled veterans; (2) addressing program performance deficiencies and establishing higher performance goals; and (3) reviewing program funding and assisting with funding requests.</p> <p>(Sec. 9) Amends provisions concerning the Transition Assistance Program of the Department of Defense (DOD) (employment and job training assistance and related services for members of the Armed Forces being separated from active duty and their spouses) to require such Program to include: (1) information about disability-related employment and education protections, (2) instruction in the use of educational assistance entitlements, (3) appropriate courses, (4) instruction on the financing of post-secondary education, and (5) information on benefits provided under laws administered by the Secretary of Veterans Affairs (VA) and in other subjects determined by the Secretary concerned.</p> <p>Requires the VA Secretary to submit to the congressional veterans and defense committees the results of a study to determine the feasibility of providing veterans' benefits instruction at all overseas locations where such instruction is provided through a joint contract with the Secretary of Labor. <p>(Sec. 10) Requires veterans' disability compensation and dependency and indemnity compensation that is being increased in compliance with the Veterans' Compensation Cost- of-Living Adjustment Act of 2013 to an amount that is not a whole dollar amount to be rounded to the next lower whole dollar amount. <p>(Sec. 11) Prohibits the Secretary from paying any performance award to a VA Senior Executive Service employee during FY2014-FY2018. <p>(Sec. 12) Directs the Secretary to make semiannual reports to Congress that include the cost and certain other details regarding travel by VA employees: (1) outside this country or its territories, commonwealths, possessions, or territorial waters if the federal government is paying for the travel; and (2) to any location inside or outside this country if a person or entity other than the federal government is paying for the travel. <p>(Sec. 13) Directs the Secretary to report: (1) each case of a notifiable infectious disease or condition that is diagnosed at a VA medical facility to the appropriate state entity and to Congress, and (2) each of those cases that is also classified as a health-care-associated infection sentinel event to the facility's accrediting organization. <p>Authorizes a state, if the Secretary fails to report such a disease or condition, to a file civil action against the Secretary to recover the penalty the state would require a non-federal medical facility to pay for failing to do so. <p>Directs the Secretary to suspend a director of a Veterans Integrated Service Network that fails to comply with such reporting requirements. <p>(Sec. 14) Requires the Secretary to establish procedures to ensure that a visual recording made by the Secretary during the provision of medical care is made only with the full and informed consent of the patient or the patient's representative. Excepts recordings made: (1) pursuant to a determination by a physician or psychologist that such recording is medically necessary or necessary for the patient's safety, (2) pursuant to a court order or warrant, or (3) for general security purposes in a public setting where a person would not have a reasonable expectation to privacy. <p>(Sec. 15) Amends the VOW to Hire Heroes Act of 2011 to extend through May 31, 2014, the veterans retraining assistance program. Directs the Secretary to submit to Congress an interim report on the retraining assistance provided under such program.]]></summary-text>
</summary>
<summary summary-id="id113hr357v17" currentChamber="HOUSE" update-date="2013-09-13">
<action-date>2013-06-03</action-date>
<action-desc>Reported to House amended</action-desc>
<summary-text><![CDATA[<p>GI Bill Tuition Fairness Act of 2013 - (Sec. 3) Directs the Secretary of Veterans Affairs (VA), for purposes of the educational assistance programs administered by the Secretary, to disapprove courses of education provided by a public educational institution that does not charge tuition and fees for veterans at the same rate that is charged for in-state residents, regardless of the veteran's state of residence. Provides for the treatment of veterans enrolled in courses at such institutions before July 1, 2015.</p> <p>(Sec. 4) Extends through FY2018 the authorization of appropriations for: (1) a monthly assistance allowance to disabled veterans training or competing for the Paralympic Team; and (2) grants to U.S. Paralympics, Inc.</p> <p>(Sec. 6) Makes eligible under VA homeless veterans reintegration program those homeless veterans who are: (1) participating in the VA supported housing program for which rental assistance is provided under the United States Housing Act of 1937, and (2) veterans who are transitioning from being incarcerated.</p> <p>(Sec. 7) Extends from 12 to 17 years after discharge or release from active-duty service the authorized period for veterans with service-connected disabilities to enroll in certain VA vocational training and rehabilitation programs.</p> <p>(Sec. 8) Reauthorizes through June 30, 2018 (under current law, the authorization expires as of June 30, 2013) certain qualifying work-study activities for individuals receiving educational assistance through the VA.</p> <p>(Sec. 9) Sets forth the responsibilities of each Director and Assistant Director of Veterans' Employment and Training (assigned to each state by the Secretary from among personnel within the Veterans' Employment and Training Service), including: (1) monitoring the performance of veterans' training and employment programs, with special emphasis on services to disabled veterans; (2) addressing program performance deficiencies and establishing higher performance goals; and (3) reviewing program funding and assisting with funding requests.</p> <p>(Sec. 10) Amends provisions concerning the Transition Assistance Program of the Department of Defense (DOD) (employment and job training assistance and related services for members of the Armed Forces being separated from active duty and their spouses) to require such Program to include: (1) information about disability-related employment and education protections, (2) instruction in the use of educational assistance entitlements, (3) testing to determine academic readiness for post-secondary education and appropriate courses, (4) instruction on the financing of post-secondary education, and (5) information on benefits provided under laws administered by the Secretary of Veterans Affairs (VA) and in other subjects determined by the Secretary concerned.</p> <p>Requires the VA Secretary to submit to the congressional veterans committees the results of a study to determine the feasibility of providing veterans' benefits instruction at all overseas locations where such instruction is provided through a joint contract with the Secretary of Labor. <p>(Sec. 11) Amends the VOW to Hire Heroes Act of 2011 to extend through June 30, 2014, the veterans retraining assistance program. Directs the Secretary to submit to Congress an interim report on the retraining assistance provided under such program. <p>(Sec. 12) Directs the Secretary to increase, as of December 1, 2013, the rates of veterans' disability compensation, additional compensation for dependents, the clothing allowance for certain disabled veterans, and dependency and indemnity compensation for surviving spouses and children. Requires each such increase to be the same percentage as the increase in benefits provided under title II (Old Age, Survivors and Disability Insurance) of the Social Security Act, on the same effective date. <p>(Sec. 13) Prohibits the Secretary from paying any performance award to a VA Senior Executive Service employee during FY2014-FY2018.]]></summary-text>
</summary>
<summary summary-id="id113hr357v00" currentChamber="HOUSE" update-date="2013-02-11">
<action-date>2013-01-23</action-date>
<action-desc>Introduced in House</action-desc>
<summary-text><![CDATA[<p>GI Bill Tuition Fairness Act of 2013 - Directs the Secretary of Veterans Affairs (VA), for purposes of the educational assistance programs administered by the Secretary, to disapprove courses of education provided by public institutions of higher education that do not charge tuition and fees for veterans at the same rate that is charged for in-state residents, regardless of the veteran's state of residence.</p> </s>  <p>]]></summary-text>
</summary>
</item>
<dublinCore xmlns:dc="http://purl.org/dc/elements/1.1/">
<dc:format>text/xml</dc:format>
<dc:language>EN</dc:language>
<dc:rights>Pursuant to Title 17 Section 105 of the United States Code, this file is not subject to copyright protection and is in the public domain.</dc:rights>
<dc:contributor>Congressional Research Service, Library of Congress</dc:contributor>
<dc:description>This file contains bill summaries for federal legislation. A bill summary describes the most significant provisions of a piece of legislation and details the effects the legislative text may have on current law and federal programs. Bill summaries are authored by the Congressional Research Service (CRS) of the Library of Congress. As stated in Public Law 91-510 (2 USC 166 (d)(6)), one of the duties of CRS is "to prepare summaries and digests of bills and resolutions of a public general nature introduced in the Senate or House of Representatives". For more information, refer to the User Guide that accompanies this file.</dc:description>
</dublinCore>
</BillSummaries>
