<?xml version="1.0" encoding="UTF-8"?>
<BillSummaries>
<item congress="113" measure-type="hr" measure-number="320" measure-id="id113hr320" originChamber="HOUSE" orig-publish-date="2013-01-18" update-date="2013-01-22">
<title>Student Support Act</title>
<summary summary-id="id113hr320v00" currentChamber="HOUSE" update-date="2013-01-22">
<action-date>2013-01-18</action-date>
<action-desc>Introduced in House</action-desc>
<summary-text><![CDATA[<p> Student Support Act - Amends the Elementary and Secondary Education Act of 1965 to require the Secretary of Education to make matching grants of at least $1 million to states for allocation to local educational agencies (LEAs) so that additional school-based mental health and student service providers may be hired, thereby reducing the student-to-provider ratios in elementary and secondary schools to specified minimum levels recommended by the leading counseling, guidance, and mental health organizations.</p> <p>Sets those minimum ratios at: (1) 1 school counselor for every 250 students, (2) 1 school psychologist for every 1,000 students, and (3) 1 school social worker for every 250 students.</p> <p>Requires grants to states and state allocations to LEAs to be made pursuant to specified formulas that take into account a state's and school district's share of children in poverty.]]></summary-text>
</summary>
</item>
<dublinCore xmlns:dc="http://purl.org/dc/elements/1.1/">
<dc:format>text/xml</dc:format>
<dc:language>EN</dc:language>
<dc:rights>Pursuant to Title 17 Section 105 of the United States Code, this file is not subject to copyright protection and is in the public domain.</dc:rights>
<dc:contributor>Congressional Research Service, Library of Congress</dc:contributor>
<dc:description>This file contains bill summaries for federal legislation. A bill summary describes the most significant provisions of a piece of legislation and details the effects the legislative text may have on current law and federal programs. Bill summaries are authored by the Congressional Research Service (CRS) of the Library of Congress. As stated in Public Law 91-510 (2 USC 166 (d)(6)), one of the duties of CRS is "to prepare summaries and digests of bills and resolutions of a public general nature introduced in the Senate or House of Representatives". For more information, refer to the User Guide that accompanies this file.</dc:description>
</dublinCore>
</BillSummaries>
