<?xml version="1.0" encoding="UTF-8"?>
<BillSummaries>
<item congress="113" measure-type="hr" measure-number="261" measure-id="id113hr261" originChamber="HOUSE" orig-publish-date="2013-01-15" update-date="2013-02-08">
<title>Public Option Deficit Reduction Act</title>
<summary summary-id="id113hr261v00" currentChamber="HOUSE" update-date="2013-02-08">
<action-date>2013-01-15</action-date>
<action-desc>Introduced in House</action-desc>
<summary-text><![CDATA[<p>Public Option Deficit Reduction Act - Amends the Patient Protection and Affordable Care Act to require the Secretary of Health and Human Services (HHS) to offer through Exchanges a health benefits plan (public health insurance option) that ensures choice, competition, and stability of affordable, high-quality coverage throughout the United States. Declares that the Secretary's primary responsibility is to create a low-cost plan without compromising quality or access to care.</p> <p>Sets forth provisions related to the establishment and governance of the public health insurance option, including that such plan: (1) may be made available only through Exchanges; (2) must comply with requirements applicable to other health benefits plans offered through such Exchanges, including requirements related to benefits, benefit levels, provider networks, notices, consumer protections, and cost sharing; and (3) must offer bronze, silver, and gold plan levels.</p> <p>Requires the Secretary to: (1) establish an office of the ombudsman for the public health insurance option, (2) collect such data as may be required to establish premiums and payment rates, (3) establish geographically adjusted premiums at a level sufficient to fully finance the costs of the health benefits provided and administrative costs related to the operation of the plan, and (4) establish payment rates and provide for greater payment rates for the first three years.</p> <p>Requires repayment of start-up costs for the public health insurance option. </p> <p>Authorizes the Secretary to utilize innovative payment mechanisms and policies to determine payments for items and services under the public health insurance option.</p>]]></summary-text>
</summary>
</item>
<dublinCore xmlns:dc="http://purl.org/dc/elements/1.1/">
<dc:format>text/xml</dc:format>
<dc:language>EN</dc:language>
<dc:rights>Pursuant to Title 17 Section 105 of the United States Code, this file is not subject to copyright protection and is in the public domain.</dc:rights>
<dc:contributor>Congressional Research Service, Library of Congress</dc:contributor>
<dc:description>This file contains bill summaries for federal legislation. A bill summary describes the most significant provisions of a piece of legislation and details the effects the legislative text may have on current law and federal programs. Bill summaries are authored by the Congressional Research Service (CRS) of the Library of Congress. As stated in Public Law 91-510 (2 USC 166 (d)(6)), one of the duties of CRS is "to prepare summaries and digests of bills and resolutions of a public general nature introduced in the Senate or House of Representatives". For more information, refer to the User Guide that accompanies this file.</dc:description>
</dublinCore>
</BillSummaries>
