<?xml version="1.0" encoding="UTF-8"?>
<BillSummaries>
<item congress="113" measure-type="hr" measure-number="308" measure-id="id113hr308" originChamber="HOUSE" orig-publish-date="2013-01-18" update-date="2013-02-19">
<title>Constitutional Congressional Pay Accountability Act of 2013</title>
<summary summary-id="id113hr308v00" currentChamber="HOUSE" update-date="2013-02-19">
<action-date>2013-01-18</action-date>
<action-desc>Introduced in House</action-desc>
<summary-text><![CDATA[<p>Constitutional Congressional Pay Accountability Act of 2013 - Requires the Secretary of the Treasury, if all of the regular appropriation bills for a fiscal year do not become law before the beginning of that fiscal year, to: (1) deposit all payments otherwise required to be made for the compensation of Members of Congress in an escrow account, and (2) release them to the Members only upon the enactment of all such bills. </p> <p> Requires a 25% reduction in a Member's annual rate of pay for pay periods occurring during any Congress if all of the regular appropriation bills for the fiscal year in which that Congress begins do not become law before the first day of such Congress.</p>]]></summary-text>
</summary>
</item>
<dublinCore xmlns:dc="http://purl.org/dc/elements/1.1/">
<dc:format>text/xml</dc:format>
<dc:language>EN</dc:language>
<dc:rights>Pursuant to Title 17 Section 105 of the United States Code, this file is not subject to copyright protection and is in the public domain.</dc:rights>
<dc:contributor>Congressional Research Service, Library of Congress</dc:contributor>
<dc:description>This file contains bill summaries for federal legislation. A bill summary describes the most significant provisions of a piece of legislation and details the effects the legislative text may have on current law and federal programs. Bill summaries are authored by the Congressional Research Service (CRS) of the Library of Congress. As stated in Public Law 91-510 (2 USC 166 (d)(6)), one of the duties of CRS is "to prepare summaries and digests of bills and resolutions of a public general nature introduced in the Senate or House of Representatives". For more information, refer to the User Guide that accompanies this file.</dc:description>
</dublinCore>
</BillSummaries>
