<?xml version="1.0" encoding="UTF-8"?>
<BillSummaries>
<item congress="113" measure-type="hr" measure-number="179" measure-id="id113hr179" originChamber="HOUSE" orig-publish-date="2013-01-04" update-date="2013-01-29">
<title>Franchise Education for Veterans Act</title>
<summary summary-id="id113hr179v00" currentChamber="HOUSE" update-date="2013-01-29">
<action-date>2013-01-04</action-date>
<action-desc>Introduced in House</action-desc>
<summary-text><![CDATA[<p>Franchise Education for Veterans Act - Allows eligible individuals to use Department of Veterans Affairs (VA) veterans' educational assistance benefits for franchise training. Provides training assistance limits for each 12-month period, prohibiting an individual from receiving more than 12 months and more than $15,000 of such assistance.</p> <p>Authorizes such training assistance under the post-9/11 veterans' educational assistance program, with the same assistance limits.</p>]]></summary-text>
</summary>
</item>
<dublinCore xmlns:dc="http://purl.org/dc/elements/1.1/">
<dc:format>text/xml</dc:format>
<dc:language>EN</dc:language>
<dc:rights>Pursuant to Title 17 Section 105 of the United States Code, this file is not subject to copyright protection and is in the public domain.</dc:rights>
<dc:contributor>Congressional Research Service, Library of Congress</dc:contributor>
<dc:description>This file contains bill summaries for federal legislation. A bill summary describes the most significant provisions of a piece of legislation and details the effects the legislative text may have on current law and federal programs. Bill summaries are authored by the Congressional Research Service (CRS) of the Library of Congress. As stated in Public Law 91-510 (2 USC 166 (d)(6)), one of the duties of CRS is "to prepare summaries and digests of bills and resolutions of a public general nature introduced in the Senate or House of Representatives". For more information, refer to the User Guide that accompanies this file.</dc:description>
</dublinCore>
</BillSummaries>
