<?xml version="1.0" encoding="UTF-8"?>
<BillSummaries>
<item congress="113" measure-type="hr" measure-number="329" measure-id="id113hr329" originChamber="HOUSE" orig-publish-date="2013-01-22" update-date="2013-03-25">
<title>Strengthening Background Checks Act of 2013</title>
<summary summary-id="id113hr329v00" currentChamber="HOUSE" update-date="2013-03-25">
<action-date>2013-01-22</action-date>
<action-desc>Introduced in House</action-desc>
<summary-text><![CDATA[<p>Strengthening Background Checks Act of 2013 - Amends the NICS Improvement Amendments Act of 2007 to require each state, for each fiscal year after a two-year period after this Act's enactment, to have in effect laws and policies that require it to: (1) provide to the Attorney General not less than 90% of the records relevant to a determination of whether a person is disqualified from possessing or receiving a firearm that are required to be provided under such Act for the National Instant Criminal Background Check System; and (2) provide such records to the Attorney General in the same manner, or in a manner substantially similar to, that in which such records are required to be provided by the state under such Act.</p> <p> Directs the Attorney General to withhold 10% of the Edward Byrne Memorial Justice Assistance Grant funds that would otherwise be allocated to the state if the state fails to comply with such requirements. Authorizes the Attorney General to waive such withholding for a state: (1) for one year if the state provides substantial evidence that it is making a reasonable effort to comply; and (2) for additional one-year periods if the state provides substantial evidence that it is making a reasonable effort to comply and if the Attorney General withholds 5% of the amount that would otherwise be allocated to a state for each one-year period.</p> <p>Authorizes appropriations for FY2012-FY2015 for grants under such Act to states and Indian tribal governments to establish or upgrade information and identification technologies for firearms eligibility determinations. Appropriates such authorized amount for the first fiscal year beginning after enactment of this Act and cancels a corresponding amount of the unobligated balances available under the Department of Justice Assets Forfeiture Fund.</p>]]></summary-text>
</summary>
</item>
<dublinCore xmlns:dc="http://purl.org/dc/elements/1.1/">
<dc:format>text/xml</dc:format>
<dc:language>EN</dc:language>
<dc:rights>Pursuant to Title 17 Section 105 of the United States Code, this file is not subject to copyright protection and is in the public domain.</dc:rights>
<dc:contributor>Congressional Research Service, Library of Congress</dc:contributor>
<dc:description>This file contains bill summaries for federal legislation. A bill summary describes the most significant provisions of a piece of legislation and details the effects the legislative text may have on current law and federal programs. Bill summaries are authored by the Congressional Research Service (CRS) of the Library of Congress. As stated in Public Law 91-510 (2 USC 166 (d)(6)), one of the duties of CRS is "to prepare summaries and digests of bills and resolutions of a public general nature introduced in the Senate or House of Representatives". For more information, refer to the User Guide that accompanies this file.</dc:description>
</dublinCore>
</BillSummaries>
