<?xml version="1.0" encoding="UTF-8"?>
<BillSummaries>
<item congress="113" measure-type="hr" measure-number="693" measure-id="id113hr693" originChamber="HOUSE" orig-publish-date="2013-02-14" update-date="2013-03-13">
<title>Sugar Reform Act of 2013</title>
<summary summary-id="id113hr693v00" currentChamber="HOUSE" update-date="2013-03-13">
<action-date>2013-02-14</action-date>
<action-desc>Introduced in House</action-desc>
<summary-text><![CDATA[<p>Sugar Reform Act of 2013 - Amends the Federal Agriculture Improvement and Reform Act of 1996 to make loans available to processors of domestically grown sugarcane (18 cents per pound) and sugar beet processors through FY2017.</p> <p>Amends the Agricultural Adjustment Act of 1938 to direct the Secretary of Agriculture (USDA) to make specified sugarcane and sugar beet quantity estimates through crop year 2017. </p> <p>Requires that sugar allotments be appropriate to maintain adequate supplies at reasonable prices, taking into account all domestic supply sources, including imports.</p> <p>Authorizes the Secretary to suspend or modify marketing allotments, taking into account: (1) the interests of consumers, food industry workers, businesses, and agricultural producers; and (2) the competitiveness of domestically produced and imported foods containing sugar. </p> <p>Revises sugar tariff-rate quota adjustment provisions to direct the Secretary to: (1) adjust tariff-rates to provide adequate domestic sugar supplies at reasonable prices, (2) establish and adjust tariff-rate quotas so that the ratio of sugar stocks to total sugar use at the end of the quota year will be approximately 15.5%, and (3) promulgate regulations that permit any country that has been allocated a quota share to temporarily transfer all or part of the share to any other country that has also been allocated a quota share.</p> <p>Extends flexible marketing sugar allotment authority through crop year 2017.</p> <p>Amends the Farm Security and Rural Investment Act of 2002 to repeal the feedstock flexibility program for bioenergy producers.</p>]]></summary-text>
</summary>
</item>
<dublinCore xmlns:dc="http://purl.org/dc/elements/1.1/">
<dc:format>text/xml</dc:format>
<dc:language>EN</dc:language>
<dc:rights>Pursuant to Title 17 Section 105 of the United States Code, this file is not subject to copyright protection and is in the public domain.</dc:rights>
<dc:contributor>Congressional Research Service, Library of Congress</dc:contributor>
<dc:description>This file contains bill summaries for federal legislation. A bill summary describes the most significant provisions of a piece of legislation and details the effects the legislative text may have on current law and federal programs. Bill summaries are authored by the Congressional Research Service (CRS) of the Library of Congress. As stated in Public Law 91-510 (2 USC 166 (d)(6)), one of the duties of CRS is "to prepare summaries and digests of bills and resolutions of a public general nature introduced in the Senate or House of Representatives". For more information, refer to the User Guide that accompanies this file.</dc:description>
</dublinCore>
</BillSummaries>
