<?xml version="1.0" encoding="UTF-8"?>
<BillSummaries>
<item congress="113" measure-type="hr" measure-number="475" measure-id="id113hr475" originChamber="HOUSE" orig-publish-date="2013-02-04" update-date="2013-07-02">
<title>To amend the Internal Revenue Code of 1986 to include vaccines against seasonal influenza within the definition of taxable vaccines.</title>
<summary summary-id="id113hr475v49" currentChamber="BOTH" update-date="2013-07-02">
<action-date>2013-06-25</action-date>
<action-desc>Public Law</action-desc>
<summary-text><![CDATA[<p><b>(This measure has not been amended since it was introduced. The expanded summary of the House passed version is repeated here.)</b></p> <p>Amends the Internal Revenue Code to add vaccines against seasonal influenza to the list of those vaccines subject to the excise tax on taxable vaccines.</p> <p>Makes this Act applicable to sales and uses of such vaccines on or after the later of: (1) the first day of the first month which begins more than four weeks after the enactment of this Act, or (2) the date on which the Secretary of Health and Human Services (HHS) lists any vaccine against seasonal influenza for purposes of compensation for any vaccine-related injury or death through the Vaccine Injury Compensation Trust Fund. </p>]]></summary-text>
</summary>
<summary summary-id="id113hr475v82" currentChamber="SENATE" update-date="2013-06-24">
<action-date>2013-06-19</action-date>
<action-desc>Passed Senate without amendment</action-desc>
<summary-text><![CDATA[<p><b>(This measure has not been amended since it was introduced. The expanded summary of the House passed version is repeated here.)</b></p> <p>Amends the Internal Revenue Code to add vaccines against seasonal influenza to the list of those vaccines subject to the excise tax on taxable vaccines.</p> <p>Makes this Act applicable to sales and uses of such vaccines on or after the later of: (1) the first day of the first month which begins more than four weeks after the enactment of this Act, or (2) the date on which the Secretary of Health and Human Services (HHS) lists any vaccine against seasonal influenza for purposes of compensation for any vaccine-related injury or death through the Vaccine Injury Compensation Trust Fund. </p>]]></summary-text>
</summary>
<summary summary-id="id113hr475v81" currentChamber="HOUSE" update-date="2013-06-24">
<action-date>2013-06-18</action-date>
<action-desc>Passed House without amendment</action-desc>
<summary-text><![CDATA[<p><b>(This measure has not been amended since it was introduced. The summary has been expanded because action occurred on the measure.)</b></p> <p>Amends the Internal Revenue Code to add vaccines against seasonal influenza to the list of those vaccines subject to the excise tax on taxable vaccines.</p> <p>Makes this Act applicable to sales and uses of such vaccines on or after the later of: (1) the first day of the first month which begins more than four weeks after the enactment of this Act, or (2) the date on which the Secretary of Health and Human Services (HHS) lists any vaccine against seasonal influenza for purposes of compensation for any vaccine-related injury or death through the Vaccine Injury Compensation Trust Fund. </p>]]></summary-text>
</summary>
<summary summary-id="id113hr475v00" currentChamber="HOUSE" update-date="2013-02-12">
<action-date>2013-02-04</action-date>
<action-desc>Introduced in House</action-desc>
<summary-text><![CDATA[<p>Amends the Internal Revenue Code to add vaccines against seasonal influenza to the list of those vaccines subject to the excise tax on taxable vaccines.</p>]]></summary-text>
</summary>
</item>
<dublinCore xmlns:dc="http://purl.org/dc/elements/1.1/">
<dc:format>text/xml</dc:format>
<dc:language>EN</dc:language>
<dc:rights>Pursuant to Title 17 Section 105 of the United States Code, this file is not subject to copyright protection and is in the public domain.</dc:rights>
<dc:contributor>Congressional Research Service, Library of Congress</dc:contributor>
<dc:description>This file contains bill summaries for federal legislation. A bill summary describes the most significant provisions of a piece of legislation and details the effects the legislative text may have on current law and federal programs. Bill summaries are authored by the Congressional Research Service (CRS) of the Library of Congress. As stated in Public Law 91-510 (2 USC 166 (d)(6)), one of the duties of CRS is "to prepare summaries and digests of bills and resolutions of a public general nature introduced in the Senate or House of Representatives". For more information, refer to the User Guide that accompanies this file.</dc:description>
</dublinCore>
</BillSummaries>
