<?xml version="1.0" encoding="UTF-8"?>
<BillSummaries>
<item congress="113" measure-type="hr" measure-number="530" measure-id="id113hr530" originChamber="HOUSE" orig-publish-date="2013-02-06" update-date="2013-03-16">
<title>Government Waste Reduction Act of 2013</title>
<summary summary-id="id113hr530v00" currentChamber="HOUSE" update-date="2013-03-16">
<action-date>2013-02-06</action-date>
<action-desc>Introduced in House</action-desc>
<summary-text><![CDATA[<p>Government Waste Reduction Act of 2013 - Establishes the Independent Government Waste Reduction Board, the membership of which shall include individuals with national recognition for expertise in agencies, waste reduction, finance and economics, and actuarial sciences.</p> <p>Requires the Board to submit to Congress and the President a report that advises specific implementation of the recommendations from the March 2011 Government Accountability Office (GAO) report &quot;Opportunities to Reduce Potential Duplication in Government Programs, Save Tax Dollars, and Enhance Revenue&quot; and the February 2012 GAO report &quot;Opportunities to Reduce Duplication, Overlap and Fragmentation, Achieve Savings, and Enhance Revenue.&quot;</p> <p>Sets forth procedures for congressional consideration of the Board's recommendations.</p>]]></summary-text>
</summary>
</item>
<dublinCore xmlns:dc="http://purl.org/dc/elements/1.1/">
<dc:format>text/xml</dc:format>
<dc:language>EN</dc:language>
<dc:rights>Pursuant to Title 17 Section 105 of the United States Code, this file is not subject to copyright protection and is in the public domain.</dc:rights>
<dc:contributor>Congressional Research Service, Library of Congress</dc:contributor>
<dc:description>This file contains bill summaries for federal legislation. A bill summary describes the most significant provisions of a piece of legislation and details the effects the legislative text may have on current law and federal programs. Bill summaries are authored by the Congressional Research Service (CRS) of the Library of Congress. As stated in Public Law 91-510 (2 USC 166 (d)(6)), one of the duties of CRS is "to prepare summaries and digests of bills and resolutions of a public general nature introduced in the Senate or House of Representatives". For more information, refer to the User Guide that accompanies this file.</dc:description>
</dublinCore>
</BillSummaries>
