<?xml version="1.0" encoding="UTF-8"?>
<BillSummaries>
<item congress="113" measure-type="hr" measure-number="623" measure-id="id113hr623" originChamber="HOUSE" orig-publish-date="2013-02-12" update-date="2014-01-03">
<title>Alaska Native Tribal Health Consortium Land Transfer Act</title>
<summary summary-id="id113hr623v49" currentChamber="BOTH" update-date="2014-01-03">
<action-date>2013-12-26</action-date>
<action-desc>Public Law</action-desc>
<summary-text><![CDATA[<p><b>(This measure has not been amended since it was reported to the House on October 22, 2013. The summary of that version is repeated here.)</b></p> <p>Alaska Native Tribal Health Consortium Land Transfer Act - Directs the Secretary of Health and Human Services (HHS) to convey by warranty deed to the Alaska Native Tribal Health Consortium (ANTHC) specified property in Anchorage, Alaska, for use in connection with health and related programs.</p> <p>Requires the property to be conveyed without requiring any consideration from, or imposing any obligations, terms, or conditions on, the ANTHC.</p> <p>Describes the property as Tract A-3A, Tudor Centre, according to plat number 2013-43, recorded on June 20, 2013 in Anchorage recording district, Alaska.</p> <p>Absolves the ANTHC from liability for any environmental contamination or hazard on the property on or before the date on which the property was conveyed by quitclaim deed.]]></summary-text>
</summary>
<summary summary-id="id113hr623v82" currentChamber="SENATE" update-date="2014-01-03">
<action-date>2013-12-20</action-date>
<action-desc>Passed Senate without amendment</action-desc>
<summary-text><![CDATA[<p><b>(This measure has not been amended since it was reported to the House on October 22, 2013. The summary of that version is repeated here.)</b></p> <p>Alaska Native Tribal Health Consortium Land Transfer Act - Directs the Secretary of Health and Human Services (HHS) to convey by warranty deed to the Alaska Native Tribal Health Consortium (ANTHC) specified property in Anchorage, Alaska, for use in connection with health and related programs.</p> <p>Requires the property to be conveyed without requiring any consideration from, or imposing any obligations, terms, or conditions on, the ANTHC.</p> <p>Describes the property as Tract A-3A, Tudor Centre, according to plat number 2013-43, recorded on June 20, 2013 in Anchorage recording district, Alaska.</p> <p>Absolves the ANTHC from liability for any environmental contamination or hazard on the property on or before the date on which the property was conveyed by quitclaim deed.]]></summary-text>
</summary>
<summary summary-id="id113hr623v36" currentChamber="HOUSE" update-date="2013-11-05">
<action-date>2013-10-29</action-date>
<action-desc>Passed House amended</action-desc>
<summary-text><![CDATA[<p><b>(This measure has not been amended since it was reported to the House on October 22, 2013. The summary of that version is repeated here.)</b></p> <p>Alaska Native Tribal Health Consortium Land Transfer Act - Directs the Secretary of Health and Human Services (HHS) to convey by warranty deed to the Alaska Native Tribal Health Consortium (ANTHC) specified property in Anchorage, Alaska, for use in connection with health and related programs.</p> <p>Requires the property to be conveyed without requiring any consideration from, or imposing any obligations, terms, or conditions on, the ANTHC.</p> <p>Describes the property as Tract A-3A, Tudor Centre, according to plat number 2013-43, recorded on June 20, 2013 in Anchorage recording district, Alaska.</p> <p>Absolves the ANTHC from liability for any environmental contamination or hazard on the property on or before the date on which the property was conveyed by quitclaim deed.]]></summary-text>
</summary>
<summary summary-id="id113hr623v18" currentChamber="HOUSE" update-date="2013-11-05">
<action-date>2013-10-22</action-date>
<action-desc>Reported to House amended, Part I</action-desc>
<summary-text><![CDATA[<p>Alaska Native Tribal Health Consortium Land Transfer Act - Directs the Secretary of Health and Human Services (HHS) to convey by warranty deed to the Alaska Native Tribal Health Consortium (ANTHC) specified property in Anchorage, Alaska, for use in connection with health and related programs.</p> <p>Requires the property to be conveyed without requiring any consideration from, or imposing any obligations, terms, or conditions on, the ANTHC.</p> <p>Describes the property as Tract A-3A, Tudor Centre, according to plat number 2013-43, recorded on June 20, 2013 in Anchorage recording district, Alaska.</p> <p>Absolves the ANTHC from liability for any environmental contamination or hazard on the property on or before the date on which the property was conveyed by quitclaim deed.]]></summary-text>
</summary>
<summary summary-id="id113hr623v00" currentChamber="HOUSE" update-date="2013-02-25">
<action-date>2013-02-12</action-date>
<action-desc>Introduced in House</action-desc>
<summary-text><![CDATA[<p>Alaska Native Tribal Health Consortium Land Transfer Act - Directs the Secretary of Health and Human Services (HHS) to convey to the Alaska Native Tribal Health Consortium specified property in Anchorage, Alaska, for use in connection with health and related programs.</p>]]></summary-text>
</summary>
</item>
<dublinCore xmlns:dc="http://purl.org/dc/elements/1.1/">
<dc:format>text/xml</dc:format>
<dc:language>EN</dc:language>
<dc:rights>Pursuant to Title 17 Section 105 of the United States Code, this file is not subject to copyright protection and is in the public domain.</dc:rights>
<dc:contributor>Congressional Research Service, Library of Congress</dc:contributor>
<dc:description>This file contains bill summaries for federal legislation. A bill summary describes the most significant provisions of a piece of legislation and details the effects the legislative text may have on current law and federal programs. Bill summaries are authored by the Congressional Research Service (CRS) of the Library of Congress. As stated in Public Law 91-510 (2 USC 166 (d)(6)), one of the duties of CRS is "to prepare summaries and digests of bills and resolutions of a public general nature introduced in the Senate or House of Representatives". For more information, refer to the User Guide that accompanies this file.</dc:description>
</dublinCore>
</BillSummaries>
