<?xml version="1.0" encoding="UTF-8"?>
<BillSummaries>
<item congress="113" measure-type="hr" measure-number="148" measure-id="id113hr148" originChamber="HOUSE" orig-publish-date="2013-01-03" update-date="2013-01-16">
<title>DISCLOSE 2013 Act</title>
<summary summary-id="id113hr148v00" currentChamber="HOUSE" update-date="2013-01-16">
<action-date>2013-01-03</action-date>
<action-desc>Introduced in House</action-desc>
<summary-text><![CDATA[<p>Disclosure of Information on Spending on Campaigns Leads to Open and Secure Elections Act of 2013 or DISCLOSE 2013 Act - Amends the Federal Election Campaign Act of 1971 to redefine the term "independent expenditure" as an expenditure by a person that, when taken as a whole, expressly advocates the election or defeat of a clearly identified candidate, or is the functional equivalent of express advocacy because it can be interpreted by a reasonable person only as advocating the election or defeat of a candidate, taking into account whether the communication involved mentions a candidacy, a political party, or a challenger to a candidate, or takes a position on a candidates, qualifications, or fitness for office.</p> <p>Expands the period during which certain communications are treated as electioneering communications.</p> <p>Prescribes: (1) disclosure requirements for corporations, labor organizations, and certain other entities; and (2) disclaimer requirements for campaign-related disbursements and for certain communications.</p> <p>Requires any communication transmitted through radio or television to include an individual or organizational disclosure statement, together with: (1) the Top Two Funders List of the persons providing the largest and second largest aggregate payments of $10,000 or more for a radio communication, and (2) the Top Five Funders List of the five persons providing the largest aggregate payments of $10,000 or more for a television communication.</p> <p>Repeals the prohibition against political contributions by individuals age 17 or younger.</p> <p>Requires a covered organization which submits regular, periodic reports to its shareholders, members, or donors on its finances or activities to include in each report, in a clear and conspicuous manner, the information included in the statements it has filed about campaign-related disbursements the organization has made during the period covered by the report.</p> <p>Amends the Lobbying Disclosure Act of 1995 to require semiannual reports on certain election campaign contributions filed with the Secretary of the Senate or the Clerk of the House of Representatives by registered lobbyists (or persons or organizations required to register as lobbyists) to contain: (1) the amount of any independent expenditure of $1,000 or more made by each such person or organization, along with the name of each candidate being supported or opposed and the amount spent supporting or opposing that candidate; and (2) the amount of any electioneering communication of $1,000 or more made by such person or organization, along with the name of the candidate referred to in the communication and whether the communication involved was in support of or in opposition to the candidate. </p>]]></summary-text>
</summary>
</item>
<dublinCore xmlns:dc="http://purl.org/dc/elements/1.1/">
<dc:format>text/xml</dc:format>
<dc:language>EN</dc:language>
<dc:rights>Pursuant to Title 17 Section 105 of the United States Code, this file is not subject to copyright protection and is in the public domain.</dc:rights>
<dc:contributor>Congressional Research Service, Library of Congress</dc:contributor>
<dc:description>This file contains bill summaries for federal legislation. A bill summary describes the most significant provisions of a piece of legislation and details the effects the legislative text may have on current law and federal programs. Bill summaries are authored by the Congressional Research Service (CRS) of the Library of Congress. As stated in Public Law 91-510 (2 USC 166 (d)(6)), one of the duties of CRS is "to prepare summaries and digests of bills and resolutions of a public general nature introduced in the Senate or House of Representatives". For more information, refer to the User Guide that accompanies this file.</dc:description>
</dublinCore>
</BillSummaries>
