<?xml version="1.0" encoding="UTF-8"?>
<BillSummaries>
<item congress="113" measure-type="hr" measure-number="371" measure-id="id113hr371" originChamber="HOUSE" orig-publish-date="2013-01-23" update-date="2013-02-28">
<title>Protecting America's Solvency Act of 2013</title>
<summary summary-id="id113hr371v00" currentChamber="HOUSE" update-date="2013-02-28">
<action-date>2013-01-23</action-date>
<action-desc>Introduced in House</action-desc>
<summary-text><![CDATA[<p>Protecting America's Solvency Act of 2013 - Increases the public debt limit by $1 billion, effective upon adoption by the Congress of a balanced budget constitutional amendment in accordance with the requirements of this Act. Increases the public debt limit by an additional $1 billion, effective upon ratification of such amendment.</p> <p>Requires such a balanced budget amendment to provide, among other things, that: (1) total outlays of the United States (except those for repayment of debt principal) for any fiscal year shall not exceed total receipts (except those derived from borrowing) for that fiscal year; (2) this fiscal year deficit prohibition may be suspended by a majority of the membership of both houses of Congress in the event of a congressionally declared war, or by 4/5 of the membership of Congress for any other fiscal year; (3) the President, in specified circumstances, shall have discretion to take necessary steps to ensure total outlays for that fiscal year do not exceed total receipts; (4) any Member of Congress, state governor, or state attorney general shall have standing and a cause of action to seek judicial enforcement of the amendment; and (5) after ratification of the amendment its requirements shall be phased in according to a specified schedule.</p>]]></summary-text>
</summary>
</item>
<dublinCore xmlns:dc="http://purl.org/dc/elements/1.1/">
<dc:format>text/xml</dc:format>
<dc:language>EN</dc:language>
<dc:rights>Pursuant to Title 17 Section 105 of the United States Code, this file is not subject to copyright protection and is in the public domain.</dc:rights>
<dc:contributor>Congressional Research Service, Library of Congress</dc:contributor>
<dc:description>This file contains bill summaries for federal legislation. A bill summary describes the most significant provisions of a piece of legislation and details the effects the legislative text may have on current law and federal programs. Bill summaries are authored by the Congressional Research Service (CRS) of the Library of Congress. As stated in Public Law 91-510 (2 USC 166 (d)(6)), one of the duties of CRS is "to prepare summaries and digests of bills and resolutions of a public general nature introduced in the Senate or House of Representatives". For more information, refer to the User Guide that accompanies this file.</dc:description>
</dublinCore>
</BillSummaries>
