<?xml version="1.0" encoding="UTF-8"?>
<BillSummaries>
<item congress="113" measure-type="hr" measure-number="149" measure-id="id113hr149" originChamber="HOUSE" orig-publish-date="2013-01-03" update-date="2013-01-15">
<title>Prioritize Spending Act of 2013</title>
<summary summary-id="id113hr149v00" currentChamber="HOUSE" update-date="2013-01-15">
<action-date>2013-01-03</action-date>
<action-desc>Introduced in House</action-desc>
<summary-text><![CDATA[<p>Prioritize Spending Act of 2013 - Requires amounts necessary for incurred federal obligations, in the event that the public debt reaches the statutory limit, to be made available to certain obligations, in prioritized order, before all other obligations. </p> <p>Prioritizes such obligations in the following descending order: (1) amounts necessary to carry out the authority of the Department of the Treasury to pay with legal tender the principal and interest on public debt; (2) amounts determined by the Secretary of Defense (DOD) (and the Secretary of Homeland Security [DHS] in the case of the Coast Guard) to be necessary to continue to provide pay and allowances (without interruption) to members of the Army, Navy, Air Force, Marine Corps, and Coast Guard, including their reserve components, who perform active service; (3) amounts certified to Congress by the President as necessary to carry out vital national security priorities; (4) amounts necessary to carry out the authority of the Commissioner of Social Security to pay monthly old-age, survivors', and disability insurance benefits under title II of the Social Security Act (SSA); and (5) amounts necessary to make payments under the Medicare program under SSA title XVIII.</p>]]></summary-text>
</summary>
</item>
<dublinCore xmlns:dc="http://purl.org/dc/elements/1.1/">
<dc:format>text/xml</dc:format>
<dc:language>EN</dc:language>
<dc:rights>Pursuant to Title 17 Section 105 of the United States Code, this file is not subject to copyright protection and is in the public domain.</dc:rights>
<dc:contributor>Congressional Research Service, Library of Congress</dc:contributor>
<dc:description>This file contains bill summaries for federal legislation. A bill summary describes the most significant provisions of a piece of legislation and details the effects the legislative text may have on current law and federal programs. Bill summaries are authored by the Congressional Research Service (CRS) of the Library of Congress. As stated in Public Law 91-510 (2 USC 166 (d)(6)), one of the duties of CRS is "to prepare summaries and digests of bills and resolutions of a public general nature introduced in the Senate or House of Representatives". For more information, refer to the User Guide that accompanies this file.</dc:description>
</dublinCore>
</BillSummaries>
