<?xml version="1.0" encoding="UTF-8"?>
<BillSummaries>
<item congress="113" measure-type="hr" measure-number="260" measure-id="id113hr260" originChamber="HOUSE" orig-publish-date="2013-01-15" update-date="2013-01-19">
<title>To reduce Federal spending and the deficit by terminating taxpayer financing of presidential election campaigns and party conventions and by terminating the Election Assistance Commission.</title>
<summary summary-id="id113hr260v00" currentChamber="HOUSE" update-date="2013-01-19">
<action-date>2013-01-15</action-date>
<action-desc>Introduced in House</action-desc>
<summary-text><![CDATA[<p>Amends the Internal Revenue Code to terminate taxpayer financing of presidential election campaigns. Abolishes the Presidential Election Campaign Fund and the Presidential Primary Matching Payment Account.</p> <p>Directs the Secretary of the Treasury to transfer all amounts remaining in the Fund after enactment of this Act to the general fund of the Treasury to reduce the deficit.</p> <p>Amends the Help America Vote Act of 2002 to terminate the Election Assistance Commission (EAC), the EAC Standards Board, and the EAC Board of Advisors. Requires the Director of the Office of Management and Budget (OMB) to perform EAC functions with respect to certain existing contracts and agreements during the transition period for winding up EAC affairs.</p> <p>Transfers specified election administration functions of the EAC to the Federal Election Commission (FEC).</p> <p>Replaces the Standards Board and the Board of Advisors with a Guidelines Review Board to review voluntary voting system guidelines proposed by the Technical Guidelines Development Committee.</p> <p>Sets forth special requirements relating to the transfer of certain EAC authorities to the FEC with respect to development of such guidelines.</p> <p>Transfers to the FEC the EAC Office of Voting System Testing and Certification.</p> <p>Directs the Comptroller General to: (1) study the procedures used to adopt and modify the voluntary voting system guidelines applicable to the administration of elections for federal office, and (2) develop recommendations on methods to improve such procedures.</p> <p>Requires the FEC to: (1) study the procedures for the testing, certification, decertification, and recertification of voting system hardware and software used in federal elections; and (2) develop a recommendation on the entity best suited to oversee and carry out such procedures.</p> <p>Requires the recommendations in both studies to take into account the needs of persons affected by such guidelines, including state and local election officials, voters with disabilities, absent military and overseas voters, and the manufacturers of voting systems.</p>]]></summary-text>
</summary>
</item>
<dublinCore xmlns:dc="http://purl.org/dc/elements/1.1/">
<dc:format>text/xml</dc:format>
<dc:language>EN</dc:language>
<dc:rights>Pursuant to Title 17 Section 105 of the United States Code, this file is not subject to copyright protection and is in the public domain.</dc:rights>
<dc:contributor>Congressional Research Service, Library of Congress</dc:contributor>
<dc:description>This file contains bill summaries for federal legislation. A bill summary describes the most significant provisions of a piece of legislation and details the effects the legislative text may have on current law and federal programs. Bill summaries are authored by the Congressional Research Service (CRS) of the Library of Congress. As stated in Public Law 91-510 (2 USC 166 (d)(6)), one of the duties of CRS is "to prepare summaries and digests of bills and resolutions of a public general nature introduced in the Senate or House of Representatives". For more information, refer to the User Guide that accompanies this file.</dc:description>
</dublinCore>
</BillSummaries>
