<?xml version="1.0" encoding="UTF-8"?>
<BillSummaries>
<item congress="113" measure-type="hr" measure-number="240" measure-id="id113hr240" originChamber="HOUSE" orig-publish-date="2013-01-14" update-date="2013-01-31">
<title>Homeowners Insurance Protection Act of 2013</title>
<summary summary-id="id113hr240v00" currentChamber="HOUSE" update-date="2013-01-31">
<action-date>2013-01-14</action-date>
<action-desc>Introduced in House</action-desc>
<summary-text><![CDATA[<p> Homeowners Insurance Protection Act of 2013 - Instructs the Secretary of the Treasury to establish the National Commission on Catastrophe Preparation and Protection to advise the Secretary regarding estimated loss costs associated with contracts for reinsurance coverage.</p><p>Authorizes the Secretary to make homeowners protection coverage available through contracts for reinsurance coverage. Restricts purchase of such coverage to eligible state programs. Prescribes criteria for state eligibility.</p><p>Requires each contract for reinsurance coverage to provide insurance coverage against residential property losses to homes, including condominium and cooperative ownership, and the contents of apartment buildings. Cites covered perils.</p><p>Prescribes a minimum level of retained losses and maximum federal liability.</p><p>Authorizes any insurer who participates in an eligible state program to establish a Catastrophe Capital Reserve Fund to hold funds on the Secretary's behalf to offset reinsurance claims.</p><p>Establishes the Consumer Hurricane, Earthquake, Loss Protection (HELP) Fund to: (1) make payments to covered purchasers under contracts for reinsurance coverage for eligible losses; and (2) pay for Commission operating costs and reinsurance program administrative expenses.</p>]]></summary-text>
</summary>
</item>
<dublinCore xmlns:dc="http://purl.org/dc/elements/1.1/">
<dc:format>text/xml</dc:format>
<dc:language>EN</dc:language>
<dc:rights>Pursuant to Title 17 Section 105 of the United States Code, this file is not subject to copyright protection and is in the public domain.</dc:rights>
<dc:contributor>Congressional Research Service, Library of Congress</dc:contributor>
<dc:description>This file contains bill summaries for federal legislation. A bill summary describes the most significant provisions of a piece of legislation and details the effects the legislative text may have on current law and federal programs. Bill summaries are authored by the Congressional Research Service (CRS) of the Library of Congress. As stated in Public Law 91-510 (2 USC 166 (d)(6)), one of the duties of CRS is "to prepare summaries and digests of bills and resolutions of a public general nature introduced in the Senate or House of Representatives". For more information, refer to the User Guide that accompanies this file.</dc:description>
</dublinCore>
</BillSummaries>
