<?xml version="1.0" encoding="UTF-8"?>
<BillSummaries>
<item congress="113" measure-type="hr" measure-number="873" measure-id="id113hr873" originChamber="HOUSE" orig-publish-date="2013-02-27" update-date="2013-03-15">
<title>Promoting American Agricultural and Medical Exports to Cuba Act of 2013</title>
<summary summary-id="id113hr873v00" currentChamber="HOUSE" update-date="2013-03-15">
<action-date>2013-02-27</action-date>
<action-desc>Introduced in House</action-desc>
<summary-text><![CDATA[<p>Promoting American Agricultural and Medical Exports to Cuba Act of 2013 - Prohibits the President from restricting direct transfers from a Cuban depository institution to a U.S. depository institution in payment for a product authorized for sale under the Trade Sanctions Reform and Export Enhancement Act of 2000.</p> <p>Directs the Secretary of Agriculture (USDA) to provide information and technical assistance to U.S. agricultural producers, cooperative organizations, or state agencies to promote U.S. agricultural exports products to Cuba. </p> <p>Authorizes the issuance of temporary entry visas to Cuban nationals to facilitate purchase of U.S. agricultural products.</p> <p>Amends the Department of Commerce and Related Agencies Appropriations Act, 1999 to repeal the prohibition on enforcement of rights to certain U.S. intellectual properties and such properties' transfer.</p> <p>Prohibits the President from regulating or prohibiting travel to or from Cuba by U.S. citizens or legal residents, or any of the transactions ordinarily incident to such travel, and any regulation restricting or prohibiting such travel shall have no effect, relating to: (1) accompanied personal baggage; (2) payment of living expenses and the acquisition of personal-use goods or services; (3) travel arrangements; (4) nonscheduled air, sea, or land voyage transactions, (such provision does not permit the carriage of articles other than accompanied baggage into Cuba or the United States); and (5) normal banking transactions. States that such provision shall not apply in time of war or armed hostilities between the United States and Cuba, or of imminent danger to the public health or the physical safety of U.S. travelers.</p> <p>Amends the Cuban Democracy Act of 1992 to repeal the requirement for onsite verification of certain medical exports to Cuba.</p> <p>Amends the Internal Revenue Code to: (1) increase the airport ticket tax for transportation between the United States and Cuba by $1, and (2) establish in the Treasury the Agricultural Export Promotion Trust Fund.</p>]]></summary-text>
</summary>
</item>
<dublinCore xmlns:dc="http://purl.org/dc/elements/1.1/">
<dc:format>text/xml</dc:format>
<dc:language>EN</dc:language>
<dc:rights>Pursuant to Title 17 Section 105 of the United States Code, this file is not subject to copyright protection and is in the public domain.</dc:rights>
<dc:contributor>Congressional Research Service, Library of Congress</dc:contributor>
<dc:description>This file contains bill summaries for federal legislation. A bill summary describes the most significant provisions of a piece of legislation and details the effects the legislative text may have on current law and federal programs. Bill summaries are authored by the Congressional Research Service (CRS) of the Library of Congress. As stated in Public Law 91-510 (2 USC 166 (d)(6)), one of the duties of CRS is "to prepare summaries and digests of bills and resolutions of a public general nature introduced in the Senate or House of Representatives". For more information, refer to the User Guide that accompanies this file.</dc:description>
</dublinCore>
</BillSummaries>
