<?xml version="1.0" encoding="UTF-8"?>
<BillSummaries>
<item congress="113" measure-type="hr" measure-number="296" measure-id="id113hr296" originChamber="HOUSE" orig-publish-date="2013-01-15" update-date="2013-02-15">
<title>Congress is Not a Career Act</title>
<summary summary-id="id113hr296v00" currentChamber="HOUSE" update-date="2013-02-15">
<action-date>2013-01-15</action-date>
<action-desc>Introduced in House</action-desc>
<summary-text><![CDATA[<p>Congress is Not a Career Act - Redefines &quot;Member of Congress&quot; under the Federal Employees Retirement System (FERS) with respect to the exclusion from the meaning of &quot;Member&quot; of any Member of the House of Representatives, including a Delegate or Resident Commissioner to Congress, who opts out of FERS, but only if he or she served as a Member before the enactment of the Legislative Branch Appropriations Act, 2004. Repeals the requirement of service before enactment of such Act. (Thus, allows Members to opt out of FERS benefits regardless of when they have been elected.)</p> <p>Amends the Thrift Savings Plan (TSP) Agency Contributions requirements to permit a Member of Congress to elect irrevocably, by written notice to the official by whom such Member is paid, not to receive TSP contributions.</p>]]></summary-text>
</summary>
</item>
<dublinCore xmlns:dc="http://purl.org/dc/elements/1.1/">
<dc:format>text/xml</dc:format>
<dc:language>EN</dc:language>
<dc:rights>Pursuant to Title 17 Section 105 of the United States Code, this file is not subject to copyright protection and is in the public domain.</dc:rights>
<dc:contributor>Congressional Research Service, Library of Congress</dc:contributor>
<dc:description>This file contains bill summaries for federal legislation. A bill summary describes the most significant provisions of a piece of legislation and details the effects the legislative text may have on current law and federal programs. Bill summaries are authored by the Congressional Research Service (CRS) of the Library of Congress. As stated in Public Law 91-510 (2 USC 166 (d)(6)), one of the duties of CRS is "to prepare summaries and digests of bills and resolutions of a public general nature introduced in the Senate or House of Representatives". For more information, refer to the User Guide that accompanies this file.</dc:description>
</dublinCore>
</BillSummaries>
