<?xml version="1.0" encoding="UTF-8"?>
<BillSummaries>
<item congress="113" measure-type="hr" measure-number="359" measure-id="id113hr359" originChamber="HOUSE" orig-publish-date="2013-01-23" update-date="2013-03-15">
<title>Center to Advance, Monitor, and Preserve University Security Safety Act of 2013</title>
<summary summary-id="id113hr359v00" currentChamber="HOUSE" update-date="2013-03-15">
<action-date>2013-01-23</action-date>
<action-desc>Introduced in House</action-desc>
<summary-text><![CDATA[<p>Center to Advance, Monitor, and Preserve University Security Safety Act of 2013 or the CAMPUS Safety Act of 2013 - Amends the Omnibus Crime Control and Safe Streets Act of 1968 to authorize the Attorney General to establish and operate, within the Office of Community Oriented Policing Services, a National Center for Campus Public Safety.</p> <p>Tasks the Center with strengthening the safety and security of institutions of higher education (IHEs) by: (1) training IHE public safety personnel and their collaborative partners; (2) fostering relevant research; (3) collecting and disseminating information and best practices regarding campus safety; (4) developing protocols and best practices to prevent, protect against, and respond to dangerous and violent situations that threaten the campus community; and (5) promoting cooperation among public safety and emergency management personnel of IHEs and their collaborative partners, including law enforcement, emergency management, and mental health agencies.</p> <p>Authorizes the Attorney General to award grants to IHEs and other nonprofit organizations for activities that will assist the Center in performing its functions. </p>]]></summary-text>
</summary>
</item>
<dublinCore xmlns:dc="http://purl.org/dc/elements/1.1/">
<dc:format>text/xml</dc:format>
<dc:language>EN</dc:language>
<dc:rights>Pursuant to Title 17 Section 105 of the United States Code, this file is not subject to copyright protection and is in the public domain.</dc:rights>
<dc:contributor>Congressional Research Service, Library of Congress</dc:contributor>
<dc:description>This file contains bill summaries for federal legislation. A bill summary describes the most significant provisions of a piece of legislation and details the effects the legislative text may have on current law and federal programs. Bill summaries are authored by the Congressional Research Service (CRS) of the Library of Congress. As stated in Public Law 91-510 (2 USC 166 (d)(6)), one of the duties of CRS is "to prepare summaries and digests of bills and resolutions of a public general nature introduced in the Senate or House of Representatives". For more information, refer to the User Guide that accompanies this file.</dc:description>
</dublinCore>
</BillSummaries>
