<?xml version="1.0" encoding="UTF-8"?>
<BillSummaries>
<item congress="113" measure-type="hr" measure-number="467" measure-id="id113hr467" originChamber="HOUSE" orig-publish-date="2013-02-04" update-date="2013-03-01">
<title>Medicaid Expansion Incentive Act of 2013</title>
<summary summary-id="id113hr467v00" currentChamber="HOUSE" update-date="2013-03-01">
<action-date>2013-02-04</action-date>
<action-desc>Introduced in House</action-desc>
<summary-text><![CDATA[<p>Medicaid Expansion Incentive Act of 2013 - Amends title XIX (Medicaid) of the Social Security Act to entitle to an increase (bonus) in payments under its state medical assistance plan any state electing to meet Affordable Care Act (ACA) Medicaid expansion requirements under the Patient Protection and Affordable Care Act. Requires such bonuses to be in amounts made available from a net reduction in federal payments to other states not electing to meet those requirements.</p>]]></summary-text>
</summary>
</item>
<dublinCore xmlns:dc="http://purl.org/dc/elements/1.1/">
<dc:format>text/xml</dc:format>
<dc:language>EN</dc:language>
<dc:rights>Pursuant to Title 17 Section 105 of the United States Code, this file is not subject to copyright protection and is in the public domain.</dc:rights>
<dc:contributor>Congressional Research Service, Library of Congress</dc:contributor>
<dc:description>This file contains bill summaries for federal legislation. A bill summary describes the most significant provisions of a piece of legislation and details the effects the legislative text may have on current law and federal programs. Bill summaries are authored by the Congressional Research Service (CRS) of the Library of Congress. As stated in Public Law 91-510 (2 USC 166 (d)(6)), one of the duties of CRS is "to prepare summaries and digests of bills and resolutions of a public general nature introduced in the Senate or House of Representatives". For more information, refer to the User Guide that accompanies this file.</dc:description>
</dublinCore>
</BillSummaries>
