<?xml version="1.0" encoding="UTF-8"?>
<BillSummaries>
<item congress="113" measure-type="hr" measure-number="287" measure-id="id113hr287" originChamber="HOUSE" orig-publish-date="2013-01-15" update-date="2013-02-11">
<title>Video Games Ratings Enforcement Act</title>
<summary summary-id="id113hr287v00" currentChamber="HOUSE" update-date="2013-02-11">
<action-date>2013-01-15</action-date>
<action-desc>Introduced in House</action-desc>
<summary-text><![CDATA[<p>Video Games Ratings Enforcement Act - Prohibits shipping or distributing in interstate commerce, selling, or renting a video game the outside packaging of which does not display a label containing an age-based content rating determined by the Entertainment Software Ratings Board (ESRB).</p> <p>Directs the Federal Trade Commission (FTC) to require all retail establishments that sell video games to display information about the ESRB content rating system.</p> <p>Prohibits any person from selling or renting video games containing the ESRB content rating of: (1) &quot;adults only&quot; to any person under the age of 18, or (2) &quot;mature&quot; to any person under the age of 17.</p> <p>Treats violations of such requirements and prohibitions as an unfair or deceptive act or practice subject to a civil penalty of not more than $5,000 per violation.</p>]]></summary-text>
</summary>
</item>
<dublinCore xmlns:dc="http://purl.org/dc/elements/1.1/">
<dc:format>text/xml</dc:format>
<dc:language>EN</dc:language>
<dc:rights>Pursuant to Title 17 Section 105 of the United States Code, this file is not subject to copyright protection and is in the public domain.</dc:rights>
<dc:contributor>Congressional Research Service, Library of Congress</dc:contributor>
<dc:description>This file contains bill summaries for federal legislation. A bill summary describes the most significant provisions of a piece of legislation and details the effects the legislative text may have on current law and federal programs. Bill summaries are authored by the Congressional Research Service (CRS) of the Library of Congress. As stated in Public Law 91-510 (2 USC 166 (d)(6)), one of the duties of CRS is "to prepare summaries and digests of bills and resolutions of a public general nature introduced in the Senate or House of Representatives". For more information, refer to the User Guide that accompanies this file.</dc:description>
</dublinCore>
</BillSummaries>
