<?xml version="1.0" encoding="UTF-8"?>
<BillSummaries>
<item congress="113" measure-type="hr" measure-number="69" measure-id="id113hr69" originChamber="HOUSE" orig-publish-date="2013-01-03" update-date="2015-06-29">
<title>Illegal, Unreported, and Unregulated Fishing Enforcement Act of 2014</title>
<summary summary-id="id113hr69v17" currentChamber="HOUSE" update-date="2015-06-29">
<action-date>2014-12-22</action-date>
<action-desc>Reported to House amended</action-desc>
<summary-text><![CDATA[<p>Illegal, Unreported, and Unregulated Fishing Enforcement Act of 2014 - <b>Title I: Strengthening Fisheries Enforcement Mechanisms</b> - (Sec. 101) Amends the High Seas Driftnet Fishing Moratorium Protection Act to direct Department of Commerce and Department of Homeland Security (DHS) to enforce that Act and:</p> <ul> <li> the Pacific Salmon Treaty Act of 1985,</li> <li> the Dolphin Protection Consumer Information Act, </li> <li>the Tuna Conventions Act of 1950, </li> <li>the North Pacific Anadromous Stocks Act of 1992, </li> <li>the South Pacific Tuna Act of 1988, </li> <li>the Antarctic Marine Living Resources Convention Act of 1984, </li> <li>the Atlantic Tunas Convention Act of 1975, </li> <li>the Northwest Atlantic Fisheries Convention Act of 1995, </li> <li>the Western and Central Pacific Fisheries Convention Implementation Act, and </li> <li>the North Pacific Halibut Act of 1982. </li> </ul> <p>Directs Commerce to prevent a person from violating those Acts in the same manner as though specified enforcement provisions of the Magnuson-Stevens Fishery Conservation and Management Act had been incorporated into each Act, including civil and criminal penalties, permit sanctions, and civil forfeiture procedures. Sets forth additional enforcement authorities relating to searches and seizures, inspections, shipment detentions, the carrying of firearms, arrests, and the execution of subpoenas. </p> <p>Authorizes Commerce to: (1) engage in international cooperation to help other nations combat illegal, unreported, and unregulated fishing and achieve sustainable fisheries; and (2) disclose certain enforcement information to state or federal agencies or internationally to ensure compliance with measures Commerce enforces, including international fishery agreements to which the United States is a party.</p> <p>Directs Commerce to take actions to improve the effectiveness of arrangements made pursuant to an international fishery agreement.</p> <p>Authorizes: (1) the development and publication of a list of vessels engaged in illegal, unreported, or unregulated fishing (IUU) or fishing-related activities in support of IUU, including vessels or vessel owners identified by an international fishery management organization or arrangement made pursuant to an international fishery agreement; and (2) taking action against listed vessels.</p> <p>Revises certain sanctions, including denying port privileges and prohibition of fish and fish product importation, if Commerce has not yet issued a positive certification regarding whether a nation's nationals or vessels engage in IUU. </p> <p>Requires Commerce to identify in reports on international compliance nations that: (1) violate conservation and management measures required under an international fishery management agreement to which the United States is a party, or (2) fail to effectively address or regulate IUU. Applies the provisions of the Act that apply to nations to other entities that have competency to enter into international fishery management agreements as appropriate. </p> <p>Authorizes appropriations through FY2019 for enforcement of the fishery laws mentioned in this title and for the identification of those nations. </p> <p>(Sec. 102) Amends the High Seas Driftnet Fisheries Enforcement Act to require denial of port privileges and other sanctions for large-scale driftnet fishing vessels of a nation that receives a negative IUU or conservation certification.</p> <p>(Sec. 107) Amends the Antarctic Marine Living Resources Convention Act of 1984 remove a requirement that, in order to be a violation of the Act, a person knew, or reasonably should have known, that an Antarctic marine living resource was harvested in violation of the Act.</p> <p>(Sec. 108) Amends the Atlantic Tunas Convention Act of 1975 to remove a requirement for Commerce to submit an annual report on the conservation and management of highly migratory species. </p> <p>(Sec. 109) Amends the High Seas Fishing Compliance Act of 1995 to void high seas fishing permits if any other required permit or authorization is expired, revoked, or suspended or if the vessel is no longer documented under U.S. laws or eligible for the documentation.</p> <p>(Sec. 113) Amends the Magnuson-Stevens Fishery Conservation and Management Act to make it unlawful for any person to import, export, transport, sell, acquire, or purchase in interstate or foreign commerce any fish taken, possessed, transported, or sold in violation of any treaty or in contravention of any binding conservation measure adopted by an international agreement or organization to which the United States is a party. </p> <p><b>Title II: Implementation of the Antigua Convention </b>- (Sec. 202) Antigua Convention Implementing Act of 2011 [sic] - Amends the Tuna Conventions Act of 1950 to revise provisions regarding: (1) the Inter-American Tropical Tuna Commission, (2) the General Advisory Committee, (3) the Scientific Advisory Subcommittee, and (4) enforcement.</p> <p>Repeals the Eastern Pacific Tuna Licensing Act of 1984. <p><b>Title III: Agreement on Port State Measures to Prevent, Deter, and Eliminate Illegal, Unreported and Unregulated Fishing</b> - Port State Measures Agreement Act of 2014 - Authorizes Commerce to promulgate regulations to carry out the implementation of the Agreement on Port State Measures to Prevent, Deter and Eliminate Illegal, Unreported and Unregulated Fishing, done at the Food and Agriculture Organization of the United Nations, in Rome, Italy, November 22, 2009, and signed by the United States November 22, 2009. (The Agreement provides tools for nations to address IUU fishing and to prevent IUU-caught fish from entering markets and competing with legally-caught fish. It recognizes that all seafood must pass through a port to get to market and allows nations to use inspections to prevent IUU fish from reaching the market.)]]></summary-text>
</summary>
<summary summary-id="id113hr69v00" currentChamber="HOUSE" update-date="2013-01-31">
<action-date>2013-01-03</action-date>
<action-desc>Introduced in House</action-desc>
<summary-text><![CDATA[Illegal, Unreported, and Unregulated Fishing Enforcement Act of 2013 - Amends the High Seas Driftnet Fishing Moratorium Protection Act to direct the Secretary of Commerce (Secretary) and the Secretary of the department in which the Coast Guard is operating to enforce that Act and the Pacific Salmon Treaty Act of 1985, the Dolphin Protection Consumer Information Act, the Tuna Conventions Act of 1950, the North Pacific Anadromous Stocks Act of 1992, the South Pacific Tuna Act of 1988, the Antarctic Marine Living Resources Convention Act of 1984, the Atlantic Tunas Convention Act of 1975, the Northwest Atlantic Fisheries Convention Act of 1995, and the Western and Central Pacific Fisheries Convention Implementation Act. <p>Amends several of such Acts as well as the High Seas Driftnet Fisheries Enforcement Act, High Seas Fishing Compliance Act of 1995, Northern Pacific Halibut Act of 1982, and Magnuson-Stevens Fishery Conservation and Management Act to revise violations, penalties, permit requirements, port privileges, illegal, unreported, or unregulated (IUU) fishing sanctions, and other enforcement authority.</p> <p>Authorizes additional enforcement measures relating to search or inspection of facilities or conveyances, records inspection, shipment detention, arrest, search and seizure, and service of civil or criminal process.</p> <p>Authorizes the Secretary to disclose certain information to state or federal agencies or internationally to ensure compliance with measures the Secretary enforces, including international fishery agreements.</p> <p>Authorizes: (1) the development and publication of a list of vessels engaged in IUU fishing, including vessels or owners identified by an international fishery management organization or arrangement made pursuant to an international fishery agreement; and (2) taking action against listed vessels.</p> <p>Requires identification and listing of nations that: (1) violate conservation and management measures required under an international fishery management agreement to which the United States is a party, or (2) fail to effectively address or regulate IUU fishing. Extends provisions applicable to nations to other entities that have competency to enter into international fishery management agreements. </p><p>Authorizes international cooperation and assistance, including grants, to help other nations achieve sustainable fisheries. <p>Antigua Convention Implementing Act of 2011 [<i>sic</i>] - Amends the Tuna Conventions Act of 1950 to revise provisions regarding: (1) the Inter-American Tropical Tuna Commission, (2) the General Advisory Committee, (3) the Scientific Advisory Subcommittee, (4) prohibited acts, and (5) enforcement.</p> <p>Repeals the Eastern Pacific Tuna Licensing Act of 1984.</p>]]></summary-text>
</summary>
</item>
<dublinCore xmlns:dc="http://purl.org/dc/elements/1.1/">
<dc:format>text/xml</dc:format>
<dc:language>EN</dc:language>
<dc:rights>Pursuant to Title 17 Section 105 of the United States Code, this file is not subject to copyright protection and is in the public domain.</dc:rights>
<dc:contributor>Congressional Research Service, Library of Congress</dc:contributor>
<dc:description>This file contains bill summaries for federal legislation. A bill summary describes the most significant provisions of a piece of legislation and details the effects the legislative text may have on current law and federal programs. Bill summaries are authored by the Congressional Research Service (CRS) of the Library of Congress. As stated in Public Law 91-510 (2 USC 166 (d)(6)), one of the duties of CRS is "to prepare summaries and digests of bills and resolutions of a public general nature introduced in the Senate or House of Representatives". For more information, refer to the User Guide that accompanies this file.</dc:description>
</dublinCore>
</BillSummaries>
