<?xml version="1.0" encoding="UTF-8"?>
<BillSummaries>
<item congress="113" measure-type="hr" measure-number="70" measure-id="id113hr70" originChamber="HOUSE" orig-publish-date="2013-01-03" update-date="2013-01-11">
<title>Deficit Reduction, Job Creation, and Energy Security Act</title>
<summary summary-id="id113hr70v00" currentChamber="HOUSE" update-date="2013-01-11">
<action-date>2013-01-03</action-date>
<action-desc>Introduced in House</action-desc>
<summary-text><![CDATA[<p>Deficit Reduction, Job Creation, and Energy Security Act - Requires the Secretary of the Interior to conduct oil and gas lease sales under the Outer Continental Shelf Lands Act for an additional 10% of acreage of the outer Continental Shelf proposed to be leased under the Proposed Outer Continental Shelf Oil and Gas Leasing Program for 2012-2017. Requires: (1) such additional acreage to be known as the Deficit Reduction Acreage, and (2) the Secretary to lease at least 20% of such Deficit Reduction Acreage in each such year. </p> <p>Establishes the Deficit Reduction Energy Security Fund. Requires all sums due under Deficit Reduction Acreage lease sales during the 15 fiscal years beginning when sums are first received from such sales to be deposited into such Fund.</p> <p>Establishes the Coastal and Ocean Sustainability and Health Fund to be administered by the National Oceanic and Atmospheric Administration (NOAA) for: (1) the Coastal and Ocean Disaster Grant Program for restoring, mitigating, monitoring, or otherwise managing coastal and ocean natural resources in Texas, Louisiana, Mississippi, Alabama, and Florida impacted by coastal or ocean disasters; and (2) the National Grant Program for Coastal and Ocean Sustainability and Health for restoring, protecting, maintaining, managing, or understanding marine resources and their habitats and resources in coastal and ocean water. </p> <p>Amends the Outer Continental Shelf Lands Act to authorize the Secretary of the Interior to reinstate expired producible leases in the offshore Gulf or Mexico upon the petition of a prior leaseholder if such reinstatement furthers the purposes and objectives of such Act. </p> <p>Requires the Secretary to establish: (1) an Office of Energy Employment and Training to oversee the efforts of the Department of the Interior's energy planning, permitting, and regulatory activities to carry out the purposes, objectives, and requirements of this Act; and (2) an Office of Minority and Women Inclusion to be responsible for all matters of the Department of the Interior relating to diversity in management, employment, and business activities. Requires the Secretary to take affirmative steps to seek diversity in all levels of such Department.</p>]]></summary-text>
</summary>
</item>
<dublinCore xmlns:dc="http://purl.org/dc/elements/1.1/">
<dc:format>text/xml</dc:format>
<dc:language>EN</dc:language>
<dc:rights>Pursuant to Title 17 Section 105 of the United States Code, this file is not subject to copyright protection and is in the public domain.</dc:rights>
<dc:contributor>Congressional Research Service, Library of Congress</dc:contributor>
<dc:description>This file contains bill summaries for federal legislation. A bill summary describes the most significant provisions of a piece of legislation and details the effects the legislative text may have on current law and federal programs. Bill summaries are authored by the Congressional Research Service (CRS) of the Library of Congress. As stated in Public Law 91-510 (2 USC 166 (d)(6)), one of the duties of CRS is "to prepare summaries and digests of bills and resolutions of a public general nature introduced in the Senate or House of Representatives". For more information, refer to the User Guide that accompanies this file.</dc:description>
</dublinCore>
</BillSummaries>
