<?xml version="1.0" encoding="UTF-8"?>
<BillSummaries>
<item congress="113" measure-type="hr" measure-number="337" measure-id="id113hr337" originChamber="HOUSE" orig-publish-date="2013-01-22" update-date="2013-02-06">
<title>Redistricting Transparency Act of 2013</title>
<summary summary-id="id113hr337v00" currentChamber="HOUSE" update-date="2013-02-06">
<action-date>2013-01-22</action-date>
<action-desc>Introduced in House</action-desc>
<summary-text><![CDATA[<p>Redistricting Transparency Act of 2013 - Requires states to carry out congressional redistricting in accordance with a process under which members of the public are informed of redistricting proposals via the Internet and have the opportunity to participate in the development of such proposals prior to their adoption.</p> <p>Requires each state redistricting entity to establish and maintain a public Internet site meeting specified requirements.</p> <p>Requires the state redistricting entity to: (1) solicit the input of members of the public in its work to develop initial congressional redistricting plans for the state; and (2) post the proposed final plan on the Internet site at least 10 days before its adoption, as well as no later than 7 days after its adoption, together with a map, the reasons for adoption, dissenting opinions, and certain other information.</p>]]></summary-text>
</summary>
</item>
<dublinCore xmlns:dc="http://purl.org/dc/elements/1.1/">
<dc:format>text/xml</dc:format>
<dc:language>EN</dc:language>
<dc:rights>Pursuant to Title 17 Section 105 of the United States Code, this file is not subject to copyright protection and is in the public domain.</dc:rights>
<dc:contributor>Congressional Research Service, Library of Congress</dc:contributor>
<dc:description>This file contains bill summaries for federal legislation. A bill summary describes the most significant provisions of a piece of legislation and details the effects the legislative text may have on current law and federal programs. Bill summaries are authored by the Congressional Research Service (CRS) of the Library of Congress. As stated in Public Law 91-510 (2 USC 166 (d)(6)), one of the duties of CRS is "to prepare summaries and digests of bills and resolutions of a public general nature introduced in the Senate or House of Representatives". For more information, refer to the User Guide that accompanies this file.</dc:description>
</dublinCore>
</BillSummaries>
