<?xml version="1.0" encoding="UTF-8"?>
<BillSummaries>
<item congress="113" measure-type="hr" measure-number="345" measure-id="id113hr345" originChamber="HOUSE" orig-publish-date="2013-01-22" update-date="2013-03-01">
<title>District of Columbia Budget Autonomy Act of 2013</title>
<summary summary-id="id113hr345v00" currentChamber="HOUSE" update-date="2013-03-01">
<action-date>2013-01-22</action-date>
<action-desc>Introduced in House</action-desc>
<summary-text><![CDATA[<p>District of Columbia Budget Autonomy Act of 2013 - Amends the District of Columbia Home Rule Act to eliminate, with respect to each fiscal year that is not a control year, all federally-imposed mandates over the District of Columbia's: (1) local budget process, financial management, audits, and accountability requirements; and (2) short-term borrowing of money, with specified exceptions.</p> <p>Declares that the process by which the District develops and enacts the District government's budget for a fiscal year, the activities carried out regarding financial management of the District government, and the process and rules by which the District issues bonds or otherwise borrows money shall be established under laws enacted by the District.</p>  <p>Provides that Acts adopting the District government's annual budget for FY2014 and succeeding non-control fiscal years shall take effect upon their prescribed dates. (Thus eliminates congressional review of such Acts).</p> <p>Repeals the federal cap on amounts the District may borrow (other than in a control year).</p> <p>Repeals the application of the Federal Anti-Deficiency Act to the District government. Makes conforming amendments to the Act.</p> <p>Makes conforming amendments to the Financial Services and General Government Appropriations Act, 2009.</p>]]></summary-text>
</summary>
</item>
<dublinCore xmlns:dc="http://purl.org/dc/elements/1.1/">
<dc:format>text/xml</dc:format>
<dc:language>EN</dc:language>
<dc:rights>Pursuant to Title 17 Section 105 of the United States Code, this file is not subject to copyright protection and is in the public domain.</dc:rights>
<dc:contributor>Congressional Research Service, Library of Congress</dc:contributor>
<dc:description>This file contains bill summaries for federal legislation. A bill summary describes the most significant provisions of a piece of legislation and details the effects the legislative text may have on current law and federal programs. Bill summaries are authored by the Congressional Research Service (CRS) of the Library of Congress. As stated in Public Law 91-510 (2 USC 166 (d)(6)), one of the duties of CRS is "to prepare summaries and digests of bills and resolutions of a public general nature introduced in the Senate or House of Representatives". For more information, refer to the User Guide that accompanies this file.</dc:description>
</dublinCore>
</BillSummaries>
