<?xml version="1.0" encoding="UTF-8"?>
<BillSummaries>
<item congress="113" measure-type="hr" measure-number="503" measure-id="id113hr503" originChamber="HOUSE" orig-publish-date="2013-02-05" update-date="2014-05-30">
<title>National Desert Storm and Desert Shield War Memorial Act</title>
<summary summary-id="id113hr503v36" currentChamber="HOUSE" update-date="2014-05-30">
<action-date>2014-05-28</action-date>
<action-desc>Passed House amended</action-desc>
<summary-text><![CDATA[<p><b>(This measure has not been amended since it was reported to the House on May 6, 2014. The summary of that version is repeated here.)</b></p> <p>National Desert Storm and Desert Shield War Memorial Act - Authorizes the National Desert Storm Memorial Association to establish a commemorative work on federal land in the District of Columbia to commemorate and honor those who, as members of the Armed Forces, served on active duty in support of Operation Desert Storm or Operation Desert Shield.</p> <p>Prohibits the use of federal funds to pay any expense to establish the commemorative work.</p> <p>Requires the Association, upon payment of all expenses for the memorial's establishment (including perpetual maintenance and preservation expenses), to transmit any remaining balance to the Secretary of the Interior for deposit in the separate account with the National Park Foundation (NPF) established for crediting money provided by a sponsor of a commemorative work.</p> <p>Requires any remaining balance transmitted to the separate NPF account upon expiration of the authority to establish the commemorative work to be available to the Secretary or to the Administrator of the General Services Administration (GSA), as appropriate, following a specified process.</p>]]></summary-text>
</summary>
<summary summary-id="id113hr503v17" currentChamber="HOUSE" update-date="2014-05-09">
<action-date>2014-05-06</action-date>
<action-desc>Reported to House amended</action-desc>
<summary-text><![CDATA[<p>National Desert Storm and Desert Shield War Memorial Act - Authorizes the National Desert Storm Memorial Association to establish a commemorative work on federal land in the District of Columbia to commemorate and honor those who, as members of the Armed Forces, served on active duty in support of Operation Desert Storm or Operation Desert Shield.</p> <p>Prohibits the use of federal funds to pay any expense to establish the commemorative work.</p> <p>Requires the Association, upon payment of all expenses for the memorial's establishment (including perpetual maintenance and preservation expenses), to transmit any remaining balance to the Secretary of the Interior for deposit in the separate account with the National Park Foundation (NPF) established for crediting money provided by a sponsor of a commemorative work.</p> <p>Requires any remaining balance transmitted to the separate NPF account upon expiration of the authority to establish the commemorative work to be available to the Secretary or to the Administrator of the General Services Administration (GSA), as appropriate, following a specified process.</p>]]></summary-text>
</summary>
<summary summary-id="id113hr503v00" currentChamber="HOUSE" update-date="2013-02-20">
<action-date>2013-02-05</action-date>
<action-desc>Introduced in House</action-desc>
<summary-text><![CDATA[<p>National Desert Storm and Desert Shield War Memorial Act - Authorizes the National Desert Storm Memorial Association to establish a commemorative work on federal land in the District of Columbia to commemorate and honor those who, as members of the Armed Forces, served on active duty in support of Operation Desert Storm or Operation Desert Shield.</p> <p>Prohibits the use of federal funds to pay any expense to establish the commemorative work.</p>]]></summary-text>
</summary>
</item>
<dublinCore xmlns:dc="http://purl.org/dc/elements/1.1/">
<dc:format>text/xml</dc:format>
<dc:language>EN</dc:language>
<dc:rights>Pursuant to Title 17 Section 105 of the United States Code, this file is not subject to copyright protection and is in the public domain.</dc:rights>
<dc:contributor>Congressional Research Service, Library of Congress</dc:contributor>
<dc:description>This file contains bill summaries for federal legislation. A bill summary describes the most significant provisions of a piece of legislation and details the effects the legislative text may have on current law and federal programs. Bill summaries are authored by the Congressional Research Service (CRS) of the Library of Congress. As stated in Public Law 91-510 (2 USC 166 (d)(6)), one of the duties of CRS is "to prepare summaries and digests of bills and resolutions of a public general nature introduced in the Senate or House of Representatives". For more information, refer to the User Guide that accompanies this file.</dc:description>
</dublinCore>
</BillSummaries>
