<?xml version="1.0" encoding="UTF-8"?>
<BillSummaries>
<item congress="113" measure-type="hr" measure-number="717" measure-id="id113hr717" originChamber="HOUSE" orig-publish-date="2013-02-14" update-date="2013-03-11">
<title>Reuniting Families Act</title>
<summary summary-id="id113hr717v00" currentChamber="HOUSE" update-date="2013-03-11">
<action-date>2013-02-14</action-date>
<action-desc>Introduced in House</action-desc>
<summary-text><![CDATA[<p>Reuniting Families Act - Amends the Immigration and Nationality Act (INA) to establish the fiscal year worldwide level of employment-based immigrants at 140,000 plus: (1) the previous year's unused visas, and (2) the number of unused visas from FY1992-FY2011.</p> <p>Establishes the fiscal year worldwide level of family-sponsored immigrants at 480,000 plus: (1) the previous year's unused visas, and (2) the number of unused visas from FY1992-FY2011. </p> <p>Revises the definition of &quot;immediate relative&quot; to: (1) mean a child, spouse, or parent of a U.S. citizen or the child or spouse of a lawful permanent resident (and for each family member of a citizen or resident, such individual's accompanying spouse or child), except that in the case of parents such citizens shall be at least 21 years old; (2) permit a widow or widower of a U.S. citizen or resident to seek permanent resident status if married at least two years at the time of the citizen's or resident's death or, if married less than two years, by showing through a preponderance of the evidence that the marriage was entered into in good faith and not solely to obtain an immigration benefit; and (3) include an alien who was the child or parent of a U.S. citizen or resident at the time of the citizen's or resident's death if the alien files a petition within two years after such date or prior to reaching 21 years old.</p> <p>Increases immigration visas for: (1) unmarried sons and daughters of U.S. citizens, and (2) brothers and sisters of U.S. citizens.</p> <p>Provides an 80,640 visa allocation for the unmarried sons and daughters of permanent resident aliens.</p> <p>Increases annual per country (10% of annual total) and dependent area (5% of annual total) limits for employment-based and family-sponsored immigrant visas.</p> <p>Expands specified family-unity exceptions to unlawful presence-based inadmissibility.</p> <p>Provides specified relief for orphans and spouses regarding: (1) petitions for immediate relative status, (2) parole eligibility, (3) permanent resident status adjustment, and (4) processing of immigrant visas.</p> <p>Makes an alien inadmissible for willful misrepresentation of citizenship. (Under current law inadmissibility is based on false representation of citizenship.)</p> <p>Filipino Veterans Family Reunification Act - Exempts children of naturalized Filipino World War II veterans from worldwide or numerical immigrant limitations.</p> Makes a minor child of an alien fiancee/fiance or of an alien spouse of a U.S. citizen eligible for derivative K-visa status provided that the child's age is determined using such child's age at the date that the petition to classify such child's parent as a K-visa alien is filed with the Secretary of Homeland Security (DHS). <p>Authorizes the Secretary or the Attorney General to adjust the status of a finacee/fiance or alien spouse and any minor children (K-visa) to conditional permanent resident status if such alien marries the petitioner within three months after U.S. admission.</p> <p>Redefines &quot;child&quot; for purposes of titles I and II of the Act to include a stepchild under 21 years old. (Current law includes a stepchild who has not reached 18 years old at the time the marriage creating the status of stepchild occurred.) </p> <p> Amends INA to include a &quot;permanent partner&quot; within the scope of such Act. </p> <p>Revises provisions regarding: (1) priority date retention; (2) false claims and misrepresentations; and (3) waiver eligibility for widows, widowers, and orphans.</p> <p>Defines &quot;permanent partner&quot; as an individual 18 or older who: (1) is in a committed, intimate relationship with another individual 18 or older in which both individuals intend a lifelong commitment; (2) is financially interdependent with the other individual; (3) is not married to, or in a permanent partnership with, anyone other than the individual; (4) is unable to contract with the other individual a marriage cognizable under this Act; and (5) is not a first, second, or third degree blood relation of the other individual. </p> <p>Defines &quot;permanent partnership&quot; as the relationship existing between two permanent partners. </p> <p>Defines &quot;alien permanent partner&quot; as the individual in a permanent partnership who is being sponsored for a visa.</p>]]></summary-text>
</summary>
</item>
<dublinCore xmlns:dc="http://purl.org/dc/elements/1.1/">
<dc:format>text/xml</dc:format>
<dc:language>EN</dc:language>
<dc:rights>Pursuant to Title 17 Section 105 of the United States Code, this file is not subject to copyright protection and is in the public domain.</dc:rights>
<dc:contributor>Congressional Research Service, Library of Congress</dc:contributor>
<dc:description>This file contains bill summaries for federal legislation. A bill summary describes the most significant provisions of a piece of legislation and details the effects the legislative text may have on current law and federal programs. Bill summaries are authored by the Congressional Research Service (CRS) of the Library of Congress. As stated in Public Law 91-510 (2 USC 166 (d)(6)), one of the duties of CRS is "to prepare summaries and digests of bills and resolutions of a public general nature introduced in the Senate or House of Representatives". For more information, refer to the User Guide that accompanies this file.</dc:description>
</dublinCore>
</BillSummaries>
