<?xml version="1.0" encoding="UTF-8"?>
<BillSummaries>
<item congress="113" measure-type="hr" measure-number="859" measure-id="id113hr859" originChamber="HOUSE" orig-publish-date="2013-02-27" update-date="2013-03-26">
<title>Taxpayers' COP Act</title>
<summary summary-id="id113hr859v00" currentChamber="HOUSE" update-date="2013-03-26">
<action-date>2013-02-27</action-date>
<action-desc>Introduced in House</action-desc>
<summary-text><![CDATA[<p>Taxpayers' Conference Overspending Prevention Act or the Taxpayers' COP Act - Requires each executive agency to submit an annual report to Congress listing the amount of funds such agency obligated for conferences in the previous fiscal year, including funds for pre-planning, travel, and subsistence costs. Requires the rescission of unobligated funds for agency conferences in excess of specified amounts unless such funds are certified as being for foreign travel that is critical to the agency's mission.</p>]]></summary-text>
</summary>
</item>
<dublinCore xmlns:dc="http://purl.org/dc/elements/1.1/">
<dc:format>text/xml</dc:format>
<dc:language>EN</dc:language>
<dc:rights>Pursuant to Title 17 Section 105 of the United States Code, this file is not subject to copyright protection and is in the public domain.</dc:rights>
<dc:contributor>Congressional Research Service, Library of Congress</dc:contributor>
<dc:description>This file contains bill summaries for federal legislation. A bill summary describes the most significant provisions of a piece of legislation and details the effects the legislative text may have on current law and federal programs. Bill summaries are authored by the Congressional Research Service (CRS) of the Library of Congress. As stated in Public Law 91-510 (2 USC 166 (d)(6)), one of the duties of CRS is "to prepare summaries and digests of bills and resolutions of a public general nature introduced in the Senate or House of Representatives". For more information, refer to the User Guide that accompanies this file.</dc:description>
</dublinCore>
</BillSummaries>
