<?xml version="1.0" encoding="UTF-8"?>
<BillSummaries>
<item congress="113" measure-type="hr" measure-number="332" measure-id="id113hr332" originChamber="HOUSE" orig-publish-date="2013-01-22" update-date="2013-03-28">
<title>Equal Access to Justice for Victims of Gun Violence Act</title>
<summary summary-id="id113hr332v00" currentChamber="HOUSE" update-date="2013-03-28">
<action-date>2013-01-22</action-date>
<action-desc>Introduced in House</action-desc>
<summary-text><![CDATA[<p>Equal Access to Justice for Victims of Gun Violence Act - Prohibits a court from dismissing an action against a manufacturer, seller, or trade association for damages or relief resulting from an alleged defect or negligence with respect to a product, or conduct that would be actionable under state common or statutory law in the absence of the Protection of Lawful Commerce in Arms Act, on the basis that the action is for damages or relief from the criminal, unlawful, or volitional use of a qualified product.</p> <p>Makes the contents of the Firearms Trace System database maintained by the National Trace Center of the Bureau of Alcohol, Tobacco, Firearms and Explosives (ATF) subject to subpoena or other discovery and admissible as evidence. Permits such contents to be used, relied on, or disclosed, and permits testimony or other evidence to be based on the data, on the same basis as other information in a civil action in any state or federal court or in an administrative proceeding.</p>]]></summary-text>
</summary>
</item>
<dublinCore xmlns:dc="http://purl.org/dc/elements/1.1/">
<dc:format>text/xml</dc:format>
<dc:language>EN</dc:language>
<dc:rights>Pursuant to Title 17 Section 105 of the United States Code, this file is not subject to copyright protection and is in the public domain.</dc:rights>
<dc:contributor>Congressional Research Service, Library of Congress</dc:contributor>
<dc:description>This file contains bill summaries for federal legislation. A bill summary describes the most significant provisions of a piece of legislation and details the effects the legislative text may have on current law and federal programs. Bill summaries are authored by the Congressional Research Service (CRS) of the Library of Congress. As stated in Public Law 91-510 (2 USC 166 (d)(6)), one of the duties of CRS is "to prepare summaries and digests of bills and resolutions of a public general nature introduced in the Senate or House of Representatives". For more information, refer to the User Guide that accompanies this file.</dc:description>
</dublinCore>
</BillSummaries>
