<?xml version="1.0" encoding="UTF-8"?>
<BillSummaries>
<item congress="113" measure-type="hr" measure-number="267" measure-id="id113hr267" originChamber="HOUSE" orig-publish-date="2013-01-15" update-date="2013-11-19">
<title>Hydropower Regulatory Efficiency Act of 2013</title>
<summary summary-id="id113hr267v49" currentChamber="BOTH" update-date="2013-11-19">
<action-date>2013-08-09</action-date>
<action-desc>Public Law</action-desc>
<summary-text><![CDATA[<p><b>(This measure has not been amended since it was introduced. The expanded summary of the House passed version is repeated here.)</b></p> <p>Hydropower Regulatory Efficiency Act of 2013 - (Sec. 3) Amends the Public Utility Regulatory Policies Act of 1978 (PURPA) to increase from 5,000 to 10,000 kilowatts the size of small hydroelectric power projects which the Federal Energy Regulatory Commission (FERC) may exempt from its license requirements.</p> <p> (Sec. 4) Amends the Federal Power Act to revise the limitation on the maximum installation capacity of qualifying conduit hydropower facilities that are eligible for an exemption from licensing requirements.</p> <p> Requires any person, state, or municipality proposing to construct a qualifying conduit hydropower facility to file with FERC a notice of intent to do so. Requires FERC, within 15 days after receiving such a notice of intent, to make an initial determination as to whether the facility meets the qualifying criteria.</p> <p>Waives license requirements for any conduit hydroelectric facility that: (1) uses for electric power generation only the hydroelectric potential of a non-federally owned conduit, (2) has a maximum installed capacity of 5 megawatts, and (3) is not currently licensed or exempted from license requirements.</p> <p> Redefines &quot;conduit&quot; to specify any tunnel, canal, pipeline, aqueduct, flume, ditch, or similar manmade water conveyance operated for the distribution of water for agricultural, municipal, or industrial consumption and not primarily for the generation of electricity.</p> <p>Authorizes FERC to: (1) exempt from license requirements any electric power generation facility that utilizes for such generation only the hydroelectric potential of a conduit, and has an installed capacity or 40 megawatts or fewer; and (2) extend the preliminary permit period for up to 2 additional years beyond the 3 years otherwise allowed if it finds that the permittee has implemented activities under the permit in good faith and with reasonable diligence.</p> <p> (Sec. 6) Directs FERC to: (1) investigate the feasibility of issuing a license for hydropower development at nonpowered dams and closed loop pumped storage projects during a two-year period, and (2) hold workshops and develop hydropower pilot projects.</p> <p>(Sec. 7) Directs the Secretary of Energy (DOE) to study: (1) the technical flexibility that existing pumped storage facilities can provide to support intermittent renewable electric energy generation, including the potential for such facilities to be upgraded or retrofitted with advanced commercially available technology; and (2) the technical potential of existing pumped storage facilities and new advanced pumped storage facilities to provide grid reliability benefits.</p>]]></summary-text>
</summary>
<summary summary-id="id113hr267v82" currentChamber="SENATE" update-date="2013-11-19">
<action-date>2013-08-01</action-date>
<action-desc>Passed Senate without amendment</action-desc>
<summary-text><![CDATA[<p><b>(This measure has not been amended since it was introduced. The expanded summary of the House passed version is repeated here.)</b></p> <p>Hydropower Regulatory Efficiency Act of 2013 - (Sec. 3) Amends the Public Utility Regulatory Policies Act of 1978 (PURPA) to increase from 5,000 to 10,000 kilowatts the size of small hydroelectric power projects which the Federal Energy Regulatory Commission (FERC) may exempt from its license requirements.</p> <p> (Sec. 4) Amends the Federal Power Act to revise the limitation on the maximum installation capacity of qualifying conduit hydropower facilities that are eligible for an exemption from licensing requirements.</p> <p> Requires any person, state, or municipality proposing to construct a qualifying conduit hydropower facility to file with FERC a notice of intent to do so. Requires FERC, within 15 days after receiving such a notice of intent, to make an initial determination as to whether the facility meets the qualifying criteria.</p> <p>Waives license requirements for any conduit hydroelectric facility that: (1) uses for electric power generation only the hydroelectric potential of a non-federally owned conduit, (2) has a maximum installed capacity of 5 megawatts, and (3) is not currently licensed or exempted from license requirements.</p> <p> Redefines &quot;conduit&quot; to specify any tunnel, canal, pipeline, aqueduct, flume, ditch, or similar manmade water conveyance operated for the distribution of water for agricultural, municipal, or industrial consumption and not primarily for the generation of electricity.</p> <p>Authorizes FERC to: (1) exempt from license requirements any electric power generation facility that utilizes for such generation only the hydroelectric potential of a conduit, and has an installed capacity or 40 megawatts or fewer; and (2) extend the preliminary permit period for up to 2 additional years beyond the 3 years otherwise allowed if it finds that the permittee has implemented activities under the permit in good faith and with reasonable diligence.</p> <p> (Sec. 6) Directs FERC to: (1) investigate the feasibility of issuing a license for hydropower development at nonpowered dams and closed loop pumped storage projects during a two-year period, and (2) hold workshops and develop hydropower pilot projects.</p> <p>(Sec. 7) Directs the Secretary of Energy (DOE) to study: (1) the technical flexibility that existing pumped storage facilities can provide to support intermittent renewable electric energy generation, including the potential for such facilities to be upgraded or retrofitted with advanced commercially available technology; and (2) the technical potential of existing pumped storage facilities and new advanced pumped storage facilities to provide grid reliability benefits.</p>]]></summary-text>
</summary>
<summary summary-id="id113hr267v80" currentChamber="SENATE" update-date="2013-05-14">
<action-date>2013-05-13</action-date>
<action-desc>Reported to Senate without amendment</action-desc>
<summary-text><![CDATA[<p><b>(This measure has not been amended since it was introduced. The expanded summary of the House passed version is repeated here.)</b></p> <p>Hydropower Regulatory Efficiency Act of 2013 - (Sec. 3) Amends the Public Utility Regulatory Policies Act of 1978 (PURPA) to increase from 5,000 to 10,000 kilowatts the size of small hydroelectric power projects which the Federal Energy Regulatory Commission (FERC) may exempt from its license requirements.</p> <p> (Sec. 4) Amends the Federal Power Act to revise the limitation on the maximum installation capacity of qualifying conduit hydropower facilities that are eligible for an exemption from licensing requirements.</p> <p> Requires any person, state, or municipality proposing to construct a qualifying conduit hydropower facility to file with FERC a notice of intent to do so. Requires FERC, within 15 days after receiving such a notice of intent, to make an initial determination as to whether the facility meets the qualifying criteria.</p> <p>Waives license requirements for any conduit hydroelectric facility that: (1) uses for electric power generation only the hydroelectric potential of a non-federally owned conduit, (2) has a maximum installed capacity of 5 megawatts, and (3) is not currently licensed or exempted from license requirements.</p> <p> Redefines &quot;conduit&quot; to specify any tunnel, canal, pipeline, aqueduct, flume, ditch, or similar manmade water conveyance operated for the distribution of water for agricultural, municipal, or industrial consumption and not primarily for the generation of electricity.</p> <p>Authorizes FERC to: (1) exempt from license requirements any electric power generation facility that utilizes for such generation only the hydroelectric potential of a conduit, and has an installed capacity or 40 megawatts or fewer; and (2) extend the preliminary permit period for up to 2 additional years beyond the 3 years otherwise allowed if it finds that the permittee has implemented activities under the permit in good faith and with reasonable diligence.</p> <p> (Sec. 6) Directs FERC to: (1) investigate the feasibility of issuing a license for hydropower development at nonpowered dams and closed loop pumped storage projects during a two-year period, and (2) hold workshops and develop hydropower pilot projects.</p> <p>(Sec. 7) Directs the Secretary of Energy (DOE) to study: (1) the technical flexibility that existing pumped storage facilities can provide to support intermittent renewable electric energy generation, including the potential for such facilities to be upgraded or retrofitted with advanced commercially available technology; and (2) the technical potential of existing pumped storage facilities and new advanced pumped storage facilities to provide grid reliability benefits.</p>]]></summary-text>
</summary>
<summary summary-id="id113hr267v81" currentChamber="HOUSE" update-date="2013-02-25">
<action-date>2013-02-13</action-date>
<action-desc>Passed House without amendment</action-desc>
<summary-text><![CDATA[<p><b>(This measure has not been amended since it was introduced. The expanded summary of the House reported version is repeated here.)</b></p> <p>Hydropower Regulatory Efficiency Act of 2013 - (Sec. 3) Amends the Public Utility Regulatory Policies Act of 1978 (PURPA) to increase from 5,000 to 10,000 kilowatts the size of small hydroelectric power projects which the Federal Energy Regulatory Commission (FERC) may exempt from its license requirements.</p> <p> (Sec. 4) Amends the Federal Power Act to revise the limitation on the maximum installation capacity of qualifying conduit hydropower facilities that are eligible for an exemption from licensing requirements.</p> <p> Requires any person, state, or municipality proposing to construct a qualifying conduit hydropower facility to file with FERC a notice of intent to do so. Requires FERC, within 15 days after receiving such a notice of intent, to make an initial determination as to whether the facility meets the qualifying criteria.</p> <p>Waives license requirements for any conduit hydroelectric facility that: (1) uses for electric power generation only the hydroelectric potential of a non-federally owned conduit, (2) has a maximum installed capacity of 5 megawatts, and (3) is not currently licensed or exempted from license requirements.</p> <p> Redefines &quot;conduit&quot; to specify any tunnel, canal, pipeline, aqueduct, flume, ditch, or similar manmade water conveyance operated for the distribution of water for agricultural, municipal, or industrial consumption and not primarily for the generation of electricity.</p> <p>Authorizes FERC to: (1) exempt from license requirements any electric power generation facility that utilizes for such generation only the hydroelectric potential of a conduit, and has an installed capacity or 40 megawatts or fewer; and (2) extend the preliminary permit period for up to 2 additional years beyond the 3 years otherwise allowed if it finds that the permittee has implemented activities under the permit in good faith and with reasonable diligence.</p> <p> (Sec. 6) Directs FERC to: (1) investigate the feasibility of issuing a license for hydropower development at nonpowered dams and closed loop pumped storage projects during a two-year period, and (2) hold workshops and develop hydropower pilot projects.</p> <p>(Sec. 7) Directs the Secretary of Energy (DOE) to study: (1) the technical flexibility that existing pumped storage facilities can provide to support intermittent renewable electric energy generation, including the potential for such facilities to be upgraded or retrofitted with advanced commercially available technology; and (2) the technical potential of existing pumped storage facilities and new advanced pumped storage facilities to provide grid reliability benefits.</p>]]></summary-text>
</summary>
<summary summary-id="id113hr267v79" currentChamber="HOUSE" update-date="2013-02-08">
<action-date>2013-02-04</action-date>
<action-desc>Reported to House without amendment</action-desc>
<summary-text><![CDATA[<p><b>(This measure has not been amended since it was introduced. The summary has been expanded because action occurred on the measure.)</b></p> <p>Hydropower Regulatory Efficiency Act of 2013 - (Sec. 3) Amends the Public Utility Regulatory Policies Act of 1978 (PURPA) to increase from 5,000 to 10,000 kilowatts the size of small hydroelectric power projects which the Federal Energy Regulatory Commission (FERC) may exempt from its license requirements.</p> <p> (Sec. 4) Amends the Federal Power Act to revise the limitation on the maximum installation capacity of qualifying conduit hydropower facilities that are eligible for an exemption from licensing requirements.</p> <p> Requires any person, state, or municipality proposing to construct a qualifying conduit hydropower facility to file with FERC a notice of intent to do so. Requires FERC, within 15 days after receiving such a notice of intent, to make an initial determination as to whether the facility meets the qualifying criteria.</p> <p>Waives license requirements for any conduit hydroelectric facility that: (1) uses for electric power generation only the hydroelectric potential of a non-federally owned conduit, (2) has a maximum installed capacity of 5 megawatts, and (3) is not currently licensed or exempted from license requirements.</p> <p> Redefines &quot;conduit&quot; to specify any tunnel, canal, pipeline, aqueduct, flume, ditch, or similar manmade water conveyance operated for the distribution of water for agricultural, municipal, or industrial consumption and not primarily for the generation of electricity.</p> <p>Authorizes FERC to: (1) exempt from license requirements any electric power generation facility that utilizes for such generation only the hydroelectric potential of a conduit, and has an installed capacity or 40 megawatts or fewer; and (2) extend the preliminary permit period for up to 2 additional years beyond the 3 years otherwise allowed if it finds that the permittee has implemented activities under the permit in good faith and with reasonable diligence.</p> <p> (Sec. 6) Directs FERC to: (1) investigate the feasibility of issuing a license for hydropower development at nonpowered dams and closed loop pumped storage projects during a two-year period, and (2) hold workshops and develop hydropower pilot projects.</p> <p>(Sec. 7) Directs the Secretary of Energy (DOE) to study: (1) the technical flexibility that existing pumped storage facilities can provide to support intermittent renewable electric energy generation, including the potential for such facilities to be upgraded or retrofitted with advanced commercially available technology; and (2) the technical potential of existing pumped storage facilities and new advanced pumped storage facilities to provide grid reliability benefits.</p>]]></summary-text>
</summary>
<summary summary-id="id113hr267v00" currentChamber="HOUSE" update-date="2013-01-31">
<action-date>2013-01-15</action-date>
<action-desc>Introduced in House</action-desc>
<summary-text><![CDATA[<p>Hydropower Regulatory Efficiency Act of 2013 - Amends the Public Utility Regulatory Policies Act of 1978 (PURPA) to increase from 5,000 to 10,000 kilowatts the size of small hydroelectric power projects which the Federal Energy Regulatory Commission (FERC) may exempt from its license requirements.</p> <p> Amends the Federal Power Act to revise the limitation on the maximum installation capacity of qualifying conduit hydropower facilities that are eligible for an exemption from licensing requirements.</p> <p> Requires any person, state, or municipality proposing to construct a qualifying conduit hydropower facility to file with FERC a notice of intent to do so. Requires FERC, within 15 days after receiving such a notice of intent, to make an initial determination as to whether the facility meets the qualifying criteria.</p> <p>Waives license requirements for any conduit hydroelectric facility that: (1) uses for electric power generation only the hydroelectric potential of a non-federally owned conduit, (2) has a maximum installed capacity of 5 megawatts, and (3) is not currently licensed or exempted from license requirements.</p> <p> Redefines &quot;conduit&quot; to specify any tunnel, canal, pipeline, aqueduct, flume, ditch, or similar manmade water conveyance operated for the distribution of water for agricultural, municipal, or industrial consumption and not primarily for the generation of electricity.</p> <p>Authorizes FERC to: (1) exempt from license requirements any electric power generation facility that utilizes for such generation only the hydroelectric potential of a conduit, and has an installed capacity or 40 megawatts or fewer; and (2) extend the preliminary permit period for up to 2 additional years beyond the 3 years otherwise allowed if it finds that the permittee has implemented activities under the permit in good faith and with reasonable diligence.</p> <p> Directs FERC to: (1) investigate the feasibility of issuing a license for hydropower development at nonpowered dams and closed loop pumped storage projects during a two-year period, and (2) hold workshops and develop hydropower pilot projects.</p> <p>Directs the Secretary of Energy (DOE) to study: (1) the technical flexibility that existing pumped storage facilities can provide to support intermittent renewable electric energy generation, including the potential for such facilities to be upgraded or retrofitted with advanced commercially available technology; and (2) the technical potential of existing pumped storage facilities and new advanced pumped storage facilities to provide grid reliability benefits.</p>]]></summary-text>
</summary>
</item>
<dublinCore xmlns:dc="http://purl.org/dc/elements/1.1/">
<dc:format>text/xml</dc:format>
<dc:language>EN</dc:language>
<dc:rights>Pursuant to Title 17 Section 105 of the United States Code, this file is not subject to copyright protection and is in the public domain.</dc:rights>
<dc:contributor>Congressional Research Service, Library of Congress</dc:contributor>
<dc:description>This file contains bill summaries for federal legislation. A bill summary describes the most significant provisions of a piece of legislation and details the effects the legislative text may have on current law and federal programs. Bill summaries are authored by the Congressional Research Service (CRS) of the Library of Congress. As stated in Public Law 91-510 (2 USC 166 (d)(6)), one of the duties of CRS is "to prepare summaries and digests of bills and resolutions of a public general nature introduced in the Senate or House of Representatives". For more information, refer to the User Guide that accompanies this file.</dc:description>
</dublinCore>
</BillSummaries>
