<?xml version="1.0" encoding="UTF-8"?>
<BillSummaries>
<item congress="113" measure-type="hr" measure-number="949" measure-id="id113hr949" originChamber="HOUSE" orig-publish-date="2013-03-05" update-date="2013-03-28">
<title>Invest in American Jobs Act of 2013</title>
<summary summary-id="id113hr949v00" currentChamber="HOUSE" update-date="2013-03-28">
<action-date>2013-03-05</action-date>
<action-desc>Introduced in House</action-desc>
<summary-text><![CDATA[<p>Invest in American Jobs Act of 2013 - Revises Buy American requirements with respect to federal-aid highways, capital investment grants to support intercity passenger rail service (rail grants), and Amtrak, particularly the handling of waiver requests.</p> <p>Revises similar Buy American requirements with respect to public transportation, particularly rolling stock. Requires the cost of rolling stock components and subcomponents produced in the United States to increase from 60% in FY2013 by 10% annual increments up to 100% for FY2017 and ensuing fiscal years. Revises waiver requirements as well to mirror those for federal-aid highways.</p> <p>Applies the rail grant Buy American requirements under this Act to recipients of rail loans and loan guarantees with respect to railroad rehabilitation and improvement.</p> <p>Prescribes Buy American requirements for procurement of a facility or equipment under federal aviation programs similar to those for rolling stock.</p> <p>Requires the Secretary of Transportation (DOT) to report annually to Congress on: (1) each project for which a waiver of Buy American requirements was issued; and (2) the country of origin and product specifications for steel, iron, or manufactured goods acquired pursuant to each waiver.</p> <p>Amends the Federal Water Pollution Control Act to prescribe Buy American requirements for steel, iron, and manufactured goods used in the construction of a publicly owned wastewater treatment works.</p> <p>Adds similar Buy American requirements to the Public Works and Economic Development Act of 1965, with respect to economic development programs, and to the Robert T. Stafford Disaster Relief and Emergency Assistance Act, with respect to the Federal Emergency Management Agency (FEMA) Hazard Mitigation Grant Program.</p> <p>Amends the Truman-Hobbs Act to prescribe Buy American requirements for steel, iron, and manufactured goods used in the alteration of a bridge over U.S. navigable waters. </p> <p>Declares that only a vessel owned by a U.S. citizen for which a certificate of documentation with a registry endorsement is issued may engage in support of exploration, development, or production of resources in, on, above, or below the exclusive economic zone (EEZ), or any other activity in the EEZ, to the extent that the regulation of such activity is not prohibited under customary international law. Exempts from this requirement any activities requiring either a coastwise endorsement or a fishery endorsement. <p>Subjects to U.S. shipping law any vessels operating in the EEZ, to the extent that the regulation of such operation is not prohibited under customary international law. <p>Directs the Secretary of the department in which the Coast Guard is operating to establish a program to provide Coast Guard personnel with the training necessary for implementation of U.S. shipping law in the EEZ. </p>]]></summary-text>
</summary>
</item>
<dublinCore xmlns:dc="http://purl.org/dc/elements/1.1/">
<dc:format>text/xml</dc:format>
<dc:language>EN</dc:language>
<dc:rights>Pursuant to Title 17 Section 105 of the United States Code, this file is not subject to copyright protection and is in the public domain.</dc:rights>
<dc:contributor>Congressional Research Service, Library of Congress</dc:contributor>
<dc:description>This file contains bill summaries for federal legislation. A bill summary describes the most significant provisions of a piece of legislation and details the effects the legislative text may have on current law and federal programs. Bill summaries are authored by the Congressional Research Service (CRS) of the Library of Congress. As stated in Public Law 91-510 (2 USC 166 (d)(6)), one of the duties of CRS is "to prepare summaries and digests of bills and resolutions of a public general nature introduced in the Senate or House of Representatives". For more information, refer to the User Guide that accompanies this file.</dc:description>
</dublinCore>
</BillSummaries>
