<?xml version="1.0" encoding="UTF-8"?>
<BillSummaries>
<item congress="113" measure-type="hr" measure-number="360" measure-id="id113hr360" originChamber="HOUSE" orig-publish-date="2013-01-23" update-date="2013-06-12">
<title>To award posthumously a Congressional Gold Medal to Addie Mae Collins, Denise McNair, Carole Robertson, and Cynthia Wesley to commemorate the lives they lost 50 years ago in the bombing of the Sixteenth Street Baptist Church, where these 4 little Black girls' ultimate sacrifice served as a catalyst for the Civil Rights Movement.</title>
<summary summary-id="id113hr360v49" currentChamber="BOTH" update-date="2013-06-12">
<action-date>2013-05-24</action-date>
<action-desc>Public Law</action-desc>
<summary-text><![CDATA[<p><b>(This measure has not been amended since it was passed by the House on April 24, 2013. The summary of that version is repeated here.)</b> </p> <p>Directs the Speaker of the House of Representatives and the President pro tempore of the Senate to arrange for the presentation of a congressional gold medal to commemorate the lives of Addie Mae Collins, Denise McNair, Carole Robertson, and Cynthia Wesley (children who lost their lives in the September 1963 bombing of the Sixteenth Street Baptist Church in Birmingham, Alabama, an incident recognized as a catalyst for the civil rights movement). </p> <p>Requires such medal to be given to the Birmingham Civil Rights Institute in Birmingham, AL, where it shall be available for display or temporary loan to other appropriate places. </p> <p>Authorizes the Secretary of the Treasury to strike and sell bronze duplicates of such medal, with amounts received from the sale to be deposited in the U.S. Mint Public Enterprise Fund. </p>]]></summary-text>
</summary>
<summary summary-id="id113hr360v82" currentChamber="SENATE" update-date="2013-05-13">
<action-date>2013-05-09</action-date>
<action-desc>Passed Senate without amendment</action-desc>
<summary-text><![CDATA[<p><b>(This measure has not been amended since it was passed by the House on April 24, 2013. The summary of that version is repeated here.)</b> </p> <p>Directs the Speaker of the House of Representatives and the President pro tempore of the Senate to arrange for the presentation of a congressional gold medal to commemorate the lives of Addie Mae Collins, Denise McNair, Carole Robertson, and Cynthia Wesley (children who lost their lives in the September 1963 bombing of the Sixteenth Street Baptist Church in Birmingham, Alabama, an incident recognized as a catalyst for the civil rights movement). </p> <p> Requires such medal to be given to the Birmingham Civil Rights Institute in Birmingham, AL, where it shall be available for display or temporary loan to other appropriate places. </p> <p>Authorizes the Secretary of the Treasury to strike and sell bronze duplicates of such medal, with amounts received from the sale to be deposited in the U.S. Mint Public Enterprise Fund. </p>]]></summary-text>
</summary>
<summary summary-id="id113hr360v36" currentChamber="HOUSE" update-date="2013-05-02">
<action-date>2013-04-24</action-date>
<action-desc>Passed House amended</action-desc>
<summary-text><![CDATA[<p>Directs the Speaker of the House of Representatives and the President pro tempore of the Senate to arrange for the presentation of a congressional gold medal to commemorate the lives of Addie Mae Collins, Denise McNair, Carole Robertson, and Cynthia Wesley (children who lost their lives in the September 1963 bombing of the Sixteenth Street Baptist Church in Birmingham, Alabama, an incident recognized as a catalyst for the civil rights movement). </p> <p> Requires such medal to be given to the Birmingham Civil Rights Institute in Birmingham, AL, where it shall be available for display or temporary loan to other appropriate places. </p> <p>Authorizes the Secretary of the Treasury to strike and sell bronze duplicates of such medal, with amounts received from the sale to be deposited in the U.S. Mint Public Enterprise Fund. </p>]]></summary-text>
</summary>
<summary summary-id="id113hr360v00" currentChamber="HOUSE" update-date="2013-02-21">
<action-date>2013-01-23</action-date>
<action-desc>Introduced in House</action-desc>
<summary-text><![CDATA[<p>Directs the Speaker of the House of Representatives and the President pro tempore of the Senate to arrange for the presentation of a congressional gold medal to commemorate the lives of Addie Mae Collins, Denise McNair, Carole Robertson, and Cynthia Wesley (children who lost their lives in the September 1963 bombing of the Sixteenth Street Baptist Church in Birmingham, Alabama, an incident recognized as a catalyst for the civil rights movement). </p> <p>Authorizes the Secretary of the Treasury to strike and sell bronze duplicates of such medals, with amounts received from the sale to be deposited in the U.S. Mint Public Enterprise Fund. </p>]]></summary-text>
</summary>
</item>
<dublinCore xmlns:dc="http://purl.org/dc/elements/1.1/">
<dc:format>text/xml</dc:format>
<dc:language>EN</dc:language>
<dc:rights>Pursuant to Title 17 Section 105 of the United States Code, this file is not subject to copyright protection and is in the public domain.</dc:rights>
<dc:contributor>Congressional Research Service, Library of Congress</dc:contributor>
<dc:description>This file contains bill summaries for federal legislation. A bill summary describes the most significant provisions of a piece of legislation and details the effects the legislative text may have on current law and federal programs. Bill summaries are authored by the Congressional Research Service (CRS) of the Library of Congress. As stated in Public Law 91-510 (2 USC 166 (d)(6)), one of the duties of CRS is "to prepare summaries and digests of bills and resolutions of a public general nature introduced in the Senate or House of Representatives". For more information, refer to the User Guide that accompanies this file.</dc:description>
</dublinCore>
</BillSummaries>
