<?xml version="1.0" encoding="UTF-8"?>
<BillSummaries>
<item congress="113" measure-type="hr" measure-number="194" measure-id="id113hr194" originChamber="HOUSE" orig-publish-date="2013-01-04" update-date="2013-02-13">
<title>Congressional Made in America Promise Act of 2013</title>
<summary summary-id="id113hr194v00" currentChamber="HOUSE" update-date="2013-02-13">
<action-date>2013-01-04</action-date>
<action-desc>Introduced in House</action-desc>
<summary-text><![CDATA[<p>Congressional Made in America Promise Act of 2013 - Amends the Buy American Act to apply Buy American requirements to articles, materials, and supplies acquired for the use of any legislative branch office, including the House of Representatives and the Senate, in the same manner as the Act applies with respect to articles, materials, and supplies acquired for the use of a department or independent establishment.</p> <p>Prescribes a special rule in the case of any product which bears an official congressional insignia (including a mark resembling an official seal) that is acquired for the use of a legislative branch office. Prohibits the head of such office from making a determination under the Act that it is inconsistent with the public interest to enter into a contract in accordance with the Act.</p> <p>Makes inapplicable to products with an official congressional insignia the exceptions to the Buy American rule for: (1) articles, materials, or supplies not mined, produced, or manufactured in the United States in sufficient and reasonably available commercial quantities and of satisfactory quality; or (2) manufactured articles, materials, or supplies procured under any contract the award value of which is less than or equal to the micro-purchase threshold. (Thus applies the Buy American rule to any legislative branch office purchase of products with an official congressional insignia, without exception.)</p>]]></summary-text>
</summary>
</item>
<dublinCore xmlns:dc="http://purl.org/dc/elements/1.1/">
<dc:format>text/xml</dc:format>
<dc:language>EN</dc:language>
<dc:rights>Pursuant to Title 17 Section 105 of the United States Code, this file is not subject to copyright protection and is in the public domain.</dc:rights>
<dc:contributor>Congressional Research Service, Library of Congress</dc:contributor>
<dc:description>This file contains bill summaries for federal legislation. A bill summary describes the most significant provisions of a piece of legislation and details the effects the legislative text may have on current law and federal programs. Bill summaries are authored by the Congressional Research Service (CRS) of the Library of Congress. As stated in Public Law 91-510 (2 USC 166 (d)(6)), one of the duties of CRS is "to prepare summaries and digests of bills and resolutions of a public general nature introduced in the Senate or House of Representatives". For more information, refer to the User Guide that accompanies this file.</dc:description>
</dublinCore>
</BillSummaries>
