<?xml version="1.0" encoding="UTF-8"?>
<BillSummaries>
<item congress="113" measure-type="hr" measure-number="880" measure-id="id113hr880" originChamber="HOUSE" orig-publish-date="2013-02-28" update-date="2013-04-01">
<title>Wall Street Trading and Speculators Tax Act</title>
<summary summary-id="id113hr880v00" currentChamber="HOUSE" update-date="2013-04-01">
<action-date>2013-02-28</action-date>
<action-desc>Introduced in House</action-desc>
<summary-text><![CDATA[<p>Wall Street Trading and Speculators Tax Act - Amends the Internal Revenue Code to impose a .03% excise tax on the purchase of a security if: (1) such purchase occurs or is cleared on a trading facility located in the United States, or (2) the purchaser or seller is a U.S. person. </p> <p>Defines "security" to include: (1) stocks, partnership interests, notes, bonds, debentures, or other evidences of indebtedness; (2) interests in a derivative financial instrument (i.e., any option, forward contract, futures contract, or any similar financial instrument) and (3) any notional principal contract. </p> <p>Exempts from such tax: (1) initial issues of securities; (2) any note, bond, debenture, or other evidence of indebtedness which is traded on a trading facility located in the United States and has a fixed maturity of not more than 100 days; and (3) securities traded pursuant to certain lending arrangements. Makes such tax applicable to transactions by controlled foreign corporations and payable by its U.S. shareholders. </p> <p>Allows an offset against such tax for contributions to certain tax-favored accounts, including tax-exempt retirement plans, Archer medical savings accounts, health savings accounts, and qualified tuition plans and Coverdell education savings accounts.</p>]]></summary-text>
</summary>
</item>
<dublinCore xmlns:dc="http://purl.org/dc/elements/1.1/">
<dc:format>text/xml</dc:format>
<dc:language>EN</dc:language>
<dc:rights>Pursuant to Title 17 Section 105 of the United States Code, this file is not subject to copyright protection and is in the public domain.</dc:rights>
<dc:contributor>Congressional Research Service, Library of Congress</dc:contributor>
<dc:description>This file contains bill summaries for federal legislation. A bill summary describes the most significant provisions of a piece of legislation and details the effects the legislative text may have on current law and federal programs. Bill summaries are authored by the Congressional Research Service (CRS) of the Library of Congress. As stated in Public Law 91-510 (2 USC 166 (d)(6)), one of the duties of CRS is "to prepare summaries and digests of bills and resolutions of a public general nature introduced in the Senate or House of Representatives". For more information, refer to the User Guide that accompanies this file.</dc:description>
</dublinCore>
</BillSummaries>
