<?xml version="1.0" encoding="UTF-8"?>
<BillSummaries>
<item congress="113" measure-type="hr" measure-number="847" measure-id="id113hr847" originChamber="HOUSE" orig-publish-date="2013-02-27" update-date="2013-03-09">
<title>Puppy Uniform Protection and Safety Act</title>
<summary summary-id="id113hr847v00" currentChamber="HOUSE" update-date="2013-03-09">
<action-date>2013-02-27</action-date>
<action-desc>Introduced in House</action-desc>
<summary-text><![CDATA[<p>Puppy Uniform Protection and Safety Act - Amends the Animal Welfare Act to define a &quot;high volume retail breeder&quot; as a person who, in commerce, for compensation or profit: (1) has an ownership interest in or custody of one or more breeding female dogs; and (2) sells, via any means of conveyance, more than 50 of the offspring of such dogs for use as pets in any one-year period. Considers such a breeder of dogs to be a dealer. </p> <p>Requires dealers to include on licensing applications and annual renewals the total number of dogs exempted from exercise on the premises of the dealer in the preceding year by a licensed veterinarian.</p> <p>Requires the Secretary of Agriculture (USDA) to promulgate requirements for the exercise of dogs at facilities owned or operated by a dealer, including requiring daily access to exercise that: (1) allows the dogs to move sufficiently in a way that is not forced, repetitive, or restrictive; and (2) is in an area that is spacious, cleaned at least once a day, free of infestation by pests or vermin, and designed to prevent the dogs from escaping. Allows an exemption if: (1) a licensed veterinarian determines that a dog should not exercise because of the health, condition, or well-being of the dog; and (2) such determination is reviewed and updated at least once every 30 days by the veterinarian, unless the basis for the determination is a permanent condition. Subjects such a determination to review and approval by the Secretary.<br> </p>]]></summary-text>
</summary>
</item>
<dublinCore xmlns:dc="http://purl.org/dc/elements/1.1/">
<dc:format>text/xml</dc:format>
<dc:language>EN</dc:language>
<dc:rights>Pursuant to Title 17 Section 105 of the United States Code, this file is not subject to copyright protection and is in the public domain.</dc:rights>
<dc:contributor>Congressional Research Service, Library of Congress</dc:contributor>
<dc:description>This file contains bill summaries for federal legislation. A bill summary describes the most significant provisions of a piece of legislation and details the effects the legislative text may have on current law and federal programs. Bill summaries are authored by the Congressional Research Service (CRS) of the Library of Congress. As stated in Public Law 91-510 (2 USC 166 (d)(6)), one of the duties of CRS is "to prepare summaries and digests of bills and resolutions of a public general nature introduced in the Senate or House of Representatives". For more information, refer to the User Guide that accompanies this file.</dc:description>
</dublinCore>
</BillSummaries>
