<?xml version="1.0" encoding="UTF-8"?>
<BillSummaries>
<item congress="113" measure-type="hr" measure-number="37" measure-id="id113hr37" originChamber="HOUSE" orig-publish-date="2013-01-03" update-date="2013-03-01">
<title>Business and Government Operations Improvement Act</title>
<summary summary-id="id113hr37v00" currentChamber="HOUSE" update-date="2013-03-01">
<action-date>2013-01-03</action-date>
<action-desc>Introduced in House</action-desc>
<summary-text><![CDATA[<p>Business and Government Operations Improvement Act - Amends the Internal Revenue Code and the Patient Protection and Affordable Care Act to repeal the employer and individual health insurance mandates and the Independent Payment Advisory Board. </p> <p>Grants authority to the Office of Management and Budget (OMB) to consolidate federal agencies to eliminate waste and duplication in government programs. </p> <p>Prohibits any federal department or agency from entering into a contract with, awarding a grant to, or guaranteeing a loan for a private entity in excess of $100 million for a fiscal year without congressional approval.</p> <p>Amends the Clean Air Act to prohibit the Administrator of the Environmental Protection Agency (EPA) from awarding any grant, contract, cooperative agreement, or other financial assistance for any program, project, or activity for the prevention and control of air pollution to occur outside the United States and its territories and possessions. </p> <p>Requires the Director of OMB to determine the amount obligated by each executive agency to purchase and lease civilian vehicles in FY2010. . Prohibits such agency from obligating more than 80% of such amount for the purchase or lease of civilian vehicles in each of FY2013-FY2017. </p> <p>Reduces the rate of basic pay for each Member of Congress by 5%, rounded to the nearest multiple of $100, in lieu of any adjustment which might otherwise take effect in pay periods beginning after the regularly scheduled general election for federal office in November 2014.</p>]]></summary-text>
</summary>
</item>
<dublinCore xmlns:dc="http://purl.org/dc/elements/1.1/">
<dc:format>text/xml</dc:format>
<dc:language>EN</dc:language>
<dc:rights>Pursuant to Title 17 Section 105 of the United States Code, this file is not subject to copyright protection and is in the public domain.</dc:rights>
<dc:contributor>Congressional Research Service, Library of Congress</dc:contributor>
<dc:description>This file contains bill summaries for federal legislation. A bill summary describes the most significant provisions of a piece of legislation and details the effects the legislative text may have on current law and federal programs. Bill summaries are authored by the Congressional Research Service (CRS) of the Library of Congress. As stated in Public Law 91-510 (2 USC 166 (d)(6)), one of the duties of CRS is "to prepare summaries and digests of bills and resolutions of a public general nature introduced in the Senate or House of Representatives". For more information, refer to the User Guide that accompanies this file.</dc:description>
</dublinCore>
</BillSummaries>
