<?xml version="1.0" encoding="UTF-8"?>
<BillSummaries>
<item congress="113" measure-type="hr" measure-number="496" measure-id="id113hr496" originChamber="HOUSE" orig-publish-date="2013-02-05" update-date="2013-02-20">
<title>To require amounts remaining in Members' representational allowances at the end of a fiscal year to be used for deficit reduction or to reduce the Federal debt, and for other purposes.</title>
<summary summary-id="id113hr496v00" currentChamber="HOUSE" update-date="2013-02-20">
<action-date>2013-02-05</action-date>
<action-desc>Introduced in House</action-desc>
<summary-text><![CDATA[<p>Requires any amounts remaining of House Members' Representational Allowances after all payments are made for the year to be deposited in the Treasury and used for deficit reduction or, in fiscal years for which there is no federal budget deficit, to reduce the federal debt.</p> <p>Requires publication in the Congressional Record, after each session of Congress or other period for which the Members' Representational Allowance is made available, of a statement showing, for such session or period, the amount deposited for each such Member and the total deposited for all Members.<br> </p>]]></summary-text>
</summary>
</item>
<dublinCore xmlns:dc="http://purl.org/dc/elements/1.1/">
<dc:format>text/xml</dc:format>
<dc:language>EN</dc:language>
<dc:rights>Pursuant to Title 17 Section 105 of the United States Code, this file is not subject to copyright protection and is in the public domain.</dc:rights>
<dc:contributor>Congressional Research Service, Library of Congress</dc:contributor>
<dc:description>This file contains bill summaries for federal legislation. A bill summary describes the most significant provisions of a piece of legislation and details the effects the legislative text may have on current law and federal programs. Bill summaries are authored by the Congressional Research Service (CRS) of the Library of Congress. As stated in Public Law 91-510 (2 USC 166 (d)(6)), one of the duties of CRS is "to prepare summaries and digests of bills and resolutions of a public general nature introduced in the Senate or House of Representatives". For more information, refer to the User Guide that accompanies this file.</dc:description>
</dublinCore>
</BillSummaries>
