<?xml version="1.0" encoding="UTF-8"?>
<BillSummaries>
<item congress="113" measure-type="hr" measure-number="230" measure-id="id113hr230" originChamber="HOUSE" orig-publish-date="2013-01-14" update-date="2013-01-17">
<title>Johnson Space Center Workforce of 2013</title>
<summary summary-id="id113hr230v00" currentChamber="HOUSE" update-date="2013-01-17">
<action-date>2013-01-14</action-date>
<action-desc>Introduced in House</action-desc>
<summary-text><![CDATA[<p>Johnson Space Center Workforce Act of 2013 - Directs the Secretary of Labor to create a two-year job training program (including a one-stop career center) to assist the transition to new jobs of workers and employees of contractors in the Johnson Space Center region whose job stability is impacted by programmatic changes to the National Aeronautics and Space Administration (NASA) space exploration program.</p> <p>Directs the Secretary of Commerce, acting through the Economic Development Administration (EDA) of the Department of Commerce, to enter into cooperative agreements with eligible recipients in the Johnson Space Center region for activities to help stabilize the workforce and to promote economic growth.</p>]]></summary-text>
</summary>
</item>
<dublinCore xmlns:dc="http://purl.org/dc/elements/1.1/">
<dc:format>text/xml</dc:format>
<dc:language>EN</dc:language>
<dc:rights>Pursuant to Title 17 Section 105 of the United States Code, this file is not subject to copyright protection and is in the public domain.</dc:rights>
<dc:contributor>Congressional Research Service, Library of Congress</dc:contributor>
<dc:description>This file contains bill summaries for federal legislation. A bill summary describes the most significant provisions of a piece of legislation and details the effects the legislative text may have on current law and federal programs. Bill summaries are authored by the Congressional Research Service (CRS) of the Library of Congress. As stated in Public Law 91-510 (2 USC 166 (d)(6)), one of the duties of CRS is "to prepare summaries and digests of bills and resolutions of a public general nature introduced in the Senate or House of Representatives". For more information, refer to the User Guide that accompanies this file.</dc:description>
</dublinCore>
</BillSummaries>
