<?xml version="1.0" encoding="UTF-8"?>
<BillSummaries>
<item congress="113" measure-type="hr" measure-number="335" measure-id="id113hr335" originChamber="HOUSE" orig-publish-date="2013-01-22" update-date="2013-01-28">
<title>RAMP Act</title>
<summary summary-id="id113hr335v00" currentChamber="HOUSE" update-date="2013-01-28">
<action-date>2013-01-22</action-date>
<action-desc>Introduced in House</action-desc>
<summary-text><![CDATA[<p> Realize America's Maritime Promise Act or RAMP Act - Requires the total budget resources for expenditures from the Harbor Maintenance Trust Fund for harbor maintenance programs to equal the level of receipts plus interest credited to such Fund for that fiscal year. Limits the use of such resources to such programs only.</p> <p>Declares that it shall be out of order in the House of Representatives or the Senate to consider any bill, joint resolution, amendment, motion, or conference report that would cause total budget resources for the Fund in a fiscal year for harbor maintenance programs to be less than the level of receipts plus interest credited to the Fund for that fiscal year.</p>]]></summary-text>
</summary>
</item>
<dublinCore xmlns:dc="http://purl.org/dc/elements/1.1/">
<dc:format>text/xml</dc:format>
<dc:language>EN</dc:language>
<dc:rights>Pursuant to Title 17 Section 105 of the United States Code, this file is not subject to copyright protection and is in the public domain.</dc:rights>
<dc:contributor>Congressional Research Service, Library of Congress</dc:contributor>
<dc:description>This file contains bill summaries for federal legislation. A bill summary describes the most significant provisions of a piece of legislation and details the effects the legislative text may have on current law and federal programs. Bill summaries are authored by the Congressional Research Service (CRS) of the Library of Congress. As stated in Public Law 91-510 (2 USC 166 (d)(6)), one of the duties of CRS is "to prepare summaries and digests of bills and resolutions of a public general nature introduced in the Senate or House of Representatives". For more information, refer to the User Guide that accompanies this file.</dc:description>
</dublinCore>
</BillSummaries>
