<?xml version="1.0" encoding="UTF-8"?>
<BillSummaries>
<item congress="113" measure-type="hr" measure-number="551" measure-id="id113hr551" originChamber="HOUSE" orig-publish-date="2013-02-06" update-date="2013-02-19">
<title>Fast Track to College Act of 2013</title>
<summary summary-id="id113hr551v00" currentChamber="HOUSE" update-date="2013-02-19">
<action-date>2013-02-06</action-date>
<action-desc>Introduced in House</action-desc>
<summary-text><![CDATA[<p>Fast Track to College Act of 2013 - Authorizes the Secretary of Education to award matching six-year grants to local educational agencies (LEAs) that partner with institutions of higher education (IHEs) to establish or support dual enrollment programs, such as early college high schools, that allow secondary school students to earn credit simultaneously toward a secondary school diploma and a postsecondary degree or certificate.</p> <p>Gives grant priority to applicants: (1) that propose to establish or support a dual enrollment program for a student body at least 40% of which is impoverished; and (2) from states that provide assistance to dual enrollment programs, such as assistance defraying the costs of higher education.</p> <p>Requires applicants to make assurances that: (1) students will not be required to pay tuition or fees for postsecondary courses, and (2) those courses will be taught by faculty that meet their partner IHE's normal standards.</p> <p>Authorizes the Secretary to award matching five-year grants to states to: (1) plan and implement statewide strategies to make dual enrollment programs more accessible to students who are underrepresented in postsecondary education; (2) provide technical assistance to dual enrollment programs; and (3) engage in outreach, assessment, and teacher training activities designed to strengthen such programs.</p> <p>Directs the Secretary to: (1) contract for an independent evaluation of this Act's programs, and (2) provide technical assistance to LEAs and their partners and disseminate information concerning best practices in dual enrollment programs.</p>]]></summary-text>
</summary>
</item>
<dublinCore xmlns:dc="http://purl.org/dc/elements/1.1/">
<dc:format>text/xml</dc:format>
<dc:language>EN</dc:language>
<dc:rights>Pursuant to Title 17 Section 105 of the United States Code, this file is not subject to copyright protection and is in the public domain.</dc:rights>
<dc:contributor>Congressional Research Service, Library of Congress</dc:contributor>
<dc:description>This file contains bill summaries for federal legislation. A bill summary describes the most significant provisions of a piece of legislation and details the effects the legislative text may have on current law and federal programs. Bill summaries are authored by the Congressional Research Service (CRS) of the Library of Congress. As stated in Public Law 91-510 (2 USC 166 (d)(6)), one of the duties of CRS is "to prepare summaries and digests of bills and resolutions of a public general nature introduced in the Senate or House of Representatives". For more information, refer to the User Guide that accompanies this file.</dc:description>
</dublinCore>
</BillSummaries>
