<?xml version="1.0" encoding="UTF-8"?>
<BillSummaries>
<item congress="113" measure-type="hr" measure-number="486" measure-id="id113hr486" originChamber="HOUSE" orig-publish-date="2013-02-04" update-date="2013-03-04">
<title>Stop Tampering of Prescription Pills Act of 2013</title>
<summary summary-id="id113hr486v00" currentChamber="HOUSE" update-date="2013-03-04">
<action-date>2013-02-04</action-date>
<action-desc>Introduced in House</action-desc>
<summary-text><![CDATA[<p>Stop Tampering of Prescription Pills Act of 2013 - Amends the Federal Food, Drug, and Cosmetic Act to prescribe new drug application requirements for abuse-deterrent drugs: (1) containing as an active moiety (the part of the drug that makes it work the way it does) a controlled substance classified as opium, an opiate, or a derivative; (2) formulated for oral administration; (3) exhibiting physicochemical properties making them significantly more difficult or ineffective in altering the drug's characteristics for purposes of misuse or abuse; and (4) containing one or more additional ingredients intended to deter abuse through potential pharmacological effects.</p> <p>Requires the Secretary to refuse a new drug application for any new (brand name) drug containing opium, an opiate, or a derivative as an active moiety that is not abuse-deterrent if an abuse-deterrent drug containing the same active moiety has been approved and has not been discontinued from marketing. Authorizes the Secretary to approve an application failing to meet such requirements, however, if approval is necessary to prevent or alleviate a drug shortage or otherwise address a significant unmet public health need.</p> <p>Requires an abbreviated new (generic) drug application for an abuse-deterrent drug to include testing information demonstrating that the generic drug resists manipulation or the effect of manipulation to a degree at least comparable to the listed drug. Authorizes the Secretary to deny approval of a generic application if the listed drug is abuse-deterrent and one or more of the generic drug's active moieties differ in any material respect from those of the listed drug.</p> <p>Declares that an approved generic drug shall not be considered bioequivalent to, or as having the same therapeutic effect as, a listed drug if the listed drug becomes abuse-deterrent unless and until the generic drug demonstrates that it resists manipulation or the effect of manipulation to a degree at least comparable to the listed drug.</p> <p>Prescribes requirements governing when a drug which is not abuse-deterrent may have its approval withdrawn or suspended.</p>]]></summary-text>
</summary>
</item>
<dublinCore xmlns:dc="http://purl.org/dc/elements/1.1/">
<dc:format>text/xml</dc:format>
<dc:language>EN</dc:language>
<dc:rights>Pursuant to Title 17 Section 105 of the United States Code, this file is not subject to copyright protection and is in the public domain.</dc:rights>
<dc:contributor>Congressional Research Service, Library of Congress</dc:contributor>
<dc:description>This file contains bill summaries for federal legislation. A bill summary describes the most significant provisions of a piece of legislation and details the effects the legislative text may have on current law and federal programs. Bill summaries are authored by the Congressional Research Service (CRS) of the Library of Congress. As stated in Public Law 91-510 (2 USC 166 (d)(6)), one of the duties of CRS is "to prepare summaries and digests of bills and resolutions of a public general nature introduced in the Senate or House of Representatives". For more information, refer to the User Guide that accompanies this file.</dc:description>
</dublinCore>
</BillSummaries>
