<?xml version="1.0" encoding="UTF-8"?>
<BillSummaries>
<item congress="113" measure-type="hr" measure-number="28" measure-id="id113hr28" originChamber="HOUSE" orig-publish-date="2013-01-03" update-date="2013-02-11">
<title>Working Families' Access to Health Innovations Act of 2013</title>
<summary summary-id="id113hr28v00" currentChamber="HOUSE" update-date="2013-02-11">
<action-date>2013-01-03</action-date>
<action-desc>Introduced in House</action-desc>
<summary-text><![CDATA[<p>Working Families' Access to Health Innovations Act of 2013 - Amends the Small Business Act to authorize the Administrator of the Small Business Administration (SBA) to guarantee up to 90% of a loan made to a health care professional for the acquisition of health information technology for use in such professional's medical practice and for the costs associated with its installation. Provides loan guarantee limits, and authorizes the Administrator to impose a loan guarantee fee.</p> <p>Requires services provided by a small business development center to include: (1) facilitating the training of medical professionals in health information technology systems; and (2) establishing and providing a network of small health information technology companies available to such professionals in low-income and underserved areas for assistance in purchasing, utilizing, and maintaining such technology.</p>]]></summary-text>
</summary>
</item>
<dublinCore xmlns:dc="http://purl.org/dc/elements/1.1/">
<dc:format>text/xml</dc:format>
<dc:language>EN</dc:language>
<dc:rights>Pursuant to Title 17 Section 105 of the United States Code, this file is not subject to copyright protection and is in the public domain.</dc:rights>
<dc:contributor>Congressional Research Service, Library of Congress</dc:contributor>
<dc:description>This file contains bill summaries for federal legislation. A bill summary describes the most significant provisions of a piece of legislation and details the effects the legislative text may have on current law and federal programs. Bill summaries are authored by the Congressional Research Service (CRS) of the Library of Congress. As stated in Public Law 91-510 (2 USC 166 (d)(6)), one of the duties of CRS is "to prepare summaries and digests of bills and resolutions of a public general nature introduced in the Senate or House of Representatives". For more information, refer to the User Guide that accompanies this file.</dc:description>
</dublinCore>
</BillSummaries>
