<?xml version="1.0" encoding="UTF-8"?>
<BillSummaries>
<item congress="113" measure-type="hr" measure-number="827" measure-id="id113hr827" originChamber="HOUSE" orig-publish-date="2013-02-26" update-date="2013-04-04">
<title>Improving SIPC Act of 2013</title>
<summary summary-id="id113hr827v00" currentChamber="HOUSE" update-date="2013-04-04">
<action-date>2013-02-26</action-date>
<action-desc>Introduced in House</action-desc>
<summary-text><![CDATA[<p>Improving Security for Investors and Providing Closure Act of 2013 or Improving SIPC Act of 2013 - Amends the Securities Investor Protection Act of 1970 with respect to any action in a U.S. district court by the Securities and Exchange Commission (SEC) against the Securities Investor Protection Corporation (SIPC) in the event that SIPC refuses to commit funds or otherwise act for the protection of customers of any SIPC member (debtor broker or dealer).</p> <p>Authorizes SIPC, at the time the SEC action initiates such action, to allow all customers of the debtor broker or dealer to elect to receive a one-time payment from the SIPC Fund.</p> <p>Prescribes procedures for such customer election. Limits the amount paid to a customer under such election to the lesser of: (1) the customer's net equity claim against the debtor, and (2) a $500,000 cap on one-time payments.</p> <p>Subrogates SIPC to all rights of the customer receiving a one-time payment against the debtor once the customer recovers an amount equal to the customer's net equity claim against the debtor. </p> <p>Treats a certificate of deposit (CD) purchased by a person through an account with the debtor as cash deposited and held by the debtor in an amount equal to the amount the person paid for the CD, less any amounts paid to such person on the CD.</p> <p>Permits a person prevented from making an election under this Act because SIPC does not identify such person as a customer of the debtor to challenge that determination in federal district court. </p>]]></summary-text>
</summary>
</item>
<dublinCore xmlns:dc="http://purl.org/dc/elements/1.1/">
<dc:format>text/xml</dc:format>
<dc:language>EN</dc:language>
<dc:rights>Pursuant to Title 17 Section 105 of the United States Code, this file is not subject to copyright protection and is in the public domain.</dc:rights>
<dc:contributor>Congressional Research Service, Library of Congress</dc:contributor>
<dc:description>This file contains bill summaries for federal legislation. A bill summary describes the most significant provisions of a piece of legislation and details the effects the legislative text may have on current law and federal programs. Bill summaries are authored by the Congressional Research Service (CRS) of the Library of Congress. As stated in Public Law 91-510 (2 USC 166 (d)(6)), one of the duties of CRS is "to prepare summaries and digests of bills and resolutions of a public general nature introduced in the Senate or House of Representatives". For more information, refer to the User Guide that accompanies this file.</dc:description>
</dublinCore>
</BillSummaries>
