<?xml version="1.0" encoding="UTF-8"?>
<BillSummaries>
<item congress="113" measure-type="hr" measure-number="254" measure-id="id113hr254" originChamber="HOUSE" orig-publish-date="2013-01-15" update-date="2013-07-25">
<title>Bonneville Unit Clean Hydropower Facilitation Act</title>
<summary summary-id="id113hr254v49" currentChamber="BOTH" update-date="2013-07-25">
<action-date>2013-07-18</action-date>
<action-desc>Public Law</action-desc>
<summary-text><![CDATA[<p><b>(This measure has not been amended since it was introduced. The summary of that version is repeated here.)</b></p> <p>Bonneville Unit Clean Hydropower Facilitation Act - Declares that, in order to facilitate hydropower development on the Diamond Fork System (Utah), a certain amount of reimbursable costs allocated to project power in the Power Appendix of the October 2004 Supplement to the 1988 Bonneville Unit Definite Plan Report shall be considered final costs, as well as specified costs in excess of the total maximum repayment obligation, subject to the same terms and conditions.</p> <p>States that: (1) this Act does not obligate the Western Area Power Administration to purchase or market any of the power produced by the Diamond Fork power plant; and (2) none of the costs associated with development of transmission facilities to transmit power from the Diamond Fork power plant shall be assigned to power for the purpose of Colorado River Storage Project ratemaking.</p> <p>Prohibits any hydroelectric power generation or transmission facility on the Diamond Fork System from being financed or refinanced with any obligation: (1) whose interest enjoys federal tax-exempt status; or (2) which enjoys certain federal tax credits. </p> <p>Directs the Secretary of the Interior to report to certain congressional committees if hydropower production on the Diamond Fork System has not commenced 24 months after enactment of this Act, stating the reasons such production has not commenced, and presenting a detailed timeline for future hydropower production.</p> <p>Prohibits the use of Western Area Power Administration borrowing authority under the Hoover Power Plant Act of 1984 to fund any study or construction of transmission facilities developed as a result of this Act.</p>]]></summary-text>
</summary>
<summary summary-id="id113hr254v82" currentChamber="SENATE" update-date="2013-07-25">
<action-date>2013-07-10</action-date>
<action-desc>Passed Senate without amendment</action-desc>
<summary-text><![CDATA[<p><b>(This measure has not been amended since it was introduced. The summary of that version is repeated here.)</b></p> <p>Bonneville Unit Clean Hydropower Facilitation Act - Declares that, in order to facilitate hydropower development on the Diamond Fork System (Utah), a certain amount of reimbursable costs allocated to project power in the Power Appendix of the October 2004 Supplement to the 1988 Bonneville Unit Definite Plan Report shall be considered final costs, as well as specified costs in excess of the total maximum repayment obligation, subject to the same terms and conditions.</p> <p>States that: (1) this Act does not obligate the Western Area Power Administration to purchase or market any of the power produced by the Diamond Fork power plant; and (2) none of the costs associated with development of transmission facilities to transmit power from the Diamond Fork power plant shall be assigned to power for the purpose of Colorado River Storage Project ratemaking.</p> <p>Prohibits any hydroelectric power generation or transmission facility on the Diamond Fork System from being financed or refinanced with any obligation: (1) whose interest enjoys federal tax-exempt status; or (2) which enjoys certain federal tax credits. </p> <p>Directs the Secretary of the Interior to report to certain congressional committees if hydropower production on the Diamond Fork System has not commenced 24 months after enactment of this Act, stating the reasons such production has not commenced, and presenting a detailed timeline for future hydropower production.</p> <p>Prohibits the use of Western Area Power Administration borrowing authority under the Hoover Power Plant Act of 1984 to fund any study or construction of transmission facilities developed as a result of this Act.</p>]]></summary-text>
</summary>
<summary summary-id="id113hr254v81" currentChamber="HOUSE" update-date="2013-07-25">
<action-date>2013-04-09</action-date>
<action-desc>Passed House without amendment</action-desc>
<summary-text><![CDATA[<p><b>(This measure has not been amended since it was introduced. The summary of that version is repeated here.)</b></p> <p>Bonneville Unit Clean Hydropower Facilitation Act - Declares that, in order to facilitate hydropower development on the Diamond Fork System (Utah), a certain amount of reimbursable costs allocated to project power in the Power Appendix of the October 2004 Supplement to the 1988 Bonneville Unit Definite Plan Report shall be considered final costs, as well as specified costs in excess of the total maximum repayment obligation, subject to the same terms and conditions.</p> <p>States that: (1) this Act does not obligate the Western Area Power Administration to purchase or market any of the power produced by the Diamond Fork power plant; and (2) none of the costs associated with development of transmission facilities to transmit power from the Diamond Fork power plant shall be assigned to power for the purpose of Colorado River Storage Project ratemaking.</p> <p>Prohibits any hydroelectric power generation or transmission facility on the Diamond Fork System from being financed or refinanced with any obligation: (1) whose interest enjoys federal tax-exempt status; or (2) which enjoys certain federal tax credits. </p> <p>Directs the Secretary of the Interior to report to certain congressional committees if hydropower production on the Diamond Fork System has not commenced 24 months after enactment of this Act, stating the reasons such production has not commenced, and presenting a detailed timeline for future hydropower production.</p> <p>Prohibits the use of Western Area Power Administration borrowing authority under the Hoover Power Plant Act of 1984 to fund any study or construction of transmission facilities developed as a result of this Act.</p>]]></summary-text>
</summary>
<summary summary-id="id113hr254v00" currentChamber="HOUSE" update-date="2013-01-31">
<action-date>2013-01-15</action-date>
<action-desc>Introduced in House</action-desc>
<summary-text><![CDATA[<p>Bonneville Unit Clean Hydropower Facilitation Act - Declares that, in order to facilitate hydropower development on the Diamond Fork System (Utah), a certain amount of reimbursable costs allocated to project power in the Power Appendix of the October 2004 Supplement to the 1988 Bonneville Unit Definite Plan Report shall be considered final costs, as well as specified costs in excess of the total maximum repayment obligation, subject to the same terms and conditions.</p> <p>States that: (1) this Act does not obligate the Western Area Power Administration to purchase or market any of the power produced by the Diamond Fork power plant; and (2) none of the costs associated with development of transmission facilities to transmit power from the Diamond Fork power plant shall be assigned to power for the purpose of Colorado River Storage Project ratemaking.</p> <p>Prohibits any hydroelectric power generation or transmission facility on the Diamond Fork System from being financed or refinanced with any obligation: (1) whose interest enjoys federal tax-exempt status; or (2) which enjoys certain federal tax credits. </p> <p>Directs the Secretary of the Interior to report to certain congressional committees if hydropower production on the Diamond Fork System has not commenced 24 months after enactment of this Act, stating the reasons such production has not commenced, and presenting a detailed timeline for future hydropower production.</p>  <p>Prohibits the use of Western Area Power Administration borrowing authority under the Hoover Power Plant Act of 1984 to fund any study or construction of transmission facilities developed as a result of this Act.</p>]]></summary-text>
</summary>
</item>
<dublinCore xmlns:dc="http://purl.org/dc/elements/1.1/">
<dc:format>text/xml</dc:format>
<dc:language>EN</dc:language>
<dc:rights>Pursuant to Title 17 Section 105 of the United States Code, this file is not subject to copyright protection and is in the public domain.</dc:rights>
<dc:contributor>Congressional Research Service, Library of Congress</dc:contributor>
<dc:description>This file contains bill summaries for federal legislation. A bill summary describes the most significant provisions of a piece of legislation and details the effects the legislative text may have on current law and federal programs. Bill summaries are authored by the Congressional Research Service (CRS) of the Library of Congress. As stated in Public Law 91-510 (2 USC 166 (d)(6)), one of the duties of CRS is "to prepare summaries and digests of bills and resolutions of a public general nature introduced in the Senate or House of Representatives". For more information, refer to the User Guide that accompanies this file.</dc:description>
</dublinCore>
</BillSummaries>
