<?xml version="1.0" encoding="UTF-8"?>
<BillSummaries>
<item congress="113" measure-type="hr" measure-number="678" measure-id="id113hr678" originChamber="HOUSE" orig-publish-date="2013-02-13" update-date="2013-08-15">
<title>Bureau of Reclamation Small Conduit Hydropower Development and Rural Jobs Act</title>
<summary summary-id="id113hr678v49" currentChamber="BOTH" update-date="2013-08-15">
<action-date>2013-08-09</action-date>
<action-desc>Public Law</action-desc>
<summary-text><![CDATA[<p><b>(This measure has not been amended since it was passed by the House on April 10, 2013. The summary of that version is repeated here.)</b></p> <p>Bureau of Reclamation Small Conduit Hydropower Development and Rural Jobs Act - Amends the Reclamation Project Act of 1939 to authorize the Secretary of the Interior (acting through the Bureau of Reclamation) to contract for the development of small conduit hydropower at Bureau facilities.</p> <p>Defines: (1) "small conduit hydropower" as five megawatts or less; and (2) "conduit" as a tunnel, canal, pipeline, aqueduct, flume, ditch, or similar manmade water conveyance.</p> <p>Requires that power privilege leases be offered first to an irrigation district or water users association operating or receiving water from the applicable transferred or reserved conduit. </p> <p>Defines: (1) reserved conduit as any conduit included in project works whose care, operation, and maintenance has been reserved by the Secretary (through the Bureau); and (2) transferred conduit as any conduit included in project works whose care, operation, and maintenance has been transferred to a legally organized water users association or irrigation district.</p> <p>Requires the Secretary to offer the lease of power privilege to other parties if the irrigation district or water users association elects not to accept a lease of power privilege offer.</p> <p>Requires the Bureau to apply its categorical exclusion process under the National Environmental Policy Act of 1969 (NEPA) to small conduit hydropower, except with respect to siting of associated transmission on federal lands.</p> <p>Makes the Bureau's Power Resources Office the lead office for such small conduit hydropower policy and procedure-setting activities. (Thus excludes such activities from the jurisdiction of the Federal Energy Regulatory Commission [FERC].)</p> <p>Declares that nothing in this Act shall: (1) obligate specified power administrations to purchase or market the power produced by such facilities, (2) alter or impede the delivery and management of water for original project purposes, or (3) alter or affect any existing agreements for conduit hydropower development projects or disposition of revenues. Deems water used for conduit hydropower generation to be incidental to use of water for the original project purposes.</p>]]></summary-text>
</summary>
<summary summary-id="id113hr678v82" currentChamber="SENATE" update-date="2013-08-15">
<action-date>2013-08-01</action-date>
<action-desc>Passed Senate without amendment</action-desc>
<summary-text><![CDATA[<p><b>(This measure has not been amended since it was passed by the House on April 10, 2013. The summary of that version is repeated here.)</b></p> <p>Bureau of Reclamation Small Conduit Hydropower Development and Rural Jobs Act - Amends the Reclamation Project Act of 1939 to authorize the Secretary of the Interior (acting through the Bureau of Reclamation) to contract for the development of small conduit hydropower at Bureau facilities.</p> <p>Defines: (1) "small conduit hydropower" as five megawatts or less; and (2) "conduit" as a tunnel, canal, pipeline, aqueduct, flume, ditch, or similar manmade water conveyance.</p> <p>Requires that power privilege leases be offered first to an irrigation district or water users association operating or receiving water from the applicable transferred or reserved conduit. </p> <p>Defines: (1) reserved conduit as any conduit included in project works whose care, operation, and maintenance has been reserved by the Secretary (through the Bureau); and (2) transferred conduit as any conduit included in project works whose care, operation, and maintenance has been transferred to a legally organized water users association or irrigation district.</p> <p>Requires the Secretary to offer the lease of power privilege to other parties if the irrigation district or water users association elects not to accept a lease of power privilege offer.</p> <p>Requires the Bureau to apply its categorical exclusion process under the National Environmental Policy Act of 1969 (NEPA) to small conduit hydropower, except with respect to siting of associated transmission on federal lands.</p> <p>Makes the Bureau's Power Resources Office the lead office for such small conduit hydropower policy and procedure-setting activities. (Thus excludes such activities from the jurisdiction of the Federal Energy Regulatory Commission [FERC].)</p> <p>Declares that nothing in this Act shall: (1) obligate specified power administrations to purchase or market the power produced by such facilities, (2) alter or impede the delivery and management of water for original project purposes, or (3) alter or affect any existing agreements for conduit hydropower development projects or disposition of revenues. Deems water used for conduit hydropower generation to be incidental to use of water for the original project purposes.</p>]]></summary-text>
</summary>
<summary summary-id="id113hr678v80" currentChamber="SENATE" update-date="2013-06-17">
<action-date>2013-05-13</action-date>
<action-desc>Reported to Senate without amendment</action-desc>
<summary-text><![CDATA[<p><b>(This measure has not been amended since it was passed by the House on April 10, 2013. The summary of that version is repeated here.)</b></p> <p>Bureau of Reclamation Small Conduit Hydropower Development and Rural Jobs Act - Amends the Reclamation Project Act of 1939 to authorize the Secretary of the Interior (acting through the Bureau of Reclamation) to contract for the development of small conduit hydropower at Bureau facilities.</p> <p>Defines: (1) "small conduit hydropower" as five megawatts or less; and (2) "conduit" as a tunnel, canal, pipeline, aqueduct, flume, ditch, or similar manmade water conveyance.</p> <p>Requires that power privilege leases be offered first to an irrigation district or water users association operating or receiving water from the applicable transferred or reserved conduit. </p> <p>Defines: (1) reserved conduit as any conduit included in project works whose care, operation, and maintenance has been reserved by the Secretary (through the Bureau); and (2) transferred conduit as any conduit included in project works whose care, operation, and maintenance has been transferred to a legally organized water users association or irrigation district.</p> <p>Requires the Secretary to offer the lease of power privilege to other parties if the irrigation district or water users association elects not to accept a lease of power privilege offer.</p> <p>Requires the Bureau to apply its categorical exclusion process under the National Environmental Policy Act of 1969 (NEPA) to small conduit hydropower, except with respect to siting of associated transmission on federal lands.</p> <p>Makes the Bureau's Power Resources Office the lead office for such small conduit hydropower policy and procedure-setting activities. (Thus excludes such activities from the jurisdiction of the Federal Energy Regulatory Commission [FERC].)</p> <p>Declares that nothing in this Act shall: (1) obligate specified power administrations to purchase or market the power produced by such facilities, (2) alter or impede the delivery and management of water for original project purposes, or (3) alter or affect any existing agreements for conduit hydropower development projects or disposition of revenues. Deems water used for conduit hydropower generation to be incidental to use of water for the original project purposes.</p>]]></summary-text>
</summary>
<summary summary-id="id113hr678v36" currentChamber="HOUSE" update-date="2013-06-17">
<action-date>2013-04-10</action-date>
<action-desc>Passed House amended</action-desc>
<summary-text><![CDATA[<p>Bureau of Reclamation Small Conduit Hydropower Development and Rural Jobs Act - Amends the Reclamation Project Act of 1939 to authorize the Secretary of the Interior (acting through the Bureau of Reclamation) to contract for the development of small conduit hydropower at Bureau facilities.</p> <p>Defines: (1) "small conduit hydropower" as five megawatts or less; and (2) "conduit" as a tunnel, canal, pipeline, aqueduct, flume, ditch, or similar manmade water conveyance.</p> <p>Requires that power privilege leases be offered first to an irrigation district or water users association operating or receiving water from the applicable transferred or reserved conduit. </p> <p>Defines: (1) reserved conduit as any conduit included in project works whose care, operation, and maintenance has been reserved by the Secretary (through the Bureau); and (2) transferred conduit as any conduit included in project works whose care, operation, and maintenance has been transferred to a legally organized water users association or irrigation district.</p> <p>Requires the Secretary to offer the lease of power privilege to other parties if the irrigation district or water users association elects not to accept a lease of power privilege offer.</p> <p>Requires the Bureau to apply its categorical exclusion process under the National Environmental Policy Act of 1969 (NEPA) to small conduit hydropower, except with respect to siting of associated transmission on federal lands.</p> <p>Makes the Bureau's Power Resources Office the lead office for such small conduit hydropower policy and procedure-setting activities. (Thus excludes such activities from the jurisdiction of the Federal Energy Regulatory Commission [FERC].)</p> <p>Declares that nothing in this Act shall: (1) obligate specified power administrations to purchase or market the power produced by such facilities, (2) alter or impede the delivery and management of water for original project purposes, or (3) alter or affect any existing agreements for conduit hydropower development projects or disposition of revenues. Deems water used for conduit hydropower generation to be incidental to use of water for the original project purposes.</p>]]></summary-text>
</summary>
<summary summary-id="id113hr678v79" currentChamber="HOUSE" update-date="2013-06-17">
<action-date>2013-03-25</action-date>
<action-desc>Reported to House without amendment</action-desc>
<summary-text><![CDATA[<p><b>(This measure has not been amended since it was introduced. The summary of that version is repeated here.)</b></p> <p>Bureau of Reclamation Small Conduit Hydropower Development and Rural Jobs Act - Amends the Reclamation Project Act of 1939 to authorize the Secretary of the Interior (acting through the Bureau of Reclamation) to contract for the development of small conduit hydropower at Bureau facilities.</p> <p>Defines: (1) "small conduit hydropower" as five megawatts or less; and (2) "conduit" as a tunnel, canal, pipeline, aqueduct, flume, ditch, or similar manmade water conveyance.</p> <p>Requires that power privilege leases be offered first to an irrigation district or water users association operating or receiving water from the applicable transferred or reserved work. </p> <p>Defines: (1) reserved work as any conduit included in project works whose care, operation, and maintenance has been reserved by the Secretary (through the Bureau); and (2) transferred work as any conduit included in project works whose care, operation, and maintenance has been transferred to a legally organized water users association or irrigation district.</p> <p>Exempts the small conduit hydropower development authorized by this Act from the National Environmental Policy Act of 1969 (NEPA), except with respect to siting of associated transmission on federal lands.</p> <p>Makes the Bureau's Power Resources Office the lead office for such small conduit hydropower policy and procedure-setting activities. (Thus excludes such activities from the jurisdiction of the Federal Energy Regulatory Commission [FERC].)</p> <p>Declares that nothing in this Act shall: (1) obligate specified power administrations to purchase or market the power produced by such facilities, (2) alter or impede the delivery and management of water for original project purposes, or (3) alter or affect any existing agreements for conduit hydropower development projects or disposition of revenues. Deems water used for conduit hydropower generation to be incidental to use of water for the original project purposes.</p>]]></summary-text>
</summary>
<summary summary-id="id113hr678v00" currentChamber="HOUSE" update-date="2013-05-24">
<action-date>2013-02-13</action-date>
<action-desc>Introduced in House</action-desc>
<summary-text><![CDATA[<p>Bureau of Reclamation Small Conduit Hydropower Development and Rural Jobs Act - Amends the Reclamation Project Act of 1939 to authorize the Secretary of the Interior (acting through the Bureau of Reclamation) to contract for the development of small conduit hydropower at Bureau facilities.</p> <p>Defines: (1) "small conduit hydropower" as five megawatts or less; and (2) "conduit" as a tunnel, canal, pipeline, aqueduct, flume, ditch, or similar manmade water conveyance.</p> <p>Requires that power privilege leases be offered first to an irrigation district or water users association operating or receiving water from the applicable transferred or reserved work. </p> <p>Defines: (1) &quot;reserved work&quot; as any conduit included in project works whose care, operation, and maintenance have been reserved by the Secretary (through the Bureau); and (2) &quot;transferred work&quot; as any conduit included in project works whose care, operation, and maintenance have been transferred to a legally organized water users association or irrigation district.</p> <p>Exempts the small conduit hydropower development authorized by this Act from the National Environmental Policy Act of 1969 (NEPA), except with respect to siting of associated transmission on federal lands.</p> <p>Makes the Bureau's Power Resources Office the lead office for such small conduit hydropower policy and procedure-setting activities (thus excludes such activities from the jurisdiction of the Federal Energy Regulatory Commission [FERC]).</p> <p>Declares that nothing in this Act shall: (1) obligate specified power administrations to purchase or market the power produced by such facilities, (2) alter or impede the delivery and management of water for original project purposes, or (3) alter or affect any existing agreements for conduit hydropower development projects or disposition of revenues. Deems water used for conduit hydropower generation to be incidental to use of water for the original project purposes.</p>]]></summary-text>
</summary>
</item>
<dublinCore xmlns:dc="http://purl.org/dc/elements/1.1/">
<dc:format>text/xml</dc:format>
<dc:language>EN</dc:language>
<dc:rights>Pursuant to Title 17 Section 105 of the United States Code, this file is not subject to copyright protection and is in the public domain.</dc:rights>
<dc:contributor>Congressional Research Service, Library of Congress</dc:contributor>
<dc:description>This file contains bill summaries for federal legislation. A bill summary describes the most significant provisions of a piece of legislation and details the effects the legislative text may have on current law and federal programs. Bill summaries are authored by the Congressional Research Service (CRS) of the Library of Congress. As stated in Public Law 91-510 (2 USC 166 (d)(6)), one of the duties of CRS is "to prepare summaries and digests of bills and resolutions of a public general nature introduced in the Senate or House of Representatives". For more information, refer to the User Guide that accompanies this file.</dc:description>
</dublinCore>
</BillSummaries>
