<?xml version="1.0" encoding="UTF-8"?>
<BillSummaries>
<item congress="113" measure-type="hr" measure-number="336" measure-id="id113hr336" originChamber="HOUSE" orig-publish-date="2013-01-22" update-date="2013-03-20">
<title>To amend title 18, United States Code, to provide penalties for counterfeiting or selling Presidential inauguration tickets, and for other purposes.</title>
<summary summary-id="id113hr336v00" currentChamber="HOUSE" update-date="2013-03-20">
<action-date>2013-01-22</action-date>
<action-desc>Introduced in House</action-desc>
<summary-text><![CDATA[<p>Amends the federal criminal code to provide for a fine, up to six months' imprisonment, or both, for: (1) knowingly transferring for money or property a ticket to a presidential inaugural ceremony (a public inaugural ceremony at which the President elect or Vice President elect take the oath or affirmation of office), except for a transfer that occurs after the date on which the ceremony for which the ticket was issued takes place; (2) knowingly, falsely, and with intent to defraud, making, forging, counterfeiting, or altering a ticket to such ceremony; or (3) with intent to defraud, entering or attempting to enter such a ceremony with a ticket, knowing that ticket to have been falsely made, forged, counterfeited, or altered.</p>]]></summary-text>
</summary>
</item>
<dublinCore xmlns:dc="http://purl.org/dc/elements/1.1/">
<dc:format>text/xml</dc:format>
<dc:language>EN</dc:language>
<dc:rights>Pursuant to Title 17 Section 105 of the United States Code, this file is not subject to copyright protection and is in the public domain.</dc:rights>
<dc:contributor>Congressional Research Service, Library of Congress</dc:contributor>
<dc:description>This file contains bill summaries for federal legislation. A bill summary describes the most significant provisions of a piece of legislation and details the effects the legislative text may have on current law and federal programs. Bill summaries are authored by the Congressional Research Service (CRS) of the Library of Congress. As stated in Public Law 91-510 (2 USC 166 (d)(6)), one of the duties of CRS is "to prepare summaries and digests of bills and resolutions of a public general nature introduced in the Senate or House of Representatives". For more information, refer to the User Guide that accompanies this file.</dc:description>
</dublinCore>
</BillSummaries>
