<?xml version="1.0" encoding="UTF-8"?>
<BillSummaries>
<item congress="113" measure-type="hr" measure-number="521" measure-id="id113hr521" originChamber="HOUSE" orig-publish-date="2013-02-06" update-date="2013-02-19">
<title>Transforming Education through Technology Act</title>
<summary summary-id="id113hr521v00" currentChamber="HOUSE" update-date="2013-02-19">
<action-date>2013-02-06</action-date>
<action-desc>Introduced in House</action-desc>
<summary-text><![CDATA[<p>Transforming Education through Technology Act - Directs the Secretary of Education to award matching grants to states and, through them, subgrants to local educational agencies (LEAs) to strengthen state and local technological infrastructure and professional development that supports digital learning.</p> <p>Allocates grant funds among states in proportion to each state's share of school improvement funds under part A of title I of the Elementary and Secondary Act of 1965.</p> <p>Requires states to use at least 90% of their grant to award subgrants to LEAs. </p> <p>Requires LEAs to use: (1) at least 40% of those funds to support the acquisition of technology that addresses their technology infrastructure and access needs, and (2) at least 35% of those funds for professional development for digital learning.</p> <p>Allows states to form purchasing consortia with other states, and allows LEAs to form purchasing consortia with other LEAs, to carry out grant and subgrant activities, including the purchase of technology.</p> <p>Technology for Tomorrow Fund - Directs the Secretary to award renewable, competitive grants to eligible partnerships to improve student achievement, academic growth, and college-and-career readiness through the use of technology and digital learning.</p> <p>Defines an &quot;eligible partnership&quot; as a partnership that includes at least one state or LEA and at least one LEA or educational service agency, institution of higher education, nonprofit or community-based organization, or business or for-profit organization.</p> <p>Requires partnerships to use their grants to carry out activities that utilize technology and digital learning to promote: (1) personalized, individualized instruction; (2) improvements in teacher and school leader preparation, professional development, knowledge, skills, practice, and professional capacity; (3) students' equitable access to high-quality curriculum, instruction, assessments, technology, and digital learning; and (4) educational efficiency and productivity.</p> <p>Directs the Secretary to: (1) establish partnership performance measures, (2) contract with an outside entity to evaluate the grant program and identify effective practices for improving student outcomes, (3) disseminate and provide technical assistance to LEAs and states on best practices in utilizing technology and digital learning for student advancement, and (4) ensure that the Department of Education applies those best practices to other innovation fund programs.</p>]]></summary-text>
</summary>
</item>
<dublinCore xmlns:dc="http://purl.org/dc/elements/1.1/">
<dc:format>text/xml</dc:format>
<dc:language>EN</dc:language>
<dc:rights>Pursuant to Title 17 Section 105 of the United States Code, this file is not subject to copyright protection and is in the public domain.</dc:rights>
<dc:contributor>Congressional Research Service, Library of Congress</dc:contributor>
<dc:description>This file contains bill summaries for federal legislation. A bill summary describes the most significant provisions of a piece of legislation and details the effects the legislative text may have on current law and federal programs. Bill summaries are authored by the Congressional Research Service (CRS) of the Library of Congress. As stated in Public Law 91-510 (2 USC 166 (d)(6)), one of the duties of CRS is "to prepare summaries and digests of bills and resolutions of a public general nature introduced in the Senate or House of Representatives". For more information, refer to the User Guide that accompanies this file.</dc:description>
</dublinCore>
</BillSummaries>
