<?xml version="1.0" encoding="UTF-8"?>
<BillSummaries>
<item congress="113" measure-type="hr" measure-number="501" measure-id="id113hr501" originChamber="HOUSE" orig-publish-date="2013-02-05" update-date="2013-03-12">
<title>Marijuana Tax Equity Act of 2013</title>
<summary summary-id="id113hr501v00" currentChamber="HOUSE" update-date="2013-03-12">
<action-date>2013-02-05</action-date>
<action-desc>Introduced in House</action-desc>
<summary-text><![CDATA[<p>Marijuana Tax Equity Act of 2013 - Amends the Internal Revenue Code to impose an excise tax on: (1) the sale of marijuana by producers or importers of such drug equal to 50% of the sales price, and (2) each person who is engaged in a marijuana enterprise. Defines &quot;marijuana enterprise&quot; to mean a producer, importer, manufacturer, distributor, retailer or any person who transports, stores, displays, or otherwise participates in any business activity that handles marijuana or marijuana products.</p> <p>Requires any person who engages in a marijuana enterprise to obtain a permit to engage in such business. Imposes civil and criminal penalties for violations of the requirements of this Act. </p>]]></summary-text>
</summary>
</item>
<dublinCore xmlns:dc="http://purl.org/dc/elements/1.1/">
<dc:format>text/xml</dc:format>
<dc:language>EN</dc:language>
<dc:rights>Pursuant to Title 17 Section 105 of the United States Code, this file is not subject to copyright protection and is in the public domain.</dc:rights>
<dc:contributor>Congressional Research Service, Library of Congress</dc:contributor>
<dc:description>This file contains bill summaries for federal legislation. A bill summary describes the most significant provisions of a piece of legislation and details the effects the legislative text may have on current law and federal programs. Bill summaries are authored by the Congressional Research Service (CRS) of the Library of Congress. As stated in Public Law 91-510 (2 USC 166 (d)(6)), one of the duties of CRS is "to prepare summaries and digests of bills and resolutions of a public general nature introduced in the Senate or House of Representatives". For more information, refer to the User Guide that accompanies this file.</dc:description>
</dublinCore>
</BillSummaries>
