<?xml version="1.0" encoding="UTF-8"?>
<BillSummaries>
<item congress="113" measure-type="hr" measure-number="874" measure-id="id113hr874" originChamber="HOUSE" orig-publish-date="2013-02-27" update-date="2013-03-18">
<title>Alice Paul Women's Suffrage Congressional Gold Medal Act</title>
<summary summary-id="id113hr874v00" currentChamber="HOUSE" update-date="2013-03-18">
<action-date>2013-02-27</action-date>
<action-desc>Introduced in House</action-desc>
<summary-text><![CDATA[<p>Alice Paul Women's Suffrage Congressional Gold Medal Act - Requires the Speaker of the House of Representatives and the President pro tempore of the Senate to make arrangements for the presentation of a congressional gold medal in commemoration of Alice Paul, to recognize her role in the women's suffrage movement and in advancing equal rights for women.</p> <p>Authorizes the Secretary of the Treasury to strike and sell duplicates in bronze of such medal. Requires proceeds from the sale of such medals to be deposited into the U.S. Mint Public Enterprise Fund.</p>]]></summary-text>
</summary>
</item>
<dublinCore xmlns:dc="http://purl.org/dc/elements/1.1/">
<dc:format>text/xml</dc:format>
<dc:language>EN</dc:language>
<dc:rights>Pursuant to Title 17 Section 105 of the United States Code, this file is not subject to copyright protection and is in the public domain.</dc:rights>
<dc:contributor>Congressional Research Service, Library of Congress</dc:contributor>
<dc:description>This file contains bill summaries for federal legislation. A bill summary describes the most significant provisions of a piece of legislation and details the effects the legislative text may have on current law and federal programs. Bill summaries are authored by the Congressional Research Service (CRS) of the Library of Congress. As stated in Public Law 91-510 (2 USC 166 (d)(6)), one of the duties of CRS is "to prepare summaries and digests of bills and resolutions of a public general nature introduced in the Senate or House of Representatives". For more information, refer to the User Guide that accompanies this file.</dc:description>
</dublinCore>
</BillSummaries>
