<?xml version="1.0" encoding="UTF-8"?>
<BillSummaries>
<item congress="113" measure-type="hr" measure-number="144" measure-id="id113hr144" originChamber="HOUSE" orig-publish-date="2013-01-03" update-date="2013-01-31">
<title>Ninth Circuit Court of Appeals Judgeship and Reorganization Act of 2013</title>
<summary summary-id="id113hr144v00" currentChamber="HOUSE" update-date="2013-01-31">
<action-date>2013-01-03</action-date>
<action-desc>Introduced in House</action-desc>
<summary-text><![CDATA[<p>Ninth Circuit Court of Appeals Judgeship and Reorganization Act of 2013 - Divides the U.S. Court of Appeals for the Ninth Circuit into: (1) the Ninth Circuit, composed of California, Guam, Hawaii, and Northern Mariana Islands; and (2) the Twelfth Circuit, composed of Alaska, Arizona, Idaho, Montana, Nevada, Oregon, and Washington.</p> <p>Directs the President to appoint two additional judges for the former Ninth Circuit, three judges for the new Ninth Circuit, and two additional temporary judges for the former Ninth Circuit. </p> <p>Specifies the locations where new circuits are to hold regular sessions. </p> <p>Distributes active circuit judges of the former Ninth Circuit to the new circuits. Allows senior circuit judges of the former Ninth Circuit to elect assignment. </p> <p>Provides for the disposition of cases pending in the former Ninth Circuit before the effective date of this Act as follows: (1) proceedings in matters that have been submitted for decision shall continue without regard to this Act, (2) matters not yet submitted for decision must be transferred to the court to which they would have been submitted under this Act, and (3) proceedings on petitions for rehearing or rehearing en banc in matters submitted or decided shall continue without regard to this Act. </p> <p>Authorizes the temporary assignment of circuit and district judges of the former Ninth Circuit between the new circuits. Authorizes administrative coordination between any two contiguous new circuits. </p> <p>Directs that the former Ninth Circuit shall cease to exist for administrative purposes two years after enactment of this Act.</p>]]></summary-text>
</summary>
</item>
<dublinCore xmlns:dc="http://purl.org/dc/elements/1.1/">
<dc:format>text/xml</dc:format>
<dc:language>EN</dc:language>
<dc:rights>Pursuant to Title 17 Section 105 of the United States Code, this file is not subject to copyright protection and is in the public domain.</dc:rights>
<dc:contributor>Congressional Research Service, Library of Congress</dc:contributor>
<dc:description>This file contains bill summaries for federal legislation. A bill summary describes the most significant provisions of a piece of legislation and details the effects the legislative text may have on current law and federal programs. Bill summaries are authored by the Congressional Research Service (CRS) of the Library of Congress. As stated in Public Law 91-510 (2 USC 166 (d)(6)), one of the duties of CRS is "to prepare summaries and digests of bills and resolutions of a public general nature introduced in the Senate or House of Representatives". For more information, refer to the User Guide that accompanies this file.</dc:description>
</dublinCore>
</BillSummaries>
