<?xml version="1.0" encoding="UTF-8"?>
<BillSummaries>
<item congress="113" measure-type="hr" measure-number="242" measure-id="id113hr242" originChamber="HOUSE" orig-publish-date="2013-01-14" update-date="2013-01-18">
<title>Legal Agricultural Workforce Act</title>
<summary summary-id="id113hr242v00" currentChamber="HOUSE" update-date="2013-01-18">
<action-date>2013-01-14</action-date>
<action-desc>Introduced in House</action-desc>
<summary-text><![CDATA[<p>Legal Agricultural Workforce Act - Amends the Immigration and Nationality Act to establish a W-visa nonimmigrant classification for temporary agricultural workers.</p> <p>Directs the Secretary of Agriculture (USDA) to establish: (1) a nonimmigrant temporary agricultural worker program (W-visa) which shall include annual numerical limitations and monthly limitations based on enrollment requests, historical agricultural employment needs, and the reports of U.S. workers applying for agricultural employment; and (2) a trust fund to administer and enforce the program and provide a monetary incentive for such workers to return to their countries upon visa expiration.</p> <p>Sets forth program provisions, including: (1) enrollment requirements, (2) a visa preference allocation system, (3) a biometric identification card requirement, (4) U.S. worker protections, and (5) visa increases due to extraordinary and unusual employment circumstances.</p> <p>Makes such agricultural workers ineligible for need-based federal financial assistance.</p>]]></summary-text>
</summary>
</item>
<dublinCore xmlns:dc="http://purl.org/dc/elements/1.1/">
<dc:format>text/xml</dc:format>
<dc:language>EN</dc:language>
<dc:rights>Pursuant to Title 17 Section 105 of the United States Code, this file is not subject to copyright protection and is in the public domain.</dc:rights>
<dc:contributor>Congressional Research Service, Library of Congress</dc:contributor>
<dc:description>This file contains bill summaries for federal legislation. A bill summary describes the most significant provisions of a piece of legislation and details the effects the legislative text may have on current law and federal programs. Bill summaries are authored by the Congressional Research Service (CRS) of the Library of Congress. As stated in Public Law 91-510 (2 USC 166 (d)(6)), one of the duties of CRS is "to prepare summaries and digests of bills and resolutions of a public general nature introduced in the Senate or House of Representatives". For more information, refer to the User Guide that accompanies this file.</dc:description>
</dublinCore>
</BillSummaries>
