<?xml version="1.0" encoding="UTF-8"?>
<BillSummaries>
<item congress="113" measure-type="hr" measure-number="347" measure-id="id113hr347" originChamber="HOUSE" orig-publish-date="2013-01-22" update-date="2014-06-03">
<title>21st Century Readiness Act</title>
<summary summary-id="id113hr347v00" currentChamber="HOUSE" update-date="2014-06-03">
<action-date>2013-01-22</action-date>
<action-desc>Introduced in House</action-desc>
<summary-text><![CDATA[<p>21st Century Readiness Act - Amends the Elementary and Secondary Education Act of 1965 (ESEA) to support 21st century readiness initiatives that fuse core academic subject knowledge and higher-order thinking skills (such as critical thinking and problem solving, communication, collaboration, creativity, and innovation) to ensure that students are prepared for postsecondary education and careers, upon graduation from secondary school. </p> <p>Amends title I (Improving the Academic Achievement of the Disadvantaged) of the ESEA to require the Secretary of Education, as part of the national assessment of title I programs, to examine the extent to which such initiatives improve student readiness for postsecondary education and careers. </p> <p>Includes 21st century readiness initiatives in comprehensive school reform programs and school dropout prevention and reentry programs under title I.</p> <p>Amends title II (Preparing, Training, and Recruiting High Quality Teachers and Principals) of the ESEA to require high-quality professional development programs to incorporate an aligned system of teaching and learning that includes 21st century skills (such as critical thinking and problem solving, communication, collaboration, creativity, and innovation), standards, curriculum, instruction, and assessments.</p> <p>Requires local educational agencies to use title II subgrants to enable educators to deliver instruction on higher-order thinking skills and use the latest available technology in doing so. </p> <p>Amends title IV (21st Century Schools) of the ESEA to include 21st century readiness initiatives in 21st Century Community Learning Center activities. (21st Century Community Learning Centers provide students with before and after school programs to improve their academic performance.)</p> <p>Amends title VI (Flexibility and Accountability) of the ESEA to allow assessment grants to be used by states to develop or improve assessments that use technology to measure core academic subject knowledge and higher-order thinking skills to ensure that students can apply a range of skill competencies alongside core academic subject knowledge, and do so in real-world contexts. </p>]]></summary-text>
</summary>
</item>
<dublinCore xmlns:dc="http://purl.org/dc/elements/1.1/">
<dc:format>text/xml</dc:format>
<dc:language>EN</dc:language>
<dc:rights>Pursuant to Title 17 Section 105 of the United States Code, this file is not subject to copyright protection and is in the public domain.</dc:rights>
<dc:contributor>Congressional Research Service, Library of Congress</dc:contributor>
<dc:description>This file contains bill summaries for federal legislation. A bill summary describes the most significant provisions of a piece of legislation and details the effects the legislative text may have on current law and federal programs. Bill summaries are authored by the Congressional Research Service (CRS) of the Library of Congress. As stated in Public Law 91-510 (2 USC 166 (d)(6)), one of the duties of CRS is "to prepare summaries and digests of bills and resolutions of a public general nature introduced in the Senate or House of Representatives". For more information, refer to the User Guide that accompanies this file.</dc:description>
</dublinCore>
</BillSummaries>
