<?xml version="1.0" encoding="UTF-8"?>
<BillSummaries>
<item congress="113" measure-type="hr" measure-number="882" measure-id="id113hr882" originChamber="HOUSE" orig-publish-date="2013-02-28" update-date="2013-04-23">
<title>Contracting and Tax Accountability Act of 2013</title>
<summary summary-id="id113hr882v36" currentChamber="HOUSE" update-date="2013-04-23">
<action-date>2013-04-15</action-date>
<action-desc>Passed House amended</action-desc>
<summary-text><![CDATA[<p>Contracting and Tax Accountability Act of 2013 - (Sec. 2) States that it is the policy of the U.S. government that no government contracts or grants should be awarded to individuals or business entities with seriously delinquent federal tax debts. </p> <p>(Sec. 3) Requires the head of any executive agency that issues an invitation for bids or a request for proposals for a contract in an amount greater than the simplified acquisition threshold (i.e., $150,000) to require each person submitting a bid or proposal to: (1) certify that such person does not have a seriously delinquent tax debt, and (2) authorize the Secretary of the Treasury to disclose information limited to describing whether such person has a seriously delinquent tax debt.</p> <p>Requires the head of any executive agency: (1) in evaluating any offer received in response to an agency solicitation for bids or proposals for a contract, to consider a certification that the offeror has a seriously delinquent tax debt to be definitive proof that the offeror is not a responsible source to do business with the federal government; and (2) to initiate a suspension or debarment proceeding against an offeror or a grant applicant after receiving an offer for a contract or grant application that contains a certification that such person has a seriously delinquent tax debt, or after receiving information from the Secretary that a submitted certification is false. Allows a waiver of such debarment requirement if an agency head certifies in writing urgent and compelling circumstances significantly affecting the interests of the United States.</p> <p>(Sec. 4) Requires the head of any executive agency that offers a grant in excess of the simplified acquisition threshold amount to require each grant applicant to: (1) certify that the applicant does not have a seriously delinquent tax debt, and (2) authorize the Secretary to disclose information limited to describing whether such a applicant has a seriously delinquent tax debt. Requires the agency head, in evaluating a grant application, to consider a certification that the grant applicant has a seriously delinquent tax debt to be definitive proof that the applicant is high-risk, requiring enhanced oversight. </p> <p>Requires the revision of the Federal Acquisition Regulation to incorporate requirements set forth in this Act relating to responsibility determinations and debarment for offerors or grant applicants. </p> <p>(Sec. 5) Defines "seriously delinquent tax debt" as an outstanding federal tax debt for which a notice of lien has been filed in public records. Exempts from such definition: (1) tax debts that are being paid in a timely manner under an approved installment agreement, and (2) debts for which a collection due process hearing has been requested or is pending.</p> <p>(Sec. 6) Makes this Act applicable to contracts and grants awarded on or after 270 days after its enactment. </p>]]></summary-text>
</summary>
<summary summary-id="id113hr882v79" currentChamber="HOUSE" update-date="2013-04-23">
<action-date>2013-04-12</action-date>
<action-desc>Reported to House without amendment</action-desc>
<summary-text><![CDATA[<p><b>(This measure has not been amended since it was introduced. The summary has been expanded because action occurred on the measure.)</b></p> <p>Contracting and Tax Accountability Act of 2013 - (Sec. 2) States that it is the policy of the U.S. government that no government contracts or grants should be awarded to individuals or business entities with seriously delinquent federal tax debts. </p> <p>(Sec. 3) Requires the head of any executive agency that issues an invitation for bids or a request for proposals for a contract in an amount greater than the simplified acquisition threshold (i.e., $150,000) to require each person submitting a bid or proposal to: (1) certify that such person does not have a seriously delinquent tax debt, and (2) authorize the Secretary of the Treasury to disclose information limited to describing whether such person has a seriously delinquent tax debt.</p> <p>Requires the head of any executive agency: (1) in evaluating any offer received in response to an agency solicitation for bids or proposals for a contract, to consider a certification that the offeror has a seriously delinquent tax debt to be definitive proof that the offeror is not a responsible source to do business with the federal government; and (2) to propose an offeror or a grant applicant for debarment after receiving an offer for a contract or grant application that contains a certification that such person has a seriously delinquent tax debt, or after receiving information from the Secretary that a submitted certification is false. Allows a waiver of such debarment requirement if an agency head certifies in writing urgent and compelling circumstances significantly affecting the interests of the United States.</p> <p>(Sec. 4) Requires the head of any executive agency that offers a grant in excess of the simplified acquisition threshold amount to require each grant applicant to: (1) certify that the applicant does not have a seriously delinquent tax debt, and (2) authorize the Secretary to disclose information limited to describing whether such a applicant has a seriously delinquent tax debt. Requires the agency head, in evaluating a grant application, to consider a certification that the grant applicant has a seriously delinquent tax debt to be definitive proof that the applicant is high-risk, requiring enhanced oversight. </p> <p>Requires the revision of the Federal Acquisition Regulation to incorporate requirements set forth in this Act relating to responsibility determinations and debarment for offerors or grant applicants. </p> <p>(Sec. 5) Defines "seriously delinquent tax debt" as an outstanding tax debt for which a notice of lien has been filed in public records. Exempts from such definition: (1) tax debts that are being paid in a timely manner under an approved installment agreement, and (2) debts for which a collection due process hearing has been requested or is pending.</p> <p>(Sec. 6) Makes this Act applicable to contracts and grants awarded on or after 270 days after its enactment. </p>]]></summary-text>
</summary>
<summary summary-id="id113hr882v00" currentChamber="HOUSE" update-date="2013-04-01">
<action-date>2013-02-28</action-date>
<action-desc>Introduced in House</action-desc>
<summary-text><![CDATA[<p>Contracting and Tax Accountability Act of 2013 - Requires the head of any executive agency that issues an invitation for bids or a request for proposals for a contract, or that offers a grant, in an amount greater than the simplified acquisition threshold to require each person submitting a bid or proposal or grant application to: (1) certify that such person does not have a seriously delinquent tax debt, and (2) authorize the Secretary of the Treasury to disclose information limited to describing whether such person has a seriously delinquent tax debt. Subjects a person who has a seriously delinquent tax debt to a negative responsibility determination when applying for a federal contract or grant, or to debarment from the federal procurement process.</p> <p>Defines "seriously delinquent tax debt" as an outstanding tax debt for which a notice of lien has been filed in public records. Exempts from such definition: (1) tax debts that are being paid in a timely manner under an approved installment agreement, and (2) debts for which a collection due process hearing has been requested or is pending. </p>]]></summary-text>
</summary>
</item>
<dublinCore xmlns:dc="http://purl.org/dc/elements/1.1/">
<dc:format>text/xml</dc:format>
<dc:language>EN</dc:language>
<dc:rights>Pursuant to Title 17 Section 105 of the United States Code, this file is not subject to copyright protection and is in the public domain.</dc:rights>
<dc:contributor>Congressional Research Service, Library of Congress</dc:contributor>
<dc:description>This file contains bill summaries for federal legislation. A bill summary describes the most significant provisions of a piece of legislation and details the effects the legislative text may have on current law and federal programs. Bill summaries are authored by the Congressional Research Service (CRS) of the Library of Congress. As stated in Public Law 91-510 (2 USC 166 (d)(6)), one of the duties of CRS is "to prepare summaries and digests of bills and resolutions of a public general nature introduced in the Senate or House of Representatives". For more information, refer to the User Guide that accompanies this file.</dc:description>
</dublinCore>
</BillSummaries>
