<?xml version="1.0" encoding="UTF-8"?>
<BillSummaries>
<item congress="113" measure-type="hr" measure-number="186" measure-id="id113hr186" originChamber="HOUSE" orig-publish-date="2013-01-04" update-date="2015-01-13">
<title>To amend the Federal Election Campaign Act of 1971 to permit candidates for election for Federal office to designate an individual who will be authorized to disburse funds of the authorized campaign committees of the candidate in the event of the death of the candidate.</title>
<summary summary-id="id113hr186v00" currentChamber="HOUSE" update-date="2015-01-13">
<action-date>2013-01-04</action-date>
<action-desc>Introduced in House</action-desc>
<summary-text><![CDATA[<p>Amends the Federal Election Campaign Act of 1971 to permit candidates for election to federal office to: (1) designate an individual for each of a candidate's authorized campaign committees who will be authorized to disburse funds of the committee in the event of the candidate's death, and (2) designate another individual to carry out the responsibilities of the designated individual in the event of the death or incapacity of the designated individual or the designated individual's unwillingness to carry out the responsibilities.</p> <p>Prescribes procedures for filing and revoking such a designation. Permits the filing of a designation to contain the candidate's instructions regarding the disbursement of funds.</p>]]></summary-text>
</summary>
</item>
<dublinCore xmlns:dc="http://purl.org/dc/elements/1.1/">
<dc:format>text/xml</dc:format>
<dc:language>EN</dc:language>
<dc:rights>Pursuant to Title 17 Section 105 of the United States Code, this file is not subject to copyright protection and is in the public domain.</dc:rights>
<dc:contributor>Congressional Research Service, Library of Congress</dc:contributor>
<dc:description>This file contains bill summaries for federal legislation. A bill summary describes the most significant provisions of a piece of legislation and details the effects the legislative text may have on current law and federal programs. Bill summaries are authored by the Congressional Research Service (CRS) of the Library of Congress. As stated in Public Law 91-510 (2 USC 166 (d)(6)), one of the duties of CRS is "to prepare summaries and digests of bills and resolutions of a public general nature introduced in the Senate or House of Representatives". For more information, refer to the User Guide that accompanies this file.</dc:description>
</dublinCore>
</BillSummaries>
