<?xml version="1.0" encoding="UTF-8"?>
<BillSummaries>
<item congress="113" measure-type="hr" measure-number="876" measure-id="id113hr876" originChamber="HOUSE" orig-publish-date="2013-02-27" update-date="2014-07-31">
<title>Idaho Wilderness Water Resources Protection Act</title>
<summary summary-id="id113hr876v49" currentChamber="BOTH" update-date="2014-07-31">
<action-date>2014-07-25</action-date>
<action-desc>Public Law</action-desc>
<summary-text><![CDATA[<p><strong><strong>(This</strong> <strong>measure</strong> <strong>has</strong> <strong>not</strong> <strong>been</strong> <strong>amended</strong> <strong>since</strong> <strong>it</strong> <strong>was</strong> <strong>introduced</strong>. The summary of that version is repeated here.)</strong></p> <p>Idaho Wilderness Water Resources Protection Act - Directs the Secretary of Agriculture (USDA) to issue a special use authorization for the continued operation and reconstruction of a water storage, transport, or diversion facility located on National Forest System land in the Frank Church-River of No Return Wilderness and the Selway-Bitterroot Wilderness in Idaho if:</p> <ul> <li>the facility was in existence on the date on which it was designated as part of the National Wilderness Preservation System;</li> <li>the facility has been in continuous use to deliver water for beneficial use on the owner's non-federal land;</li> <li> the owner holds a valid water right under state law that predates the designation; and </li> <li>relocating the facility is not practicable or feasible.</li> </ul>]]></summary-text>
</summary>
<summary summary-id="id113hr876v82" currentChamber="SENATE" update-date="2014-07-22">
<action-date>2014-07-09</action-date>
<action-desc>Passed Senate without amendment</action-desc>
<summary-text><![CDATA[<p><strong><strong>(This</strong> <strong>measure</strong> <strong>has</strong> <strong>not</strong> <strong>been</strong> <strong>amended</strong> <strong>since</strong> <strong>it</strong> <strong>was</strong> <strong>introduced</strong>. The summary of that version is repeated here.)</strong></p> <p>Idaho Wilderness Water Resources Protection Act - Directs the Secretary of Agriculture (USDA) to issue a special use authorization for the continued operation and reconstruction of a water storage, transport, or diversion facility located on National Forest System land in the Frank Church-River of No Return Wilderness and the Selway-Bitterroot Wilderness in Idaho if:</p> <ul> <li>the facility was in existence on the date on which it was designated as part of the National Wilderness Preservation System;</li> <li>the facility has been in continuous use to deliver water for beneficial use on the owner's non-federal land;</li> <li> the owner holds a valid water right under state law that predates the designation; and </li> <li>relocating the facility is not practicable or feasible.</li> </ul>]]></summary-text>
</summary>
<summary summary-id="id113hr876v80" currentChamber="SENATE" update-date="2014-07-22">
<action-date>2014-04-10</action-date>
<action-desc>Reported to Senate without amendment</action-desc>
<summary-text><![CDATA[<p><strong><strong>(This</strong> <strong>measure</strong> <strong>has</strong> <strong>not</strong> <strong>been</strong> <strong>amended</strong> <strong>since</strong> <strong>it</strong> <strong>was</strong> <strong>introduced</strong>. The summary of that version is repeated here.)</strong></p> <p>Idaho Wilderness Water Resources Protection Act - Directs the Secretary of Agriculture (USDA) to issue a special use authorization for the continued operation and reconstruction of a water storage, transport, or diversion facility located on National Forest System land in the Frank Church-River of No Return Wilderness and the Selway-Bitterroot Wilderness in Idaho if:</p> <ul> <li>the facility was in existence on the date on which it was designated as part of the National Wilderness Preservation System;</li> <li>the facility has been in continuous use to deliver water for beneficial use on the owner's non-federal land;</li> <li> the owner holds a valid water right under state law that predates the designation; and </li> <li>relocating the facility is not practicable or feasible.</li> </ul>]]></summary-text>
</summary>
<summary summary-id="id113hr876v81" currentChamber="HOUSE" update-date="2014-07-22">
<action-date>2013-06-17</action-date>
<action-desc>Passed House without amendment</action-desc>
<summary-text><![CDATA[<p><strong><strong>(This</strong> <strong>measure</strong> <strong>has</strong> <strong>not</strong> <strong>been</strong> <strong>amended</strong> <strong>since</strong> <strong>it</strong> <strong>was</strong> <strong>introduced</strong>. The summary of that version is repeated here.)</strong></p> <p>Idaho Wilderness Water Resources Protection Act - Directs the Secretary of Agriculture (USDA) to issue a special use authorization for the continued operation and reconstruction of a water storage, transport, or diversion facility located on National Forest System land in the Frank Church-River of No Return Wilderness and the Selway-Bitterroot Wilderness in Idaho if:</p> <ul> <li>the facility was in existence on the date on which it was designated as part of the National Wilderness Preservation System;</li> <li>the facility has been in continuous use to deliver water for beneficial use on the owner's non-federal land;</li> <li> the owner holds a valid water right under state law that predates the designation; and </li> <li>relocating the facility is not practicable or feasible.</li> </ul>]]></summary-text>
</summary>
<summary summary-id="id113hr876v79" currentChamber="HOUSE" update-date="2014-07-22">
<action-date>2013-05-17</action-date>
<action-desc>Reported to House without amendment</action-desc>
<summary-text><![CDATA[<p><strong><strong>(This</strong> <strong>measure</strong> <strong>has</strong> <strong>not</strong> <strong>been</strong> <strong>amended</strong> <strong>since</strong> <strong>it</strong> <strong>was</strong> <strong>introduced</strong>. The summary of that version is repeated here.)</strong></p> <p>Idaho Wilderness Water Resources Protection Act - Directs the Secretary of Agriculture (USDA) to issue a special use authorization for the continued operation and reconstruction of a water storage, transport, or diversion facility located on National Forest System land in the Frank Church-River of No Return Wilderness and the Selway-Bitterroot Wilderness in Idaho if:</p> <ul> <li>the facility was in existence on the date on which it was designated as part of the National Wilderness Preservation System;</li> <li>the facility has been in continuous use to deliver water for beneficial use on the owner's non-federal land;</li> <li> the owner holds a valid water right under state law that predates the designation; and </li> <li>relocating the facility is not practicable or feasible.</li> </ul>]]></summary-text>
</summary>
<summary summary-id="id113hr876v00" currentChamber="HOUSE" update-date="2014-07-22">
<action-date>2013-02-27</action-date>
<action-desc>Introduced in House</action-desc>
<summary-text><![CDATA[<p>Idaho Wilderness Water Resources Protection Act - Directs the Secretary of Agriculture (USDA) to issue a special use authorization for the continued operation and reconstruction of a water storage, transport, or diversion facility located on National Forest System land in the Frank Church-River of No Return Wilderness and the Selway-Bitterroot Wilderness in Idaho if:</p> <ul> <li>the facility was in existence on the date on which it was designated as part of the National Wilderness Preservation System;</li> <li>the facility has been in continuous use to deliver water for beneficial use on the owner's non-federal land;</li> <li> the owner holds a valid water right under state law that predates the designation; and </li> <li>relocating the facility is not practicable or feasible.</li> </ul>]]></summary-text>
</summary>
</item>
<dublinCore xmlns:dc="http://purl.org/dc/elements/1.1/">
<dc:format>text/xml</dc:format>
<dc:language>EN</dc:language>
<dc:rights>Pursuant to Title 17 Section 105 of the United States Code, this file is not subject to copyright protection and is in the public domain.</dc:rights>
<dc:contributor>Congressional Research Service, Library of Congress</dc:contributor>
<dc:description>This file contains bill summaries for federal legislation. A bill summary describes the most significant provisions of a piece of legislation and details the effects the legislative text may have on current law and federal programs. Bill summaries are authored by the Congressional Research Service (CRS) of the Library of Congress. As stated in Public Law 91-510 (2 USC 166 (d)(6)), one of the duties of CRS is "to prepare summaries and digests of bills and resolutions of a public general nature introduced in the Senate or House of Representatives". For more information, refer to the User Guide that accompanies this file.</dc:description>
</dublinCore>
</BillSummaries>
