<?xml version="1.0" encoding="UTF-8"?>
<BillSummaries>
<item congress="113" measure-type="hr" measure-number="466" measure-id="id113hr466" originChamber="HOUSE" orig-publish-date="2013-02-04" update-date="2013-03-01">
<title>Social Security Death Master File Privacy Act of 2013</title>
<summary summary-id="id113hr466v00" currentChamber="HOUSE" update-date="2013-03-01">
<action-date>2013-02-04</action-date>
<action-desc>Introduced in House</action-desc>
<summary-text><![CDATA[<p>Social Security Death Master File Privacy Act of 2013 - Amends title II (Old Age, Survivors and Disability Insurance) (OASDI) of the Social Security Act to prohibit the Commissioner of Social Security from publishing in the Death Master File (or any other public database containing information relating to the death of individuals) the Social Security account number of any deceased individual. </p> <p>Prohibits the Commissioner from being compelled to disclose the Social Security account number of any deceased individual to any member of the public under the Freedom of Information Act.</p> <p>Authorizes the Commissioner to share with federal and state agencies certain information relating to deceased individuals.</p>]]></summary-text>
</summary>
</item>
<dublinCore xmlns:dc="http://purl.org/dc/elements/1.1/">
<dc:format>text/xml</dc:format>
<dc:language>EN</dc:language>
<dc:rights>Pursuant to Title 17 Section 105 of the United States Code, this file is not subject to copyright protection and is in the public domain.</dc:rights>
<dc:contributor>Congressional Research Service, Library of Congress</dc:contributor>
<dc:description>This file contains bill summaries for federal legislation. A bill summary describes the most significant provisions of a piece of legislation and details the effects the legislative text may have on current law and federal programs. Bill summaries are authored by the Congressional Research Service (CRS) of the Library of Congress. As stated in Public Law 91-510 (2 USC 166 (d)(6)), one of the duties of CRS is "to prepare summaries and digests of bills and resolutions of a public general nature introduced in the Senate or House of Representatives". For more information, refer to the User Guide that accompanies this file.</dc:description>
</dublinCore>
</BillSummaries>
