<?xml version="1.0" encoding="UTF-8"?>
<BillSummaries>
<item congress="113" measure-type="hr" measure-number="487" measure-id="id113hr487" originChamber="HOUSE" orig-publish-date="2013-02-04" update-date="2013-02-27">
<title>Primary Care Workforce Access Improvement Act of 2013</title>
<summary summary-id="id113hr487v00" currentChamber="HOUSE" update-date="2013-02-27">
<action-date>2013-02-04</action-date>
<action-desc>Introduced in House</action-desc>
<summary-text><![CDATA[<p>Primary Care Workforce Access Improvement Act of 2013 - Directs the Secretary of Health and Human Services (HHS) to conduct a pilot project under title XVIII (Medicare) of the Social Security Act to test models for providing payment for direct graduate medical education (GME) and indirect medical education (IME) to medical education entities (MEEs), not otherwise eligible to receive such payments, for the costs of training primary care residents.</p> <p>Requires testing of two of the following model MEEs: (1) a community-based independent corporate entity collaborating with two or more hospitals to operate one or more primary care graduate medical residency training programs (training hospitals); (2) a MEE, with at least one community representative on its board, which is established by two or more training hospitals which may be the sole corporate members of the MEE; (3) a hospital subsidiary or independent corporation, with community participation in its governance, that operates one or more training programs for a hospital; or (4) a MEE (including a university or school of medicine) independent of any hospital but collaborating with one in operating one or more primary care graduate medical residency training programs.</p>]]></summary-text>
</summary>
</item>
<dublinCore xmlns:dc="http://purl.org/dc/elements/1.1/">
<dc:format>text/xml</dc:format>
<dc:language>EN</dc:language>
<dc:rights>Pursuant to Title 17 Section 105 of the United States Code, this file is not subject to copyright protection and is in the public domain.</dc:rights>
<dc:contributor>Congressional Research Service, Library of Congress</dc:contributor>
<dc:description>This file contains bill summaries for federal legislation. A bill summary describes the most significant provisions of a piece of legislation and details the effects the legislative text may have on current law and federal programs. Bill summaries are authored by the Congressional Research Service (CRS) of the Library of Congress. As stated in Public Law 91-510 (2 USC 166 (d)(6)), one of the duties of CRS is "to prepare summaries and digests of bills and resolutions of a public general nature introduced in the Senate or House of Representatives". For more information, refer to the User Guide that accompanies this file.</dc:description>
</dublinCore>
</BillSummaries>
