<?xml version="1.0" encoding="UTF-8"?>
<BillSummaries>
<item congress="113" measure-type="hr" measure-number="578" measure-id="id113hr578" originChamber="HOUSE" orig-publish-date="2013-02-06" update-date="2013-02-16">
<title>Respecting States' Rights and Concealed Carry Reciprocity Act of 2013</title>
<summary summary-id="id113hr578v00" currentChamber="HOUSE" update-date="2013-02-16">
<action-date>2013-02-06</action-date>
<action-desc>Introduced in House</action-desc>
<summary-text><![CDATA[<p>Respecting States' Rights and Concealed Carry Reciprocity Act of 2013 - Amends the federal criminal code to authorize a person who is not prohibited from possessing, transporting, shipping, or receiving a firearm under federal law, who is entitled and not prohibited from carrying a concealed firearm in his or her state of residence or who is carrying a valid state license or permit to carry a concealed weapon, and who is carrying a government-issued photographic identification document, to carry a concealed handgun (which has been shipped or transported in interstate or foreign commerce, other than a machine gun or destructive device) in any state in accordance with the restrictions of that state.</p> <p>Provides that in a state that allows the issuing authority for licenses or permits to carry concealed firearms to impose restrictions on the carrying of firearms by individual license or permit holders, an individual carrying a concealed handgun under this Act shall be permitted to carry it according to the same terms authorized by an unrestricted license or permit issued by such state.</p>]]></summary-text>
</summary>
</item>
<dublinCore xmlns:dc="http://purl.org/dc/elements/1.1/">
<dc:format>text/xml</dc:format>
<dc:language>EN</dc:language>
<dc:rights>Pursuant to Title 17 Section 105 of the United States Code, this file is not subject to copyright protection and is in the public domain.</dc:rights>
<dc:contributor>Congressional Research Service, Library of Congress</dc:contributor>
<dc:description>This file contains bill summaries for federal legislation. A bill summary describes the most significant provisions of a piece of legislation and details the effects the legislative text may have on current law and federal programs. Bill summaries are authored by the Congressional Research Service (CRS) of the Library of Congress. As stated in Public Law 91-510 (2 USC 166 (d)(6)), one of the duties of CRS is "to prepare summaries and digests of bills and resolutions of a public general nature introduced in the Senate or House of Representatives". For more information, refer to the User Guide that accompanies this file.</dc:description>
</dublinCore>
</BillSummaries>
