<?xml version="1.0" encoding="UTF-8"?>
<BillSummaries>
<item congress="113" measure-type="hr" measure-number="544" measure-id="id113hr544" originChamber="HOUSE" orig-publish-date="2013-02-06" update-date="2013-03-13">
<title>Letting Insurance Benefit Everyone Regardless of Their Youth (LIBERTY) Act</title>
<summary summary-id="id113hr544v00" currentChamber="HOUSE" update-date="2013-03-13">
<action-date>2013-02-06</action-date>
<action-desc>Introduced in House</action-desc>
<summary-text><![CDATA[<p>Letting Insurance Benefit Everyone Regardless of Their Youth (LIBERTY) Act - Amends the Public Health Service Act to increase the permissible variation based on age for premium rates charged by a health insurance issuer for health insurance coverage offered in the individual or small group market from &quot;3 to 1&quot; for adults to &quot;5 to 1&quot; for adults, or such other ratio for adults as the state involved may provide. (The restrictions on premium variations enacted under the Patient Protection and Affordable Care Act apply to plan years beginning on or after January 1, 2014.)</p>]]></summary-text>
</summary>
</item>
<dublinCore xmlns:dc="http://purl.org/dc/elements/1.1/">
<dc:format>text/xml</dc:format>
<dc:language>EN</dc:language>
<dc:rights>Pursuant to Title 17 Section 105 of the United States Code, this file is not subject to copyright protection and is in the public domain.</dc:rights>
<dc:contributor>Congressional Research Service, Library of Congress</dc:contributor>
<dc:description>This file contains bill summaries for federal legislation. A bill summary describes the most significant provisions of a piece of legislation and details the effects the legislative text may have on current law and federal programs. Bill summaries are authored by the Congressional Research Service (CRS) of the Library of Congress. As stated in Public Law 91-510 (2 USC 166 (d)(6)), one of the duties of CRS is "to prepare summaries and digests of bills and resolutions of a public general nature introduced in the Senate or House of Representatives". For more information, refer to the User Guide that accompanies this file.</dc:description>
</dublinCore>
</BillSummaries>
