<?xml version="1.0" encoding="UTF-8"?>
<BillSummaries>
<item congress="113" measure-type="hr" measure-number="561" measure-id="id113hr561" originChamber="HOUSE" orig-publish-date="2013-02-06" update-date="2013-02-19">
<title>Protecting Victims on Campus Act of 2013</title>
<summary summary-id="id113hr561v00" currentChamber="HOUSE" update-date="2013-02-19">
<action-date>2013-02-06</action-date>
<action-desc>Introduced in House</action-desc>
<summary-text><![CDATA[<p>Protecting Victims on Campus Act of 2013 - Amends the Higher Education Act of 1965 to revise provisions that require each institution of higher education (IHE) participating in a title IV (Student Assistance) program to comply with certain crime reporting requirements.</p> <p>Requires IHEs to provide students and employees with a list of the titles, in each department of the IHE, of each individual who is a campus security authority to whom they should report specified criminal offenses.</p> <p>Includes criminal offenses involving minors that are reported to campus security authorities or the local police among the criminal offenses that are to be included in: (1) the annual campus security report provided to current and prospective students and employees, and (2) the timely reports to the campus community on crimes considered to be a threat to the community.</p> <p>Requires the personally identifiable information of victims to be kept confidential when IHEs are making timely reports to the campus community on crimes considered to be a threat to the community.</p> <p>Requires IHEs, in carrying out their obligation to make such timely reports, to: (1) designate an individual to serve as campus security authority coordinator, and (2) provide for the training of that coordinator and the campus security authorities.</p> <p>Directs the Secretary of Education, when imposing civil penalties on IHEs for substantial violations of the crime reporting requirements, to distinguish between IHEs that intentionally violated those requirements and those whose violations are attributable to institutional neglect. </p> <p>Requires the Secretary to provide each IHE that is to be investigated for violating such reporting requirements with a timeline of the investigation and a preliminary report that includes the reasons for the investigation.</p>]]></summary-text>
</summary>
</item>
<dublinCore xmlns:dc="http://purl.org/dc/elements/1.1/">
<dc:format>text/xml</dc:format>
<dc:language>EN</dc:language>
<dc:rights>Pursuant to Title 17 Section 105 of the United States Code, this file is not subject to copyright protection and is in the public domain.</dc:rights>
<dc:contributor>Congressional Research Service, Library of Congress</dc:contributor>
<dc:description>This file contains bill summaries for federal legislation. A bill summary describes the most significant provisions of a piece of legislation and details the effects the legislative text may have on current law and federal programs. Bill summaries are authored by the Congressional Research Service (CRS) of the Library of Congress. As stated in Public Law 91-510 (2 USC 166 (d)(6)), one of the duties of CRS is "to prepare summaries and digests of bills and resolutions of a public general nature introduced in the Senate or House of Representatives". For more information, refer to the User Guide that accompanies this file.</dc:description>
</dublinCore>
</BillSummaries>
