<?xml version="1.0" encoding="UTF-8"?>
<BillSummaries>
<item congress="113" measure-type="hr" measure-number="710" measure-id="id113hr710" originChamber="HOUSE" orig-publish-date="2013-02-14" update-date="2013-03-12">
<title>Truth in Trials Act</title>
<summary summary-id="id113hr710v00" currentChamber="HOUSE" update-date="2013-03-12">
<action-date>2013-02-14</action-date>
<action-desc>Introduced in House</action-desc>
<summary-text><![CDATA[<p>Truth in Trials Act - Amends the federal criminal code to: (1) allow any person on trial for a federal marijuana-related offense to introduce evidence that the alleged marijuana-related activities were performed in compliance with state law regarding the medical use of marijuana, (2) allow an affirmative defense to a marijuana prosecution that the alleged marijuana-related activities complied with state law regarding the medical use of marijuana, (3) limit the criminal liability of persons convicted of federal marijuana-related offenses, (4) require the preservation and return (if a defendant is acquitted) of property seized in connection with a marijuana prosecution, and (5) prohibit the seizure of plants grown or stored under a physician's recommendation or by order of a state or municipal agency in accordance with state law regarding the medical use of marijuana. </p>]]></summary-text>
</summary>
</item>
<dublinCore xmlns:dc="http://purl.org/dc/elements/1.1/">
<dc:format>text/xml</dc:format>
<dc:language>EN</dc:language>
<dc:rights>Pursuant to Title 17 Section 105 of the United States Code, this file is not subject to copyright protection and is in the public domain.</dc:rights>
<dc:contributor>Congressional Research Service, Library of Congress</dc:contributor>
<dc:description>This file contains bill summaries for federal legislation. A bill summary describes the most significant provisions of a piece of legislation and details the effects the legislative text may have on current law and federal programs. Bill summaries are authored by the Congressional Research Service (CRS) of the Library of Congress. As stated in Public Law 91-510 (2 USC 166 (d)(6)), one of the duties of CRS is "to prepare summaries and digests of bills and resolutions of a public general nature introduced in the Senate or House of Representatives". For more information, refer to the User Guide that accompanies this file.</dc:description>
</dublinCore>
</BillSummaries>
