<?xml version="1.0" encoding="UTF-8"?>
<BillSummaries>
<item congress="113" measure-type="hr" measure-number="416" measure-id="id113hr416" originChamber="HOUSE" orig-publish-date="2013-01-25" update-date="2013-02-11">
<title>Egypt Accountability and Democracy Promotion Act</title>
<summary summary-id="id113hr416v00" currentChamber="HOUSE" update-date="2013-02-11">
<action-date>2013-01-25</action-date>
<action-desc>Introduced in House</action-desc>
<summary-text><![CDATA[<p>Egypt Accountability and Democracy Promotion Act - States that U.S. policy shall be to use its foreign assistance for Egypt to advance U.S. national security interests in Egypt, including encouraging the advancement of political, economic, and religious freedom in Egypt.</p> <p>Limits specified security and economic assistance to Egypt unless the Secretary of State certifies to Congress every six months that the Egyptian government: (1) is not controlled by or under the influence of a foreign terrorist organization, or that no supporter of a foreign terrorist organization serves in a policy-making position in the government; (2) has implemented legal reforms that protect the political, economic, and religious freedoms and human rights of all citizens and residents of Egypt; (3) is fully implementing the Israel-Egypt Peace Treaty; and (4) is taking verifiable steps to destroy the smuggling network and tunnels between Egypt and the Gaza Strip, and is cracking down on extremist groups in the Sinai Peninsula.</p> <p>Provides for a limited national security waiver of such restrictions. </p> <p>Sets forth reporting requirements.</p>]]></summary-text>
</summary>
</item>
<dublinCore xmlns:dc="http://purl.org/dc/elements/1.1/">
<dc:format>text/xml</dc:format>
<dc:language>EN</dc:language>
<dc:rights>Pursuant to Title 17 Section 105 of the United States Code, this file is not subject to copyright protection and is in the public domain.</dc:rights>
<dc:contributor>Congressional Research Service, Library of Congress</dc:contributor>
<dc:description>This file contains bill summaries for federal legislation. A bill summary describes the most significant provisions of a piece of legislation and details the effects the legislative text may have on current law and federal programs. Bill summaries are authored by the Congressional Research Service (CRS) of the Library of Congress. As stated in Public Law 91-510 (2 USC 166 (d)(6)), one of the duties of CRS is "to prepare summaries and digests of bills and resolutions of a public general nature introduced in the Senate or House of Representatives". For more information, refer to the User Guide that accompanies this file.</dc:description>
</dublinCore>
</BillSummaries>
