<?xml version="1.0" encoding="UTF-8"?>
<BillSummaries>
<item congress="113" measure-type="hr" measure-number="660" measure-id="id113hr660" originChamber="HOUSE" orig-publish-date="2013-02-13" update-date="2013-04-08">
<title>Neuromyelitis Optica Consortium Act</title>
<summary summary-id="id113hr660v00" currentChamber="HOUSE" update-date="2013-04-08">
<action-date>2013-02-13</action-date>
<action-desc>Introduced in House</action-desc>
<summary-text><![CDATA[<p>Neuromyelitis Optica Consortium Act - Amends the Public Health Service Act to require the Director of the National Institutes of Health (NIH) to establish, administer, and coordinate a National Neuromyelitis Optica (NMO) Consortium to: (1) award grants of not fewer than five years duration to conduct research with respect to the causes of, and the risk factors and biomarkers associated with, NMO (a neurological disease leading to blindness and paralysis); (2) assemble a panel of experts to provide ongoing guidance and the recommendations on research design and protocols, and (3) designate a central laboratory to collect, analyze, and aggregate data with respect to such research and to make such data and analysis available to researchers.</p> <p>Establishes eligibility requirements for a consortium (a partnership of two or more universities, health care organizations, or government agencies, or any combination of such entities), including that: (1) it has the capability to enroll a minimum of 25 individuals with a diagnosis of NMO as research participants from the designated catchment area (geographical area), and (2) that the catchment area does not overlap with any other consortium receiving a grant under this Act.</p>]]></summary-text>
</summary>
</item>
<dublinCore xmlns:dc="http://purl.org/dc/elements/1.1/">
<dc:format>text/xml</dc:format>
<dc:language>EN</dc:language>
<dc:rights>Pursuant to Title 17 Section 105 of the United States Code, this file is not subject to copyright protection and is in the public domain.</dc:rights>
<dc:contributor>Congressional Research Service, Library of Congress</dc:contributor>
<dc:description>This file contains bill summaries for federal legislation. A bill summary describes the most significant provisions of a piece of legislation and details the effects the legislative text may have on current law and federal programs. Bill summaries are authored by the Congressional Research Service (CRS) of the Library of Congress. As stated in Public Law 91-510 (2 USC 166 (d)(6)), one of the duties of CRS is "to prepare summaries and digests of bills and resolutions of a public general nature introduced in the Senate or House of Representatives". For more information, refer to the User Guide that accompanies this file.</dc:description>
</dublinCore>
</BillSummaries>
