<?xml version="1.0" encoding="UTF-8"?>
<BillSummaries>
<item congress="113" measure-type="hr" measure-number="646" measure-id="id113hr646" originChamber="HOUSE" orig-publish-date="2013-02-13" update-date="2013-03-21">
<title>Bankruptcy Nondiscrimination Enhancement Act of 2013</title>
<summary summary-id="id113hr646v00" currentChamber="HOUSE" update-date="2013-03-21">
<action-date>2013-02-13</action-date>
<action-desc>Introduced in House</action-desc>
<summary-text><![CDATA[<p> Bankruptcy Nondiscrimination Enhancement Act of 2013 - Amends the federal bankruptcy code to prohibit private employers from denying employment to: (1) an individual who is or has been a debtor under either the bankruptcy code or the Bankruptcy Act, or (2) an individual associated with such debtor or bankrupt.</p> <p>Eliminates from such prohibition the limitation applying it to a denial or termination of employment solely on the basis of debtor status (thus applying the prohibition to any case in which debtor status is not the sole basis for discrimination).</p> <p><BR> </p>]]></summary-text>
</summary>
</item>
<dublinCore xmlns:dc="http://purl.org/dc/elements/1.1/">
<dc:format>text/xml</dc:format>
<dc:language>EN</dc:language>
<dc:rights>Pursuant to Title 17 Section 105 of the United States Code, this file is not subject to copyright protection and is in the public domain.</dc:rights>
<dc:contributor>Congressional Research Service, Library of Congress</dc:contributor>
<dc:description>This file contains bill summaries for federal legislation. A bill summary describes the most significant provisions of a piece of legislation and details the effects the legislative text may have on current law and federal programs. Bill summaries are authored by the Congressional Research Service (CRS) of the Library of Congress. As stated in Public Law 91-510 (2 USC 166 (d)(6)), one of the duties of CRS is "to prepare summaries and digests of bills and resolutions of a public general nature introduced in the Senate or House of Representatives". For more information, refer to the User Guide that accompanies this file.</dc:description>
</dublinCore>
</BillSummaries>
