<?xml version="1.0" encoding="UTF-8"?>
<BillSummaries>
<item congress="113" measure-type="hr" measure-number="657" measure-id="id113hr657" originChamber="HOUSE" orig-publish-date="2013-02-13" update-date="2013-08-06">
<title>Grazing Improvement Act</title>
<summary summary-id="id113hr657v18" currentChamber="HOUSE" update-date="2013-08-06">
<action-date>2013-07-09</action-date>
<action-desc>Reported to House amended, Part I</action-desc>
<summary-text><![CDATA[<p>Grazing Improvement Act - Amends the Federal Land Policy and Management Act of 1976 (the Act) to double from 10 to 20 years the period of a term for grazing permits and leases for domestic livestock grazing on public lands or lands within national forests in 16 contiguous western states. Permits the issuance of permits and leases for a period shorter than 20 years (under current law, shorter than 10 years), including where the Secretary concerned determines that the initial environmental analysis under the National Environmental Policy Act of 1969 (NEPA) regarding a grazing allotment, permit, or lease has not been completed. </p> <p>Permits only applicants, permittees, and lessees whose interest in grazing livestock is directly affected by a final grazing decision to appeal such decision to an administrative law judge. </p> <p>Directs that grazing permits or leases issued by the Secretary of the Interior respecting lands under the jurisdiction of the Department of the Interior and grazing permits issued by the Secretary of Agriculture (USDA) respecting National Forest System lands that expire, are transferred, or are waived after this Act's enactment be renewed or reissued, as appropriate, under the Act, the Granger-Thye Act, the Bankhead-Jones Farm Tenant Act, or the California Desert Protection Act of 1994. </p> <p> Excludes the renewal, reissuance, or transfer of a grazing permit or lease by the Secretary concerned from the NEPA requirement to prepare an environmental analysis if: (1) such decision continues to renew, reissue, or transfer current grazing management of the allotment; (2) monitoring indicates that such management meets objectives contained in the land use and resource management plan of the allotment; or (3) the decision is consistent with the policy of the Department of the Interior or USDA regarding extraordinary circumstances. </p> <p>Gives the Secretary concerned the sole discretion to determine the priority and timing for completing each required environmental analysis regarding any grazing allotment, permit, or lease based on the environmental significance of such authorization and available funding.</p> <p>Makes NEPA inapplicable to domestic livestock crossing and trailing authorizations, transfers of grazing preference, and range improvements.</p>]]></summary-text>
</summary>
<summary summary-id="id113hr657v00" currentChamber="HOUSE" update-date="2013-03-04">
<action-date>2013-02-13</action-date>
<action-desc>Introduced in House</action-desc>
<summary-text><![CDATA[<p>Grazing Improvement Act - Amends the Federal Land Policy and Management Act of 1976 (the Act) to double from 10 to 20 years the period of a term for grazing permits and leases for domestic livestock grazing on public lands or lands within national forests in 16 contiguous western states. Permits the issuance of permits and leases for a period shorter than 20 years (under current law, shorter than 10 years), including where the Secretary concerned determines that the initial environmental analysis under the National Environmental Policy Act of 1969 (NEPA) regarding a grazing allotment, permit, or lease has not been completed. </p> <p>Directs that grazing permits or leases issued by the Secretary of the Interior respecting lands under the jurisdiction of the Department of the Interior and grazing permits issued by the Secretary of Agriculture (USDA) respecting National Forest System lands that expire, are transferred, or are waived after this Act's enactment be renewed or reissued, as appropriate, under the Act, the Granger-Thye Act, the Bankhead-Jones Farm Tenant Act, or the California Desert Protection Act of 1994. </p> <p> Excludes the renewal, reissuance, or transfer of a grazing permit or lease by the Secretary concerned from the NEPA requirement to prepare an environmental analysis if: (1) such decision continues to renew, reissue, or transfer current grazing management of the allotment; (2) monitoring indicates that such management meets objectives contained in the land use and resource management plan of the allotment; or (3) the decision is consistent with the policy of the Department of the Interior or USDA regarding extraordinary circumstances. </p> <p>Makes NEPA inapplicable to domestic livestock crossing and trailing authorizations and transfers of grazing preference.</p>]]></summary-text>
</summary>
</item>
<dublinCore xmlns:dc="http://purl.org/dc/elements/1.1/">
<dc:format>text/xml</dc:format>
<dc:language>EN</dc:language>
<dc:rights>Pursuant to Title 17 Section 105 of the United States Code, this file is not subject to copyright protection and is in the public domain.</dc:rights>
<dc:contributor>Congressional Research Service, Library of Congress</dc:contributor>
<dc:description>This file contains bill summaries for federal legislation. A bill summary describes the most significant provisions of a piece of legislation and details the effects the legislative text may have on current law and federal programs. Bill summaries are authored by the Congressional Research Service (CRS) of the Library of Congress. As stated in Public Law 91-510 (2 USC 166 (d)(6)), one of the duties of CRS is "to prepare summaries and digests of bills and resolutions of a public general nature introduced in the Senate or House of Representatives". For more information, refer to the User Guide that accompanies this file.</dc:description>
</dublinCore>
</BillSummaries>
