<?xml version="1.0" encoding="UTF-8"?>
<BillSummaries>
<item congress="113" measure-type="hr" measure-number="367" measure-id="id113hr367" originChamber="HOUSE" orig-publish-date="2013-01-23" update-date="2013-08-22">
<title>Regulations From the Executive in Need of Scrutiny Act of 2013</title>
<summary summary-id="id113hr367v36" currentChamber="HOUSE" update-date="2013-08-22">
<action-date>2013-08-02</action-date>
<action-desc>Passed House amended</action-desc>
<summary-text><![CDATA[<p>Regulations From the Executive in Need of Scrutiny Act of 2013 - (Sec. 2) States that the purposes of this Act are to: (1) increase accountability for and transparency in the federal regulatory process by requiring Congress to approve all new major regulations, and (2) include in the definition of &quot;major rule&quot; any rule that implements or provides for the imposition or collection of a tax on carbon emissions. Defines &quot;carbon tax&quot; as a fee, levy, or price on: (1) emissions, including carbon dioxide emissions generated by the burning of coal, natural gas, or oil; or (2) coal, natural gas, or oil based on emissions, including carbon dioxide emissions, that would be generated through the fuel's combustion. </p> <p>(Sec. 3) Revises provisions relating to congressional review of agency rulemaking to require a federal agency promulgating a rule to include in its report to Congress and to the Comptroller General (GAO): (1) a classification of the rule as a major or nonmajor rule; (2) a list of other regulatory actions taken by the agency or by any other federal agency that are intended to implement the same statutory provision or regulatory objective, as well as the individual and aggregate economic effects of those actions; and (3) a complete copy of any cost-benefit analysis of a rule, including an analysis of jobs added or lost, differentiating between public and private sector jobs.</p> <p>Requires a joint resolution of approval of major rules to be enacted before such rules may take effect (currently, major rules take effect unless a joint resolution disapproving them is enacted). Provides that if a joint resolution of approval is not enacted by the end of 70 session days or legislative days, as applicable, after the agency proposing the rule submits its report on such rule to Congress, the major rule shall be deemed not to be approved and shall not take effect. Permits a major rule to take effect for one 90-calendar day period without such approval if the President determines it is necessary because of an imminent threat to health or safety or other emergency, for the enforcement of criminal laws, for national security, or to implement an international trade agreement.</p> <p>Sets forth the congressional approval procedure for major rules and the congressional disapproval procedure for nonmajor rules. Prohibits an agency from allowing a major rule to take effect without the congressional review procedures set forth in this Act. </p> <p>Requires the introduction of a joint resolution addressing a report classifying a rule as a major rule within three legislative days in the House of Representative and three session days in the Senate. Prohibits any amendments to such a joint resolution at any stage of the legislative process. Provides for expedited consideration of a joint resolution of approval and requires a vote on such resolution in the Senate within 15 session days after it is reported by the committee to which it was referred, or after such committee has been discharged from further consideration of the resolution.</p> <p>Revises the definition of &quot;major rule&quot; to mean any rule that: (1) has resulted in or is likely to result in an annual effect on the economy of $50 million or more (currently, $100 million); (2) is made by the Administrator of the Environmental Protection Agency (EPA) and that would have a significant impact on a substantial number of agricultural entities; (3) implements or provides for the imposition or collection of a carbon tax; or (4) is made under the Patient Protection and Affordable Care Act.</p> <p>Allows a court to review whether an agency has completed the necessary requirements under this Act for a rule to take effect (currently, no judicial review of a determination, finding, action, or omission in the rulemaking process is subject to judicial review). Limits the effect of a joint resolution of approval of a major rule.</p> <p>Makes this Act inapplicable to rules that concern monetary policy proposed or implemented by the Board of Governors of the Federal Reserve System or the Federal Open Market Committee. </p> <p>Provides that any rule promulgated by a federal agency that relates to a regulatory program for a commercial, recreational, or subsistence activity related to hunting, fishing, or camping, or any rule other than a major rule for which an agency for good cause finds that notice and public procedure thereon are impracticable, unnecessary, or contrary to the public interest, shall take effect at such time as the agency determines.</p> <p>(Sec. 4) Amends the Balanced Budget and Emergency Deficit Control Act of 1985 to provide that any congressional approval procedure set forth in this Act affecting budget authority, outlays, or receipts shall be assumed to be effective unless it is not approved in accordance with this Act.</p> <p>(Sec. 5) Directs the Comptroller General to conduct a study to determine as of the date of enactment of this Act: (1) how many rules were in effect, (2) how many major rules were in effect, and (3) the total estimated economic cost imposed by all such rules. Requires a report to Congress on such study within one year of the enactment of this Act. </p>]]></summary-text>
</summary>
<summary summary-id="id113hr367v18" currentChamber="HOUSE" update-date="2013-08-21">
<action-date>2013-07-19</action-date>
<action-desc>Reported to House amended, Part I</action-desc>
<summary-text><![CDATA[<p>Regulations From the Executive in Need of Scrutiny Act of 2013 - (Sec. 2) States that the purpose of this Act is to increase accountability for and transparency in the federal regulatory process by requiring Congress to approve all new major regulations. </p> <p>(Sec. 3) Revises provisions relating to congressional review of agency rulemaking to require a federal agency promulgating a rule to include in its report to Congress and to the Comptroller General (GAO) a classification of the rule as a major or non-major rule. Requires a joint resolution of approval of major rules to be enacted before such rules may take effect (currently, major rules take effect unless a joint resolution disapproving them is enacted). Provides that if a joint resolution of approval is not enacted by the end of 70 session days or legislative days, as applicable, after the agency proposing the rule submits its report on such rule to Congress, the major rule shall be deemed not to be approved and shall not take effect. Permits a major rule to take effect for one 90-calendar day period without such approval if the President determines it is necessary because of an imminent threat to health or safety or other emergency, for the enforcement of criminal laws, for national security, or to implement an international trade agreement.</p> <p>Sets forth the congressional approval procedure for major rules and the congressional disapproval procedure for non-major rules. Prohibits an agency from allowing a major rule to take effect without the congressional review procedures set forth in this Act. </p> <p>Requires the introduction of a joint resolution addressing a report classifying a rule as a major rule within three legislative days in the House of Representative and three session days in the Senate. Prohibits any amendments to such a joint resolution at any stage of the legislative process. Provides for expedited consideration of a joint resolution of approval and requires a vote on such resolution in the Senate within 15 session days after it is reported by the committee to which it was referred, or after such committee has been discharged from further consideration of the resolution.</p> <p>Allows a court to review whether an agency has completed the necessary requirements under this Act for a rule to take effect (currently, no judicial review of a determination, finding, action, or omission in the rulemaking process is subject to judicial review). Limits the effect of a joint resolution of approval of a major rule.</p> <p>Makes this Act inapplicable to rules that concern monetary policy proposed or implemented by the Board of Governors of the Federal Reserve System or the Federal Open Market Committee. </p> <p>Provides that any rule promulgated by a federal agency that relates to a regulatory program for a commercial, recreational, or subsistence activity related to hunting, fishing, or camping, or any rule other than a major rule for which an agency for good cause finds that notice and public procedure thereon are impracticable, unnecessary, or contrary to the public interest, shall take effect at such time as the agency determines. </p> <p>(Sec. 4) Amends the Balanced Budget and Emergency Deficit Control Act of 1985 to provide that any congressional approval procedure set forth in this Act affecting budget authority, outlays, or receipts shall be assumed to be effective unless it is not approved in accordance with this Act.</p> <p>(Sec. 5) Directs the Comptroller General to conduct a study to determine as of the date of enactment of this Act: (1) how many rules were in effect, (2) how many major rules were in effect, and (3) the total estimated economic cost imposed by all such rules. Requires a report to Congress on such study within one year of the enactment of this Act. </p>]]></summary-text>
</summary>
<summary summary-id="id113hr367v00" currentChamber="HOUSE" update-date="2013-01-29">
<action-date>2013-01-23</action-date>
<action-desc>Introduced in House</action-desc>
<summary-text><![CDATA[<p>Regulations From the Executive in Need of Scrutiny Act of 2013 - States that the purpose of this Act is to increase accountability for and transparency in the federal regulatory process by requiring Congress to approve all new major regulations. </p> <p>Revises provisions relating to congressional review of agency rulemaking to require a federal agency promulgating a rule to include in its report to Congress and to the Comptroller General (GAO) a classification of the rule as a major or nonmajor rule.</p> <p>Requires a joint resolution of approval of major rules to be enacted before such rules may take effect. Provides that if a joint resolution of approval is not enacted by the end of 70 session days or legislative days, as applicable, after the agency proposing the rule submits its report on such rule to Congress, the major rule shall be deemed not to be approved and shall not take effect. Permits a major rule to take effect for one 90-calendar day period without such approval if the President determines it is necessary because of an imminent threat to health or safety or other emergency, for the enforcement of criminal laws, for national security, or to implement an international trade agreement.</p> <p>Sets forth the congressional approval procedure for major rules and the congressional disapproval procedure for nonmajor rules. </p> <p>Requires the introduction of a joint resolution addressing a report classifying a rule as a major rule within three legislative days in the House of Representative and three session days in the Senate. Prohibits any amendments to such a joint resolution at any stage of the legislative process. Provides for expedited consideration of a joint resolution of approval and requires a vote on such resolution in the Senate within 15 session days after it is reported by the committee to which it was referred, or after such committee has been discharged from further consideration of the resolution.</p> <p>Allows a court to review whether an agency has completed the necessary requirements under this Act for a rule to take effect. Limits the effect of a joint resolution of approval of a major rule.</p> <p>Prohibits an agency from allowing a major rule to take effect without the congressional review procedures set forth in this Act. </p> <p>Amends the Balanced Budget and Emergency Deficit Control Act of 1985 to provide that any congressional approval procedure set forth in this Act affecting budget authority, outlays, or receipts shall be assumed to be effective unless it is not approved in accordance with this Act.</p>]]></summary-text>
</summary>
</item>
<dublinCore xmlns:dc="http://purl.org/dc/elements/1.1/">
<dc:format>text/xml</dc:format>
<dc:language>EN</dc:language>
<dc:rights>Pursuant to Title 17 Section 105 of the United States Code, this file is not subject to copyright protection and is in the public domain.</dc:rights>
<dc:contributor>Congressional Research Service, Library of Congress</dc:contributor>
<dc:description>This file contains bill summaries for federal legislation. A bill summary describes the most significant provisions of a piece of legislation and details the effects the legislative text may have on current law and federal programs. Bill summaries are authored by the Congressional Research Service (CRS) of the Library of Congress. As stated in Public Law 91-510 (2 USC 166 (d)(6)), one of the duties of CRS is "to prepare summaries and digests of bills and resolutions of a public general nature introduced in the Senate or House of Representatives". For more information, refer to the User Guide that accompanies this file.</dc:description>
</dublinCore>
</BillSummaries>
