<?xml version="1.0" encoding="UTF-8"?>
<BillSummaries>
<item congress="113" measure-type="hr" measure-number="616" measure-id="id113hr616" originChamber="HOUSE" orig-publish-date="2013-02-12" update-date="2013-02-20">
<title>Scaling Up Manufacturing Act of 2013</title>
<summary summary-id="id113hr616v00" currentChamber="HOUSE" update-date="2013-02-20">
<action-date>2013-02-12</action-date>
<action-desc>Introduced in House</action-desc>
<summary-text><![CDATA[<p> Scaling Up Manufacturing Act of 2013 - Amends the Internal Revenue Code to allow certain corporations or partnerships that are headquartered in the United States a tax credit for up to 25% of their costs for the construction of a manufacturing facility and for the purchase of specialized equipment for use at such facility. </p> <UL><UL> </UL> </UL> <BR>]]></summary-text>
</summary>
</item>
<dublinCore xmlns:dc="http://purl.org/dc/elements/1.1/">
<dc:format>text/xml</dc:format>
<dc:language>EN</dc:language>
<dc:rights>Pursuant to Title 17 Section 105 of the United States Code, this file is not subject to copyright protection and is in the public domain.</dc:rights>
<dc:contributor>Congressional Research Service, Library of Congress</dc:contributor>
<dc:description>This file contains bill summaries for federal legislation. A bill summary describes the most significant provisions of a piece of legislation and details the effects the legislative text may have on current law and federal programs. Bill summaries are authored by the Congressional Research Service (CRS) of the Library of Congress. As stated in Public Law 91-510 (2 USC 166 (d)(6)), one of the duties of CRS is "to prepare summaries and digests of bills and resolutions of a public general nature introduced in the Senate or House of Representatives". For more information, refer to the User Guide that accompanies this file.</dc:description>
</dublinCore>
</BillSummaries>
