<?xml version="1.0" encoding="UTF-8"?>
<BillSummaries>
<item congress="113" measure-type="hr" measure-number="739" measure-id="id113hr739" originChamber="HOUSE" orig-publish-date="2013-02-14" update-date="2014-08-28">
<title>Chesapeake Bay Accountability and Recovery Act of 2013</title>
<summary summary-id="id113hr739v28" currentChamber="HOUSE" update-date="2014-08-28">
<action-date>2014-05-19</action-date>
<action-desc>Reported to House without amendment, Part I</action-desc>
<summary-text><![CDATA[<p><b>(This measure has not been amended since it was introduced. The summary of that version is repeated here.)</b></p> <p>Chesapeake Bay Accountability and Recovery Act of 2013 - Requires the Director of the Office of Management and Budget (OMB), in consultation with the Chesapeake Executive Council, the chief executive of each Chesapeake Bay state, and the Chesapeake Bay Commission, to submit to Congress a financial report containing: (1) an interagency crosscut budget for restoration activities that protect, conserve, or restore living resources, habitat, water resources, or water quality in the Chesapeake Bay watershed; (2) an accounting of funds received and obligated by all federal agencies for restoration activities; (3) an accounting from each state of all funds received and obligated from a federal agency for restoration activities; and (4) a description of each of the proposed federal and state restoration activities. Requires such report to describe only federal or state restoration activities that have funding amounts of at least $100,000 or $50,000, respectively.</p> <p>Requires the Administrator of the Environmental Protection Agency (EPA) to develop and update biennially an adaptive management plan for restoration activities in the Chesapeake Bay watershed that includes: (1) a definition of specific and measurable objectives to improve water quality, habitat, and fisheries; (2) a process for stakeholder participation; (3) monitoring, modeling, experimentation, and other research and evaluation practices; (4) a process for modification of restoration activities that have not attained or will not attain such objectives; and (5) a process for prioritizing restoration activities and programs to which adaptive management shall be applied. Requires the Administrator to: (1) report annually to Congress on implementation of such plan, and (2) include such plan in the Annual Action Plan and Annual Progress Report.</p> <p>Requires appointment of an Independent Evaluator for the Chesapeake Bay watershed, who shall review and report to Congress biennially on restoration activities and the use of adaptive management in such activities, from among nominees submitted by the Chesapeake Executive Council.</p>]]></summary-text>
</summary>
<summary summary-id="id113hr739v00" currentChamber="HOUSE" update-date="2014-08-28">
<action-date>2013-02-14</action-date>
<action-desc>Introduced in House</action-desc>
<summary-text><![CDATA[<p>Chesapeake Bay Accountability and Recovery Act of 2013 - Requires the Director of the Office of Management and Budget (OMB), in consultation with the Chesapeake Executive Council, the chief executive of each Chesapeake Bay state, and the Chesapeake Bay Commission, to submit to Congress a financial report containing: (1) an interagency crosscut budget for restoration activities that protect, conserve, or restore living resources, habitat, water resources, or water quality in the Chesapeake Bay watershed; (2) an accounting of funds received and obligated by all federal agencies for restoration activities; (3) an accounting from each state of all funds received and obligated from a federal agency for restoration activities; and (4) a description of each of the proposed federal and state restoration activities. Requires such report to describe only federal or state restoration activities that have funding amounts of at least $100,000 or $50,000, respectively.</p> <p>Requires the Administrator of the Environmental Protection Agency (EPA) to develop and update biennially an adaptive management plan for restoration activities in the Chesapeake Bay watershed that includes: (1) a definition of specific and measurable objectives to improve water quality, habitat, and fisheries; (2) a process for stakeholder participation; (3) monitoring, modeling, experimentation, and other research and evaluation practices; (4) a process for modification of restoration activities that have not attained or will not attain such objectives; and (5) a process for prioritizing restoration activities and programs to which adaptive management shall be applied. Requires the Administrator to: (1) report annually to Congress on implementation of such plan, and (2) include such plan in the Annual Action Plan and Annual Progress Report.</p> <p>Requires appointment of an Independent Evaluator for the Chesapeake Bay watershed, who shall review and report to Congress biennially on restoration activities and the use of adaptive management in such activities, from among nominees submitted by the Chesapeake Executive Council.</p>]]></summary-text>
</summary>
</item>
<dublinCore xmlns:dc="http://purl.org/dc/elements/1.1/">
<dc:format>text/xml</dc:format>
<dc:language>EN</dc:language>
<dc:rights>Pursuant to Title 17 Section 105 of the United States Code, this file is not subject to copyright protection and is in the public domain.</dc:rights>
<dc:contributor>Congressional Research Service, Library of Congress</dc:contributor>
<dc:description>This file contains bill summaries for federal legislation. A bill summary describes the most significant provisions of a piece of legislation and details the effects the legislative text may have on current law and federal programs. Bill summaries are authored by the Congressional Research Service (CRS) of the Library of Congress. As stated in Public Law 91-510 (2 USC 166 (d)(6)), one of the duties of CRS is "to prepare summaries and digests of bills and resolutions of a public general nature introduced in the Senate or House of Representatives". For more information, refer to the User Guide that accompanies this file.</dc:description>
</dublinCore>
</BillSummaries>
