<?xml version="1.0" encoding="UTF-8"?>
<BillSummaries>
<item congress="113" measure-type="hr" measure-number="304" measure-id="id113hr304" originChamber="HOUSE" orig-publish-date="2013-01-15" update-date="2013-01-25">
<title>To amend title 49, United States Code, to change the membership of the Metropolitan Washington Airports Authority board of directors, and for other purposes.</title>
<summary summary-id="id113hr304v00" currentChamber="HOUSE" update-date="2013-01-25">
<action-date>2013-01-15</action-date>
<action-desc>Introduced in House</action-desc>
<summary-text><![CDATA[<p>Revises membership requirements for and reduces to nine the number of members on the board of directors of the Metropolitan Washington Airports Authority. Makes corresponding reductions in the number of members appointed by the governors of Virginia and Maryland, the mayor of the District of Columbia, and the President.</p> <p>Reduces from 10 to 5 the number of votes required to approve bond issues and the annual budget.</p> <p>Makes conforming amendments to the District of Columbia Regional Airports Authority Act of 1985.</p> <p>Limits members to one term.</p> <p>Prescribes certain term limits for the first six members appointed by the governor of Virginia.</p>]]></summary-text>
</summary>
</item>
<dublinCore xmlns:dc="http://purl.org/dc/elements/1.1/">
<dc:format>text/xml</dc:format>
<dc:language>EN</dc:language>
<dc:rights>Pursuant to Title 17 Section 105 of the United States Code, this file is not subject to copyright protection and is in the public domain.</dc:rights>
<dc:contributor>Congressional Research Service, Library of Congress</dc:contributor>
<dc:description>This file contains bill summaries for federal legislation. A bill summary describes the most significant provisions of a piece of legislation and details the effects the legislative text may have on current law and federal programs. Bill summaries are authored by the Congressional Research Service (CRS) of the Library of Congress. As stated in Public Law 91-510 (2 USC 166 (d)(6)), one of the duties of CRS is "to prepare summaries and digests of bills and resolutions of a public general nature introduced in the Senate or House of Representatives". For more information, refer to the User Guide that accompanies this file.</dc:description>
</dublinCore>
</BillSummaries>
