<?xml version="1.0" encoding="UTF-8"?>
<BillSummaries>
<item congress="113" measure-type="hr" measure-number="389" measure-id="id113hr389" originChamber="HOUSE" orig-publish-date="2013-01-23" update-date="2013-02-20">
<title>Transparency in Tobacco User Fees Act of 2013</title>
<summary summary-id="id113hr389v00" currentChamber="HOUSE" update-date="2013-02-20">
<action-date>2013-01-23</action-date>
<action-desc>Introduced in House</action-desc>
<summary-text><![CDATA[<p>Transparency in Tobacco User Fees Act of 2013 - Amends the Federal Food, Drug, and Cosmetic Act to require the Secretary of Health and Human Services (HHS) to report annually to Congress on user fees assessed on manufacturers and importers of tobacco products.</p>]]></summary-text>
</summary>
</item>
<dublinCore xmlns:dc="http://purl.org/dc/elements/1.1/">
<dc:format>text/xml</dc:format>
<dc:language>EN</dc:language>
<dc:rights>Pursuant to Title 17 Section 105 of the United States Code, this file is not subject to copyright protection and is in the public domain.</dc:rights>
<dc:contributor>Congressional Research Service, Library of Congress</dc:contributor>
<dc:description>This file contains bill summaries for federal legislation. A bill summary describes the most significant provisions of a piece of legislation and details the effects the legislative text may have on current law and federal programs. Bill summaries are authored by the Congressional Research Service (CRS) of the Library of Congress. As stated in Public Law 91-510 (2 USC 166 (d)(6)), one of the duties of CRS is "to prepare summaries and digests of bills and resolutions of a public general nature introduced in the Senate or House of Representatives". For more information, refer to the User Guide that accompanies this file.</dc:description>
</dublinCore>
</BillSummaries>
