<?xml version="1.0" encoding="UTF-8"?>
<BillSummaries>
<item congress="113" measure-type="hr" measure-number="164" measure-id="id113hr164" originChamber="HOUSE" orig-publish-date="2013-01-04" update-date="2013-01-29">
<title>To amend title 10, United States Code, to permit veterans who have a service-connected, permanent disability rated as total to travel on military aircraft in the same manner and to the same extent as retired members of the Armed Forces entitled to such travel.</title>
<summary summary-id="id113hr164v00" currentChamber="HOUSE" update-date="2013-01-29">
<action-date>2013-01-04</action-date>
<action-desc>Introduced in House</action-desc>
<summary-text><![CDATA[<p>Directs the Secretary of Defense (DOD) to provide transportation on scheduled and unscheduled military flights within the United States and on scheduled overseas flights on a space-available basis for veterans with a service-connected, permanent disability rated as total.</p>]]></summary-text>
</summary>
</item>
<dublinCore xmlns:dc="http://purl.org/dc/elements/1.1/">
<dc:format>text/xml</dc:format>
<dc:language>EN</dc:language>
<dc:rights>Pursuant to Title 17 Section 105 of the United States Code, this file is not subject to copyright protection and is in the public domain.</dc:rights>
<dc:contributor>Congressional Research Service, Library of Congress</dc:contributor>
<dc:description>This file contains bill summaries for federal legislation. A bill summary describes the most significant provisions of a piece of legislation and details the effects the legislative text may have on current law and federal programs. Bill summaries are authored by the Congressional Research Service (CRS) of the Library of Congress. As stated in Public Law 91-510 (2 USC 166 (d)(6)), one of the duties of CRS is "to prepare summaries and digests of bills and resolutions of a public general nature introduced in the Senate or House of Representatives". For more information, refer to the User Guide that accompanies this file.</dc:description>
</dublinCore>
</BillSummaries>
