<?xml version="1.0" encoding="UTF-8"?>
<BillSummaries>
<item congress="113" measure-type="hr" measure-number="324" measure-id="id113hr324" originChamber="HOUSE" orig-publish-date="2013-01-18" update-date="2013-08-02">
<title>To grant the Congressional Gold Medal, collectively, to the First Special Service Force, in recognition of its superior service during World War II.</title>
<summary summary-id="id113hr324v49" currentChamber="BOTH" update-date="2013-08-02">
<action-date>2013-07-12</action-date>
<action-desc>Public Law</action-desc>
<summary-text><![CDATA[<p><b>(This measure has not been amended since it was passed by the House on May 21, 2013. The summary of that version is repeated here.)</b> </p> <p>Requires the Speaker of the House of Representatives and the President pro tempore of the Senate to make appropriate arrangements for the award, on behalf of Congress, of a single gold medal to the First Special Service Force (a joint American-Canadian volunteer unit), collectively, in recognition of their World War II service.</p> <p>Directs that the gold medal be given to the First Special Service Force Association in Helena, Montana, for display there and elsewhere, including Fort William Henry Harrison in Helena.</p> <p>Authorizes the Secretary of the Treasury to strike and sell bronze duplicates with proceeds deposited in the U.S. Mint Public Enterprise Fund.</p> <p>Declares that the medal struck under this Act is a national medal for purposes of specified coins and currency provisions.</p>]]></summary-text>
</summary>
<summary summary-id="id113hr324v82" currentChamber="SENATE" update-date="2013-07-02">
<action-date>2013-06-27</action-date>
<action-desc>Passed Senate without amendment</action-desc>
<summary-text><![CDATA[<p><b>(This measure has not been amended since it was passed by the House on May 21, 2013. The summary of that version is repeated here.)</b> </p> <p>Requires the Speaker of the House of Representatives and the President pro tempore of the Senate to make appropriate arrangements for the award, on behalf of Congress, of a single gold medal to the First Special Service Force (a joint American-Canadian volunteer unit), collectively, in recognition of their World War II service.</p> <p>Directs that the gold medal be given to the First Special Service Force Association in Helena, Montana, for display there and elsewhere, including Fort William Henry Harrison in Helena.</p> <p>Authorizes the Secretary of the Treasury to strike and sell bronze duplicates with proceeds deposited in the U.S. Mint Public Enterprise Fund.</p> <p>Declares that the medal struck under this Act is a national medal for purposes of specified coins and currency provisions.</p>]]></summary-text>
</summary>
<summary summary-id="id113hr324v36" currentChamber="HOUSE" update-date="2013-06-05">
<action-date>2013-05-21</action-date>
<action-desc>Passed House amended</action-desc>
<summary-text><![CDATA[<p>Requires the Speaker of the House of Representatives and the President pro tempore of the Senate to make appropriate arrangements for the award, on behalf of Congress, of a single gold medal to the First Special Service Force (a joint American-Canadian volunteer unit), collectively, in recognition of their World War II service.</p> <p>Directs that the gold medal be given to the First Special Service Force Association in Helena, Montana, for display there and elsewhere, including Fort William Henry Harrison in Helena.</p> <p>Authorizes the Secretary of the Treasury to strike and sell bronze duplicates with proceeds deposited in the U.S. Mint Public Enterprise Fund.</p> <p>Declares that the medal struck under this Act is a national medal for purposes of specified coins and currency provisions.</p>]]></summary-text>
</summary>
<summary summary-id="id113hr324v00" currentChamber="HOUSE" update-date="2013-02-11">
<action-date>2013-01-18</action-date>
<action-desc>Introduced in House</action-desc>
<summary-text><![CDATA[<p>Requires the Speaker of the House of Representatives and the President pro tempore of the Senate to make appropriate arrangements for the award, on behalf of Congress, of two gold medals to the First Special Service Force (a joint American-Canadian volunteer unit), collectively, in recognition of their World War II service.</p> <p>Directs one such gold medal to be given to the Smithsonian Institution and the other to the First Special Service Force Association in Helena, Montana.</p> <p>Authorizes the Secretary of the Treasury to strike and sell bronze duplicates with proceeds deposited in the U.S. Mint Public Enterprise Fund.</p> <p>Declares that medals struck under this Act are national medals for purposes of specified coins and currency provisions.</p>]]></summary-text>
</summary>
</item>
<dublinCore xmlns:dc="http://purl.org/dc/elements/1.1/">
<dc:format>text/xml</dc:format>
<dc:language>EN</dc:language>
<dc:rights>Pursuant to Title 17 Section 105 of the United States Code, this file is not subject to copyright protection and is in the public domain.</dc:rights>
<dc:contributor>Congressional Research Service, Library of Congress</dc:contributor>
<dc:description>This file contains bill summaries for federal legislation. A bill summary describes the most significant provisions of a piece of legislation and details the effects the legislative text may have on current law and federal programs. Bill summaries are authored by the Congressional Research Service (CRS) of the Library of Congress. As stated in Public Law 91-510 (2 USC 166 (d)(6)), one of the duties of CRS is "to prepare summaries and digests of bills and resolutions of a public general nature introduced in the Senate or House of Representatives". For more information, refer to the User Guide that accompanies this file.</dc:description>
</dublinCore>
</BillSummaries>
