<?xml version="1.0" encoding="UTF-8"?>
<BillSummaries>
<item congress="113" measure-type="hr" measure-number="456" measure-id="id113hr456" originChamber="HOUSE" orig-publish-date="2013-02-04" update-date="2013-02-12">
<title>Los Angeles Residential Helicopter Noise Relief Act of 2013</title>
<summary summary-id="id113hr456v00" currentChamber="HOUSE" update-date="2013-02-12">
<action-date>2013-02-04</action-date>
<action-desc>Introduced in House</action-desc>
<summary-text><![CDATA[<p>Los Angeles Residential Helicopter Noise Relief Act of 2013 - Directs the Administrator of the Federal Aviation Administration (FAA) to prescribe regulations for helicopter operations in Los Angeles County, California, that include requirements for helicopter flight paths and altitudes to reduce helicopter noise pollution in residential areas, increase safety, and minimize scheduled commercial aircraft delays.</p> <p>Requires the Administrator to exempt from such requirements helicopter operations related to emergency, law enforcement, or military activities.</p> <p>Directs the Administrator to make reasonable efforts to consult with local communities and local helicopter operators to develop regulations that meet the needs of local communities, helicopter operators, and the FAA.</p>]]></summary-text>
</summary>
</item>
<dublinCore xmlns:dc="http://purl.org/dc/elements/1.1/">
<dc:format>text/xml</dc:format>
<dc:language>EN</dc:language>
<dc:rights>Pursuant to Title 17 Section 105 of the United States Code, this file is not subject to copyright protection and is in the public domain.</dc:rights>
<dc:contributor>Congressional Research Service, Library of Congress</dc:contributor>
<dc:description>This file contains bill summaries for federal legislation. A bill summary describes the most significant provisions of a piece of legislation and details the effects the legislative text may have on current law and federal programs. Bill summaries are authored by the Congressional Research Service (CRS) of the Library of Congress. As stated in Public Law 91-510 (2 USC 166 (d)(6)), one of the duties of CRS is "to prepare summaries and digests of bills and resolutions of a public general nature introduced in the Senate or House of Representatives". For more information, refer to the User Guide that accompanies this file.</dc:description>
</dublinCore>
</BillSummaries>
