<?xml version="1.0" encoding="UTF-8"?>
<BillSummaries>
<item congress="113" measure-type="hr" measure-number="307" measure-id="id113hr307" originChamber="HOUSE" orig-publish-date="2013-01-18" update-date="2013-03-18">
<title>Pandemic and All-Hazards Preparedness Reauthorization Act of 2013</title>
<summary summary-id="id113hr307v49" currentChamber="BOTH" update-date="2013-03-18">
<action-date>2013-03-13</action-date>
<action-desc>Public Law</action-desc>
<summary-text><![CDATA[<p><b>(This measure has not been amended since it was reported to the Senate on February 14, 2013. The summary of that version is repeated here.)</b> </p> <p>Pandemic and All-Hazards Preparedness Act Reauthorization of 2013 - <strong>Title I: Strengthening National Preparedness and Response for Public Health Emergencies</strong> - (Sec. 101) Amends the Public Health Service Act (PHSA) to require the Secretary of Health and Human Services (HHS) to submit the National Health Security Strategy to the relevant congressional committees in 2014. Revises the Strategy's preparedness goals, in part to specify that the drills and exercises included in periodic evaluations of federal, state, local, and tribal preparedness and response capabilities also include drills and exercises to ensure medical surge capacity for events without notice.</p> <p>Requires the Strategy to include: (1) provisions for increasing the preparedness, response capabilities, and surge capacity of ambulatory care facilities, dental health facilities, and critical care service systems; (2) plans for optimizing a coordinated and flexible approach to the medical surge capacity of hospitals, other health care facilities, critical care, and trauma care and emergency medical systems; (3) provisions taking into account the unique needs of individuals with disabilities in a public health emergency; and (4) strategic initiatives to advance countermeasures to diagnose, mitigate, prevent, or treat harm from any biological agent or toxin or any chemical, radiological, or nuclear agent or agents, whether naturally occurring, unintentional, or deliberate.</p> <p>Requires the Secretary to: (1) monitor emerging issues and concerns as they relate to medical and public health preparedness and response for at-risk individuals in the event of a public health emergency; (2) disseminate and update novel and best practices of outreach to and care of at-risk individuals before, during, and following public health emergencies in as timely a manner as is practicable, including from the time a public health threat is identified; and (3) ensure that public health and medical information distributed by HHS during a public health emergency is delivered in a manner that takes into account the range of communication needs of the intended recipients, including at-risk individuals.</p> <p>(Sec. 102) Requires the Assistant Secretary for Preparedness and Response to provide integrated policy coordination and strategic direction with respect to all matters related to federal public health and medical preparedness and execution and deployment of the federal response for public health emergencies and incidents covered by the National Response Plan before, during, and following public health emergencies.</p> <p>Requires the Assistant Secretary, with respect to overseeing advanced research, development, and procurement of qualified countermeasures, security countermeasures, and qualified pandemic or epidemic products, to: (1) identify and minimize gaps, duplication and other inefficiencies in medical and public health preparedness and response activities and the actions necessary to overcome these obstacles; (2) align and coordinate medical and public health grants and cooperative agreements as applicable to preparedness and response activities authorized under the PHSA; (3) carry out drills and operational exercises to identify, inform, and address gaps in and policies related to all-hazards medical and public health preparedness; and (4) conduct periodic meetings with the Assistant to the President for National Security Affairs to provide an update on, and to discuss, medical and public health preparedness and response activities.</p> <p>Requires the Assistant Secretary to develop and update annually a five-year budget plan based on medical countermeasures priorities.</p> <p>Gives the Assistant Secretary for Preparedness: (1) lead responsibility within HHS for emergency preparedness and response policy and coordination, and (2) authority over and responsibility for the Biomedical Advanced Research and Development Authority (BARDA) as well as grants and related authorities related to trauma care. <p>Transfers director authority and responsibility from the Secretary to the Assistant Secretary for the Medical Reserve Corps and the Emergency System for Advance Registration of Volunteer Health Professionals. <p>Authorizes the Assistant Secretary to exercise the responsibilities and authorities of the Secretary with respect to the coordination of the Public Health Emergency Preparedness Cooperative Agreement Program.</p> <p>Requires the Assistant Secretary to develop the Public Health Emergency Medical Countermeasures Enterprise Strategy and Implementation Plan, a coordinated strategy and accompanying implementation plan for medical countermeasures to address chemical, biological, radiological, and nuclear threats. Requires the Government Accountability Office (GAO) to conduct an independent evaluation of the strategy and implementation plan. Requires the Secretary to ensure that information and items that could compromise national security, contain confidential commercial information, or contain proprietary information are not disclosed. <p>Requires the Secretary to report to the relevant congressional committees regarding coordination with the Department of Defense (DOD) regarding countermeasure activities to address chemical, biological, radiological, and nuclear threats.</p> <p>(Sec. 103) Requires the Secretary to establish the National Advisory Committee on Children and Disasters. Terminates the Committee on September 30, 2018.</p> <p>(Sec. 104) Revises and reauthorizes through FY2018 the National Disaster Medical System. Requires the Secretary to take steps to ensure that a range of public health and medical capabilities are represented in the System, which take into account the needs of at-risk individuals, in the event of a public health emergency. Authorizes the Secretary to determine and pay claims for reimbursement for services provided through the System directly or through contracts that provide for payment in advance or by way of reimbursement.</p> <p>(Sec. 105) Reauthorizes through FY2018 a program for public health emergency readiness of the Department of Veterans Affairs (VA) medical centers.</p> <p><strong>Title II: Optimizing State and Local All-Hazards Preparedness and Response</strong> - (Sec. 201) Allows the Secretary to authorize a state or tribe to temporarily reassign state and local public health department or agency personnel funded through PHSA programs to immediately address a public health emergency in the state or tribe. Requires such reassignments to be voluntary. Requires GAO to evaluate such temporary reassignments. Terminates this temporary reassignment authority on September 30, 2018. </p> <p>(Sec. 202) Revises and reauthorizes for FY2014-FY2018 a program of cooperative agreements to improve state and local public health security. Revises requirements for the All-Hazards Public Health Emergency Preparedness and Response Plan.</p> <p>Requires the Secretary to: (1) update periodically criteria for an effective state plan for responding to pandemic influenza, and (2) require the integration of such criteria into the benchmarks and standards that measure levels of preparedness.</p> <p>Eliminates the authority for pilot demonstration projects to purchase and implement the use of advanced diagnostic medical equipment to analyze real-time clinical specimens for pathogens of public health or bioterrorism significance.</p> <p>Makes amounts provided to an eligible entity under a cooperative agreement to achieve preparedness goals for a fiscal year that remain unobligated at the end of such year available for the next fiscal year, contingent upon the entity's achieving benchmarks and submitting a pandemic influenza plan. Eliminates limits on the amount of an award that an entity may carry over to the succeeding fiscal year.</p> <p>Reauthorizes appropriations for FY2014-FY2018 for the influenza vaccine tracking and distribution program in an influenza pandemic.</p> <p>(Sec. 203) Includes dental entities among those that may carry out education and training activities to improve responses to public health emergencies.<br /> <br /> Reauthorizes the Emergency System for Advance Registration of Health Professions Volunteers (ESAR-VHP) for FY2014-FY2018, which provides a single national interoperable network of systems to verify the credentials and licenses of health care professionals who volunteer to provide health services during a public health emergency.</p> <p>Reauthorizes for FY2014-FY2018 the Medical Reserve Corps to provide for an adequate supply of volunteers in the case of a public health emergency. Requires training exercises to incorporate the needs of at-risk individuals in the event of such an emergency.</p> <p>Revises and reauthorizes appropriations for FY2014-FY2018 for a program of grants and cooperative agreements to improve surge capacity and enhance community and hospital preparedness. Expands the purpose of the program to address the needs of children and other at-risk individuals. Makes community health centers eligible for such a program. Requires the Secretary to implement objective, evidence-based metrics to ensure that entities receiving such grant awards are meeting, to the extent practicable, the applicable goals of the National Health Security Strategy. Makes amounts provided to an eligible entity under the program for a fiscal year that remain unobligated at the end of such year available to the entity for the next fiscal year for the same purposes. Makes continued availability of such funds contingent upon achieving benchmarks and submitting a pandemic influenza plan.</p> <p>(Sec. 204) Reauthorizes appropriations for FY2014-FY2018 for a program to improve public health alert communications and surveillance and public health situational awareness capability. Includes poison control centers in the integrated system of public health alert communications and surveillance networks.</p> <p>Requires the Secretary to submit to the appropriate congressional committees a coordinated strategy and an accompanying implementation plan that demonstrates the measurable steps the Secretary will carry out to: (1) develop, implement, and evaluate the public health situation awareness network; (2) modernize and enhance biosurveillance activities; and (3) improve information sharing, coordination, and communication among disparate biosurveillance systems supported by HHS. Requires the network to include data from community health centers and other health centers. Defines &quot;biosurveillance&quot; as the process of gathering near real-time biological data that relates to human and zoonotic disease activity and threats to human or animal health, in order to achieve early warning and identification of such health threats, early detection and prompt ongoing tracking of health events, and overall situational awareness of disease activity.</p> <p>Requires the National Biodefense Science Board to provide expert advice and guidance regarding the measurable steps the Secretary should take to modernize and enhance biosurveillance activities pursuant to the efforts of HHS to ensure comprehensive, real-time all-hazards biosurveillance capabilities.</p> <p>(Sec. 205) Repeals the requirement that the Secretary report annually to designated congressional committees on the Secretary's exercise of specified authority, including expedited procurement authority, under the Project Bioshield Act of 2004.</p> <p><strong>Title III: Enhancing Medical Countermeasure Review</strong> - (Sec. 301) Amends the Federal Food, Drug, and Cosmetic Act (FFDCA) to revise requirements for special protocol assessments to include agreements on the design and size of animal and any associated clinical trials which, in combination, are intended to form the primary basis of an effectiveness claim for a countermeasure or epidemic or pandemic product when human efficacy studies are not ethical or feasible.</p> <p>(Sec. 302) Revises the Secretary's authority to allow the use of unapproved medical products or the unapproved use of an approved product. Authorizes the Secretary to make a declaration that the circumstances exist justifying such an authorization and base the determination on: (1) a (general) threat (rather than a specific threat as under current law), (2) a significant potential for a public health emergency, (3) the health and security of U.S. citizens abroad, and (4) the identification of a material threat sufficient to affect national security. Eliminates the one-year expiration date for such an authorization (thus allowing it to continue). </p> <p>Requires the Secretary to give a sponsor of a product subject to such an authorization a written explanation of the scientific, regulatory, or other obstacles to approval, licensure, or clearance of such product or use, including specific actions to be taken by the Secretary and the sponsor to overcome such obstacles.</p> <p>Conditions such an authorization, with respect to the emergency use of an unapproved product, on the collection and analysis of information concerning the safety and effectiveness of the product when the authorization is in effect and for a reasonable time afterward.</p> <p>Authorizes the Secretary to review and revise such an authorization. </p> <p>Authorizes the Secretary to determine that a laboratory examination or procedure associated with a medical device subject to an authorization is deemed to be in a particular category of examinations and procedures if such categorization would be beneficial to protecting the public health and the benefits of the categorization outweigh the risks. <p>Authorizes the Secretary to extend the expiration date of eligible medical countermeasures during an emergency if: (1) the extension is intended to support the U.S. ability to protect the public health or military preparedness and effectiveness; and (2) the extension is supported by an appropriate scientific evaluation conducted or accepted by the Secretary.</p> <p>Authorizes the Secretary to permit deviations from good manufacturing practice requirements when the circumstances of a domestic, military, or public health emergency or material threat so warrant.</p> <p>Authorizes the Secretary to waive prescription requirements during an emergency and create and issue emergency use instructions to inform health care providers or individuals to whom an eligible product is to be administered concerning the product's approved, licensed, or cleared conditions.</p> <p>Authorizes the Secretary to waive requirements for a risk evaluation and mitigation strategy in the event of a domestic, military, or public health emergency (currently, such waiver authority applies only to a public health emergency) or the identification of a material threat sufficient to affect national security or the health and security of U.S. citizens abroad.</p> <p>Permits a government entity to introduce into interstate commerce a product intended for emergency use if that product is intended to be held and not used, and is held and not used, unless and until it is: (1) approved, cleared, or licensed; (2) authorized for investigational use; or (3) authorized for emergency use.</p> <p>(Sec. 304) Requires the Secretary to: (1) ensure the appropriate involvement of Food and Drug Administration (FDA) personnel in interagency activities related to countermeasure advanced research and development, (2) ensure the appropriate involvement and consultation of FDA personnel in flexible manufacturing activities, (3) promote countermeasure expertise within the FDA, and (4) maintain teams composed of FDA personnel with expertise on countermeasures.</p> <p>Requires the Secretary to provide final guidance to industry within one year after enactment of this Act regarding the development of animal models to support approval, clearance, or licensure of countermeasures and epidemic and pandemic products when human efficacy studies are not ethical or feasible. </p> <p>Requires the Secretary to establish a procedure by which a sponsor or applicant developing a countermeasure for which human efficacy studies are not ethical or practicable, and that has an approved investigational new drug application or investigational device exemption, may request and receive: (1) a meeting to discuss proposed animal model development activities, and (2) a meeting before initiating pivotal animal studies. Requires such meetings to include discussion of animal models for pediatric populations, as appropriate.</p> <p>Requires the Secretary to take into account the material threat posed by the chemical, biological, radiological, or nuclear agent for which the countermeasure under review is intended when evaluating a countermeasure for approval, licensure, or clearance.</p> <p>Requires that, when practicable and appropriate, teams of FDA personnel reviewing applications or submissions include a reviewer with sufficient training or experience with countermeasures pursuant to established protocols.</p> <p>(Sec. 305) Requires the Secretary to establish a formal process for obtaining scientific feedback and interactions regarding the development and regulatory review of eligible countermeasures by facilitating the development of written regulatory management plans. Allows a sponsor or applicant of an eligible countermeasure to initiate such process upon submission of a written request to the Secretary which includes a proposed regulatory management plan. Requires the FDA to work with the sponsor or applicant to agree on a regulatory management plan within 90 days. Sets forth the required contents for a regulatory management plan, which includes developmental milestones and performance targets and goals. Requires the Secretary to establish regulatory management plans for all security countermeasures for which a request is submitted. Allows the Director of BARDA to prioritize which other eligible countermeasures may receive regulatory management plans if the Secretary determines that resources are not available to establish regulatory management plans for all other eligible countermeasures. </p> <p>(Sec. 306) Directs the Secretary to make publicly available on the FDA website, within 180 days and annually thereafter, a report detailing the countermeasure development and FDA review activities.</p> <p>(Sec. 307) Requires the Secretary to solicit input from the Assistant Secretary for Preparedness and Response and the Director of BARDA regarding pediatric studies for medical countermeasures.</p> <p>Requires the Secretary to notify the Assistant Secretary and the Director of BARDA of all pediatric studies in the written request for a pediatric study issued by the Commissioner of Food and Drugs.</p> <p>Requires the Secretary to consider additional information in developing the priority list of needs in pediatric therapeutics that require study, including the availability of countermeasures to address the needs of pediatric populations.</p> <p>Directs the FDA's Pediatric Advisory Committee to advise and make recommendations to the Secretary on the development of countermeasures for pediatric populations. </p> <p><strong>Title IV: Accelerating Medical Countermeasure Advanced Research and Development</strong> - (Sec. 401) Extends from 8 years to 10 years: (1) the time during which a security countermeasure should qualify for approval or licensing for inclusion in Project Bioshield, and (2) the duration of a procurement contract for a security countermeasure. Requires a contract to procure security countermeasures to include a clear statement of defined government purpose limited to uses related to a security countermeasure. </p> <p>Authorizes the Secretary to enter into contracts and other agreements that are in the government's best interest in meeting identified security countermeasure needs, including reimbursement of the cost of advanced research and development as a reasonable, allowable, and allocable direct cost of the contract involved.</p> <p>Reauthorizes appropriations for FY2014-FY2018 for the Special Reserve Fund for procurement of security countermeasures and for countermeasure advanced research and development under BARDA. Prohibits the Secretary from utilizing more than 50% of such amount for research and development. Requires the Secretary to report to the appropriate congressional committees if the amount in the Fund falls below a specified threshold.</p> <p>(Sec. 402) Revises and reauthorizes for FY2014-FY2018 the Biodefense Medical Countermeasure Development Fund used to support BARDA to accelerate countermeasure and product advanced research and development.</p> <p>Authorizes the Secretary to support innovation under BARDA by promoting dose sparing technologies, efficacy increasing technologies, and platform technologies.</p> <p>Requires the Secretary to provide a clear statement of defined government purpose related to BARDA activities for the awarding of contracts, grants, and cooperative agreements for a qualified countermeasure or qualified pandemic or epidemic product. <p>Extends the Freedom of Information Act (FOIA) exemption for specific technical data or scientific information that is created or obtained during countermeasure and product advanced research and development under PHSA that reveals significant and not otherwise known vulnerabilities of existing medical or public health defenses against biological, chemical, nuclear, or radiological threats.</p> <p>Extends the antitrust exemption to permit meetings and consultations to discuss the development of security countermeasures, qualified countermeasures, or qualified pandemic or epidemic products. Makes such exemption retroactive to December 17, 2012.</p> <p>Requires GAO to report on activities carried out to facilitate flexible manufacturing capacity.</p> <p>Includes within the definition of a qualified countermeasure and a qualified pandemic or epidemic product a product or technology intended to enhance the use or effect of a drug, biological product, or device that is a medical countermeasure.</p> <p>(Sec. 403) Reauthorizes the Strategic National Stockpile for FY2014-FY2018. Requires the Secretary to: (1) submit to the appropriate congressional committees, to the extent that the disclosure of such information does not compromise national security, the annual review of the contents of the Stockpile; and (2) review and revise the contents of the Stockpile to ensure that the potential depletion of countermeasures currently in the Stockpile is identified and appropriately addressed, including through necessary replenishment. </p> <p>(Sec. 404) Revises membership requirements for the National Biodefense Science Board. Requires the Board to give any recommendation, finding, or report provided to the Secretary also to the appropriate congressional committees.</p>]]></summary-text>
</summary>
<summary summary-id="id113hr307v35" currentChamber="SENATE" update-date="2013-03-01">
<action-date>2013-02-27</action-date>
<action-desc>Passed Senate amended</action-desc>
<summary-text><![CDATA[<p><b>(This measure has not been amended since it was reported to the Senate on February 14, 2013. The summary of that version is repeated here.)</b> </p> <p>Pandemic and All-Hazards Preparedness Act Reauthorization of 2013 - <strong>Title I: Strengthening National Preparedness and Response for Public Health Emergencies</strong> - (Sec. 101) Amends the Public Health Service Act (PHSA) to require the Secretary of Health and Human Services (HHS) to submit the National Health Security Strategy to the relevant congressional committees in 2014. Revises the Strategy's preparedness goals, in part to specify that the drills and exercises included in periodic evaluations of federal, state, local, and tribal preparedness and response capabilities also include drills and exercises to ensure medical surge capacity for events without notice.</p> <p>Requires the Strategy to include: (1) provisions for increasing the preparedness, response capabilities, and surge capacity of ambulatory care facilities, dental health facilities, and critical care service systems; (2) plans for optimizing a coordinated and flexible approach to the medical surge capacity of hospitals, other health care facilities, critical care, and trauma care and emergency medical systems; (3) provisions taking into account the unique needs of individuals with disabilities in a public health emergency; and (4) strategic initiatives to advance countermeasures to diagnose, mitigate, prevent, or treat harm from any biological agent or toxin or any chemical, radiological, or nuclear agent or agents, whether naturally occurring, unintentional, or deliberate.</p> <p>Requires the Secretary to: (1) monitor emerging issues and concerns as they relate to medical and public health preparedness and response for at-risk individuals in the event of a public health emergency; (2) disseminate and update novel and best practices of outreach to and care of at-risk individuals before, during, and following public health emergencies in as timely a manner as is practicable, including from the time a public health threat is identified; and (3) ensure that public health and medical information distributed by HHS during a public health emergency is delivered in a manner that takes into account the range of communication needs of the intended recipients, including at-risk individuals.</p> <p>(Sec. 102) Requires the Assistant Secretary for Preparedness and Response to provide integrated policy coordination and strategic direction with respect to all matters related to federal public health and medical preparedness and execution and deployment of the federal response for public health emergencies and incidents covered by the National Response Plan before, during, and following public health emergencies.</p> <p>Requires the Assistant Secretary, with respect to overseeing advanced research, development, and procurement of qualified countermeasures, security countermeasures, and qualified pandemic or epidemic products, to: (1) identify and minimize gaps, duplication and other inefficiencies in medical and public health preparedness and response activities and the actions necessary to overcome these obstacles; (2) align and coordinate medical and public health grants and cooperative agreements as applicable to preparedness and response activities authorized under the PHSA; (3) carry out drills and operational exercises to identify, inform, and address gaps in and policies related to all-hazards medical and public health preparedness; and (4) conduct periodic meetings with the Assistant to the President for National Security Affairs to provide an update on, and to discuss, medical and public health preparedness and response activities.</p> <p>Requires the Assistant Secretary to develop and update annually a five-year budget plan based on medical countermeasures priorities.</p> <p>Gives the Assistant Secretary for Preparedness: (1) lead responsibility within HHS for emergency preparedness and response policy and coordination, and (2) authority over and responsibility for the Biomedical Advanced Research and Development Authority (BARDA) as well as grants and related authorities related to trauma care. <p>Transfers director authority and responsibility from the Secretary to the Assistant Secretary for the Medical Reserve Corps and the Emergency System for Advance Registration of Volunteer Health Professionals. <p>Authorizes the Assistant Secretary to exercise the responsibilities and authorities of the Secretary with respect to the coordination of the Public Health Emergency Preparedness Cooperative Agreement Program.</p> <p>Requires the Assistant Secretary to develop the Public Health Emergency Medical Countermeasures Enterprise Strategy and Implementation Plan, a coordinated strategy and accompanying implementation plan for medical countermeasures to address chemical, biological, radiological, and nuclear threats. Requires the Government Accountability Office (GAO) to conduct an independent evaluation of the strategy and implementation plan. Requires the Secretary to ensure that information and items that could compromise national security, contain confidential commercial information, or contain proprietary information are not disclosed. <p>Requires the Secretary to report to the relevant congressional committees regarding coordination with the Department of Defense (DOD) regarding countermeasure activities to address chemical, biological, radiological, and nuclear threats.</p> <p>(Sec. 103) Requires the Secretary to establish the National Advisory Committee on Children and Disasters. Terminates the Committee on September 30, 2018.</p> <p>(Sec. 104) Revises and reauthorizes through FY2018 the National Disaster Medical System. Requires the Secretary to take steps to ensure that a range of public health and medical capabilities are represented in the System, which take into account the needs of at-risk individuals, in the event of a public health emergency. Authorizes the Secretary to determine and pay claims for reimbursement for services provided through the System directly or through contracts that provide for payment in advance or by way of reimbursement.</p> <p>(Sec. 105) Reauthorizes through FY2018 a program for public health emergency readiness of the Department of Veterans Affairs (VA) medical centers.</p> <p><strong>Title II: Optimizing State and Local All-Hazards Preparedness and Response</strong> - (Sec. 201) Allows the Secretary to authorize a state or tribe to temporarily reassign state and local public health department or agency personnel funded through PHSA programs to immediately address a public health emergency in the state or tribe. Requires such reassignments to be voluntary. Requires GAO to evaluate such temporary reassignments. Terminates this temporary reassignment authority on September 30, 2018. </p> <p>(Sec. 202) Revises and reauthorizes for FY2014-FY2018 a program of cooperative agreements to improve state and local public health security. Revises requirements for the All-Hazards Public Health Emergency Preparedness and Response Plan.</p> <p>Requires the Secretary to: (1) update periodically criteria for an effective state plan for responding to pandemic influenza, and (2) require the integration of such criteria into the benchmarks and standards that measure levels of preparedness.</p> <p>Eliminates the authority for pilot demonstration projects to purchase and implement the use of advanced diagnostic medical equipment to analyze real-time clinical specimens for pathogens of public health or bioterrorism significance.</p> <p>Makes amounts provided to an eligible entity under a cooperative agreement to achieve preparedness goals for a fiscal year that remain unobligated at the end of such year available for the next fiscal year, contingent upon the entity's achieving benchmarks and submitting a pandemic influenza plan. Eliminates limits on the amount of an award that an entity may carry over to the succeeding fiscal year.</p> <p>Reauthorizes appropriations for FY2014-FY2018 for the influenza vaccine tracking and distribution program in an influenza pandemic.</p> <p>(Sec. 203) Includes dental entities among those that may carry out education and training activities to improve responses to public health emergencies.<br /> <br /> Reauthorizes the Emergency System for Advance Registration of Health Professions Volunteers (ESAR-VHP) for FY2014-FY2018, which provides a single national interoperable network of systems to verify the credentials and licenses of health care professionals who volunteer to provide health services during a public health emergency.</p> <p>Reauthorizes for FY2014-FY2018 the Medical Reserve Corps to provide for an adequate supply of volunteers in the case of a public health emergency. Requires training exercises to incorporate the needs of at-risk individuals in the event of such an emergency.</p> <p>Revises and reauthorizes appropriations for FY2014-FY2018 for a program of grants and cooperative agreements to improve surge capacity and enhance community and hospital preparedness. Expands the purpose of the program to address the needs of children and other at-risk individuals. Makes community health centers eligible for such a program. Requires the Secretary to implement objective, evidence-based metrics to ensure that entities receiving such grant awards are meeting, to the extent practicable, the applicable goals of the National Health Security Strategy. Makes amounts provided to an eligible entity under the program for a fiscal year that remain unobligated at the end of such year available to the entity for the next fiscal year for the same purposes. Makes continued availability of such funds contingent upon achieving benchmarks and submitting a pandemic influenza plan.</p> <p>(Sec. 204) Reauthorizes appropriations for FY2014-FY2018 for a program to improve public health alert communications and surveillance and public health situational awareness capability. Includes poison control centers in the integrated system of public health alert communications and surveillance networks.</p> <p>Requires the Secretary to submit to the appropriate congressional committees a coordinated strategy and an accompanying implementation plan that demonstrates the measurable steps the Secretary will carry out to: (1) develop, implement, and evaluate the public health situation awareness network; (2) modernize and enhance biosurveillance activities; and (3) improve information sharing, coordination, and communication among disparate biosurveillance systems supported by HHS. Requires the network to include data from community health centers and other health centers. Defines &quot;biosurveillance&quot; as the process of gathering near real-time biological data that relates to human and zoonotic disease activity and threats to human or animal health, in order to achieve early warning and identification of such health threats, early detection and prompt ongoing tracking of health events, and overall situational awareness of disease activity.</p> <p>Requires the National Biodefense Science Board to provide expert advice and guidance regarding the measurable steps the Secretary should take to modernize and enhance biosurveillance activities pursuant to the efforts of HHS to ensure comprehensive, real-time all-hazards biosurveillance capabilities.</p> <p>(Sec. 205) Repeals the requirement that the Secretary report annually to designated congressional committees on the Secretary's exercise of specified authority, including expedited procurement authority, under the Project Bioshield Act of 2004.</p> <p><strong>Title III: Enhancing Medical Countermeasure Review</strong> - (Sec. 301) Amends the Federal Food, Drug, and Cosmetic Act (FFDCA) to revise requirements for special protocol assessments to include agreements on the design and size of animal and any associated clinical trials which, in combination, are intended to form the primary basis of an effectiveness claim for a countermeasure or epidemic or pandemic product when human efficacy studies are not ethical or feasible.</p> <p>(Sec. 302) Revises the Secretary's authority to allow the use of unapproved medical products or the unapproved use of an approved product. Authorizes the Secretary to make a declaration that the circumstances exist justifying such an authorization and base the determination on: (1) a (general) threat (rather than a specific threat as under current law), (2) a significant potential for a public health emergency, (3) the health and security of U.S. citizens abroad, and (4) the identification of a material threat sufficient to affect national security. Eliminates the one-year expiration date for such an authorization (thus allowing it to continue). </p> <p>Requires the Secretary to give a sponsor of a product subject to such an authorization a written explanation of the scientific, regulatory, or other obstacles to approval, licensure, or clearance of such product or use, including specific actions to be taken by the Secretary and the sponsor to overcome such obstacles.</p> <p>Conditions such an authorization, with respect to the emergency use of an unapproved product, on the collection and analysis of information concerning the safety and effectiveness of the product when the authorization is in effect and for a reasonable time afterward.</p> <p>Authorizes the Secretary to review and revise such an authorization. </p> <p>Authorizes the Secretary to determine that a laboratory examination or procedure associated with a medical device subject to an authorization is deemed to be in a particular category of examinations and procedures if such categorization would be beneficial to protecting the public health and the benefits of the categorization outweigh the risks. <p>Authorizes the Secretary to extend the expiration date of eligible medical countermeasures during an emergency if: (1) the extension is intended to support the U.S. ability to protect the public health or military preparedness and effectiveness; and (2) the extension is supported by an appropriate scientific evaluation conducted or accepted by the Secretary.</p> <p>Authorizes the Secretary to permit deviations from good manufacturing practice requirements when the circumstances of a domestic, military, or public health emergency or material threat so warrant.</p> <p>Authorizes the Secretary to waive prescription requirements during an emergency and create and issue emergency use instructions to inform health care providers or individuals to whom an eligible product is to be administered concerning the product's approved, licensed, or cleared conditions.</p> <p>Authorizes the Secretary to waive requirements for a risk evaluation and mitigation strategy in the event of a domestic, military, or public health emergency (currently, such waiver authority applies only to a public health emergency) or the identification of a material threat sufficient to affect national security or the health and security of U.S. citizens abroad.</p> <p>Permits a government entity to introduce into interstate commerce a product intended for emergency use if that product is intended to be held and not used, and is held and not used, unless and until it is: (1) approved, cleared, or licensed; (2) authorized for investigational use; or (3) authorized for emergency use.</p> <p>(Sec. 304) Requires the Secretary to: (1) ensure the appropriate involvement of Food and Drug Administration (FDA) personnel in interagency activities related to countermeasure advanced research and development, (2) ensure the appropriate involvement and consultation of FDA personnel in flexible manufacturing activities, (3) promote countermeasure expertise within the FDA, and (4) maintain teams composed of FDA personnel with expertise on countermeasures.</p> <p>Requires the Secretary to provide final guidance to industry within one year after enactment of this Act regarding the development of animal models to support approval, clearance, or licensure of countermeasures and epidemic and pandemic products when human efficacy studies are not ethical or feasible. </p> <p>Requires the Secretary to establish a procedure by which a sponsor or applicant developing a countermeasure for which human efficacy studies are not ethical or practicable, and that has an approved investigational new drug application or investigational device exemption, may request and receive: (1) a meeting to discuss proposed animal model development activities, and (2) a meeting before initiating pivotal animal studies. Requires such meetings to include discussion of animal models for pediatric populations, as appropriate.</p> <p>Requires the Secretary to take into account the material threat posed by the chemical, biological, radiological, or nuclear agent for which the countermeasure under review is intended when evaluating a countermeasure for approval, licensure, or clearance.</p> <p>Requires that, when practicable and appropriate, teams of FDA personnel reviewing applications or submissions include a reviewer with sufficient training or experience with countermeasures pursuant to established protocols.</p> <p>(Sec. 305) Requires the Secretary to establish a formal process for obtaining scientific feedback and interactions regarding the development and regulatory review of eligible countermeasures by facilitating the development of written regulatory management plans. Allows a sponsor or applicant of an eligible countermeasure to initiate such process upon submission of a written request to the Secretary which includes a proposed regulatory management plan. Requires the FDA to work with the sponsor or applicant to agree on a regulatory management plan within 90 days. Sets forth the required contents for a regulatory management plan, which includes developmental milestones and performance targets and goals. Requires the Secretary to establish regulatory management plans for all security countermeasures for which a request is submitted. Allows the Director of BARDA to prioritize which other eligible countermeasures may receive regulatory management plans if the Secretary determines that resources are not available to establish regulatory management plans for all other eligible countermeasures. </p> <p>(Sec. 306) Directs the Secretary to make publicly available on the FDA website, within 180 days and annually thereafter, a report detailing the countermeasure development and FDA review activities.</p> <p>(Sec. 307) Requires the Secretary to solicit input from the Assistant Secretary for Preparedness and Response and the Director of BARDA regarding pediatric studies for medical countermeasures.</p> <p>Requires the Secretary to notify the Assistant Secretary and the Director of BARDA of all pediatric studies in the written request for a pediatric study issued by the Commissioner of Food and Drugs.</p> <p>Requires the Secretary to consider additional information in developing the priority list of needs in pediatric therapeutics that require study, including the availability of countermeasures to address the needs of pediatric populations.</p> <p>Directs the FDA's Pediatric Advisory Committee to advise and make recommendations to the Secretary on the development of countermeasures for pediatric populations. </p> <p><strong>Title IV: Accelerating Medical Countermeasure Advanced Research and Development</strong> - (Sec. 401) Extends from 8 years to 10 years: (1) the time during which a security countermeasure should qualify for approval or licensing for inclusion in Project Bioshield, and (2) the duration of a procurement contract for a security countermeasure. Requires a contract to procure security countermeasures to include a clear statement of defined government purpose limited to uses related to a security countermeasure. </p> <p>Authorizes the Secretary to enter into contracts and other agreements that are in the government's best interest in meeting identified security countermeasure needs, including reimbursement of the cost of advanced research and development as a reasonable, allowable, and allocable direct cost of the contract involved.</p> <p>Reauthorizes appropriations for FY2014-FY2018 for the Special Reserve Fund for procurement of security countermeasures and for countermeasure advanced research and development under BARDA. Prohibits the Secretary from utilizing more than 50% of such amount for research and development. Requires the Secretary to report to the appropriate congressional committees if the amount in the Fund falls below a specified threshold.</p> <p>(Sec. 402) Revises and reauthorizes for FY2014-FY2018 the Biodefense Medical Countermeasure Development Fund used to support BARDA to accelerate countermeasure and product advanced research and development.</p> <p>Authorizes the Secretary to support innovation under BARDA by promoting dose sparing technologies, efficacy increasing technologies, and platform technologies.</p> <p>Requires the Secretary to provide a clear statement of defined government purpose related to BARDA activities for the awarding of contracts, grants, and cooperative agreements for a qualified countermeasure or qualified pandemic or epidemic product. <p>Extends the Freedom of Information Act (FOIA) exemption for specific technical data or scientific information that is created or obtained during countermeasure and product advanced research and development under PHSA that reveals significant and not otherwise known vulnerabilities of existing medical or public health defenses against biological, chemical, nuclear, or radiological threats.</p> <p>Extends the antitrust exemption to permit meetings and consultations to discuss the development of security countermeasures, qualified countermeasures, or qualified pandemic or epidemic products. Makes such exemption retroactive to December 17, 2012.</p> <p>Requires GAO to report on activities carried out to facilitate flexible manufacturing capacity.</p> <p>Includes within the definition of a qualified countermeasure and a qualified pandemic or epidemic product a product or technology intended to enhance the use or effect of a drug, biological product, or device that is a medical countermeasure.</p> <p>(Sec. 403) Reauthorizes the Strategic National Stockpile for FY2014-FY2018. Requires the Secretary to: (1) submit to the appropriate congressional committees, to the extent that the disclosure of such information does not compromise national security, the annual review of the contents of the Stockpile; and (2) review and revise the contents of the Stockpile to ensure that the potential depletion of countermeasures currently in the Stockpile is identified and appropriately addressed, including through necessary replenishment. </p> <p>(Sec. 404) Revises membership requirements for the National Biodefense Science Board. Requires the Board to give any recommendation, finding, or report provided to the Secretary also to the appropriate congressional committees.</p>]]></summary-text>
</summary>
<summary summary-id="id113hr307v01" currentChamber="SENATE" update-date="2013-02-20">
<action-date>2013-02-14</action-date>
<action-desc>Reported to Senate amended</action-desc>
<summary-text><![CDATA[<p>Pandemic and All-Hazards Preparedness Act Reauthorization of 2013 - <strong>Title I: Strengthening National Preparedness and Response for Public Health Emergencies</strong> - (Sec. 101) Amends the Public Health Service Act (PHSA) to require the Secretary of Health and Human Services (HHS) to submit the National Health Security Strategy to the relevant congressional committees in 2014. Revises the Strategy's preparedness goals, in part to specify that the drills and exercises included in periodic evaluations of federal, state, local, and tribal preparedness and response capabilities also include drills and exercises to ensure medical surge capacity for events without notice.</p> <p>Requires the Strategy to include: (1) provisions for increasing the preparedness, response capabilities, and surge capacity of ambulatory care facilities, dental health facilities, and critical care service systems; (2) plans for optimizing a coordinated and flexible approach to the medical surge capacity of hospitals, other health care facilities, critical care, and trauma care and emergency medical systems; (3) provisions taking into account the unique needs of individuals with disabilities in a public health emergency; and (4) strategic initiatives to advance countermeasures to diagnose, mitigate, prevent, or treat harm from any biological agent or toxin or any chemical, radiological, or nuclear agent or agents, whether naturally occurring, unintentional, or deliberate.</p> <p>Requires the Secretary to: (1) monitor emerging issues and concerns as they relate to medical and public health preparedness and response for at-risk individuals in the event of a public health emergency; (2) disseminate and update novel and best practices of outreach to and care of at-risk individuals before, during, and following public health emergencies in as timely a manner as is practicable, including from the time a public health threat is identified; and (3) ensure that public health and medical information distributed by HHS during a public health emergency is delivered in a manner that takes into account the range of communication needs of the intended recipients, including at-risk individuals.</p> <p>(Sec. 102) Requires the Assistant Secretary for Preparedness and Response to provide integrated policy coordination and strategic direction with respect to all matters related to federal public health and medical preparedness and execution and deployment of the federal response for public health emergencies and incidents covered by the National Response Plan before, during, and following public health emergencies.</p> <p>Requires the Assistant Secretary, with respect to overseeing advanced research, development, and procurement of qualified countermeasures, security countermeasures, and qualified pandemic or epidemic products, to: (1) identify and minimize gaps, duplication and other inefficiencies in medical and public health preparedness and response activities and the actions necessary to overcome these obstacles; (2) align and coordinate medical and public health grants and cooperative agreements as applicable to preparedness and response activities authorized under the PHSA; (3) carry out drills and operational exercises to identify, inform, and address gaps in and policies related to all-hazards medical and public health preparedness; and (4) conduct periodic meetings with the Assistant to the President for National Security Affairs to provide an update on, and to discuss, medical and public health preparedness and response activities.</p> <p>Requires the Assistant Secretary to develop and update annually a five-year budget plan based on medical countermeasures priorities.</p> <p>Gives the Assistant Secretary for Preparedness: (1) lead responsibility within HHS for emergency preparedness and response policy and coordination, and (2) authority over and responsibility for the Biomedical Advanced Research and Development Authority (BARDA) as well as grants and related authorities related to trauma care. <p>Transfers director authority and responsibility from the Secretary to the Assistant Secretary for the Medical Reserve Corps and the Emergency System for Advance Registration of Volunteer Health Professionals. <p>Authorizes the Assistant Secretary to exercise the responsibilities and authorities of the Secretary with respect to the coordination of the Public Health Emergency Preparedness Cooperative Agreement Program.</p> <p>Requires the Assistant Secretary to develop the Public Health Emergency Medical Countermeasures Enterprise Strategy and Implementation Plan, a coordinated strategy and accompanying implementation plan for medical countermeasures to address chemical, biological, radiological, and nuclear threats. Requires the Government Accountability Office (GAO) to conduct an independent evaluation of the strategy and implementation plan. Requires the Secretary to ensure that information and items that could compromise national security, contain confidential commercial information, or contain proprietary information are not disclosed. <p>Requires the Secretary to report to the relevant congressional committees regarding coordination with the Department of Defense (DOD) regarding countermeasure activities to address chemical, biological, radiological, and nuclear threats.</p> <p>(Sec. 103) Requires the Secretary to establish the National Advisory Committee on Children and Disasters. Terminates the Committee on September 30, 2018.</p> <p>(Sec. 104) Revises and reauthorizes through FY2018 the National Disaster Medical System. Requires the Secretary to take steps to ensure that a range of public health and medical capabilities are represented in the System, which take into account the needs of at-risk individuals, in the event of a public health emergency. Authorizes the Secretary to determine and pay claims for reimbursement for services provided through the System directly or through contracts that provide for payment in advance or by way of reimbursement.</p> <p>(Sec. 105) Reauthorizes through FY2018 a program for public health emergency readiness of the Department of Veterans Affairs (VA) medical centers.</p> <p><strong>Title II: Optimizing State and Local All-Hazards Preparedness and Response</strong> - (Sec. 201) Allows the Secretary to authorize a state or tribe to temporarily reassign state and local public health department or agency personnel funded through PHSA programs to immediately address a public health emergency in the state or tribe. Requires such reassignments to be voluntary. Requires GAO to evaluate such temporary reassignments. Terminates this temporary reassignment authority on September 30, 2018. </p> <p>(Sec. 202) Revises and reauthorizes for FY2014-FY2018 a program of cooperative agreements to improve state and local public health security. Revises requirements for the All-Hazards Public Health Emergency Preparedness and Response Plan.</p> <p>Requires the Secretary to: (1) update periodically criteria for an effective state plan for responding to pandemic influenza, and (2) require the integration of such criteria into the benchmarks and standards that measure levels of preparedness.</p> <p>Eliminates the authority for pilot demonstration projects to purchase and implement the use of advanced diagnostic medical equipment to analyze real-time clinical specimens for pathogens of public health or bioterrorism significance.</p> <p>Makes amounts provided to an eligible entity under a cooperative agreement to achieve preparedness goals for a fiscal year that remain unobligated at the end of such year available for the next fiscal year, contingent upon the entity's achieving benchmarks and submitting a pandemic influenza plan. Eliminates limits on the amount of an award that an entity may carry over to the succeeding fiscal year.</p> <p>Reauthorizes appropriations for FY2014-FY2018 for the influenza vaccine tracking and distribution program in an influenza pandemic.</p> <p>(Sec. 203) Includes dental entities among those that may carry out education and training activities to improve responses to public health emergencies.<br /> <br /> Reauthorizes the Emergency System for Advance Registration of Health Professions Volunteers (ESAR-VHP) for FY2014-FY2018, which provides a single national interoperable network of systems to verify the credentials and licenses of health care professionals who volunteer to provide health services during a public health emergency.</p> <p>Reauthorizes for FY2014-FY2018 the Medical Reserve Corps to provide for an adequate supply of volunteers in the case of a public health emergency. Requires training exercises to incorporate the needs of at-risk individuals in the event of such an emergency.</p> <p>Revises and reauthorizes appropriations for FY2014-FY2018 for a program of grants and cooperative agreements to improve surge capacity and enhance community and hospital preparedness. Expands the purpose of the program to address the needs of children and other at-risk individuals. Makes community health centers eligible for such a program. Requires the Secretary to implement objective, evidence-based metrics to ensure that entities receiving such grant awards are meeting, to the extent practicable, the applicable goals of the National Health Security Strategy. Makes amounts provided to an eligible entity under the program for a fiscal year that remain unobligated at the end of such year available to the entity for the next fiscal year for the same purposes. Makes continued availability of such funds contingent upon achieving benchmarks and submitting a pandemic influenza plan.</p> <p>(Sec. 204) Reauthorizes appropriations for FY2014-FY2018 for a program to improve public health alert communications and surveillance and public health situational awareness capability. Includes poison control centers in the integrated system of public health alert communications and surveillance networks.</p> <p>Requires the Secretary to submit to the appropriate congressional committees a coordinated strategy and an accompanying implementation plan that demonstrates the measurable steps the Secretary will carry out to: (1) develop, implement, and evaluate the public health situation awareness network; (2) modernize and enhance biosurveillance activities; and (3) improve information sharing, coordination, and communication among disparate biosurveillance systems supported by HHS. Requires the network to include data from community health centers and other health centers. Defines &quot;biosurveillance&quot; as the process of gathering near real-time biological data that relates to human and zoonotic disease activity and threats to human or animal health, in order to achieve early warning and identification of such health threats, early detection and prompt ongoing tracking of health events, and overall situational awareness of disease activity.</p> <p>Requires the National Biodefense Science Board to provide expert advice and guidance regarding the measurable steps the Secretary should take to modernize and enhance biosurveillance activities pursuant to the efforts of HHS to ensure comprehensive, real-time all-hazards biosurveillance capabilities.</p> <p>(Sec. 205) Repeals the requirement that the Secretary report annually to designated congressional committees on the Secretary's exercise of specified authority, including expedited procurement authority, under the Project Bioshield Act of 2004.</p> <p><strong>Title III: Enhancing Medical Countermeasure Review</strong> - (Sec. 301) Amends the Federal Food, Drug, and Cosmetic Act (FFDCA) to revise requirements for special protocol assessments to include agreements on the design and size of animal and any associated clinical trials which, in combination, are intended to form the primary basis of an effectiveness claim for a countermeasure or epidemic or pandemic product when human efficacy studies are not ethical or feasible.</p> <p>(Sec. 302) Revises the Secretary's authority to allow the use of unapproved medical products or the unapproved use of an approved product. Authorizes the Secretary to make a declaration that the circumstances exist justifying such an authorization and base the determination on: (1) a (general) threat (rather than a specific threat as under current law), (2) a significant potential for a public health emergency, (3) the health and security of U.S. citizens abroad, and (4) the identification of a material threat sufficient to affect national security. Eliminates the one-year expiration date for such an authorization (thus allowing it to continue). </p> <p>Requires the Secretary to give a sponsor of a product subject to such an authorization a written explanation of the scientific, regulatory, or other obstacles to approval, licensure, or clearance of such product or use, including specific actions to be taken by the Secretary and the sponsor to overcome such obstacles.</p> <p>Conditions such an authorization, with respect to the emergency use of an unapproved product, on the collection and analysis of information concerning the safety and effectiveness of the product when the authorization is in effect and for a reasonable time afterward.</p> <p>Authorizes the Secretary to review and revise such an authorization. </p> <p>Authorizes the Secretary to determine that a laboratory examination or procedure associated with a medical device subject to an authorization is deemed to be in a particular category of examinations and procedures if such categorization would be beneficial to protecting the public health and the benefits of the categorization outweigh the risks. <p>Authorizes the Secretary to extend the expiration date of eligible medical countermeasures during an emergency if: (1) the extension is intended to support the U.S. ability to protect the public health or military preparedness and effectiveness; and (2) the extension is supported by an appropriate scientific evaluation conducted or accepted by the Secretary.</p> <p>Authorizes the Secretary to permit deviations from good manufacturing practice requirements when the circumstances of a domestic, military, or public health emergency or material threat so warrant.</p> <p>Authorizes the Secretary to waive prescription requirements during an emergency and create and issue emergency use instructions to inform health care providers or individuals to whom an eligible product is to be administered concerning the product's approved, licensed, or cleared conditions.</p> <p>Authorizes the Secretary to waive requirements for a risk evaluation and mitigation strategy in the event of a domestic, military, or public health emergency (currently, such waiver authority applies only to a public health emergency) or the identification of a material threat sufficient to affect national security or the health and security of U.S. citizens abroad.</p> <p>Permits a government entity to introduce into interstate commerce a product intended for emergency use if that product is intended to be held and not used, and is held and not used, unless and until it is: (1) approved, cleared, or licensed; (2) authorized for investigational use; or (3) authorized for emergency use.</p> <p>(Sec. 304) Requires the Secretary to: (1) ensure the appropriate involvement of Food and Drug Administration (FDA) personnel in interagency activities related to countermeasure advanced research and development, (2) ensure the appropriate involvement and consultation of FDA personnel in flexible manufacturing activities, (3) promote countermeasure expertise within the FDA, and (4) maintain teams composed of FDA personnel with expertise on countermeasures.</p> <p>Requires the Secretary to provide final guidance to industry within one year after enactment of this Act regarding the development of animal models to support approval, clearance, or licensure of countermeasures and epidemic and pandemic products when human efficacy studies are not ethical or feasible. </p> <p>Requires the Secretary to establish a procedure by which a sponsor or applicant developing a countermeasure for which human efficacy studies are not ethical or practicable, and that has an approved investigational new drug application or investigational device exemption, may request and receive: (1) a meeting to discuss proposed animal model development activities, and (2) a meeting before initiating pivotal animal studies. Requires such meetings to include discussion of animal models for pediatric populations, as appropriate.</p> <p>Requires the Secretary to take into account the material threat posed by the chemical, biological, radiological, or nuclear agent for which the countermeasure under review is intended when evaluating a countermeasure for approval, licensure, or clearance.</p> <p>Requires that, when practicable and appropriate, teams of FDA personnel reviewing applications or submissions include a reviewer with sufficient training or experience with countermeasures pursuant to established protocols.</p> <p>(Sec. 305) Requires the Secretary to establish a formal process for obtaining scientific feedback and interactions regarding the development and regulatory review of eligible countermeasures by facilitating the development of written regulatory management plans. Allows a sponsor or applicant of an eligible countermeasure to initiate such process upon submission of a written request to the Secretary which includes a proposed regulatory management plan. Requires the FDA to work with the sponsor or applicant to agree on a regulatory management plan within 90 days. Sets forth the required contents for a regulatory management plan, which includes developmental milestones and performance targets and goals. Requires the Secretary to establish regulatory management plans for all security countermeasures for which a request is submitted. Allows the Director of BARDA to prioritize which other eligible countermeasures may receive regulatory management plans if the Secretary determines that resources are not available to establish regulatory management plans for all other eligible countermeasures. </p> <p>(Sec. 306) Directs the Secretary to make publicly available on the FDA website, within 180 days and annually thereafter, a report detailing the countermeasure development and FDA review activities.</p> <p>(Sec. 307) Requires the Secretary to solicit input from the Assistant Secretary for Preparedness and Response and the Director of BARDA regarding pediatric studies for medical countermeasures.</p> <p>Requires the Secretary to notify the Assistant Secretary and the Director of BARDA of all pediatric studies in the written request for a pediatric study issued by the Commissioner of Food and Drugs.</p> <p>Requires the Secretary to consider additional information in developing the priority list of needs in pediatric therapeutics that require study, including the availability of countermeasures to address the needs of pediatric populations.</p> <p>Directs the FDA's Pediatric Advisory Committee to advise and make recommendations to the Secretary on the development of countermeasures for pediatric populations. </p> <p><strong>Title IV: Accelerating Medical Countermeasure Advanced Research and Development</strong> - (Sec. 401) Extends from 8 years to 10 years: (1) the time during which a security countermeasure should qualify for approval or licensing for inclusion in Project Bioshield, and (2) the duration of a procurement contract for a security countermeasure. Requires a contract to procure security countermeasures to include a clear statement of defined government purpose limited to uses related to a security countermeasure. </p> <p>Authorizes the Secretary to enter into contracts and other agreements that are in the government's best interest in meeting identified security countermeasure needs, including reimbursement of the cost of advanced research and development as a reasonable, allowable, and allocable direct cost of the contract involved.</p> <p>Reauthorizes appropriations for FY2014-FY2018 for the Special Reserve Fund for procurement of security countermeasures and for countermeasure advanced research and development under BARDA. Prohibits the Secretary from utilizing more than 50% of such amount for research and development. Requires the Secretary to report to the appropriate congressional committees if the amount in the Fund falls below a specified threshold.</p> <p>(Sec. 402) Revises and reauthorizes for FY2014-FY2018 the Biodefense Medical Countermeasure Development Fund used to support BARDA to accelerate countermeasure and product advanced research and development.</p> <p>Authorizes the Secretary to support innovation under BARDA by promoting dose sparing technologies, efficacy increasing technologies, and platform technologies.</p> <p>Requires the Secretary to provide a clear statement of defined government purpose related to BARDA activities for the awarding of contracts, grants, and cooperative agreements for a qualified countermeasure or qualified pandemic or epidemic product. <p>Extends the Freedom of Information Act (FOIA) exemption for specific technical data or scientific information that is created or obtained during countermeasure and product advanced research and development under PHSA that reveals significant and not otherwise known vulnerabilities of existing medical or public health defenses against biological, chemical, nuclear, or radiological threats.</p> <p>Extends the antitrust exemption to permit meetings and consultations to discuss the development of security countermeasures, qualified countermeasures, or qualified pandemic or epidemic products. Makes such exemption retroactive to December 17, 2012.</p> <p>Requires GAO to report on activities carried out to facilitate flexible manufacturing capacity.</p> <p>Includes within the definition of a qualified countermeasure and a qualified pandemic or epidemic product a product or technology intended to enhance the use or effect of a drug, biological product, or device that is a medical countermeasure.</p> <p>(Sec. 403) Reauthorizes the Strategic National Stockpile for FY2014-FY2018. Requires the Secretary to: (1) submit to the appropriate congressional committees, to the extent that the disclosure of such information does not compromise national security, the annual review of the contents of the Stockpile; and (2) review and revise the contents of the Stockpile to ensure that the potential depletion of countermeasures currently in the Stockpile is identified and appropriately addressed, including through necessary replenishment. </p> <p>(Sec. 404) Revises membership requirements for the National Biodefense Science Board. Requires the Board to give any recommendation, finding, or report provided to the Secretary also to the appropriate congressional committees.</p>]]></summary-text>
</summary>
<summary summary-id="id113hr307v81" currentChamber="HOUSE" update-date="2013-02-07">
<action-date>2013-01-22</action-date>
<action-desc>Passed House without amendment</action-desc>
<summary-text><![CDATA[<p><b>(This measure has not been amended since it was introduced. The summary has been expanded because action occurred on the measure.)</b></p> <p>Pandemic and All-Hazards Preparedness Act Reauthorization of 2013 - <strong>Title I: Strengthening National Preparedness and Response for Public Health Emergencies</strong> - (Sec. 101) Amends the Public Health Service Act (PHSA) to require the Secretary of Health and Human Services (HHS) to submit the National Health Security Strategy to the relevant congressional committees in 2014. Revises the Strategy's preparedness goals, including by ensuring that the periodic evaluations of federal, state, local and tribal preparedness and response capabilities include drills and exercises to ensure medical surge capacity for events without notice. Requires the Strategy to include: (1) provisions for increasing the preparedness, response capabilities, and surge capacity of ambulatory care facilities, dental health facilities, and critical care service systems; (2) plans for optimizing a coordinated and flexible approach to the medical surge capacity of hospitals, other health care facilities, critical care, and trauma care and emergency medical systems; (3) provisions taking into account the unique needs of individuals with disabilities in a public health emergency; and (4) strategic initiatives to advance countermeasures to diagnose, mitigate, prevent, or treat harm from any biological agent or toxin or any chemical, radiological, or nuclear agent or agents, whether naturally occurring, unintentional, or deliberate.</p> <p>Requires the Secretary to: (1) monitor emerging issues and concerns as they relate to medical and public health preparedness and response for at-risk individuals in the event of a public health emergency; (2) disseminate and update novel and best practices of outreach to and care of at-risk individuals before, during, and following public health emergencies in as timely a manner as is practicable, including from the time a public health threat is identified; and (3) ensure that public health and medical information distributed by HHS during a public health emergency is delivered in a manner that takes into account the range of communication needs of the intended recipients, including at-risk individuals.</p> <p>(Sec. 102) Requires the Assistant Secretary for Preparedness and Response to provide integrated policy coordination and strategic direction with respect to all matters related to federal public health and medical preparedness and execution and deployment of the federal response for public health emergencies and incidents covered by the National Response Plan before, during, and following public health emergencies.</p> <p>Requires the Assistant Secretary, with respect to overseeing advanced research, development, and procurement of qualified countermeasures, security countermeasures, and qualified pandemic or epidemic products, to: (1) identify and minimize gaps, duplication and other inefficiencies in medical and public health preparedness and response activities and the actions necessary to overcome these obstacles; (2) align and coordinate medical and public health grants and cooperative agreements as applicable to preparedness and response activities authorized under the PHSA; (3) carry out drills and operational exercises to identify, inform, and address gaps in and policies related to all-hazards medical and public health preparedness; and (4) conduct periodic meetings with the Assistant to the President for National Security Affairs to provide an update on, and to discuss, medical and public health preparedness and response activities.</p> <p>Requires the Assistant Secretary to develop and annually update a five-year budget plan based on medical countermeasures priorities.</p> <p>Gives the Assistant Secretary for Preparedness: (1) lead responsibility within HHS for emergency preparedness and response policy and coordination, and (2) authority over and responsibility for the Biomedical Advanced Research and Development Authority (BARDA) and administering grants and related authorities related to trauma care. <p>Transfers director authority and responsibility to the Assistant Secretary (was through the Secretary of HHS) for the Medical Reserve Corps and the Emergency System for Advance Registration of Volunteer Health Professionals. <p>Authorizes the Assistant Secretary to exercise the responsibilities and authorities of the Secretary with respect to the coordination of the Public Health Emergency Preparedness Cooperative Agreement Program.</p> <p>Requires the Assistant Secretary to develop the Public Health Emergency Medical Countermeasures Enterprise Strategy and Implementation Plan, a coordinated strategy and accompanying implementation plan for medical countermeasures to address chemical, biological, radiological, and nuclear threats. Requires the Government Accountability Office (GAO) to conduct an independent evaluation of the strategy and implementation plan. Requires the Secretary to ensure that information and items that could compromise national security, contain confidential commercial information, or contain proprietary information are not disclosed. <p>Requires the Secretary to report to the relevant congressional committees regarding coordination with the Department of Defense (DOD) regarding countermeasure activities to address chemical, biological, radiological, and nuclear threats.</p> <p>(Sec. 103) Requires the Secretary to establish the National Advisory Committee on Children and Disasters. Terminates the Committee after five years.</p> <p>(Sec. 104) Revises and reauthorizes through FY2017 the National Disaster Medical System. Requires the Secretary to take steps to ensure that a range of public health and medical capabilities are represented in the System, which take into account the needs of at-risk individuals, in the event of a public health emergency. Authorizes the Secretary to determine and pay claims for reimbursement for services provided through the System directly or through contracts that provide for payment in advance or by way of reimbursement.</p> <p>(Sec. 105) Reauthorizes through FY2017 a program for public health emergency readiness of the Department of Veterans Affairs (VA) medical centers.</p> <p><strong>Title II: Optimizing State and Local All-Hazards Preparedness and Response</strong> - (Sec. 201) Allows the Secretary to authorize a state or tribe to temporarily redeploy non-federal personnel funded through PHSA programs to immediately address a public health emergency in the state or tribe. Requires GAO to evaluate the Secretary's use of such authority. Terminates such authority five years after enactment of this Act.</p> <p>(Sec. 202) Revises and reauthorizes for FY2013-FY2017 a program of cooperative agreements to improve state and local public health security. Revises requirements for the All-Hazards Public Health Emergency Preparedness and Response Plan. </p> <p>Requires the Secretary to: (1) periodically update criteria for an effective state plan for responding to pandemic influenza, and (2) require the integration of such criteria into the benchmarks and standards that measure levels of preparedness.</p> <p>Eliminates the authority for pilot demonstration projects to purchase and implement the use of advanced diagnostic medical equipment to analyze real-time clinical specimens for pathogens of public health or bioterrorism significance.</p> <p>Makes amounts provided to an eligible entity under a cooperative agreement to achieve preparedness goals for a fiscal year that are unobligated at the end of such year available for the next fiscal year, contingent upon the entity achieving benchmarks and submitting a pandemic influenza plan. Eliminates provisions limiting the amount of an award that an entity may carry over to the succeeding fiscal year.</p> <p>Reauthorizes appropriations for FY2013-FY2017 for the influenza vaccine tracking and distribution program in an influenza pandemic.</p> <p>(Sec. 203) Includes dental entities among entities that may carry out education and training activities to improve responses to public health emergencies.<br /> <br /> Reauthorizes the Emergency System for Advance Registration of Health Professions Volunteers (ESAR-VHP) for FY2013-FY2017, which provides a single national interoperable network of systems to verify the credentials and licenses of health care professionals who volunteer to provide health services during a public health emergency.</p> <p>Reauthorizes for FY2013-FY2017 the Medical Reserve Corps to provide for an adequate supply of volunteers in the case of a public health emergency. Revises such provisions to require the training exercises to incorporate the needs of at-risk individuals in the event of a public health emergency.</p> <p>Revises and reauthorizes appropriations for FY2013-FY2017 for a program of grants and cooperative agreements to improve surge capacity and enhance community and hospital preparedness. Expands the purpose of the program to address the needs of pediatric and other at-risk populations. Makes community health centers eligible for such a program. Requires the Secretary to implement objective, evidence-based metrics to ensure that entities receiving awards under this section are meeting, to the extent practicable, the applicable goals of the National Health Security Strategy. Makes amounts provided to an eligible entity under the program for a fiscal year that are unobligated at the end of such year available to the entity for the next fiscal year for the purposes for which such funds were provided. Makes continued availability of such funds contingent upon achieving benchmarks and submitting a pandemic influenza plan.</p> <p>(Sec. 204) Reauthorizes appropriations for FY2013-FY2017 for a program to improve public health alert communications and surveillance and public health situational awareness capability. Includes poison control centers in the integrated system of public health alert communications and surveillance networks.</p> <p>Requires the Secretary to submit to the appropriate congressional committees a coordinated strategy and an accompanying implementation plan that identifies and demonstrates the measurable steps the Secretary will carry out to: (1) develop, implement, and evaluate the public health situation awareness network; (2) modernize and enhance biosurveillance activities; and (3) improve information sharing, coordination, and communication among disparate biosurveillance systems supported by HHS. Requires the network to include data from community health centers and health centers. Defines &quot;biosurveillance&quot; as the process of gathering near real-time biological data that relates to human and zoonotic disease activity and threats to human or animal health, in order to achieve early warning and identification of such health threats, early detection and prompt ongoing tracking of health events, and overall situational awareness of disease activity.</p> <p>Requires the National Biodefense Science Board to provide expert advice and guidance regarding the measurable steps the Secretary should take to modernize and enhance biosurveillance activities pursuant to the efforts of HHS to ensure comprehensive, real-time all-hazards biosurveillance capabilities.</p> <p>Repeals the requirements that the Secretary must report annually to designated congressional committees on the Secretary's exercise of specified authority, including expedited procurement authority, under the Project Bioshield Act of 2004.</p> <p><strong>Title III: Enhancing Medical Countermeasure Review</strong> - (Sec. 301) Amends the Federal Food, Drug, and Cosmetic Act (FFDCA) to revise provisions governing special protocol assessments to include agreements on the design and size of animal and any associated clinical trials which, in combination, are intended to form the primary basis of an effectiveness claim for a countermeasure or epidemic or pandemic product when human efficacy studies are not ethical or feasible.</p> <p>(Sec. 302) Revises provisions permitting the Secretary to authorize the use of unapproved medical products or the unapproved use of an approved product. Authorizes the Secretary to make a declaration that the circumstances exist justifying such an authorization and base the determination on: (1) a threat (rather than a specific threat as under current law), (2) a significant potential for a public health emergency, (3) the health and security of U.S. citizens abroad, and (4) the identification of a material threat sufficient to affect national security. Eliminates the one-year expiration date for such an authorization. </p> <p>Requires the Secretary to give a sponsor of a product subject to such an authorization a written explanation of the scientific, regulatory, or other obstacles to approval, licensure, or clearance of such product or use, including specific actions to be taken by the Secretary and the sponsor to overcome such obstacles.</p> <p> Conditions such an authorization, with respect to the emergency use of an unapproved product, on the collection and analysis of information concerning the safety and effectiveness of the product when the authorization is in effect and for a reasonable time afterward. <p> Authorizes the Secretary to review and revise such an authorization. <p>Authorizes the Secretary to determine that a laboratory examination or procedure associated with a medical device subject to an authorization is deemed to be in a particular category of examinations and procedures if such categorization would be beneficial to protecting the public health and the benefits of the categorization outweigh the risks. <p>Authorizes the Secretary to extend the expiration date of eligible medical countermeasures during an emergency if: (1) the extension is intended to support the U.S.'s ability to protect the public health or military preparedness and effectiveness; and (2) the extension is supported by an appropriate scientific evaluation that is conducted or accepted by the Secretary. </p> <p>Authorizes the Secretary to permit deviations from good manufacturing practice requirements when the circumstances of a domestic, military, or public health emergency or material threat so warrant.</p> <p>Authorizes the Secretary to waive prescription requirements during an emergency and create and issue emergency use instructions to inform health care providers or individuals to whom an eligible product is to be administered concerning such product's approved, licensed, or cleared conditions.</p> <p>Authorizes the Secretary to waive requirements for a risk evaluation and mitigation strategy in the event of a domestic, military, or public health emergency (currently, such waiver authority applies only to a public health emergency) or the identification of a material threat sufficient to affect national security or the health and security of U.S. citizens abroad.</p> <p>Permits a government entity to introduce into interstate commerce a product intended for emergency use if that product is intended to be held and not used, and is held and not used, unless and until it is: (1) approved, cleared, or licensed; (2) authorized for investigational use; or (3) authorized for emergency use.</p> <p>(Sec. 304) Requires the Secretary to: (1) ensure the appropriate involvement of Food and Drug Administration (FDA) personnel in interagency activities related to countermeasure advanced research and development, (2) ensure the appropriate involvement and consultation of FDA personnel in flexible manufacturing activities, (3) promote countermeasure expertise within the FDA, and (4) maintain teams composed of FDA personnel with expertise on countermeasures.</p> <p>Requires the Secretary to provide final guidance to industry within one year after enactment of this Act regarding the development of animal models to support approval, clearance, or licensure of countermeasures and epidemic and pandemic products when human efficacy studies are not ethical or feasible. </p> <p>Requires the Secretary to establish a procedure by which a sponsor or applicant that is developing a countermeasure for which human efficacy studies are not ethical or practicable, and that has an approved investigational new drug application or investigational device exemption, may request and receive: (1) a meeting to discuss proposed animal model development activities, and (2) a meeting prior to initiating pivotal animal studies. Requires such meetings to include discussion of animal models for pediatric populations, as appropriate.</p> <p>Requires the Secretary to take into account the material threat posed by the chemical, biological, radiological, or nuclear agent for which the countermeasure under review is intended when evaluating a countermeasure for approval, licensure, or clearance.</p> <p>Directs that, when practicable and appropriate, teams of FDA personnel reviewing applications or submissions shall include a reviewer with sufficient training or experience with countermeasures pursuant to established protocols.</p> <p>(Sec. 305) Requires the Secretary to establish a formal process for obtaining scientific feedback and interactions regarding the development and regulatory review of eligible countermeasures by facilitating the development of written regulatory management plans. Allows a sponsor or applicant of an eligible countermeasure to initiate such process upon submission of a written request to the Secretary which includes a proposed regulatory management plan. Requires the FDA to work with the sponsor or applicant to agree on a regulatory management plan within 90 days. Sets forth the required contents for a regulatory management plan, which includes developmental milestones and performance targets and goals. Requires the Secretary to establish regulatory management plans for all security countermeasures for which a request is submitted. Allows the Director of BARDA to prioritize which other eligible countermeasures may receive regulatory management plans if the Secretary determines that resources are not available to establish regulatory management plans for all other eligible countermeasures. </p> <p>(Sec. 306) Directs the Secretary to make publicly available on the FDA's website within 180 days and annually thereafter a report detailing the countermeasure development and review activities of the FDA.</p> <p>(Sec. 307) Requires the Secretary to solicit input from the Assistant Secretary for Preparedness and Response and the Director of BARDA regarding pediatric studies for medical countermeasures.</p> <p>Requires the Secretary to notify the Assistant Secretary and the Director of BARDA of all pediatric studies in the written request for a pediatric study issued by the Commissioner of Food and Drugs.</p> <p>Requires the Secretary to consider additional information in developing the priority list of needs in pediatric therapeutics that require study, including the availability of countermeasures to address the needs of pediatric populations.</p> <p>Requires the FDA's Pediatric Advisory Committee to advise and make recommendations to the Secretary on the development of countermeasures for pediatric populations. </p> <p><strong>Title IV: Accelerating Medical Countermeasure Advanced Research and Development</strong> - (Sec. 401) Extends from eight years to ten years: (1) the time during which a security countermeasure should qualify for approval or licensing for inclusion in Project Bioshield, and (2) the duration of a procurement contract for a security countermeasure. Requires a contract to procure security countermeasures to include a clear statement of defined government purpose limited to uses related to a security countermeasure. </p> <p>Authorizes the Secretary to enter into contracts and other agreements that are in the best interest of the government in meeting identified security countermeasure needs, including reimbursement of the cost of advanced research and development as a reasonable, allowable, and allocable direct cost of the contract involved.</p> <p>Reauthorizes appropriations for FY2014-FY2018 for the Special Reserve Fund for procurement of security countermeasures and for countermeasure advanced research and development under BARDA. Prohibits the Secretary from utilizing more than 50% of such amount for research and development. Requires the Secretary to report to the appropriate congressional committees if the amount in the Fund falls below a specified threshold.</p> <p>(Sec. 402) Revises and reauthorizes for FY2013-FY2017 the Biodefense Medical Countermeasure Development Fund used to support BARDA to accelerate countermeasure and product advanced research and development.</p> <p>Authorizes the Secretary to support innovation under BARDA by promoting dose sparing technologies, efficacy increasing technologies, and platform technologies.</p> <p>Requires the Secretary to provide a clear statement of defined government purpose related to BARDA activities for the awarding of contracts, grants, and cooperative agreements for a qualified countermeasure or qualified pandemic or epidemic product. <p>Extends the Freedom of Information Act (FOIA) exemption for specific technical data or scientific information that is created or obtained during countermeasure and product advanced research and development carried out under PHSA that reveals significant and not otherwise known vulnerabilities of existing medical or public health defenses against biological, chemical, nuclear, or radiological threats.</p> <p>Extends the antitrust exemption to permit meetings and consultations to discuss the development of security countermeasures, qualified countermeasures, or qualified pandemic or epidemic products. Makes such exemption retroactive to December 17, 2012.</p> <p>Requires GAO to report on activities carried out to facilitate flexible manufacturing capacity.</p> <p>Includes within the definition of a qualified countermeasure and a qualified pandemic or epidemic product a product or technology intended to enhance the use or effect of a drug, biological product, or device that is a medical countermeasure.</p> <p>(Sec. 403) Reauthorizes the Strategic National Stockpile for FY2013-FY2017. Requires the Secretary to: (1) submit to the appropriate congressional committees to the extent that the disclosure of such information does not compromise national security the annual review of the contents of the Stockpile; and (2) review and revise the contents of the Stockpile to ensure that the potential depletion of countermeasures currently in the Stockpile is identified and appropriately addressed, including through necessary replenishment. </p><p>(Sec. 404) Revises membership requirements for the National Biodefense Science Board. Requires the Board to provide any recommendation, finding, or report provided to the Secretary to the appropriate congressional committees.</p>]]></summary-text>
</summary>
<summary summary-id="id113hr307v00" currentChamber="HOUSE" update-date="2013-02-20">
<action-date>2013-01-18</action-date>
<action-desc>Introduced in House</action-desc>
<summary-text><![CDATA[<p>Pandemic and All-Hazards Preparedness Act Reauthorization of 2013 - Amends the Public Health Service Act (PHSA) to require the Secretary of Health and Human Services (HHS) to submit the National Health Security Strategy to Congress in 2014. </p> <p>Gives the Assistant Secretary for Preparedness lead responsibility within HHS for emergency preparedness and response policy and coordination. <p>Requires the Secretary to establish the National Advisory Committee on Children and Disasters. <p>Allows the Secretary to authorize a state or tribe to temporarily redeploy non-federal personnel funded through PHSA programs to immediately address a public health emergency in the state or tribe. <p>Reauthorizes appropriations for public health preparedness activities, including: (1) the National Disaster Medical System, (2) the public health emergency readiness of the Department of Veterans Affairs (VA) medical centers, (3) state and local public health security, (4) the influenza vaccine tracking and distribution program, (5) the Emergency System for Advance Registration of Health Professions Volunteers (ESAR-VHP), (6) the Medical Reserve Corps, (7) surge capacity and community and hospital preparedness, (7) public health alert communications and surveillance and public health situational awareness capability, (8) the Special Reserve Fund, (8) the Biomedical Advanced Research and Development Authority (BARDA), and (9) the Strategic National Stockpile.</p> <p><strong></strong>Amends the Federal Food, Drug, and Cosmetic Act to give the Secretary additional powers during a public health emergency related to: (1) the use of unapproved medical products or the unapproved use of an approved product, (2) the extension of the expiration date of eligible medical countermeasures, (3) deviations from good manufacturing practice requirements, (4) waiver of prescription requirements, and (5) waiver of requirements for a risk evaluation and mitigation strategy.</p> <p>Requires the Secretary to establish a formal process for obtaining scientific feedback and interactions regarding the development and regulatory review of eligible countermeasures through written regulatory management plans. </p> <p>Sets forth requirements regarding pediatric studies for medical countermeasures.</p> <p>Extends the Freedom of Information Act (FOIA) exemption for specific technical data or scientific information that is created or obtained during countermeasure and product advanced research and development carried out under PHSA that reveals significant and not otherwise known vulnerabilities of existing medical or public health defenses against biological, chemical, nuclear, or radiological threats.</p> <p>Extends the antitrust exemption to permit meetings and consultations to discuss the development of security countermeasures, qualified countermeasures, or qualified pandemic or epidemic products.</p>]]></summary-text>
</summary>
</item>
<dublinCore xmlns:dc="http://purl.org/dc/elements/1.1/">
<dc:format>text/xml</dc:format>
<dc:language>EN</dc:language>
<dc:rights>Pursuant to Title 17 Section 105 of the United States Code, this file is not subject to copyright protection and is in the public domain.</dc:rights>
<dc:contributor>Congressional Research Service, Library of Congress</dc:contributor>
<dc:description>This file contains bill summaries for federal legislation. A bill summary describes the most significant provisions of a piece of legislation and details the effects the legislative text may have on current law and federal programs. Bill summaries are authored by the Congressional Research Service (CRS) of the Library of Congress. As stated in Public Law 91-510 (2 USC 166 (d)(6)), one of the duties of CRS is "to prepare summaries and digests of bills and resolutions of a public general nature introduced in the Senate or House of Representatives". For more information, refer to the User Guide that accompanies this file.</dc:description>
</dublinCore>
</BillSummaries>
