<?xml version="1.0" encoding="UTF-8"?>
<BillSummaries>
<item congress="113" measure-type="hr" measure-number="274" measure-id="id113hr274" originChamber="HOUSE" orig-publish-date="2013-01-15" update-date="2013-02-13">
<title>Mental Health First Act of 2013</title>
<summary summary-id="id113hr274v00" currentChamber="HOUSE" update-date="2013-02-13">
<action-date>2013-01-15</action-date>
<action-desc>Introduced in House</action-desc>
<summary-text><![CDATA[<p>Mental Health First Act of 2013 - Amends the Public Health Service Act to require the Secretary of Health and Human Services (HHS), acting through the Administrator of the Substance Abuse and Mental Health Services Administration (SAMHSA), to award grants to initiate and sustain mental health first aid training programs. Requires such a program to include: (1) core live training courses on the skills, resources, and knowledge necessary to assist individuals in crisis to connect with appropriate local mental health care services; (2) training on mental health resources, including the location of community mental health centers in the state and local community; and (3) training on action plans and protocols for referral to such resources.</p> <p>Sets forth the categories of individuals to be trained under the program, including emergency services personnel and other first responders, police officers and law enforcement personnel, teachers and school administrators, human resources professionals, faith community leaders, nurses and other primary care personnel, students enrolled in school, parents of students, veterans, and other individuals, audiences or training populations as appropriate.</p> <p>Requires such programs to train individuals to accomplish: (1) safe de-escalation of crisis situations, (2) recognition of the signs and symptoms of mental illness, and (3) timely referral to mental health services in the early stages of developing mental disorders.</p> <p>Requires the Secretary, in awarding grants, to: (1) ensure that grants are equitably distributed among the geographical regions of the United States, and (2) pay particular attention to the mental health training needs of populations and target audiences residing in rural areas.<br> </p>]]></summary-text>
</summary>
</item>
<dublinCore xmlns:dc="http://purl.org/dc/elements/1.1/">
<dc:format>text/xml</dc:format>
<dc:language>EN</dc:language>
<dc:rights>Pursuant to Title 17 Section 105 of the United States Code, this file is not subject to copyright protection and is in the public domain.</dc:rights>
<dc:contributor>Congressional Research Service, Library of Congress</dc:contributor>
<dc:description>This file contains bill summaries for federal legislation. A bill summary describes the most significant provisions of a piece of legislation and details the effects the legislative text may have on current law and federal programs. Bill summaries are authored by the Congressional Research Service (CRS) of the Library of Congress. As stated in Public Law 91-510 (2 USC 166 (d)(6)), one of the duties of CRS is "to prepare summaries and digests of bills and resolutions of a public general nature introduced in the Senate or House of Representatives". For more information, refer to the User Guide that accompanies this file.</dc:description>
</dublinCore>
</BillSummaries>
