<?xml version="1.0" encoding="UTF-8"?>
<BillSummaries>
<item congress="113" measure-type="hr" measure-number="328" measure-id="id113hr328" originChamber="HOUSE" orig-publish-date="2013-01-22" update-date="2015-01-14">
<title>Excess Federal Building and Property Disposal Act of 2013</title>
<summary summary-id="id113hr328v28" currentChamber="HOUSE" update-date="2015-01-14">
<action-date>2015-01-02</action-date>
<action-desc>Reported to House without amendment, Part I</action-desc>
<summary-text><![CDATA[<p><b>(This measure has not been amended since it was introduced. The summary has been expanded because action occurred on the measure.)</b></p> <p>Excess Federal Building and Property Disposal Act of 2013 - (Sec. 2) Directs the Administrator of the General Services Administration (GSA) to conduct the Federal Real Property Disposal Pilot Program (Program), under which the Administrator shall: (1) identify 15 federal government real properties that are excess or surplus and that have the highest fair market value and the greatest potential to sell, and (2) sell such properties by public auction within 5 years after the enactment of this Act. Requires the Administrator to designate an additional property for sale under the Program&nbsp;not later than 15 days after the sale of any excess property.</p> <p>Exempts from the Program: (1) real property that is to be closed or realigned under the Defense Base Closure and Realignment Act of 1990; (2) properties excluded for reasons of national security by OMB; (3) certain Indian and Native Eskimo properties; (4) properties operated and maintained by the Tennessee Valley Authority (TVA); (5) postal properties; (6) properties used in connection with river, harbor, flood control, reclamation, or power projects; (7) properties determined to be suitable for use as a public park or recreation area; and (8) properties used for recreational and conservation purposes. </p> <p>Directs the Comptroller General (GAO) to submit to Congress and make public a study on the effectiveness of the Program. Terminates the Program five years after the enactment of this Act. </p> <p>Requires the head of each executive agency to recommend properties to the Director of OMB for disposal under the Program. Sets forth requirements for the expedited disposal of excess real property under the Program, including that such property must be sold for cash, may not be sold for less than fair market value, and must generate monetary proceeds to the federal government. Requires the proceeds from the sale of excess properties under the Program to be deposited into the Treasury and 2% of such proceeds to be used for funding homeless assistance grants. </p> <p>Directs the Secretary of Housing and Urban Development (HUD) to make grants to nonprofit organizations to acquire or rehabilitate real property to provide permanent housing, transitional housing, or temporary shelter for persons who are homeless. Grants preference in awarding grants to private nonprofit organizations that operate within areas in which federal real property is being sold under the Program.</p> <p>(Sec. 3) Directs the Administrator to: (1) issue guidance for the development and implementation of executive agency real property plans, and (2) assist executive agencies in the identification and disposal of excess real property. Sets forth the duties of executive agencies with respect to the identification, maintenance, and disposal of excess real property. </p> <p>Directs the Administrator to report to specified congressional committees on the efforts of each executive agency to reduce real property assets. </p> <p>(Sec. 4) Authorizes the Administrator to obligate funds to pay the costs of identifying and preparing properties to be reported excess by another agency.</p> <p>(Sec. 5) Allows GSA to be reimbursed for the costs associated with the reversion, custody, and disposal of reverted real property. Requires the Administrator to: (1) take control of reverted property if necessary to enforce compliance with the terms of the conveyance and sell such property, and (2) make such property available to state and local governments and non-profit organizations for public benefit conveyance prior to sale.</p> <p>(Sec. 6) Allows the net proceeds of a sale of excess federal real property to be: (1) returned to the agency that had custody and accountability for such property, and (2) used for continuing disposal of excess properties and for deficit reduction. </p> <p>(Sec. 7) Requires the Administrator to publish a comprehensive database of all federal real property under the custody and control of all executive agencies, other than property excluded for reasons of national security, which shall be made available to other federal agencies and the general public at no cost through the GSA website.</p> <p>(Sec. 8) Requires federal agencies to recycle at least 50% of construction and demolition materials and debris by the end of FY2015.</p> <p>(Sec. 9) Amends the McKinney-Vento Homeless Assistance Act to: (1) exempt from the homeless review process federal properties that are located in an area for which the general public is denied access in the interest of national security, (2) allow properties available for use by the homeless to be published on the websites of HUD or GSA instead of in the Federal Register, and (3) exclude certain federal properties from subsequent publications of properties available for use by the homeless for which no review of a determination of suitability was requested.</p>]]></summary-text>
</summary>
<summary summary-id="id113hr328v00" currentChamber="HOUSE" update-date="2014-11-06">
<action-date>2013-01-22</action-date>
<action-desc>Introduced in House</action-desc>
<summary-text><![CDATA[<p>Excess Federal Building and Property Disposal Act of 2013 - Directs the Administrator of the General Services Administration (GSA) to conduct the Federal Real Property Disposal Pilot Program, under which the Administrator shall: (1) identify 15 federal government real properties that are excess or surplus and that have the highest fair market value and the greatest potential to sell, and (2) sell such properties by public auction within 5 years after the enactment of this Act. Requires the Administrator to designate an additional property for sale under the Program&nbsp;not later than 15 days after the sale of any excess property.</p> <p>Exempts from the Program: (1) real property that is to be closed or realigned under the Defense Base Closure and Realignment Act of 1990; (2) properties excluded for reasons of national security by OMB; (3) certain Indian and Native Eskimo properties; (4) properties operated and maintained by the Tennessee Valley Authority (TVA); (5) postal properties; (6) properties used in connection with river, harbor, flood control, reclamation, or power projects; (7) properties determined to be suitable for use as a public park or recreation area; and (8) properties used for recreational and conservation purposes. </p> <p>Requires the head of each executive agency to recommend properties to the Director of OMB for disposal under the Program. Sets forth requirements for the expedited disposal of excess real property under the Program, including that such property must be sold for cash, may not be sold for less than fair market value, and must generate monetary proceeds to the federal government. Requires the proceeds from the sale of excess properties under the Program to be deposited into the Treasury and 2% of such proceeds to be used for funding homeless assistance grants. </p> <p>Directs the Secretary of Housing and Urban Development (HUD) to make grants to nonprofit organizations to acquire or rehabilitate real property to provide permanent housing, transitional housing, or temporary shelter for persons who are homeless.</p> <p>Directs the Administrator to: (1) issue guidance for the development and implementation of executive agency real property plans, and (2) assist executive agencies in the identification and disposal of excess real property. Authorizes the Administrator to obligate funds to pay the costs of identifying and preparing properties to be reported excess by another agency.</p> <p>Allows GSA to be reimbursed for the costs associated with the reversion, custody, and disposal of reverted real property. Requires the Administrator to: (1) take control of reverted property if necessary to enforce compliance with the terms of the conveyance and sell such property, and (2) make such property available to state and local governments and non-profit organizations for public benefit conveyance prior to sale.</p> <p>Allows the net proceeds of a sale of excess federal real property to be: (1) returned to the agency that had custody and accountability for such property, and (2) used for continuing disposal of excess properties and for deficit reduction. </p> <p>Requires the GSA Administrator to publish a comprehensive database of all federal real property under the custody and control of all executive agencies, other than property excluded for reasons of national security, which shall be made available to other federal agencies and the general public at no cost through the GSA website.</p> <p>Requires federal agencies to recycle at least 50% of construction and demolition materials and debris by the end of FY2015.</p> <p>Amends the McKinney-Vento Homeless Assistance Act to: (1) exempt from the homeless review process federal properties that are located in an area for which the general public is denied access in the interest of national security, (2) allow properties available for use by the homeless to be published on the websites of HUD or GSA instead of in the Federal Register, and (3) exclude certain federal properties from subsequent publications of properties available for use by the homeless for which no review of a determination of suitability was requested.</p>]]></summary-text>
</summary>
</item>
<dublinCore xmlns:dc="http://purl.org/dc/elements/1.1/">
<dc:format>text/xml</dc:format>
<dc:language>EN</dc:language>
<dc:rights>Pursuant to Title 17 Section 105 of the United States Code, this file is not subject to copyright protection and is in the public domain.</dc:rights>
<dc:contributor>Congressional Research Service, Library of Congress</dc:contributor>
<dc:description>This file contains bill summaries for federal legislation. A bill summary describes the most significant provisions of a piece of legislation and details the effects the legislative text may have on current law and federal programs. Bill summaries are authored by the Congressional Research Service (CRS) of the Library of Congress. As stated in Public Law 91-510 (2 USC 166 (d)(6)), one of the duties of CRS is "to prepare summaries and digests of bills and resolutions of a public general nature introduced in the Senate or House of Representatives". For more information, refer to the User Guide that accompanies this file.</dc:description>
</dublinCore>
</BillSummaries>
