<?xml version="1.0" encoding="UTF-8"?>
<BillSummaries>
<item congress="113" measure-type="hr" measure-number="579" measure-id="id113hr579" originChamber="HOUSE" orig-publish-date="2013-02-06" update-date="2014-12-16">
<title>To designate the United States courthouse located at 501 East Court Street in Jackson, Mississippi, as the "R. Jess Brown United States Courthouse".</title>
<summary summary-id="id113hr579v81" currentChamber="HOUSE" update-date="2014-12-16">
<action-date>2014-12-08</action-date>
<action-desc>Passed House without amendment</action-desc>
<summary-text><![CDATA[<p><b>(This measure has not been amended since it was introduced. The summary of that version is repeated here.)</b></p> <p>Designates the U.S. courthouse located at 501 East Court Street in Jackson, Mississippi, as the &quot;R. Jess Brown United States Courthouse.&quot;</p>]]></summary-text>
</summary>
<summary summary-id="id113hr579v79" currentChamber="HOUSE" update-date="2013-09-30">
<action-date>2013-09-27</action-date>
<action-desc>Reported to House without amendment</action-desc>
<summary-text><![CDATA[<p><b>(This measure has not been amended since it was introduced. The summary of that version is repeated here.)</b></p> <p>Designates the U.S. courthouse located at 501 East Court Street in Jackson, Mississippi, as the &quot;R. Jess Brown United States Courthouse.&quot;</p>]]></summary-text>
</summary>
<summary summary-id="id113hr579v00" currentChamber="HOUSE" update-date="2013-03-04">
<action-date>2013-02-06</action-date>
<action-desc>Introduced in House</action-desc>
<summary-text><![CDATA[<p>Designates the U.S. courthouse located at 501 East Court Street in Jackson, Mississippi, as the &quot;R. Jess Brown United States Courthouse.&quot;</p>]]></summary-text>
</summary>
</item>
<dublinCore xmlns:dc="http://purl.org/dc/elements/1.1/">
<dc:format>text/xml</dc:format>
<dc:language>EN</dc:language>
<dc:rights>Pursuant to Title 17 Section 105 of the United States Code, this file is not subject to copyright protection and is in the public domain.</dc:rights>
<dc:contributor>Congressional Research Service, Library of Congress</dc:contributor>
<dc:description>This file contains bill summaries for federal legislation. A bill summary describes the most significant provisions of a piece of legislation and details the effects the legislative text may have on current law and federal programs. Bill summaries are authored by the Congressional Research Service (CRS) of the Library of Congress. As stated in Public Law 91-510 (2 USC 166 (d)(6)), one of the duties of CRS is "to prepare summaries and digests of bills and resolutions of a public general nature introduced in the Senate or House of Representatives". For more information, refer to the User Guide that accompanies this file.</dc:description>
</dublinCore>
</BillSummaries>
