<?xml version="1.0" encoding="UTF-8"?>
<BillSummaries>
<item congress="113" measure-type="hr" measure-number="285" measure-id="id113hr285" originChamber="HOUSE" orig-publish-date="2013-01-15" update-date="2013-02-15">
<title>Housing Fairness Act of 2013</title>
<summary summary-id="id113hr285v00" currentChamber="HOUSE" update-date="2013-02-15">
<action-date>2013-01-15</action-date>
<action-desc>Introduced in House</action-desc>
<summary-text><![CDATA[<p>Veterans, Women, Families with Children, Race, and Persons with Disabilities Housing Fairness Act of 2013 or Housing Fairness Act of 2013 - Directs the Secretary of Housing and Urban Development (HUD) to conduct a nationwide testing program to: (1) detect and document differences in the treatment of persons seeking to rent or purchase housing or obtain or refinance a home mortgage loan; (2) measure patterns of adverse treatment because of the race, color, religion, sex, familial status, disability status, or national origin of a renter, home buyer, or borrower; and (3) measure the prevalence of such discriminatory practices across housing and mortgage lending markets.</p> <p> Amends the Housing and Community Development Act of 1987 to require that only qualified private nonprofit fair housing enforcement organizations receive funds under the fair housing initiatives program for investigations of violations of the rights granted under the Civil Rights Act of 1968. </p> <p>Requires the design of the national education and outreach program to provide for the development and dissemination of websites and other media outlets among its fair housing media products.</p> <p>Requires private entities that formulate or carry out programs to prevent or eliminate discriminatory housing practices to be nonprofit in order to be eligible for contracts to establish or support education and outreach programs and to support community-based education and outreach activities.</p> <p>Requires the Secretary to establish minimum standards for the training of testers of organizations funded with any amounts made available under this Act. </p> Directs the Secretary to implement a competitive matching grant program to assist public and private nonprofit organizations in: (1) conducting comprehensive studies of the causes and effects of housing discrimination and segregation on education, poverty, and economic development or on veterans and military personnel; and (2) implementing pilot projects that test solutions to help prevent or alleviate housing discrimination and segregation.]]></summary-text>
</summary>
</item>
<dublinCore xmlns:dc="http://purl.org/dc/elements/1.1/">
<dc:format>text/xml</dc:format>
<dc:language>EN</dc:language>
<dc:rights>Pursuant to Title 17 Section 105 of the United States Code, this file is not subject to copyright protection and is in the public domain.</dc:rights>
<dc:contributor>Congressional Research Service, Library of Congress</dc:contributor>
<dc:description>This file contains bill summaries for federal legislation. A bill summary describes the most significant provisions of a piece of legislation and details the effects the legislative text may have on current law and federal programs. Bill summaries are authored by the Congressional Research Service (CRS) of the Library of Congress. As stated in Public Law 91-510 (2 USC 166 (d)(6)), one of the duties of CRS is "to prepare summaries and digests of bills and resolutions of a public general nature introduced in the Senate or House of Representatives". For more information, refer to the User Guide that accompanies this file.</dc:description>
</dublinCore>
</BillSummaries>
