<?xml version="1.0" encoding="UTF-8"?>
<BillSummaries>
<item congress="113" measure-type="hr" measure-number="877" measure-id="id113hr877" originChamber="HOUSE" orig-publish-date="2013-02-27" update-date="2013-03-23">
<title>Historic Homeownership Revitalization Act of 2013</title>
<summary summary-id="id113hr877v00" currentChamber="HOUSE" update-date="2013-03-23">
<action-date>2013-02-27</action-date>
<action-desc>Introduced in House</action-desc>
<summary-text><![CDATA[<p>Historic Homeownership Revitalization Act of 2013 - Amends the Internal Revenue Code to: (1) allow a new tax credit for 20% of rehabilitation expenditures for a historic home used as a principal residence, up to $60,000; and (2) increase the rehabilitation tax credit for residential rental property located in economically distressed areas with high construction costs. </p>]]></summary-text>
</summary>
</item>
<dublinCore xmlns:dc="http://purl.org/dc/elements/1.1/">
<dc:format>text/xml</dc:format>
<dc:language>EN</dc:language>
<dc:rights>Pursuant to Title 17 Section 105 of the United States Code, this file is not subject to copyright protection and is in the public domain.</dc:rights>
<dc:contributor>Congressional Research Service, Library of Congress</dc:contributor>
<dc:description>This file contains bill summaries for federal legislation. A bill summary describes the most significant provisions of a piece of legislation and details the effects the legislative text may have on current law and federal programs. Bill summaries are authored by the Congressional Research Service (CRS) of the Library of Congress. As stated in Public Law 91-510 (2 USC 166 (d)(6)), one of the duties of CRS is "to prepare summaries and digests of bills and resolutions of a public general nature introduced in the Senate or House of Representatives". For more information, refer to the User Guide that accompanies this file.</dc:description>
</dublinCore>
</BillSummaries>
