<?xml version="1.0" encoding="UTF-8"?>
<BillSummaries>
<item congress="113" measure-type="hr" measure-number="491" measure-id="id113hr491" originChamber="HOUSE" orig-publish-date="2013-02-04" update-date="2013-03-04">
<title>Global Online Freedom Act of 2013</title>
<summary summary-id="id113hr491v00" currentChamber="HOUSE" update-date="2013-03-04">
<action-date>2013-02-04</action-date>
<action-desc>Introduced in House</action-desc>
<summary-text><![CDATA[<p>Global Online Freedom Act of 2013 - Makes it U.S. policy to: (1) promote the freedom to seek, receive, and impart information and ideas through any media; (2) use all appropriate instruments of U.S. influence to support the free flow of information without interference or discrimination; and (3) deter U.S. businesses from cooperating with Internet-restricting countries in effecting online censorship.</p> <p>Expresses the sense of Congress that: (1) the President should seek international agreements to protect Internet freedom; and (2) U.S. businesses operating in foreign countries should ensure online access to U.S.-supported websites and government reports, promote the security of Internet users, and limit censorship of protected political and religious speech and information.</p> <p>Amends the Foreign Assistance Act of 1961 to require assessments of freedom of expression with respect to electronic information in each foreign country.</p> <p>Directs the Secretary of State to annually designate Internet-restricting countries.</p> <p>Amends the Securities Exchange Act of 1934 to require each Internet communications service company that operates in an Internet-restricting country to include in its annual report information relating to: (1) human rights due diligence, (2) policies pertaining to the collection and disclosure of personally identifiable information, and (3) restrictions on Internet search engines or content hosting services. Sets forth an exception for companies that include in their annual report a certification of their participation in good standing with the Global Network Initiative or other specified multi-stakeholder initiatives.</p> <p>Amends the Export Administration Act of 1979, as continued in effect under the International Emergency Economic Powers Act, to direct the Secretary of Commerce to: (1) establish a list of goods and technology that would assist a foreign government in acquiring the capability to carry out censorship, surveillance, or any other related activity through means of telecommunications, including the Internet; and (2) prohibit the export of listed goods or technology to a government end-user (including a wholly or partially government-owned telecommunications or Internet service provider) in any Internet-restricting country.</p>]]></summary-text>
</summary>
</item>
<dublinCore xmlns:dc="http://purl.org/dc/elements/1.1/">
<dc:format>text/xml</dc:format>
<dc:language>EN</dc:language>
<dc:rights>Pursuant to Title 17 Section 105 of the United States Code, this file is not subject to copyright protection and is in the public domain.</dc:rights>
<dc:contributor>Congressional Research Service, Library of Congress</dc:contributor>
<dc:description>This file contains bill summaries for federal legislation. A bill summary describes the most significant provisions of a piece of legislation and details the effects the legislative text may have on current law and federal programs. Bill summaries are authored by the Congressional Research Service (CRS) of the Library of Congress. As stated in Public Law 91-510 (2 USC 166 (d)(6)), one of the duties of CRS is "to prepare summaries and digests of bills and resolutions of a public general nature introduced in the Senate or House of Representatives". For more information, refer to the User Guide that accompanies this file.</dc:description>
</dublinCore>
</BillSummaries>
