<?xml version="1.0" encoding="UTF-8"?>
<BillSummaries>
<item congress="113" measure-type="hr" measure-number="518" measure-id="id113hr518" originChamber="HOUSE" orig-publish-date="2013-02-05" update-date="2013-02-12">
<title>To amend the Reclamation States Emergency Drought Relief Act of 1991 for the purposes of extending the Reclamation States Emergency Drought Relief Act of 1991 through 2018, and for other purposes.</title>
<summary summary-id="id113hr518v00" currentChamber="HOUSE" update-date="2013-02-12">
<action-date>2013-02-05</action-date>
<action-desc>Introduced in House</action-desc>
<summary-text><![CDATA[<p>Amends the Reclamation States Emergency Drought Relief Act of 1991 to: (1) extend authority for the drought program under such Act through FY2018, (2) authorize appropriations for such Act through FY2018, and (3) require cooperative drought contingency plans under such Act to provide for periodic review to address projected long-term climate variability and change.</p>]]></summary-text>
</summary>
</item>
<dublinCore xmlns:dc="http://purl.org/dc/elements/1.1/">
<dc:format>text/xml</dc:format>
<dc:language>EN</dc:language>
<dc:rights>Pursuant to Title 17 Section 105 of the United States Code, this file is not subject to copyright protection and is in the public domain.</dc:rights>
<dc:contributor>Congressional Research Service, Library of Congress</dc:contributor>
<dc:description>This file contains bill summaries for federal legislation. A bill summary describes the most significant provisions of a piece of legislation and details the effects the legislative text may have on current law and federal programs. Bill summaries are authored by the Congressional Research Service (CRS) of the Library of Congress. As stated in Public Law 91-510 (2 USC 166 (d)(6)), one of the duties of CRS is "to prepare summaries and digests of bills and resolutions of a public general nature introduced in the Senate or House of Representatives". For more information, refer to the User Guide that accompanies this file.</dc:description>
</dublinCore>
</BillSummaries>
