<?xml version="1.0" encoding="UTF-8"?>
<BillSummaries>
<item congress="113" measure-type="hr" measure-number="671" measure-id="id113hr671" originChamber="HOUSE" orig-publish-date="2013-02-13" update-date="2013-08-05">
<title>Ruth Moore Act of 2013</title>
<summary summary-id="id113hr671v36" currentChamber="HOUSE" update-date="2013-08-05">
<action-date>2013-06-04</action-date>
<action-desc>Passed House amended</action-desc>
<summary-text><![CDATA[<p><b>(This measure has not been amended since it was reported to the House on May 17, 2013. The summary of that version is repeated here.)</b> </p> <p>Ruth Moore Act of 2013 - Directs the Secretary of Veterans Affairs (VA) to report to Congress in each of 2014 through 2018 on claims submitted for disabilities based on a covered mental health condition alleged to have been incurred or aggravated by military sexual trauma during active duty. Includes as a covered mental health condition post-traumatic stress disorder (PTSD), anxiety, depression, or any other mental health diagnosis that the Secretary determines to be related to military sexual trauma.</p> <p>Expresses the sense of Congress that the Secretary should update and improve VA regulations with respect to military sexual trauma by: (1) ensuring that it is specified as an in-service stressor in determining the service-connection of PTSD, and (2) recognizing the full range of physical and mental disabilities that can result from such trauma. Requires each veteran submitting such a claim to be provided the most recently updated regulations concerning such trauma, as well as other information designed to aid such claims.</p> <p>Extends until FY2019 the required rounding to the nearest dollar of VA basic educational assistance and survivors' and dependents' educational assistance.</p>]]></summary-text>
</summary>
<summary summary-id="id113hr671v17" currentChamber="HOUSE" update-date="2013-06-21">
<action-date>2013-05-17</action-date>
<action-desc>Reported to House amended</action-desc>
<summary-text><![CDATA[<p>Ruth Moore Act of 2013 - Directs the Secretary of Veterans Affairs (VA) to report to Congress in each of 2014 through 2018 on claims submitted for disabilities based on a covered mental health condition alleged to have been incurred or aggravated by military sexual trauma during active duty. Includes as a covered mental health condition post-traumatic stress disorder (PTSD), anxiety, depression, or any other mental health diagnosis that the Secretary determines to be related to military sexual trauma.</p> <p>Expresses the sense of Congress that the Secretary should update and improve VA regulations with respect to military sexual trauma by: (1) ensuring that it is specified as an in-service stressor in determining the service-connection of PTSD, and (2) recognizing the full range of physical and mental disabilities that can result from such trauma. Requires each veteran submitting such a claim to be provided the most recently updated regulations concerning such trauma, as well as other information designed to aid such claims.</p> <p>Extends until FY2019 the required rounding to the nearest dollar of VA basic educational assistance and survivors' and dependents' educational assistance.</p>]]></summary-text>
</summary>
<summary summary-id="id113hr671v00" currentChamber="HOUSE" update-date="2013-03-04">
<action-date>2013-02-13</action-date>
<action-desc>Introduced in House</action-desc>
<summary-text><![CDATA[<p>Ruth Moore Act of 2013 - Directs the Secretary of Veterans Affairs (VA), in any case in which a veteran claims that a covered mental health condition was incurred in or aggravated by military sexual trauma during active duty, to accept as sufficient proof of service-connection a diagnosis by a mental health professional together with satisfactory lay or other evidence of such trauma and an opinion by the mental health professional that such condition is related to such trauma, if consistent with the circumstances, conditions, or hardships of such service, notwithstanding the fact that there is no official record of such incurrence or aggravation in such service, and to resolve every reasonable doubt in favor of the veteran. Allows such service-connection to be rebutted by clear and convincing evidence to the contrary.</p> <p>Includes as a &quot;covered mental health condition&quot; post-traumatic stress disorder, anxiety, depression, or any other mental health diagnosis that the Secretary determines to be related to military sexual trauma.</p> <p>Requires the Secretary to report annually to Congress in each of 2014 through 2018 on covered claims submitted.</p>]]></summary-text>
</summary>
</item>
<dublinCore xmlns:dc="http://purl.org/dc/elements/1.1/">
<dc:format>text/xml</dc:format>
<dc:language>EN</dc:language>
<dc:rights>Pursuant to Title 17 Section 105 of the United States Code, this file is not subject to copyright protection and is in the public domain.</dc:rights>
<dc:contributor>Congressional Research Service, Library of Congress</dc:contributor>
<dc:description>This file contains bill summaries for federal legislation. A bill summary describes the most significant provisions of a piece of legislation and details the effects the legislative text may have on current law and federal programs. Bill summaries are authored by the Congressional Research Service (CRS) of the Library of Congress. As stated in Public Law 91-510 (2 USC 166 (d)(6)), one of the duties of CRS is "to prepare summaries and digests of bills and resolutions of a public general nature introduced in the Senate or House of Representatives". For more information, refer to the User Guide that accompanies this file.</dc:description>
</dublinCore>
</BillSummaries>
