<?xml version="1.0" encoding="UTF-8"?>
<BillSummaries>
<item congress="113" measure-type="hr" measure-number="989" measure-id="id113hr989" originChamber="HOUSE" orig-publish-date="2013-03-06" update-date="2013-03-28">
<title>To prohibit the use of funds for the Lifeline program, and for other purposes.</title>
<summary summary-id="id113hr989v00" currentChamber="HOUSE" update-date="2013-03-28">
<action-date>2013-03-06</action-date>
<action-desc>Introduced in House</action-desc>
<summary-text><![CDATA[<p>Rescinds $2.2 billion from the unobligated balances of funds available to the Federal Communications Commission (FCC) for salaries and expenses for FY2013.</p> <p>Prohibits the funds made available to the FCC for FY2013 salaries and expenses from being used for the Lifeline program (a program that provides discounts on telephone service to qualifying low-income consumers).</p> <p>Increases the FY2013 amounts otherwise made available to: (1) the Department of Transportation (DOT) for Federal Aviation Administration (FAA) operations by $500 million, and (2) the Department of Defense (DOD) for Navy operation and maintenance by $1.6 billion.</p>]]></summary-text>
</summary>
</item>
<dublinCore xmlns:dc="http://purl.org/dc/elements/1.1/">
<dc:format>text/xml</dc:format>
<dc:language>EN</dc:language>
<dc:rights>Pursuant to Title 17 Section 105 of the United States Code, this file is not subject to copyright protection and is in the public domain.</dc:rights>
<dc:contributor>Congressional Research Service, Library of Congress</dc:contributor>
<dc:description>This file contains bill summaries for federal legislation. A bill summary describes the most significant provisions of a piece of legislation and details the effects the legislative text may have on current law and federal programs. Bill summaries are authored by the Congressional Research Service (CRS) of the Library of Congress. As stated in Public Law 91-510 (2 USC 166 (d)(6)), one of the duties of CRS is "to prepare summaries and digests of bills and resolutions of a public general nature introduced in the Senate or House of Representatives". For more information, refer to the User Guide that accompanies this file.</dc:description>
</dublinCore>
</BillSummaries>
