<?xml version="1.0" encoding="UTF-8"?>
<BillSummaries>
<item congress="113" measure-type="hr" measure-number="406" measure-id="id113hr406" originChamber="HOUSE" orig-publish-date="2013-01-23" update-date="2013-02-11">
<title>To provide discretionary authority to an immigration judge to determine that an alien parent of a United States citizen child should not be ordered removed, deported, or excluded from the United States.</title>
<summary summary-id="id113hr406v00" currentChamber="HOUSE" update-date="2013-02-11">
<action-date>2013-01-23</action-date>
<action-desc>Introduced in House</action-desc>
<summary-text><![CDATA[<p>Amends the Immigration and Nationality Act, in the case of an alien subject to removal, deportation, or exclusion and who is the parent of a U.S. citizen child, to authorize an immigration judge to decline to order such removal if the judge determines such action to be against the child's best interests. </p> <p>States that such discretion shall not apply to an alien when the judge determines that the alien: (1) is excludable or deportable on security grounds, or (2) has engaged in sex trafficking or severe forms of trafficking in persons.</p>]]></summary-text>
</summary>
</item>
<dublinCore xmlns:dc="http://purl.org/dc/elements/1.1/">
<dc:format>text/xml</dc:format>
<dc:language>EN</dc:language>
<dc:rights>Pursuant to Title 17 Section 105 of the United States Code, this file is not subject to copyright protection and is in the public domain.</dc:rights>
<dc:contributor>Congressional Research Service, Library of Congress</dc:contributor>
<dc:description>This file contains bill summaries for federal legislation. A bill summary describes the most significant provisions of a piece of legislation and details the effects the legislative text may have on current law and federal programs. Bill summaries are authored by the Congressional Research Service (CRS) of the Library of Congress. As stated in Public Law 91-510 (2 USC 166 (d)(6)), one of the duties of CRS is "to prepare summaries and digests of bills and resolutions of a public general nature introduced in the Senate or House of Representatives". For more information, refer to the User Guide that accompanies this file.</dc:description>
</dublinCore>
</BillSummaries>
