<?xml version="1.0" encoding="UTF-8"?>
<BillSummaries>
<item congress="113" measure-type="hr" measure-number="999" measure-id="id113hr999" originChamber="HOUSE" orig-publish-date="2013-03-06" update-date="2013-05-02">
<title>To amend title 49, United States Code, to require that individuals seeking training in the operation of certain aircraft be checked against immigration information in the possession of the Secretary of Homeland Security to ensure that such individuals are citizens or nationals of the United States, lawful permanent resident aliens, or nonimmigrants admitted for a limited period to obtain such training, and for other purposes.</title>
<summary summary-id="id113hr999v00" currentChamber="HOUSE" update-date="2013-05-02">
<action-date>2013-03-06</action-date>
<action-desc>Introduced in House</action-desc>
<summary-text><![CDATA[<p>Revises requirements with respect to the training of aliens and other individuals designated by the Secretary of Homeland Security (DHS) in the operation of certain aircraft.</p> <p>Authorizes a flight instructor, pilot school, or aviation training center to provide training to an individual in the operation of an aircraft with a takeoff weight of more than 12,500 pounds only if that individual has been checked against databases available to the Assistant Secretary of Homeland Security (Transportation Security Administration [TSA]) that he or she is: (1) a U.S. citizen, (2) a U.S. national, (3) a permanent resident, or (4) an alien temporarily admitted to the United States as a nonimmigrant for the purpose of obtaining such training.</p> <p>Directs the Secretary to require Federal Aviation Administration (FAA) certification of flight schools.</p>]]></summary-text>
</summary>
</item>
<dublinCore xmlns:dc="http://purl.org/dc/elements/1.1/">
<dc:format>text/xml</dc:format>
<dc:language>EN</dc:language>
<dc:rights>Pursuant to Title 17 Section 105 of the United States Code, this file is not subject to copyright protection and is in the public domain.</dc:rights>
<dc:contributor>Congressional Research Service, Library of Congress</dc:contributor>
<dc:description>This file contains bill summaries for federal legislation. A bill summary describes the most significant provisions of a piece of legislation and details the effects the legislative text may have on current law and federal programs. Bill summaries are authored by the Congressional Research Service (CRS) of the Library of Congress. As stated in Public Law 91-510 (2 USC 166 (d)(6)), one of the duties of CRS is "to prepare summaries and digests of bills and resolutions of a public general nature introduced in the Senate or House of Representatives". For more information, refer to the User Guide that accompanies this file.</dc:description>
</dublinCore>
</BillSummaries>
