<?xml version="1.0" encoding="UTF-8"?>
<BillSummaries>
<item congress="113" measure-type="hr" measure-number="460" measure-id="id113hr460" originChamber="HOUSE" orig-publish-date="2013-02-04" update-date="2013-03-04">
<title>Patients' Access to Treatments Act of 2013</title>
<summary summary-id="id113hr460v00" currentChamber="HOUSE" update-date="2013-03-04">
<action-date>2013-02-04</action-date>
<action-desc>Introduced in House</action-desc>
<summary-text><![CDATA[<p>Patients' Access to Treatments Act of 2013 - Amends the Public Health Service Act to establish cost-sharing limits for health plans that cover prescription drugs and use a formulary or other tiered cost-sharing structure. Prohibits such a health plan from imposing cost-sharing requirements, including co-payment and co-insurance, applicable to prescription drugs in a specialty drug tier that exceed the dollar amount of cost-sharing requirements applicable to prescription drugs in a non-preferred brand drug tier. Applies the non-preferred brand drug tier for which beneficiary cost-sharing is lowest, if a formulary used by the health plan contains more than one non-preferred brand drug tier.</p> <p>Defines: (1) &quot;non-preferred brand drug tier&quot; as a category of prescription drugs within a tier in a formulary for which beneficiary cost-sharing is greater than tiers for generic drugs or preferred brand drugs, and that are not included within a specialty drug tier; and (2) &quot;specialty drug tier&quot; as a category of prescription drugs within a tier in a formulary for which beneficiary cost-sharing is greater than tiers for generic drugs, preferred brand drugs, or non-preferred drugs in the plan's formulary.</p>]]></summary-text>
</summary>
</item>
<dublinCore xmlns:dc="http://purl.org/dc/elements/1.1/">
<dc:format>text/xml</dc:format>
<dc:language>EN</dc:language>
<dc:rights>Pursuant to Title 17 Section 105 of the United States Code, this file is not subject to copyright protection and is in the public domain.</dc:rights>
<dc:contributor>Congressional Research Service, Library of Congress</dc:contributor>
<dc:description>This file contains bill summaries for federal legislation. A bill summary describes the most significant provisions of a piece of legislation and details the effects the legislative text may have on current law and federal programs. Bill summaries are authored by the Congressional Research Service (CRS) of the Library of Congress. As stated in Public Law 91-510 (2 USC 166 (d)(6)), one of the duties of CRS is "to prepare summaries and digests of bills and resolutions of a public general nature introduced in the Senate or House of Representatives". For more information, refer to the User Guide that accompanies this file.</dc:description>
</dublinCore>
</BillSummaries>
