<?xml version="1.0" encoding="UTF-8"?>
<BillSummaries>
<item congress="113" measure-type="hr" measure-number="630" measure-id="id113hr630" originChamber="HOUSE" orig-publish-date="2013-02-13" update-date="2013-03-16">
<title>Postal Service Protection Act of 2013</title>
<summary summary-id="id113hr630v00" currentChamber="HOUSE" update-date="2013-03-16">
<action-date>2013-02-13</action-date>
<action-desc>Introduced in House</action-desc>
<summary-text><![CDATA[<p>Postal Service Protection Act of 2013 - Sets forth rules for the recalculation of annuities for employees of the U.S. Postal Service (USPS) and for the redetermination of surplus or supplemental liabilities under the Civil Service Retirement System (CSRS). Prescribes the "average pay" to be used in calculating annuities and surplus amounts. </p> <p>Authorizes the transfer of surplus postal retirement contributions in FY2010 to the Postal Service Retiree Health Benefits Fund, the Postal Service Fund, and the Employees' Compensation Fund under the Federal Employees' Compensation Act (FECA) and to USPS for payment of its debt obligations.</p> <p>Eliminates the requirement for pre-funding of the Postal Service Retiree Health Benefits Fund. </p> <p>Sets forth criteria for the closing or consolidation of postal facilities.</p> <p>Allows USPS to provide any nonpostal service or product in a manner consistent with the public interest. </p> <p>Provides for the mailing of wine and beer sent by a licensed winery or brewery in accordance with the laws of the state, territory, or district where the addressee or agent takes delivery.</p> <p>Establishes in USPS the position of the Chief Innovation Officer who shall have proven expertise and success in the postal and shipping industry and in innovation, marketing, technology, and management. Establishes a Postal Innovation Advisory Commission. Requires the Postmaster General to report to specified congressional committees and the Postal Regulatory Commmission on a comprehensive strategy for maximizing USPS revenue through innovative postal and nonpostal products and services.</p> <p>Prohibits USPS from reducing the frequency of mail delivery to fewer than six days each week or from increasing the expected delivery time for market-dominant products.</p> <p>Repeals the annual limitation on the percentage changes on postal rates for market-dominant products. </p>]]></summary-text>
</summary>
</item>
<dublinCore xmlns:dc="http://purl.org/dc/elements/1.1/">
<dc:format>text/xml</dc:format>
<dc:language>EN</dc:language>
<dc:rights>Pursuant to Title 17 Section 105 of the United States Code, this file is not subject to copyright protection and is in the public domain.</dc:rights>
<dc:contributor>Congressional Research Service, Library of Congress</dc:contributor>
<dc:description>This file contains bill summaries for federal legislation. A bill summary describes the most significant provisions of a piece of legislation and details the effects the legislative text may have on current law and federal programs. Bill summaries are authored by the Congressional Research Service (CRS) of the Library of Congress. As stated in Public Law 91-510 (2 USC 166 (d)(6)), one of the duties of CRS is "to prepare summaries and digests of bills and resolutions of a public general nature introduced in the Senate or House of Representatives". For more information, refer to the User Guide that accompanies this file.</dc:description>
</dublinCore>
</BillSummaries>
