<?xml version="1.0" encoding="UTF-8"?>
<BillSummaries>
<item congress="113" measure-type="hr" measure-number="548" measure-id="id113hr548" originChamber="HOUSE" orig-publish-date="2013-02-06" update-date="2013-02-22">
<title>Border Infrastructure and Jobs Act of 2013</title>
<summary summary-id="id113hr548v00" currentChamber="HOUSE" update-date="2013-02-22">
<action-date>2013-02-06</action-date>
<action-desc>Introduced in House</action-desc>
<summary-text><![CDATA[<p>Border Infrastructure and Jobs Act of 2013 - Establishes the United States-Mexico Economic Partnership Commission, which shall review and examine cross-border trade policies, strategies, and programs with Mexico.</p> <p>Directs the Secretary of Commerce to establish a grants program to develop and expand trusted shipper programs for small- and medium-sized businesses to facilitate border commerce.</p> <p>Authorizes appropriations for FY2014 to: (1) the General Services Administration (GSA) for planning, management, and construction of United States Customs and Border Protection (CBP) owned land border ports of entry along the U.S.-Mexico border and for the installation of renewable energy retrofits at such ports of entry; (2) the International Boundary and Water Commission for planning, management, and construction of the International Outfall Interceptor and the Nogales Wash Channel; (3) the Federal Highway Administration (FHA) for improvements to existing transportation and supporting infrastructure along the border, for construction of highways and related safety and enforcement facilities related to international trade with Mexico, and for international coordination of transportation planning, programming, and border operations with Mexico; and (4) the Department of Homeland Security (DHS) for integrated fixed towers, remote video cameras, hand-held devices, mobile systems, and other technologies in Arizona. </p> <p>Requires the DHS Secretary: (1) during FY2014, to increase the number of full-time active duty CBP officers, agriculture specialists, and border security support personnel for such ports of entry, with priority to the Tucson Sector; and (2) to develop and annually update a Southwest Border Strategy for Security and Prosperity to facilitate trade and maintain operational control over such ports of entry.</p> <p>Directs the Administrator of the Small Business Administration (SBA) to establish a grants program to develop and revitalize small businesses located along the border.</p> <p>Prohibits an executive agency from awarding a contract unless 30% of the labor for the performance of the contract is performed by a local subcontractor, with exceptions.</p>]]></summary-text>
</summary>
</item>
<dublinCore xmlns:dc="http://purl.org/dc/elements/1.1/">
<dc:format>text/xml</dc:format>
<dc:language>EN</dc:language>
<dc:rights>Pursuant to Title 17 Section 105 of the United States Code, this file is not subject to copyright protection and is in the public domain.</dc:rights>
<dc:contributor>Congressional Research Service, Library of Congress</dc:contributor>
<dc:description>This file contains bill summaries for federal legislation. A bill summary describes the most significant provisions of a piece of legislation and details the effects the legislative text may have on current law and federal programs. Bill summaries are authored by the Congressional Research Service (CRS) of the Library of Congress. As stated in Public Law 91-510 (2 USC 166 (d)(6)), one of the duties of CRS is "to prepare summaries and digests of bills and resolutions of a public general nature introduced in the Senate or House of Representatives". For more information, refer to the User Guide that accompanies this file.</dc:description>
</dublinCore>
</BillSummaries>
