<?xml version="1.0" encoding="UTF-8"?>
<BillSummaries>
<item congress="113" measure-type="hr" measure-number="691" measure-id="id113hr691" originChamber="HOUSE" orig-publish-date="2013-02-14" update-date="2013-02-28">
<title>Worker Protection Against Combustible Dust Explosions and Fires Act of 2013</title>
<summary summary-id="id113hr691v00" currentChamber="HOUSE" update-date="2013-02-28">
<action-date>2013-02-14</action-date>
<action-desc>Introduced in House</action-desc>
<summary-text><![CDATA[<p>Worker Protection Against Combustible Dust Explosions and Fires Act of 2013 - Requires the Secretary of Labor to promulgate an interim final standard regulating occupational exposure to combustible dust hazards, which shall apply to manufacturing, processing, blending, conveying, repackaging, and handling of combustible particulate solids and their dusts (including organic dusts, plastics, sulfur, wood, rubber, furniture, textiles, pesticides, pharmaceuticals, fibers, dyes, coal, metals, and fossil fuels), but shall not apply to processes already covered by the occupational safety and health standard on grain facilities.</p> <p>Requires such standard to be based on portions of the National Fire Protection Association Standards in effect upon enactment of this Act that: (1) apply to existing facilities, or (2) call for source and dust emission control technologies.</p> <p>Requires such standard also to provide requirements for: (1) a hazard assessment to identify, evaluate, and control combustible dust hazards; (2) a written program that includes provisions for hazardous dust inspection, testing, hot work, ignition control, and housekeeping; (3) engineering controls, administrative controls, and operating procedures; (4) workplace inspection and housekeeping to prevent accumulation of combustible dust in places of employment in depths that can present explosion, deflagration, or other fire hazards, including safe methods of dust removal; (5) participation of employees and their representatives in hazard assessment, development of and compliance with the written program, incident investigation, and other elements of hazard management; and (6) providing safety and health information and annual training to managers and employees and their representatives.</p> <p>Requires the interim final standard to take effect 30 days after its issuance, and remain in effect until a final standard becomes effective, except that it may include a reasonable phase-in period for implementation of required engineering controls.</p> <p>Requires the Secretary to issue: (1) a proposed rule for regulating combustible dust explosions that includes the major elements contained in the interim final standard, and (2) a final rule three years after issuance of a proposed rule.</p>]]></summary-text>
</summary>
</item>
<dublinCore xmlns:dc="http://purl.org/dc/elements/1.1/">
<dc:format>text/xml</dc:format>
<dc:language>EN</dc:language>
<dc:rights>Pursuant to Title 17 Section 105 of the United States Code, this file is not subject to copyright protection and is in the public domain.</dc:rights>
<dc:contributor>Congressional Research Service, Library of Congress</dc:contributor>
<dc:description>This file contains bill summaries for federal legislation. A bill summary describes the most significant provisions of a piece of legislation and details the effects the legislative text may have on current law and federal programs. Bill summaries are authored by the Congressional Research Service (CRS) of the Library of Congress. As stated in Public Law 91-510 (2 USC 166 (d)(6)), one of the duties of CRS is "to prepare summaries and digests of bills and resolutions of a public general nature introduced in the Senate or House of Representatives". For more information, refer to the User Guide that accompanies this file.</dc:description>
</dublinCore>
</BillSummaries>
