<?xml version="1.0" encoding="UTF-8"?>
<BillSummaries>
<item congress="113" measure-type="hr" measure-number="326" measure-id="id113hr326" originChamber="HOUSE" orig-publish-date="2013-01-22" update-date="2013-02-19">
<title>Budget Before Borrowing Act of 2013</title>
<summary summary-id="id113hr326v00" currentChamber="HOUSE" update-date="2013-02-19">
<action-date>2013-01-22</action-date>
<action-desc>Introduced in House</action-desc>
<summary-text><![CDATA[<p>Budget Before Borrowing Act of 2013 - Amends the Congressional Budget Act of 1974 to make it out of order in both chambers to consider any bill or joint resolution, amendment, or conference report to extend the public debt limit unless a concurrent resolution on the budget has been agreed to and is in effect for the fiscal year during which such measure is being considered.</p> <p>Permits: (1) waiver or suspension of this prohibition in either chamber only by an affirmative vote of two-thirds of its Members, and (2) its successful appeal from the ruling of the Chair in the Senate only by an affirmative vote of two-thirds of its Members.</p>]]></summary-text>
</summary>
</item>
<dublinCore xmlns:dc="http://purl.org/dc/elements/1.1/">
<dc:format>text/xml</dc:format>
<dc:language>EN</dc:language>
<dc:rights>Pursuant to Title 17 Section 105 of the United States Code, this file is not subject to copyright protection and is in the public domain.</dc:rights>
<dc:contributor>Congressional Research Service, Library of Congress</dc:contributor>
<dc:description>This file contains bill summaries for federal legislation. A bill summary describes the most significant provisions of a piece of legislation and details the effects the legislative text may have on current law and federal programs. Bill summaries are authored by the Congressional Research Service (CRS) of the Library of Congress. As stated in Public Law 91-510 (2 USC 166 (d)(6)), one of the duties of CRS is "to prepare summaries and digests of bills and resolutions of a public general nature introduced in the Senate or House of Representatives". For more information, refer to the User Guide that accompanies this file.</dc:description>
</dublinCore>
</BillSummaries>
