<?xml version="1.0" encoding="UTF-8"?>
<BillSummaries>
<item congress="113" measure-type="hr" measure-number="568" measure-id="id113hr568" originChamber="HOUSE" orig-publish-date="2013-02-06" update-date="2013-07-20">
<title>To amend title 5, United States Code, to require that the Office of Personnel Management submit an annual report to Congress relating to the use of official time by Federal employees.</title>
<summary summary-id="id113hr568v17" currentChamber="HOUSE" update-date="2013-07-20">
<action-date>2013-07-16</action-date>
<action-desc>Reported to House amended</action-desc>
<summary-text><![CDATA[<p>Requires the Office of Personnel Management (OPM), not later than March 31 of each year, to report to Congress on the use of official time by federal employees. Requires each federal agency, not later than December 31 of each year, to submit to OPM information required for OPM's report to Congress. </p> <p>Defines "official time" as any period of time granted to a federal employee to perform representational or consultative functions in labor-management relations during which the employee would otherwise be in a duty status.</p> <p>Requires OPM's report to Congress to include: (1) the total amount of official time granted to employees, (2) the average amount of official time expended per bargaining unit employee, (3) the specific types of activities or purposes for which official time was granted and the impact which the granting of such official time had on agency operations, (4) the total number of employees to whom official time was granted and the total number of such employees who were not engaged in any work activities or purposes except those involving the use of official time, and (5) the total amount of compensation (including fringe benefits) afforded to employees in connection with activities or purposes for which they were granted official time. Requires the information submitted by OPM to be shown both agency-by-agency and for all agencies and to be accompanied by corresponding information in previous reports, together with appropriate comparisons and analyses.</p>]]></summary-text>
</summary>
<summary summary-id="id113hr568v00" currentChamber="HOUSE" update-date="2013-02-20">
<action-date>2013-02-06</action-date>
<action-desc>Introduced in House</action-desc>
<summary-text><![CDATA[<p>Requires the Office of Personnel Management (OPM) to submit an annual report to Congress on the use of official time by federal employees. Defines &quot;official time&quot; as any period of time granted to a federal employee to perform representational or consultative functions and during which the employee would otherwise be in a duty status.</p>]]></summary-text>
</summary>
</item>
<dublinCore xmlns:dc="http://purl.org/dc/elements/1.1/">
<dc:format>text/xml</dc:format>
<dc:language>EN</dc:language>
<dc:rights>Pursuant to Title 17 Section 105 of the United States Code, this file is not subject to copyright protection and is in the public domain.</dc:rights>
<dc:contributor>Congressional Research Service, Library of Congress</dc:contributor>
<dc:description>This file contains bill summaries for federal legislation. A bill summary describes the most significant provisions of a piece of legislation and details the effects the legislative text may have on current law and federal programs. Bill summaries are authored by the Congressional Research Service (CRS) of the Library of Congress. As stated in Public Law 91-510 (2 USC 166 (d)(6)), one of the duties of CRS is "to prepare summaries and digests of bills and resolutions of a public general nature introduced in the Senate or House of Representatives". For more information, refer to the User Guide that accompanies this file.</dc:description>
</dublinCore>
</BillSummaries>
