<?xml version="1.0" encoding="UTF-8"?>
<BillSummaries>
<item congress="113" measure-type="hr" measure-number="1378" measure-id="id113hr1378" originChamber="HOUSE" orig-publish-date="2013-03-21" update-date="2014-12-22">
<title>To designate the United States Federal Judicial Center located at 333 West Broadway in San Diego, California, as the "John Rhoades Federal Judicial Center" and to designate the United States courthouse located at 333 West Broadway in San Diego, California, as the "James M. Carter and Judith N. Keep United States Courthouse".</title>
<summary summary-id="id113hr1378v49" currentChamber="BOTH" update-date="2014-12-22">
<action-date>2014-12-18</action-date>
<action-desc>Public Law</action-desc>
<summary-text><![CDATA[<p> <b>(This measure has not been amended since it was passed by the House on December 9, 2014. The summary of that version is repeated here.)</b> </p> <p>Designates the U.S. Federal Judicial Center and the U.S. courthouse located at 333 West Broadway in San Diego, California, as the "John Rhoades Federal Judicial Center" and the "James M. Carter and Judith N. Keep United States Courthouse," respectively.</p>]]></summary-text>
</summary>
<summary summary-id="id113hr1378v82" currentChamber="SENATE" update-date="2014-12-18">
<action-date>2014-12-15</action-date>
<action-desc>Passed Senate without amendment</action-desc>
<summary-text><![CDATA[<p><b>(This measure has not been amended since it was passed by the House on December 9, 2014. The summary of that version is repeated here.)</b> </p> <p>Designates the U.S. Federal Judicial Center and the U.S. courthouse located at 333 West Broadway in San Diego, California, as the &quot;John Rhoades Federal Judicial Center&quot; and the &quot;James M. Carter and Judith N. Keep United States Courthouse,&quot; respectively.</p>]]></summary-text>
</summary>
<summary summary-id="id113hr1378v36" currentChamber="HOUSE" update-date="2014-12-16">
<action-date>2014-12-09</action-date>
<action-desc>Passed House amended</action-desc>
<summary-text><![CDATA[<p>Designates the U.S. Federal Judicial Center and the U.S. courthouse located at 333 West Broadway in San Diego, California, as the &quot;John Rhoades Federal Judicial Center&quot; and the &quot;James M. Carter and Judith N. Keep United States Courthouse,&quot; respectively.</p>]]></summary-text>
</summary>
<summary summary-id="id113hr1378v17" currentChamber="HOUSE" update-date="2014-05-08">
<action-date>2014-04-09</action-date>
<action-desc>Reported to House amended</action-desc>
<summary-text><![CDATA[<p>Designates the U.S. Federal Judicial Center and the U.S. courthouse located at 333 West Broadway in San Diego, California, as the &quot;John Rhoades Federal Judicial Center&quot; and the &quot;James M. Carter and Judith N. Keep United States Courthouse,&quot; respectively.</p>]]></summary-text>
</summary>
<summary summary-id="id113hr1378v00" currentChamber="HOUSE" update-date="2013-04-19">
<action-date>2013-03-21</action-date>
<action-desc>Introduced in House</action-desc>
<summary-text><![CDATA[<p>Designates the U.S. courthouse located at 333 West Broadway in San Diego, California, as the &quot;James M. Carter and Judith N. Keep United States Courthouse.&quot;</p>]]></summary-text>
</summary>
</item>
<dublinCore xmlns:dc="http://purl.org/dc/elements/1.1/">
<dc:format>text/xml</dc:format>
<dc:language>EN</dc:language>
<dc:rights>Pursuant to Title 17 Section 105 of the United States Code, this file is not subject to copyright protection and is in the public domain.</dc:rights>
<dc:contributor>Congressional Research Service, Library of Congress</dc:contributor>
<dc:description>This file contains bill summaries for federal legislation. A bill summary describes the most significant provisions of a piece of legislation and details the effects the legislative text may have on current law and federal programs. Bill summaries are authored by the Congressional Research Service (CRS) of the Library of Congress. As stated in Public Law 91-510 (2 USC 166 (d)(6)), one of the duties of CRS is "to prepare summaries and digests of bills and resolutions of a public general nature introduced in the Senate or House of Representatives". For more information, refer to the User Guide that accompanies this file.</dc:description>
</dublinCore>
</BillSummaries>
