<?xml version="1.0" encoding="UTF-8"?>
<BillSummaries>
<item congress="113" measure-type="hr" measure-number="659" measure-id="id113hr659" originChamber="HOUSE" orig-publish-date="2013-02-13" update-date="2013-03-26">
<title>State and Local Law Enforcement Hatch Act Reform Act of 2013</title>
<summary summary-id="id113hr659v00" currentChamber="HOUSE" update-date="2013-03-26">
<action-date>2013-02-13</action-date>
<action-desc>Introduced in House</action-desc>
<summary-text><![CDATA[<p>State and Local Law Enforcement Hatch Act Reform Act of 2013 - Amends the Hatch Act to allow sheriffs to engage in political campaigns or endorse candidates by attending or speaking at political campaign rallies or events, holding or sponsoring political fundraisers, or appearing on political advertisements.</p><p>Establishes a limitation period of six months after the later of the date of the alleged violation or the date of enactment of this Act for presenting charges against a law enforcement officer for Hatch Act violations.</p>]]></summary-text>
</summary>
</item>
<dublinCore xmlns:dc="http://purl.org/dc/elements/1.1/">
<dc:format>text/xml</dc:format>
<dc:language>EN</dc:language>
<dc:rights>Pursuant to Title 17 Section 105 of the United States Code, this file is not subject to copyright protection and is in the public domain.</dc:rights>
<dc:contributor>Congressional Research Service, Library of Congress</dc:contributor>
<dc:description>This file contains bill summaries for federal legislation. A bill summary describes the most significant provisions of a piece of legislation and details the effects the legislative text may have on current law and federal programs. Bill summaries are authored by the Congressional Research Service (CRS) of the Library of Congress. As stated in Public Law 91-510 (2 USC 166 (d)(6)), one of the duties of CRS is "to prepare summaries and digests of bills and resolutions of a public general nature introduced in the Senate or House of Representatives". For more information, refer to the User Guide that accompanies this file.</dc:description>
</dublinCore>
</BillSummaries>
