<?xml version="1.0" encoding="UTF-8"?>
<BillSummaries>
<item congress="113" measure-type="hr" measure-number="545" measure-id="id113hr545" originChamber="HOUSE" orig-publish-date="2013-02-06" update-date="2013-03-05">
<title>Prioritize Emergency Job Creation Act</title>
<summary summary-id="id113hr545v00" currentChamber="HOUSE" update-date="2013-03-05">
<action-date>2013-02-06</action-date>
<action-desc>Introduced in House</action-desc>
<summary-text><![CDATA[<p>Prioritize Emergency Job Creation Act - Amends the Balanced Budget and Emergency Deficit Control Act of 1985 (Gramm-Rudman-Hollings Act) to require that, if for FY2013-FY2021 appropriations for discretionary accounts are enacted that Congress and the President designate as being for emergency job creation, the adjustment to discretionary spending limits for a fiscal year shall be the total of such appropriations in discretionary accounts designated for emergency job creation.</p> <p>Requires the Office of Management and Budget (OMB), in calculating the amount of the deficit reduction required for FY2013-FY2021 to enforce a specified budget goal under the Gramm-Rudman-Hollings Act, to further reduce the amount calculated for FY2013 by such appropriations for emergency job creation.</p> <UL> <UL> </UL> </UL> <BR>]]></summary-text>
</summary>
</item>
<dublinCore xmlns:dc="http://purl.org/dc/elements/1.1/">
<dc:format>text/xml</dc:format>
<dc:language>EN</dc:language>
<dc:rights>Pursuant to Title 17 Section 105 of the United States Code, this file is not subject to copyright protection and is in the public domain.</dc:rights>
<dc:contributor>Congressional Research Service, Library of Congress</dc:contributor>
<dc:description>This file contains bill summaries for federal legislation. A bill summary describes the most significant provisions of a piece of legislation and details the effects the legislative text may have on current law and federal programs. Bill summaries are authored by the Congressional Research Service (CRS) of the Library of Congress. As stated in Public Law 91-510 (2 USC 166 (d)(6)), one of the duties of CRS is "to prepare summaries and digests of bills and resolutions of a public general nature introduced in the Senate or House of Representatives". For more information, refer to the User Guide that accompanies this file.</dc:description>
</dublinCore>
</BillSummaries>
