<?xml version="1.0" encoding="UTF-8"?>
<BillSummaries>
<item congress="113" measure-type="hr" measure-number="419" measure-id="id113hr419" originChamber="HOUSE" orig-publish-date="2013-01-25" update-date="2013-02-08">
<title>Taiwan Policy Act of 2013</title>
<summary summary-id="id113hr419v00" currentChamber="HOUSE" update-date="2013-02-08">
<action-date>2013-01-25</action-date>
<action-desc>Introduced in House</action-desc>
<summary-text><![CDATA[<p>Taiwan Policy Act of 2013 - States that nothing in this Act shall be construed to amend or supersede the Taiwan Relations Act.</p> <p>States that it shall be U.S. policy to: (1) support Taiwan and the human rights of its people, (2) permit senior leaders of Taiwan to enter the United States under conditions of appropriate respect and permit meetings between high level Taiwanese and U.S. officials in all U.S. executive departments, and (3) sign a comprehensive extradition agreement.</p> <p>Authorizes the President to: (1) accept a letter of request from Taiwan for price and availability data or for a formal sales offer regarding the F-16C/D Fighting Falcon or other similar aircraft, and (2) transfer specified naval vessels to Taiwan.</p> <p>States that in conducting relations with Taiwan and China the United States continues to assent to the six assurances provided to Taiwan in 1982.</p> <p>Directs: (1) the President to appoint a Director of the American Institute in Taiwan, (2) the Department of State to continue its program to ensure meaningful participation by Taiwan in international organizations, and (3) the Secretary of State to brief Congress about any potential defense-related transfers to Taiwan. </p> <p>Authorizes the President to make available to Taiwan defense items or defense services, including: (1) air, maritime, and ground capabilities; and (2) capacity for partnership with friendly foreign militaries.</p> <p>Expresses the sense of Congress that the goal of trade negotiations with Taiwan should be the negotiation of a free trade agreement.</p>]]></summary-text>
</summary>
</item>
<dublinCore xmlns:dc="http://purl.org/dc/elements/1.1/">
<dc:format>text/xml</dc:format>
<dc:language>EN</dc:language>
<dc:rights>Pursuant to Title 17 Section 105 of the United States Code, this file is not subject to copyright protection and is in the public domain.</dc:rights>
<dc:contributor>Congressional Research Service, Library of Congress</dc:contributor>
<dc:description>This file contains bill summaries for federal legislation. A bill summary describes the most significant provisions of a piece of legislation and details the effects the legislative text may have on current law and federal programs. Bill summaries are authored by the Congressional Research Service (CRS) of the Library of Congress. As stated in Public Law 91-510 (2 USC 166 (d)(6)), one of the duties of CRS is "to prepare summaries and digests of bills and resolutions of a public general nature introduced in the Senate or House of Representatives". For more information, refer to the User Guide that accompanies this file.</dc:description>
</dublinCore>
</BillSummaries>
