<?xml version="1.0" encoding="UTF-8"?>
<BillSummaries>
<item congress="113" measure-type="hr" measure-number="644" measure-id="id113hr644" originChamber="HOUSE" orig-publish-date="2013-02-13" update-date="2013-04-23">
<title>Delaware River Basin Conservation Act of 2013</title>
<summary summary-id="id113hr644v00" currentChamber="HOUSE" update-date="2013-04-23">
<action-date>2013-02-13</action-date>
<action-desc>Introduced in House</action-desc>
<summary-text><![CDATA[<p>Delaware River Basin Conservation Act of 2013 - Requires the Director of the United States Fish and Wildlife Service to establish a Delaware River Basin restoration program, under which the Director shall: (1) draw on management plans for the Basin or portions of the Basin and work in consultation with applicable management entities, including representatives of the Partnership for the Delaware Estuary, the Delaware River Basin Commission, the federal government, other state and local governments, and regional and nonprofit organizations, to identify, prioritize, and implement restoration and protection activities within the Basin; and (2) adopt a Basin-wide strategy that supports the implementation of a shared set of science-based restoration and protection activities, targets cost-effective conservation projects, supports measurable conservation efforts, and maximizes conservation outcomes with no net gain of federal full-time equivalent employees.</p> <p>Defines "Basin" as the four-state Delaware Basin region, including all of Delaware Bay and portions of Delaware, New Jersey, New York, and Pennsylvania located in the Delaware River watershed. </p> <p>Requires the Director to establish the Delaware River Basin restoration grant program to provide competitive matching grants to carry out the restoration program. Requires the Director to develop criteria to ensure that funded activities: (1) restore or protect fish and wildlife and their habitats; (2) improve or protect water quality by reducing pollutants and restoring headwater areas and drinking water basins; (3) improve the management of water volume and mitigation of flood damage to support the ecological needs of fish and wildlife and their habitats; (4) include priority needs or actions identified in the Basin-wide strategy; and/or (5) include restoration and protection activities with multiple benefits in the Basin, including habitat, water quality, and flood damage mitigation. Limits the federal share of the total cost of a funded project to 50%. Authorizes the Director to contract with the National Fish and Wildlife Foundation or another organization that offers grant management services.</p>]]></summary-text>
</summary>
</item>
<dublinCore xmlns:dc="http://purl.org/dc/elements/1.1/">
<dc:format>text/xml</dc:format>
<dc:language>EN</dc:language>
<dc:rights>Pursuant to Title 17 Section 105 of the United States Code, this file is not subject to copyright protection and is in the public domain.</dc:rights>
<dc:contributor>Congressional Research Service, Library of Congress</dc:contributor>
<dc:description>This file contains bill summaries for federal legislation. A bill summary describes the most significant provisions of a piece of legislation and details the effects the legislative text may have on current law and federal programs. Bill summaries are authored by the Congressional Research Service (CRS) of the Library of Congress. As stated in Public Law 91-510 (2 USC 166 (d)(6)), one of the duties of CRS is "to prepare summaries and digests of bills and resolutions of a public general nature introduced in the Senate or House of Representatives". For more information, refer to the User Guide that accompanies this file.</dc:description>
</dublinCore>
</BillSummaries>
