<?xml version="1.0" encoding="UTF-8"?>
<BillSummaries>
<item congress="113" measure-type="hr" measure-number="229" measure-id="id113hr229" originChamber="HOUSE" orig-publish-date="2013-01-14" update-date="2014-07-25">
<title>Original Living American Wage (LAW) Act</title>
<summary summary-id="id113hr229v00" currentChamber="HOUSE" update-date="2014-07-25">
<action-date>2013-01-14</action-date>
<action-desc>Introduced in House</action-desc>
<summary-text><![CDATA[<p>Original Living American Wage (LAW) Act - Expresses the sense of Congress that: (1) the federal minimum wage should, as a minimum, be adjusted every four years so that a person working for it may earn an annual income at least 15% higher than the federal poverty threshold for a family of two; (2) it should be set at a level high enough to allow two full-time minimum wage workers to earn an income above the national housing wage; and (3) Congress, any of the several states, the District of Columbia, any U.S. territories or possessions, any Indian tribe, or local or state government may establish a higher minimum wage requirement than that established in this Act.</p> <p>Amends the Fair Labor Standards Act of 1938 to increase the federal minimum wage to at least the amount determined by the Secretary of Labor according to the formula prescribed by this Act beginning September 1, 2013.</p> <p>Requires the Secretary to determine such minimum wage rate by June 1, 2013, and once every four years thereafter. Prohibits any adjustment if the determination would result in a minimum wage lower than the current one.</p> <p>Requires the minimum wage so determined to be the minimum hourly wage sufficient for a person working for it 40 hours per week, 52 weeks per year, to earn an annual income 15% higher than the federal poverty threshold for a two-person household, with one child under age 18, and living in the 48 contiguous states, as published for each such year by the Census Bureau.</p>]]></summary-text>
</summary>
</item>
<dublinCore xmlns:dc="http://purl.org/dc/elements/1.1/">
<dc:format>text/xml</dc:format>
<dc:language>EN</dc:language>
<dc:rights>Pursuant to Title 17 Section 105 of the United States Code, this file is not subject to copyright protection and is in the public domain.</dc:rights>
<dc:contributor>Congressional Research Service, Library of Congress</dc:contributor>
<dc:description>This file contains bill summaries for federal legislation. A bill summary describes the most significant provisions of a piece of legislation and details the effects the legislative text may have on current law and federal programs. Bill summaries are authored by the Congressional Research Service (CRS) of the Library of Congress. As stated in Public Law 91-510 (2 USC 166 (d)(6)), one of the duties of CRS is "to prepare summaries and digests of bills and resolutions of a public general nature introduced in the Senate or House of Representatives". For more information, refer to the User Guide that accompanies this file.</dc:description>
</dublinCore>
</BillSummaries>
