<?xml version="1.0" encoding="UTF-8"?>
<BillSummaries>
<item congress="113" measure-type="hr" measure-number="894" measure-id="id113hr894" originChamber="HOUSE" orig-publish-date="2013-02-28" update-date="2013-03-15">
<title>To amend title 38, United States Code, to improve the supervision of fiduciaries of veterans under the laws administered by the Secretary of Veterans Affairs.</title>
<summary summary-id="id113hr894v00" currentChamber="HOUSE" update-date="2013-03-15">
<action-date>2013-02-28</action-date>
<action-desc>Introduced in House</action-desc>
<summary-text><![CDATA[<p>Provides that, when in the opinion of the Secretary of Veterans Affairs (VA) a temporary fiduciary is needed to protect the benefits of a VA beneficiary while a determination of incompetency is being made or appealed or a fiduciary is appealing a determination of misuse, the Secretary may appoint one or more temporary fiduciaries for up to 120 days. </p> <p>Requires the Secretary to provide a written statement to a beneficiary determined by the Secretary to be mentally incompetent for purposes of appointing a fiduciary. Allows the beneficiary to appeal such determination. Allows a beneficiary for whom the Secretary appoints a fiduciary to, at any time, request the Secretary to remove such fiduciary and appoint a new one. Requires the Secretary to comply with any such request made in good faith. Prohibits any such removal or new appointment from delaying or interrupting the beneficiary's receipt of benefits. Requires a appointed fiduciary appointed by the Secretary to act independently of the VA and in the interest of the beneficiary.</p> <p>Provides for the predesignation of a fiduciary. Provides that, if a beneficiary does not designate a fiduciary, the Secretary shall appoint, to the extent possible, a fiduciary who is: (1) a relative, (2) a guardian, or (3) authorized to act on their behalf under a durable power of attorney. Provides for: (1) fiduciary commissions when necessary; and (2) the temporary payment of benefits to a person having custody and control of an incompetent or minor beneficiary, to be used solely for the benefit of the beneficiary.</p> <p>Directs the Secretary to maintain a list of state and local agencies and nonprofit social service agencies that are qualified to act as a fiduciary.</p> <p>Requires any certification of a fiduciary to be made on the basis of an inquiry or investigation of his or her fitness and qualifications. Requires the investigation to include a face-to-face interview and a background check. Allows a person convicted of a federal or state offense to serve as a fiduciary only when the Secretary finds such person to be appropriate under the circumstances. Requires each fiduciary to disclose the number of beneficiaries that the fiduciary acts on behalf of. Requires the Secretary to: (1) maintain records of any person who has previously served as a fiduciary and had such status revoked, and (2) notify the beneficiary within 14 days after learning that the fiduciary has been convicted of a crime.</p> <p>Directs the Secretary, upon reason to believe that a fiduciary may be misusing all or part of a beneficiary benefit, to: (1) conduct a thorough investigation, and (2) report results to the Attorney General and the head of each federal department or agency that pays a beneficiary benefit to such fiduciary. Requires each Veterans Benefits Administration regional office to maintain specified fiduciary information.</p> <p>Requires (under current law, permits) a fiduciary to file an annual accounting of the administration of beneficiary benefits. Requires the Secretary to conduct annual random audits of fiduciaries who receive a commission for such service. Requires fiduciary repayment of misused benefits.</p>]]></summary-text>
</summary>
</item>
<dublinCore xmlns:dc="http://purl.org/dc/elements/1.1/">
<dc:format>text/xml</dc:format>
<dc:language>EN</dc:language>
<dc:rights>Pursuant to Title 17 Section 105 of the United States Code, this file is not subject to copyright protection and is in the public domain.</dc:rights>
<dc:contributor>Congressional Research Service, Library of Congress</dc:contributor>
<dc:description>This file contains bill summaries for federal legislation. A bill summary describes the most significant provisions of a piece of legislation and details the effects the legislative text may have on current law and federal programs. Bill summaries are authored by the Congressional Research Service (CRS) of the Library of Congress. As stated in Public Law 91-510 (2 USC 166 (d)(6)), one of the duties of CRS is "to prepare summaries and digests of bills and resolutions of a public general nature introduced in the Senate or House of Representatives". For more information, refer to the User Guide that accompanies this file.</dc:description>
</dublinCore>
</BillSummaries>
