<?xml version="1.0" encoding="UTF-8"?>
<BillSummaries>
<item congress="113" measure-type="hr" measure-number="409" measure-id="id113hr409" originChamber="HOUSE" orig-publish-date="2013-01-23" update-date="2013-02-07">
<title>Indian Trust Asset Reform Act</title>
<summary summary-id="id113hr409v00" currentChamber="HOUSE" update-date="2013-02-07">
<action-date>2013-01-23</action-date>
<action-desc>Introduced in House</action-desc>
<summary-text><![CDATA[<p>Indian Trust Asset Reform Act - Reaffirms the federal government's fiduciary responsibilities to Indians. </p> <p>States that: (1) the most exacting common law fiduciary standards governing private trustees also govern the federal government when it manages Indian Trust Assets, and (2) those standards are not limited to the express terms of statutes and regulations.</p> <p>Indian Trust Asset Management Demonstration Project Act of 2013 - Directs the Secretary of the Interior to establish an eight-year Indian trust asset management demonstration project that allows Indian tribes to propose, for the Secretary's approval, Indian trust asset management plans.</p> <p>Allows participating Indian tribes that contract or compact trust management functions or activities under the Indian Self-Determination and Education Assistance Act to develop and carry out trust asset management systems, practices, and procedures that differ from the Secretary's. </p> <p>Requires each plan to: (1) be consistent with all tribal laws and all federal treaties, statutes, executive orders, and court decisions applicable to the trust assets and their management; (2) establish procedures for nonbinding mediation or resolution of any plan-related disputes between the Indian tribe and the federal government; (3) include an annual evaluation by the Indian tribe and affected federal agencies of the plan's implementation; and (4) identify any federal regulations that the plan will supersede.</p> <p>Prohibits the approval of any plan that does not: (1) protect trust assets from loss, waste, and unlawful alienation; and (2) promote the interests of the trust asset's beneficial owner.</p> <p>Establishes, in the Department of the Interior, an Under Secretary for Indian Affairs who is to report directly to the Secretary and assume the functions of the Assistant Secretary for Indian Affairs and the Office of Special Trustee for American Indians.</p> <p>Requires the Office of the Under Secretary to carry out additional duties relating to the management of Indian trust assets and resources through an Office of Trust Reform Implementation and Oversight.</p> <p>Requires the Under Secretary to give a hiring preference to Indians.</p>]]></summary-text>
</summary>
</item>
<dublinCore xmlns:dc="http://purl.org/dc/elements/1.1/">
<dc:format>text/xml</dc:format>
<dc:language>EN</dc:language>
<dc:rights>Pursuant to Title 17 Section 105 of the United States Code, this file is not subject to copyright protection and is in the public domain.</dc:rights>
<dc:contributor>Congressional Research Service, Library of Congress</dc:contributor>
<dc:description>This file contains bill summaries for federal legislation. A bill summary describes the most significant provisions of a piece of legislation and details the effects the legislative text may have on current law and federal programs. Bill summaries are authored by the Congressional Research Service (CRS) of the Library of Congress. As stated in Public Law 91-510 (2 USC 166 (d)(6)), one of the duties of CRS is "to prepare summaries and digests of bills and resolutions of a public general nature introduced in the Senate or House of Representatives". For more information, refer to the User Guide that accompanies this file.</dc:description>
</dublinCore>
</BillSummaries>
