<?xml version="1.0" encoding="UTF-8"?>
<BillSummaries>
<item congress="113" measure-type="hr" measure-number="238" measure-id="id113hr238" originChamber="HOUSE" orig-publish-date="2013-01-14" update-date="2013-01-19">
<title>Fire Sale Loophole Closing Act</title>
<summary summary-id="id113hr238v00" currentChamber="HOUSE" update-date="2013-01-19">
<action-date>2013-01-14</action-date>
<action-desc>Introduced in House</action-desc>
<summary-text><![CDATA[<p>Fire Sale Loophole Closing Act - Amends the federal criminal code to make it unlawful for: (1) anyone whose federal license to import, manufacture, or deal in firearms has been revoked, or whose license renewal application has been denied, to transfer business inventory firearms into a personal collection or to an employee of such person or to receive a firearm that was a business inventory firearm as of the date of a revocation or renewal denial notice; and (2) anyone who has received a license revocation or renewal denial notice to transfer to any other person a firearm that was a business inventory firearm. Imposes a fine and/or prison term of not more than one year (five years for willful violations) for violations of this Act. </p>]]></summary-text>
</summary>
</item>
<dublinCore xmlns:dc="http://purl.org/dc/elements/1.1/">
<dc:format>text/xml</dc:format>
<dc:language>EN</dc:language>
<dc:rights>Pursuant to Title 17 Section 105 of the United States Code, this file is not subject to copyright protection and is in the public domain.</dc:rights>
<dc:contributor>Congressional Research Service, Library of Congress</dc:contributor>
<dc:description>This file contains bill summaries for federal legislation. A bill summary describes the most significant provisions of a piece of legislation and details the effects the legislative text may have on current law and federal programs. Bill summaries are authored by the Congressional Research Service (CRS) of the Library of Congress. As stated in Public Law 91-510 (2 USC 166 (d)(6)), one of the duties of CRS is "to prepare summaries and digests of bills and resolutions of a public general nature introduced in the Senate or House of Representatives". For more information, refer to the User Guide that accompanies this file.</dc:description>
</dublinCore>
</BillSummaries>
