<?xml version="1.0" encoding="UTF-8"?>
<BillSummaries>
<item congress="113" measure-type="hr" measure-number="446" measure-id="id113hr446" originChamber="HOUSE" orig-publish-date="2013-02-01" update-date="2013-02-12">
<title>National Criminal Justice Commission Act of 2013</title>
<summary summary-id="id113hr446v00" currentChamber="HOUSE" update-date="2013-02-12">
<action-date>2013-02-01</action-date>
<action-desc>Introduced in House</action-desc>
<summary-text><![CDATA[<p>National Criminal Justice Commission Act of 2013 - Establishes the National Criminal Justice Commission.</p> <p>Directs the Commission to: (1) review all areas of the criminal justice system, including federal, state, local, and tribal governments' criminal justice costs, practices, and policies; (2) make findings regarding such review and recommendations for changes to prevent, deter, and reduce crime and violence, reduce recidivism, improve cost-effectiveness, and ensure the interests of justice at every step of the criminal justice system; (3) consult with government and nongovernment leaders, including the United States Sentencing Commission; and (4) submit a final report on its findings, conclusions, and recommendations to Congress, the President, and state, local, and tribal governments and make such report available to the public. Expresses the sense of Congress that the Commission should work toward unanimously supported findings and recommendations. </p>]]></summary-text>
</summary>
</item>
<dublinCore xmlns:dc="http://purl.org/dc/elements/1.1/">
<dc:format>text/xml</dc:format>
<dc:language>EN</dc:language>
<dc:rights>Pursuant to Title 17 Section 105 of the United States Code, this file is not subject to copyright protection and is in the public domain.</dc:rights>
<dc:contributor>Congressional Research Service, Library of Congress</dc:contributor>
<dc:description>This file contains bill summaries for federal legislation. A bill summary describes the most significant provisions of a piece of legislation and details the effects the legislative text may have on current law and federal programs. Bill summaries are authored by the Congressional Research Service (CRS) of the Library of Congress. As stated in Public Law 91-510 (2 USC 166 (d)(6)), one of the duties of CRS is "to prepare summaries and digests of bills and resolutions of a public general nature introduced in the Senate or House of Representatives". For more information, refer to the User Guide that accompanies this file.</dc:description>
</dublinCore>
</BillSummaries>
