<?xml version="1.0" encoding="UTF-8"?>
<BillSummaries>
<item congress="113" measure-type="hr" measure-number="189" measure-id="id113hr189" originChamber="HOUSE" orig-publish-date="2013-01-04" update-date="2013-02-08">
<title>Transparency and Security in Mortgage Registration Act of 2013</title>
<summary summary-id="id113hr189v00" currentChamber="HOUSE" update-date="2013-02-08">
<action-date>2013-01-04</action-date>
<action-desc>Introduced in House</action-desc>
<summary-text><![CDATA[<p>Transparency and Security in Mortgage Registration Act of 2013 - Amends the National Housing Act to prohibit the Federal National Mortgage Association (Fannie Mae) and the Federal Home Loan Mortgage Corporation (Freddie Mac) from purchasing, acquiring, newly lending on the security of, newly investing in securities consisting of, or otherwise newly dealing in any Mortgage Electronic Registration System, Inc. (MERS) mortgage or mortgages.</p> <p>Prohibits the Government National Mortgage Association (Ginnie Mae) from newly guaranteeing the payment of principal of or interest on any trust certificate or other security based or backed by a trust or pool that contains, or purchase or acquire, any MERS mortgage.</p> <p>Directs Fannie Mae, Freddie Mac, and Ginnie Mae to require all their current MERS mortgages to be assigned to the proper servicer, holder, or creditor.</p> <p>Directs the Secretary of Housing and Urban Development (HUD) to study: (1) the impacts of the lack of electronic records and uniform standards found in local land title recordation systems currently used in the various states; (2) any progress states have made in developing electronic land title recordation systems containing uniform standards; (3) the current oversight role of the federal government in the transfer and recordation of land titles; and (4) the feasibility of creating a federal land title recordation system for property transfers that would maintain all previous records of the land-property without invalidating, interfering with, or preempting state real property law governing the transfer and perfection of land title. </p>]]></summary-text>
</summary>
</item>
<dublinCore xmlns:dc="http://purl.org/dc/elements/1.1/">
<dc:format>text/xml</dc:format>
<dc:language>EN</dc:language>
<dc:rights>Pursuant to Title 17 Section 105 of the United States Code, this file is not subject to copyright protection and is in the public domain.</dc:rights>
<dc:contributor>Congressional Research Service, Library of Congress</dc:contributor>
<dc:description>This file contains bill summaries for federal legislation. A bill summary describes the most significant provisions of a piece of legislation and details the effects the legislative text may have on current law and federal programs. Bill summaries are authored by the Congressional Research Service (CRS) of the Library of Congress. As stated in Public Law 91-510 (2 USC 166 (d)(6)), one of the duties of CRS is "to prepare summaries and digests of bills and resolutions of a public general nature introduced in the Senate or House of Representatives". For more information, refer to the User Guide that accompanies this file.</dc:description>
</dublinCore>
</BillSummaries>
