<?xml version="1.0" encoding="UTF-8"?>
<BillSummaries>
<item congress="113" measure-type="hr" measure-number="652" measure-id="id113hr652" originChamber="HOUSE" orig-publish-date="2013-02-13" update-date="2013-03-04">
<title>To amend the Foreign Assistance Act of 1961 to limit assistance to countries that engage in certain discriminatory religious, educational, or freedom of movement practices.</title>
<summary summary-id="id113hr652v00" currentChamber="HOUSE" update-date="2013-03-04">
<action-date>2013-02-13</action-date>
<action-desc>Introduced in House</action-desc>
<summary-text><![CDATA[<p>Amends the Foreign Assistance Act of 1961 to prohibit assistance (other than humanitarian assistance) to a country that follows any of the following activities: (1) engages in state-sanctioned religious persecution of minority religious groups as evidenced by anti-blasphemy laws or penalties applied to minority religious groups for sharing their faith; (2) prevents equal access to education on the basis of gender, race, or ethnicity; or (3) does not accept the return of its nationals who have been removed from another country following a removal proceeding.</p> <p>Authorizes the President to waive such prohibition on a case-by-case basis if in U.S. national security interests to do so.</p>]]></summary-text>
</summary>
</item>
<dublinCore xmlns:dc="http://purl.org/dc/elements/1.1/">
<dc:format>text/xml</dc:format>
<dc:language>EN</dc:language>
<dc:rights>Pursuant to Title 17 Section 105 of the United States Code, this file is not subject to copyright protection and is in the public domain.</dc:rights>
<dc:contributor>Congressional Research Service, Library of Congress</dc:contributor>
<dc:description>This file contains bill summaries for federal legislation. A bill summary describes the most significant provisions of a piece of legislation and details the effects the legislative text may have on current law and federal programs. Bill summaries are authored by the Congressional Research Service (CRS) of the Library of Congress. As stated in Public Law 91-510 (2 USC 166 (d)(6)), one of the duties of CRS is "to prepare summaries and digests of bills and resolutions of a public general nature introduced in the Senate or House of Representatives". For more information, refer to the User Guide that accompanies this file.</dc:description>
</dublinCore>
</BillSummaries>
