<?xml version="1.0" encoding="UTF-8"?>
<BillSummaries>
<item congress="113" measure-type="hr" measure-number="651" measure-id="id113hr651" originChamber="HOUSE" orig-publish-date="2013-02-13" update-date="2013-02-27">
<title>Strengthening Refugee Resettlement Act</title>
<summary summary-id="id113hr651v00" currentChamber="HOUSE" update-date="2013-02-27">
<action-date>2013-02-13</action-date>
<action-desc>Introduced in House</action-desc>
<summary-text><![CDATA[<p>Strengthening Refugee Resettlement Act - Directs the Secretary of Homeland Security (DHS) to work with the heads of other relevant federal agencies to conduct a review of refugee processing with the goal of streamlining processing, consistent with maintaining security.</p> <p>Directs the Secretary of State (Secretary) to establish overseas refugee English language and work orientation training programs prior to the departure for the United States of refugees who have been approved for U.S. admission. </p> <p>Permits: (1) refugees (and their spouses and children) to be admitted to the United States as lawful permanent residents, and (2) asylum seekers (and their spouses and children) to be granted lawful permanent residency. </p> <p>Directs the Secretary when setting the amount of reception and placement grants to: (1) adjust the grant amount to account for anticipated initial refugee resettlement needs, and (2) ensure that funding is provided to national resettlement agencies at the beginning of the fiscal year. </p> <p>Expresses the sense of the Congress that the President should appoint a White House Coordinator on Refugee Protection.</p> <p>Requires the Director of the Office of Refugee Resettlement (Director) to make grants to national resettlement agencies to operate a case management system to assist individuals access eligible services, benefits, and assistance provided by the Office, federal, state, or local agencies, and private or nonprofit organizations.</p> <p>Requires the Office, subject to available appropriations, to provide refugees with a minimum of 12 months' assistance and social services for employment, health, and living expenses.</p> <p>Authorizes the Director to award grants to community-based organizations, nonprofit organizations, and resettlement agencies for programs to assist newcomers integrate into U.S. civic life. </p> <p>Expands eligibility for, and participation in, the refugee matching grant program (federal-private refugee assistance). </p> <p>Establishes a Domestic Emergency Refugee Resettlement Fund to meet unanticipated refugee resettlement needs.</p> <p>Makes SSI (supplemental security income) benefits available to qualified aliens, U-visa aliens (victim of criminal activity), or certain T-visa aliens (victims of trafficking in persons) who were ineligible for such benefits because of their failure to acquire citizenship within seven years.</p> <p>Makes a child who has been granted special immigrant status as a victim of criminal activity (U-visa) eligible for specified refugee benefits.</p>]]></summary-text>
</summary>
</item>
<dublinCore xmlns:dc="http://purl.org/dc/elements/1.1/">
<dc:format>text/xml</dc:format>
<dc:language>EN</dc:language>
<dc:rights>Pursuant to Title 17 Section 105 of the United States Code, this file is not subject to copyright protection and is in the public domain.</dc:rights>
<dc:contributor>Congressional Research Service, Library of Congress</dc:contributor>
<dc:description>This file contains bill summaries for federal legislation. A bill summary describes the most significant provisions of a piece of legislation and details the effects the legislative text may have on current law and federal programs. Bill summaries are authored by the Congressional Research Service (CRS) of the Library of Congress. As stated in Public Law 91-510 (2 USC 166 (d)(6)), one of the duties of CRS is "to prepare summaries and digests of bills and resolutions of a public general nature introduced in the Senate or House of Representatives". For more information, refer to the User Guide that accompanies this file.</dc:description>
</dublinCore>
</BillSummaries>
