<?xml version="1.0" encoding="UTF-8"?>
<BillSummaries>
<item congress="113" measure-type="hr" measure-number="481" measure-id="id113hr481" originChamber="HOUSE" orig-publish-date="2013-02-04" update-date="2013-02-13">
<title>To direct the Secretary of Veterans Affairs to accept certain documents as proof of service in determining the eligibility of an individual to receive amounts from the Filipino Veterans Equity Compensation Fund, and for other purposes.</title>
<summary summary-id="id113hr481v00" currentChamber="HOUSE" update-date="2013-02-13">
<action-date>2013-02-04</action-date>
<action-desc>Introduced in House</action-desc>
<summary-text><![CDATA[<p>Amends the American Recovery and Reinvestment Act of 2009 to direct the Secretary of Veterans Affairs (VA) to accept any of the following as proof of service in determining the eligibility of an individual to receive amounts from the Filipino Veterans Equity Compensation Fund: (1) the name of the eligible person included on the Approved Revised Reconstructed Guerilla Roster (commonly known as the &quot;Missouri List&quot;); (2) documents included in the claims folder of the eligible person that prove such service, including an affidavit from the government of the Philippines certifying such service; or (3) any other documents issued or accepted by the government of the Philippines as proof of such service.</p> <p>Authorizes the Secretary to make a payment to such an individual filing a claim within 180 days after the enactment of this Act.</p>]]></summary-text>
</summary>
</item>
<dublinCore xmlns:dc="http://purl.org/dc/elements/1.1/">
<dc:format>text/xml</dc:format>
<dc:language>EN</dc:language>
<dc:rights>Pursuant to Title 17 Section 105 of the United States Code, this file is not subject to copyright protection and is in the public domain.</dc:rights>
<dc:contributor>Congressional Research Service, Library of Congress</dc:contributor>
<dc:description>This file contains bill summaries for federal legislation. A bill summary describes the most significant provisions of a piece of legislation and details the effects the legislative text may have on current law and federal programs. Bill summaries are authored by the Congressional Research Service (CRS) of the Library of Congress. As stated in Public Law 91-510 (2 USC 166 (d)(6)), one of the duties of CRS is "to prepare summaries and digests of bills and resolutions of a public general nature introduced in the Senate or House of Representatives". For more information, refer to the User Guide that accompanies this file.</dc:description>
</dublinCore>
</BillSummaries>
