<?xml version="1.0" encoding="UTF-8"?>
<BillSummaries>
<item congress="113" measure-type="hr" measure-number="934" measure-id="id113hr934" originChamber="HOUSE" orig-publish-date="2013-03-04" update-date="2013-07-16">
<title>To amend the Wild and Scenic Rivers Act related to a segment of the Lower Merced River in California, and for other purposes.</title>
<summary summary-id="id113hr934v79" currentChamber="HOUSE" update-date="2013-07-16">
<action-date>2013-05-17</action-date>
<action-desc>Reported to House without amendment</action-desc>
<summary-text><![CDATA[<p><b>(This measure has not been amended since it was introduced. The summary of that version is repeated here.)</b></p> <p>Amends the Wild and Scenic Rivers Act to decrease the length of a segment of the Lower Merced River in California designated as a wild and scenic river. </p> <p>Revises provisions concerning the water surface level of Lake McClure.</p> <p>Sets a new boundary at the boundary of the Federal Energy Regulatory Commission (FERC) Project No. 2179 as it existed on February 15, 2013. </p>]]></summary-text>
</summary>
<summary summary-id="id113hr934v00" currentChamber="HOUSE" update-date="2013-03-18">
<action-date>2013-03-04</action-date>
<action-desc>Introduced in House</action-desc>
<summary-text><![CDATA[<p>Amends the Wild and Scenic Rivers Act to decrease the length of a segment of the Lower Merced River in California designated as a wild and scenic river.</p> <p>Revises provisions concerning the water surface level of Lake McClure.</p> <p>Sets a new boundary at the boundary of the Federal Energy Regulatory Commission (FERC) Project No. 2179 as it existed on February 15, 2013.</p>]]></summary-text>
</summary>
</item>
<dublinCore xmlns:dc="http://purl.org/dc/elements/1.1/">
<dc:format>text/xml</dc:format>
<dc:language>EN</dc:language>
<dc:rights>Pursuant to Title 17 Section 105 of the United States Code, this file is not subject to copyright protection and is in the public domain.</dc:rights>
<dc:contributor>Congressional Research Service, Library of Congress</dc:contributor>
<dc:description>This file contains bill summaries for federal legislation. A bill summary describes the most significant provisions of a piece of legislation and details the effects the legislative text may have on current law and federal programs. Bill summaries are authored by the Congressional Research Service (CRS) of the Library of Congress. As stated in Public Law 91-510 (2 USC 166 (d)(6)), one of the duties of CRS is "to prepare summaries and digests of bills and resolutions of a public general nature introduced in the Senate or House of Representatives". For more information, refer to the User Guide that accompanies this file.</dc:description>
</dublinCore>
</BillSummaries>
