<?xml version="1.0" encoding="UTF-8"?>
<BillSummaries>
<item congress="113" measure-type="hr" measure-number="953" measure-id="id113hr953" originChamber="HOUSE" orig-publish-date="2013-03-05" update-date="2013-03-26">
<title>Local Courthouse Safety Act of 2013</title>
<summary summary-id="id113hr953v00" currentChamber="HOUSE" update-date="2013-03-26">
<action-date>2013-03-05</action-date>
<action-desc>Introduced in House</action-desc>
<summary-text><![CDATA[<p>Local Courthouse Safety Act of 2013 - Amends the Omnibus Crime Control and Safe Streets Act of 1968 to permit the Director of the Department of Justice's (DOJ) Bureau of Justice Assistance to carry out a training and technical assistance program to teach employees of state, local, and tribal law enforcement agencies how to anticipate, survive, and respond to violent encounters during the course of their duties, including duties relating to security at state, county, and tribal courthouses.</p> <p>Amends the State Justice Institute Act of 1984 to require the State Justice Institute (a private nonprofit organization established to improve judicial administration in state courts) to include the improvement of the safety and security of state and local courts as a factor in the national assistance program under which it provides funding to state courts and related national and nonprofit organizations. Requires state or local courts that do not have magnetometers available for use to use grant matching funds to acquire magnetometers.</p> <p>Directs the Administrator of General Services (GSA) to ensure that state or local courthouses having less security equipment than such courthouses require have an opportunity to request surplus security equipment (metal detectors, wands, baggage screening devices) before such equipment is made available to any other individual or entity. Requires that priority be given to courthouses that have no security equipment.</p>]]></summary-text>
</summary>
</item>
<dublinCore xmlns:dc="http://purl.org/dc/elements/1.1/">
<dc:format>text/xml</dc:format>
<dc:language>EN</dc:language>
<dc:rights>Pursuant to Title 17 Section 105 of the United States Code, this file is not subject to copyright protection and is in the public domain.</dc:rights>
<dc:contributor>Congressional Research Service, Library of Congress</dc:contributor>
<dc:description>This file contains bill summaries for federal legislation. A bill summary describes the most significant provisions of a piece of legislation and details the effects the legislative text may have on current law and federal programs. Bill summaries are authored by the Congressional Research Service (CRS) of the Library of Congress. As stated in Public Law 91-510 (2 USC 166 (d)(6)), one of the duties of CRS is "to prepare summaries and digests of bills and resolutions of a public general nature introduced in the Senate or House of Representatives". For more information, refer to the User Guide that accompanies this file.</dc:description>
</dublinCore>
</BillSummaries>
