<?xml version="1.0" encoding="UTF-8"?>
<BillSummaries>
<item congress="113" measure-type="hr" measure-number="750" measure-id="id113hr750" originChamber="HOUSE" orig-publish-date="2013-02-15" update-date="2013-03-13">
<title>To award posthumously a Congressional Gold Medal to Stewart Lee Udall in recognition of his contributions to the Nation as hero for the environment, a champion for conservation, a civil right activist, a Native American crusader, and an advocate for the arts.</title>
<summary summary-id="id113hr750v00" currentChamber="HOUSE" update-date="2013-03-13">
<action-date>2013-02-15</action-date>
<action-desc>Introduced in House</action-desc>
<summary-text><![CDATA[<p>Directs the Speaker of the House of Representatives and the President pro tempore of the Senate to make appropriate arrangements for the presentation, on behalf of Congress, of a gold medal of appropriate design to honor Stewart Lee Udall, in recognition of his contributions to the nation as hero for the environment, a champion for conservation, a civil rights activist, a Native American crusader, and an advocate for the arts.</p>]]></summary-text>
</summary>
</item>
<dublinCore xmlns:dc="http://purl.org/dc/elements/1.1/">
<dc:format>text/xml</dc:format>
<dc:language>EN</dc:language>
<dc:rights>Pursuant to Title 17 Section 105 of the United States Code, this file is not subject to copyright protection and is in the public domain.</dc:rights>
<dc:contributor>Congressional Research Service, Library of Congress</dc:contributor>
<dc:description>This file contains bill summaries for federal legislation. A bill summary describes the most significant provisions of a piece of legislation and details the effects the legislative text may have on current law and federal programs. Bill summaries are authored by the Congressional Research Service (CRS) of the Library of Congress. As stated in Public Law 91-510 (2 USC 166 (d)(6)), one of the duties of CRS is "to prepare summaries and digests of bills and resolutions of a public general nature introduced in the Senate or House of Representatives". For more information, refer to the User Guide that accompanies this file.</dc:description>
</dublinCore>
</BillSummaries>
