<?xml version="1.0" encoding="UTF-8"?>
<BillSummaries>
<item congress="113" measure-type="hr" measure-number="576" measure-id="id113hr576" originChamber="HOUSE" orig-publish-date="2013-02-06" update-date="2013-02-14">
<title>Save Endangered Species Act of 2013</title>
<summary summary-id="id113hr576v00" currentChamber="HOUSE" update-date="2013-02-14">
<action-date>2013-02-06</action-date>
<action-desc>Introduced in House</action-desc>
<summary-text><![CDATA[<p>Save Endangered Species Act of 2013 - Requires the Secretary of the Interior to reissue the final rule published on September 2, 2005, which allows for the taking, export or re-import, delivery, receipt, carrying, and transport, shipment, or sale in interstate or foreign commerce, in the course of a commercial activity, of U.S. captive-bred live scimitar-horned oryx, addax, or dama gazelle, including embryos, gametes, and sport-hunted trophies, as long as certain criteria are met, including that the purpose of such activity is associated with the management or transfer of live wildlife or sport hunting in a manner that contributes to increasing or sustaining captive numbers or to potential reintroduction to range countries.</p> <p>Directs the Secretary to reissue such rule without regard to any other statute or regulation that applies to issuance of such rule. Exempts such reissuance from judicial review.<br> </p>]]></summary-text>
</summary>
</item>
<dublinCore xmlns:dc="http://purl.org/dc/elements/1.1/">
<dc:format>text/xml</dc:format>
<dc:language>EN</dc:language>
<dc:rights>Pursuant to Title 17 Section 105 of the United States Code, this file is not subject to copyright protection and is in the public domain.</dc:rights>
<dc:contributor>Congressional Research Service, Library of Congress</dc:contributor>
<dc:description>This file contains bill summaries for federal legislation. A bill summary describes the most significant provisions of a piece of legislation and details the effects the legislative text may have on current law and federal programs. Bill summaries are authored by the Congressional Research Service (CRS) of the Library of Congress. As stated in Public Law 91-510 (2 USC 166 (d)(6)), one of the duties of CRS is "to prepare summaries and digests of bills and resolutions of a public general nature introduced in the Senate or House of Representatives". For more information, refer to the User Guide that accompanies this file.</dc:description>
</dublinCore>
</BillSummaries>
