<?xml version="1.0" encoding="UTF-8"?>
<BillSummaries>
<item congress="113" measure-type="hr" measure-number="669" measure-id="id113hr669" originChamber="HOUSE" orig-publish-date="2013-02-13" update-date="2015-01-08">
<title>Sudden Unexpected Death Data Enhancement and Awareness Act</title>
<summary summary-id="id113hr669v49" currentChamber="BOTH" update-date="2015-01-08">
<action-date>2014-12-18</action-date>
<action-desc>Public Law</action-desc>
<summary-text><![CDATA[<p><b>(This measure has not been amended since it was passed by the Senate on November 20, 2014. The summary of that version is repeated here.)</b></p> <p>Sudden Unexpected Death Data Enhancement and Awareness Act - (Sec. 2) Requires the Secretary of Health and Human Services (HHS) to continue and report on activities related to stillbirth, sudden unexpected infant death, and sudden unexplained death in childhood, including collaborating with states and experts to improve the quality and consistency of data collected after one of these deaths.</p>]]></summary-text>
</summary>
<summary summary-id="id113hr669v35" currentChamber="SENATE" update-date="2014-12-05">
<action-date>2014-11-20</action-date>
<action-desc>Passed Senate amended</action-desc>
<summary-text><![CDATA[<p>Sudden Unexpected Death Data Enhancement and Awareness Act - (Sec. 2) Requires the Secretary of Health and Human Services (HHS) to continue and report on activities related to stillbirth, sudden unexpected infant death, and sudden unexplained death in childhood, including collaborating with states and experts to improve the quality and consistency of data collected after one of these deaths.</p>]]></summary-text>
</summary>
<summary summary-id="id113hr669v36" currentChamber="HOUSE" update-date="2014-10-17">
<action-date>2014-09-09</action-date>
<action-desc>Passed House amended</action-desc>
<summary-text><![CDATA[<p>Sudden Unexpected Death Data Enhancement and Awareness Act - (Sec. 2) Amends the Public Health Service Act to require the Director of the Centers for Disease Control and Prevention (CDC) to continue activities relating to stillbirth, sudden unexpected infant death (SUID), and sudden unexpected death in childhood (SUDC).</p> <p>Requires the CDC to provide for collection of epidemiologic information on stillbirths, including through existing surveillance systems. Requires the CDC to develop and periodically update a standard data collection protocol and guidelines for postmortem stillbirth evaluation.</p> <p>Directs the CDC to provide for collection of sociodemographic, death scene investigation, clinical history, and autopsy information on SUID and SUDC cases through the review of existing records.</p> <p>Requires the CDC to develop and periodically update standard protocols for data collection and death scene investigation for SUID. Sets forth goals for SUID surveillance, including: (1) collecting information about the environmental and medical circumstances of death, (2) supporting multidisciplinary infant death reviews to classify and characterize SUID, and (3) facilitating information sharing to improve reporting of SUID. Requires the death scene investigation protocol to include the collection of infant and family medical history, circumstances surrounding death, the infant's sleep position and sleep environment, and any accidental or environmental factors associated with the death.</p> <p>Directs the CDC to develop and periodically update guidelines for standard autopsy protocols for SUID and SUDC.</p> Allows the Attorney General to conduct and support training for medical examiners, coroners, and others regarding standard protocols for death scene investigation and autopsies.]]></summary-text>
</summary>
<summary summary-id="id113hr669v17" currentChamber="HOUSE" update-date="2014-09-26">
<action-date>2014-07-24</action-date>
<action-desc>Reported to House amended</action-desc>
<summary-text><![CDATA[<p>Sudden Unexpected Death Data Enhancement and Awareness Act - (Sec. 2) Amends the Public Health Service Act to require the Director of the Centers for Disease Control and Prevention (CDC) to continue activities relating to stillbirth, sudden unexpected infant death (SUID), and sudden unexpected death in childhood (SUDC).</p> <p>Requires the CDC to provide for collection of epidemiologic information on stillbirths, including through existing surveillance systems. Requires the CDC to develop and periodically update a standard data collection protocol and guidelines for postmortem stillbirth evaluation.</p> <p>Directs the CDC to provide for collection of sociodemographic, death scene investigation, clinical history, and autopsy information on SUID and SUDC cases through the review of existing records.</p> <p>Requires the CDC to develop and periodically update standard protocols for data collection and death scene investigation for SUID. Sets forth goals for SUID surveillance, including: (1) collecting information about the environmental and medical circumstances of death, (2) supporting multidisciplinary infant death reviews to classify and characterize SUID, and (3) facilitating information sharing to improve reporting of SUID. Requires the death scene investigation protocol to include the collection of infant and family medical history, circumstances surrounding death, the infant's sleep position and sleep environment, and any accidental or environmental factors associated with the death.</p> <p>Directs the CDC to develop and periodically update guidelines for standard autopsy protocols for SUID and SUDC.</p> Allows the Attorney General to conduct and support training for medical examiners, coroners, and others regarding standard protocols for death scene investigation and autopsies.]]></summary-text>
</summary>
<summary summary-id="id113hr669v00" currentChamber="HOUSE" update-date="2013-04-08">
<action-date>2013-02-13</action-date>
<action-desc>Introduced in House</action-desc>
<summary-text><![CDATA[<p>Sudden Unexpected Death Data Enhancement and Awareness Act - Amends the Public Health Service Act to require the Secretary of Health and Human Services (HHS), acting through the Director of the Centers for Disease Control and Prevention (CDC), to award grants for: (1) improving state comprehensive death scene investigations for sudden unexplained infant death (SUID) and sudden unexplained death in childhood (SUDC), and (2) increasing the rate of comprehensive and standardized autopsies for such deaths.</p> <p>Requires the Director to: (1) develop national guidelines for a standard autopsy protocol for such deaths, and (2) commission a study on the benefits and appropriateness of genetic testing for infant and early childhood deaths that remain unexplained after investigation and autopsy.</p> <p>Requires the Secretary, acting through the Director, to: (1) award grants for death scene investigation training specific for SUID and SUDC; (2) modify the national death case reporting system to assure that such system provides for population-based data for ages 0-4 years of age and facilitates the understanding of the root causes, rates, and trends of SUID and SUDC with respect to such ages; (3) conduct a needs assessment for investigations and determinations of such deaths; (4) develop public education and prevention programs to reduce stillbirths and address the racial and ethnic disparities in occurrence; (5) award grants for surveillance efforts on stillbirths; and (6) develop and conduct public education and prevention program aimed at reducing stillbirths.</p> <p>Directs the Secretary, acting through the Administrator of the Health Resources and Services Administration (HRSA), to: (1) award grants for child death review programs and prevention strategies; (2) establish a public health awareness and education campaign on SUID and SUDC; and (3) award grants for support services to families who have experienced SUID, SUDC, or stillbirth.</p> <p>Requires the Secretary to establish a task force to develop a national research plan to determine the causes of, and how to prevent, stillbirths.</p>]]></summary-text>
</summary>
</item>
<dublinCore xmlns:dc="http://purl.org/dc/elements/1.1/">
<dc:format>text/xml</dc:format>
<dc:language>EN</dc:language>
<dc:rights>Pursuant to Title 17 Section 105 of the United States Code, this file is not subject to copyright protection and is in the public domain.</dc:rights>
<dc:contributor>Congressional Research Service, Library of Congress</dc:contributor>
<dc:description>This file contains bill summaries for federal legislation. A bill summary describes the most significant provisions of a piece of legislation and details the effects the legislative text may have on current law and federal programs. Bill summaries are authored by the Congressional Research Service (CRS) of the Library of Congress. As stated in Public Law 91-510 (2 USC 166 (d)(6)), one of the duties of CRS is "to prepare summaries and digests of bills and resolutions of a public general nature introduced in the Senate or House of Representatives". For more information, refer to the User Guide that accompanies this file.</dc:description>
</dublinCore>
</BillSummaries>
