<?xml version="1.0" encoding="UTF-8"?>
<BillSummaries>
<item congress="113" measure-type="hr" measure-number="399" measure-id="id113hr399" originChamber="HOUSE" orig-publish-date="2013-01-23" update-date="2013-02-01">
<title>Levee Vegetation Review Act of 2013</title>
<summary summary-id="id113hr399v00" currentChamber="HOUSE" update-date="2013-02-01">
<action-date>2013-01-23</action-date>
<action-desc>Introduced in House</action-desc>
<summary-text><![CDATA[<p>Levee Vegetation Review Act of 2013 - Directs the Secretary of the Army to undertake a comprehensive review of the Corps of Engineers policy guidelines on vegetation management for levees in order to determine whether current federal policy is appropriate for all regions of the United States. Requires the Secretary to examine the guidelines in view of factors including: (1) the varied interests and responsibilities in managing flood risks; (2) preserving, protecting, and enhancing natural resources; (3) protecting the rights of Native Americans pursuant to treaties and statutes; and (4) factors that promote and allow for consideration of potential variances from national guidelines on a regional or watershed basis.</p> <p>Directs Corps of Engineers Regional Integration Teams representing districts, divisions, and headquarters, in consultation with state and federal resources agencies and with participation by local agencies, to recommend to the Chief of Engineers vegetation management policies for levees that conform with state and federal laws and other applicable requirements.</p> <p>Directs the Secretary to: (1) solicit and consider the views of the National Academy of Engineering on the engineering, environmental, and institutional considerations underlying the guidelines; and (2) revise the guidelines based on the results of the review and report to Congress. Requires the revised guidelines to: (1) provide a practical process for approving regional or watershed variances from the national guidelines, and (2) be incorporated into a proposed manual.</p>]]></summary-text>
</summary>
</item>
<dublinCore xmlns:dc="http://purl.org/dc/elements/1.1/">
<dc:format>text/xml</dc:format>
<dc:language>EN</dc:language>
<dc:rights>Pursuant to Title 17 Section 105 of the United States Code, this file is not subject to copyright protection and is in the public domain.</dc:rights>
<dc:contributor>Congressional Research Service, Library of Congress</dc:contributor>
<dc:description>This file contains bill summaries for federal legislation. A bill summary describes the most significant provisions of a piece of legislation and details the effects the legislative text may have on current law and federal programs. Bill summaries are authored by the Congressional Research Service (CRS) of the Library of Congress. As stated in Public Law 91-510 (2 USC 166 (d)(6)), one of the duties of CRS is "to prepare summaries and digests of bills and resolutions of a public general nature introduced in the Senate or House of Representatives". For more information, refer to the User Guide that accompanies this file.</dc:description>
</dublinCore>
</BillSummaries>
