<?xml version="1.0" encoding="UTF-8"?>
<BillSummaries>
<item congress="113" measure-type="hr" measure-number="556" measure-id="id113hr556" originChamber="HOUSE" orig-publish-date="2013-02-06" update-date="2013-03-16">
<title>Refundable Child Tax Credit Eligibility Verification Reform Act of 2013</title>
<summary summary-id="id113hr556v00" currentChamber="HOUSE" update-date="2013-03-16">
<action-date>2013-02-06</action-date>
<action-desc>Introduced in House</action-desc>
<summary-text><![CDATA[<p>Refundable Child Tax Credit Eligibility Verification Reform Act of 2013 - Amends the Internal Revenue Code, with respect to the child tax credit, to require taxpayers claiming such credit to provide their social security numbers on their tax returns. </p> <p>Prohibits taxpayers who improperly claimed such credit in a previous year from claiming such credit during a disallowance period of: (1) 2 years for claims made with reckless or intentional disregard of rules governing such credit, or (2) 10 years for fraudulent claims.</p> <p>Requires the Secretary of the Treasury to prescribe a form for completion by paid income tax preparers in connection with claims for the refundable portion of the child tax credit. Imposes a penalty on preparers who fail to comply with due diligence requirements for claiming the refundable portion of the credit. </p>]]></summary-text>
</summary>
</item>
<dublinCore xmlns:dc="http://purl.org/dc/elements/1.1/">
<dc:format>text/xml</dc:format>
<dc:language>EN</dc:language>
<dc:rights>Pursuant to Title 17 Section 105 of the United States Code, this file is not subject to copyright protection and is in the public domain.</dc:rights>
<dc:contributor>Congressional Research Service, Library of Congress</dc:contributor>
<dc:description>This file contains bill summaries for federal legislation. A bill summary describes the most significant provisions of a piece of legislation and details the effects the legislative text may have on current law and federal programs. Bill summaries are authored by the Congressional Research Service (CRS) of the Library of Congress. As stated in Public Law 91-510 (2 USC 166 (d)(6)), one of the duties of CRS is "to prepare summaries and digests of bills and resolutions of a public general nature introduced in the Senate or House of Representatives". For more information, refer to the User Guide that accompanies this file.</dc:description>
</dublinCore>
</BillSummaries>
