<?xml version="1.0" encoding="UTF-8"?>
<BillSummaries>
<item congress="113" measure-type="hr" measure-number="650" measure-id="id113hr650" originChamber="HOUSE" orig-publish-date="2013-02-13" update-date="2013-02-20">
<title>WAGES Act</title>
<summary summary-id="id113hr650v00" currentChamber="HOUSE" update-date="2013-02-20">
<action-date>2013-02-13</action-date>
<action-desc>Introduced in House</action-desc>
<summary-text><![CDATA[<p>Working for Adequate Gains for Employment in Services Act or WAGES Act - Amends the Fair Labor Standards Act of 1938 (FLSA) to establish a base minimum wage for tipped employees of at least: (1) $3.75 an hour beginning 90 days after the enactment of this Act; (2) $5.00 an hour beginning one year after the change in clause one takes effect; and (3) beginning two years after the change in clause two takes effect, and adjusted as necessary thereafter, 70% of the wage in effect under FLSA but in no case less than $5.50 an hour.</p>]]></summary-text>
</summary>
</item>
<dublinCore xmlns:dc="http://purl.org/dc/elements/1.1/">
<dc:format>text/xml</dc:format>
<dc:language>EN</dc:language>
<dc:rights>Pursuant to Title 17 Section 105 of the United States Code, this file is not subject to copyright protection and is in the public domain.</dc:rights>
<dc:contributor>Congressional Research Service, Library of Congress</dc:contributor>
<dc:description>This file contains bill summaries for federal legislation. A bill summary describes the most significant provisions of a piece of legislation and details the effects the legislative text may have on current law and federal programs. Bill summaries are authored by the Congressional Research Service (CRS) of the Library of Congress. As stated in Public Law 91-510 (2 USC 166 (d)(6)), one of the duties of CRS is "to prepare summaries and digests of bills and resolutions of a public general nature introduced in the Senate or House of Representatives". For more information, refer to the User Guide that accompanies this file.</dc:description>
</dublinCore>
</BillSummaries>
