<?xml version="1.0" encoding="UTF-8"?>
<BillSummaries>
<item congress="113" measure-type="hr" measure-number="640" measure-id="id113hr640" originChamber="HOUSE" orig-publish-date="2013-02-13" update-date="2013-02-22">
<title>Student Visa Security Improvement Act</title>
<summary summary-id="id113hr640v00" currentChamber="HOUSE" update-date="2013-02-22">
<action-date>2013-02-13</action-date>
<action-desc>Introduced in House</action-desc>
<summary-text><![CDATA[<p>Student Visa Security Improvement Act - Amends the Homeland Security Act of 2002 to direct the Secretary of Homeland Security (DHS) to: (1) require DHS employees to review the applications, conduct in-person interviews where appropriate, and conduct on-site reviews of applications and supporting documentation with respect to student and exchange program visa applicants prior to final visa adjudication, with emphasis on determining whether an applicant is inadmissible for terrorist-related activities; (2) require an institution or exchange visitor program participating in the Student and Exchange Visitor Program to ensure that each covered student or exchange visitor is an active program participant, is observed, and is reported to DHS if he or she transfers institutions or academic majors; (3) provide Student and Exchange Visitor Information System (SEVIS) access to appropriate employees of a SEVIS program sponsor under specified circumstances; and (4) require a SEVIS upgrade to add data fields that include verification that students are meeting minimum academic standards.</p>]]></summary-text>
</summary>
</item>
<dublinCore xmlns:dc="http://purl.org/dc/elements/1.1/">
<dc:format>text/xml</dc:format>
<dc:language>EN</dc:language>
<dc:rights>Pursuant to Title 17 Section 105 of the United States Code, this file is not subject to copyright protection and is in the public domain.</dc:rights>
<dc:contributor>Congressional Research Service, Library of Congress</dc:contributor>
<dc:description>This file contains bill summaries for federal legislation. A bill summary describes the most significant provisions of a piece of legislation and details the effects the legislative text may have on current law and federal programs. Bill summaries are authored by the Congressional Research Service (CRS) of the Library of Congress. As stated in Public Law 91-510 (2 USC 166 (d)(6)), one of the duties of CRS is "to prepare summaries and digests of bills and resolutions of a public general nature introduced in the Senate or House of Representatives". For more information, refer to the User Guide that accompanies this file.</dc:description>
</dublinCore>
</BillSummaries>
