<?xml version="1.0" encoding="UTF-8"?>
<BillSummaries>
<item congress="113" measure-type="hr" measure-number="1018" measure-id="id113hr1018" originChamber="HOUSE" orig-publish-date="2013-03-06" update-date="2013-03-28">
<title>To clarify the application of certain Federal laws relating to elections in the Commonwealth of Puerto Rico, American Samoa, the Commonwealth of the Northern Mariana Islands, Guam, and the United States Virgin Islands.</title>
<summary summary-id="id113hr1018v00" currentChamber="HOUSE" update-date="2013-03-28">
<action-date>2013-03-06</action-date>
<action-desc>Introduced in House</action-desc>
<summary-text><![CDATA[<p>Amends the Federal Election Campaign Act of 1971 to apply it specifically to American Samoa, the Commonwealth of the Northern Mariana Islands, Guam, or the United States Virgin Islands.</p> <p>Amends the National Voter Registration Act of 1993 to cover these same territories plus the Commonwealth of Puerto Rico.</p> <p>Amends the Help America Vote Act of 2002 to cover the Commonwealth of the Northern Mariana Islands.</p> <p>Applies to such jurisdictions specified criminal penalties relating to the intimidation of voters, interference by government employees, and voting by aliens.</p>]]></summary-text>
</summary>
</item>
<dublinCore xmlns:dc="http://purl.org/dc/elements/1.1/">
<dc:format>text/xml</dc:format>
<dc:language>EN</dc:language>
<dc:rights>Pursuant to Title 17 Section 105 of the United States Code, this file is not subject to copyright protection and is in the public domain.</dc:rights>
<dc:contributor>Congressional Research Service, Library of Congress</dc:contributor>
<dc:description>This file contains bill summaries for federal legislation. A bill summary describes the most significant provisions of a piece of legislation and details the effects the legislative text may have on current law and federal programs. Bill summaries are authored by the Congressional Research Service (CRS) of the Library of Congress. As stated in Public Law 91-510 (2 USC 166 (d)(6)), one of the duties of CRS is "to prepare summaries and digests of bills and resolutions of a public general nature introduced in the Senate or House of Representatives". For more information, refer to the User Guide that accompanies this file.</dc:description>
</dublinCore>
</BillSummaries>
