<?xml version="1.0" encoding="UTF-8"?>
<BillSummaries>
<item congress="113" measure-type="hr" measure-number="490" measure-id="id113hr490" originChamber="HOUSE" orig-publish-date="2013-02-04" update-date="2013-02-13">
<title>Visa Waiver Program Enhanced Security and Reform Act</title>
<summary summary-id="id113hr490v00" currentChamber="HOUSE" update-date="2013-02-13">
<action-date>2013-02-04</action-date>
<action-desc>Introduced in House</action-desc>
<summary-text><![CDATA[<p>Visa Waiver Program Enhanced Security and Reform Act - Amends the Immigration and Nationality Act regarding the visa waiver program to: (1) authorize the Secretary of Homeland Security (DHS) to designate any country as a program country; (2) adjust visa refusal rate criteria, including addition of a 3% maximum overstay rate; and (3) revise probationary and termination provisions.</p> <p>Directs the Secretary to submit to Congress: (1) an evaluation of the security risks of aliens who enter the United States without an approved Electronic System for Travel Authorization verification, and (2) a description of any improvements needed to minimize the number of aliens who enter the United States without such verification.</p>]]></summary-text>
</summary>
</item>
<dublinCore xmlns:dc="http://purl.org/dc/elements/1.1/">
<dc:format>text/xml</dc:format>
<dc:language>EN</dc:language>
<dc:rights>Pursuant to Title 17 Section 105 of the United States Code, this file is not subject to copyright protection and is in the public domain.</dc:rights>
<dc:contributor>Congressional Research Service, Library of Congress</dc:contributor>
<dc:description>This file contains bill summaries for federal legislation. A bill summary describes the most significant provisions of a piece of legislation and details the effects the legislative text may have on current law and federal programs. Bill summaries are authored by the Congressional Research Service (CRS) of the Library of Congress. As stated in Public Law 91-510 (2 USC 166 (d)(6)), one of the duties of CRS is "to prepare summaries and digests of bills and resolutions of a public general nature introduced in the Senate or House of Representatives". For more information, refer to the User Guide that accompanies this file.</dc:description>
</dublinCore>
</BillSummaries>
