<?xml version="1.0" encoding="UTF-8"?>
<BillSummaries>
<item congress="113" measure-type="hr" measure-number="540" measure-id="id113hr540" originChamber="HOUSE" orig-publish-date="2013-02-06" update-date="2013-04-01">
<title>Energy Efficient Government Technology Act</title>
<summary summary-id="id113hr540v00" currentChamber="HOUSE" update-date="2013-04-01">
<action-date>2013-02-06</action-date>
<action-desc>Introduced in House</action-desc>
<summary-text><![CDATA[<p>Energy Efficient Government Technology Act - Amends the National Energy Conservation Policy Act, with respect to federal agency energy management, to require each agency to collaborate with the Director of the Office of the Management and Budget (OMB) to develop an implementation strategy for the maintenance, purchase, and use of energy-efficient and energy-saving information and communications technologies (ICT) and practices that is based on the agency's operating requirements and statutory mission. Includes as part of such a strategy consideration of ICT and related infrastructure and practices.</p> <p>Requires the OMB Director to: (1) establish performance goals for evaluating the efforts of agencies in improving such technology systems and practices; and (2) maintain a data centers task force responsible for sharing progress toward individual agency goals and the overall target for increased energy efficiency, including through exchanges of best practices and energy efficiency information with the private sector.</p> <p>Sets forth reporting requirements.</p> <p>Amends the Energy Independence and Security Act of 2007, with respect to data center energy efficiency, to require: <ul> <li> publication of the designation of the information technology industry organization that coordinates the voluntary national information program for such centers;</li> <li>updating and publication of a report on server and data center efficiency, including an analysis of the impact of ICT asset and related infrastructure utilization solutions;</li> <li>maintenance of a data center energy practitioner program that leads to the certification of practitioners qualified to evaluate energy usage and efficiency opportunities;</li> <li>annual evaluation of agency data centers by such certified energy practitioners (with a preference for those employed by the agency);</li> <li>establishment of an open data initiative for federal data center usage data;</li> <li>active participation by the Secretary of Energy (DOE) in efforts to harmonize global specifications and metrics for data center energy efficiency; and</li> <li>assistance by the Secretary in the development of an efficiency metric that measures the energy efficiency of the overall data center. </li> </ul>]]></summary-text>
</summary>
</item>
<dublinCore xmlns:dc="http://purl.org/dc/elements/1.1/">
<dc:format>text/xml</dc:format>
<dc:language>EN</dc:language>
<dc:rights>Pursuant to Title 17 Section 105 of the United States Code, this file is not subject to copyright protection and is in the public domain.</dc:rights>
<dc:contributor>Congressional Research Service, Library of Congress</dc:contributor>
<dc:description>This file contains bill summaries for federal legislation. A bill summary describes the most significant provisions of a piece of legislation and details the effects the legislative text may have on current law and federal programs. Bill summaries are authored by the Congressional Research Service (CRS) of the Library of Congress. As stated in Public Law 91-510 (2 USC 166 (d)(6)), one of the duties of CRS is "to prepare summaries and digests of bills and resolutions of a public general nature introduced in the Senate or House of Representatives". For more information, refer to the User Guide that accompanies this file.</dc:description>
</dublinCore>
</BillSummaries>
