<?xml version="1.0" encoding="UTF-8"?>
<BillSummaries>
<item congress="113" measure-type="hr" measure-number="354" measure-id="id113hr354" originChamber="HOUSE" orig-publish-date="2013-01-23" update-date="2013-02-20">
<title>Sexual Assault Forensic Evidence Reporting Act of 2013</title>
<summary summary-id="id113hr354v00" currentChamber="HOUSE" update-date="2013-02-20">
<action-date>2013-01-23</action-date>
<action-desc>Introduced in House</action-desc>
<summary-text><![CDATA[<p>Sexual Assault Forensic Evidence Reporting Act of 2013 or the SAFER Act of 2013 - Amends the DNA Analysis Backlog Elimination Act of 2000 to authorize the Attorney General to make Debbie Smith grants under such Act to states or local governments to: (1) conduct audits of samples of sexual assault evidence that are awaiting testing; and (2) ensure that the collection and processing of DNA evidence by law enforcement agencies from crimes is carried out in an appropriate and timely manner and in accordance with specified protocols and practices. Requires not less than 5% but not more than 7% of Debbie Smith grant funds distributed in FY2014-FY2017 to be awarded for such audits if sufficient applications to justify such amounts are received by the Attorney General, provided such award doesn't decrease funds for other distribution requirements. </p> <p>Authorizes the Attorney General to award such a grant to a state or local government for auditing sexual assault evidence backlogs only if the recipient submits a plan for performing the audit and includes a good-faith estimate of the number of such samples. Sets forth provisions regarding grant conditions, including requirements that: (1) the government complete the audit within one year, assign a unique numeric or alphanumeric identifier to each sample awaiting testing, and identify any statutory deadlines for prosecuting a perpetrator to which a sample relates; and (2) the chief law enforcement officer of the state or local government be the individual responsible for compliance with reporting requirements. </p> <p>Requires a grant recipient, at least every 60 days for 12 months after completing an initial count of the samples awaiting testing, to submit a report to the Department of Justice (DOJ) on the number of samples: (1) that such government has determined should undergo testing, (2) that such government has determined should not undergo testing, (3) that have been submitted for testing, and (4) for which testing has been completed. </p> <p>Directs the Attorney General to publish such reports and to ensure that any information published does not include information that might lead to the identification of the individuals involved. </p> <p>Requires the Director of the Federal Bureau of Investigation (FBI) to: (1) develop and publish a description of protocols and practices appropriate for the accurate, timely, and effective collection and processing of DNA evidence; and (2) make available technical assistance and training to support states and local governments in adopting and implementing such protocols and practices.</p> <p>Requires the Attorney General, to submit to Congress an annual report that: (1) lists the states and local governments awarded grants and the amount received by each, (2) states the number of audit deadline extensions granted by the Attorney General, and (3) summarizes the processing status of the samples of sexual assault evidence identified in Sexual Assault Forensic Evidence Reports.</p> <p>Requires, for each fiscal year through FY2018, that not less than 75% of Debbie Smith grant amounts be awarded to: (1) carry out, for inclusion in the Combined DNA Index System, DNA analyses of samples collected under applicable legal authority and of samples collected from crime scenes; and (2) increase the capacity of state or local government laboratories to carry out DNA analyses.</p> <p>Requires the DOJ Inspector General to conduct audits of all grants under this Act to prevent waste, fraud, and abuse by grantees. Makes a grant recipient found to have an unresolved audit finding ineligible to receive grants under this Act for two fiscal years. Directs the Attorney General to give priority in awarding grants to eligible entities that, during the three prior fiscal years, did not have an unresolved audit finding showing a violation of a DOJ grant program. Prohibits the Attorney General from awarding a grant under this Act to a nonprofit organization that holds money in offshore accounts for the purpose of avoiding paying tax on certain unrelated business income.</p> <p>Limits the use of amounts authorized to be appropriated under this Act for DOJ salaries and administrative expenses, for conferences, or for lobbying any representative of a government regarding the award of grant funding. </p> <p>Sunsets specified provisions of this Act regarding Debbie Smith grants for auditing sexual assault evidence backlogs on December 31, 2018.</p>]]></summary-text>
</summary>
</item>
<dublinCore xmlns:dc="http://purl.org/dc/elements/1.1/">
<dc:format>text/xml</dc:format>
<dc:language>EN</dc:language>
<dc:rights>Pursuant to Title 17 Section 105 of the United States Code, this file is not subject to copyright protection and is in the public domain.</dc:rights>
<dc:contributor>Congressional Research Service, Library of Congress</dc:contributor>
<dc:description>This file contains bill summaries for federal legislation. A bill summary describes the most significant provisions of a piece of legislation and details the effects the legislative text may have on current law and federal programs. Bill summaries are authored by the Congressional Research Service (CRS) of the Library of Congress. As stated in Public Law 91-510 (2 USC 166 (d)(6)), one of the duties of CRS is "to prepare summaries and digests of bills and resolutions of a public general nature introduced in the Senate or House of Representatives". For more information, refer to the User Guide that accompanies this file.</dc:description>
</dublinCore>
</BillSummaries>
