<?xml version="1.0" encoding="UTF-8"?>
<BillSummaries>
<item congress="113" measure-type="hr" measure-number="145" measure-id="id113hr145" originChamber="HOUSE" orig-publish-date="2013-01-03" update-date="2013-01-22">
<title>Central Idaho Economic Development and Recreation Act</title>
<summary summary-id="id113hr145v00" currentChamber="HOUSE" update-date="2013-01-22">
<action-date>2013-01-03</action-date>
<action-desc>Introduced in House</action-desc>
<summary-text><![CDATA[<p>Central Idaho Economic Development and Recreation Act - Designates specified parcels of federal land in central Idaho as wilderness areas and as components of the National Wilderness Preservation System (NWPS). </p> <p>Repeals existing law requiring review of portions of the Sawtooth National Recreation Area for possible inclusion in the NWPS. </p> <p>Provides for the use of an appropriate site in the vicinity of the Smiley Creek community in Blaine County in central Idaho for construction and use of a fire station for the Smiley Creek Rural Fire Protection District. Authorizes: (1) the use of such site through a special use permit or conveyance to the District, and (2) the issuance of a special use permit to the District for development of a well for fire protection and other public purposes. </p> <p>Requires the conveyance of specified parcels of federal land to Blaine and Custer Counties and the cities of Challis and Clayton in central Idaho. </p> <p>Sets forth requirements regarding trail management in Germania Creek Trail, Forest Service Trails 109 and 671, and Frog Lake Loop Trail. </p> <p>Authorizes such improvements as may be necessary for maintenance of the first mile of the Murdock Creek Trail as a primitive, nonpaved, and wheel-chair accessible trail.</p>]]></summary-text>
</summary>
</item>
<dublinCore xmlns:dc="http://purl.org/dc/elements/1.1/">
<dc:format>text/xml</dc:format>
<dc:language>EN</dc:language>
<dc:rights>Pursuant to Title 17 Section 105 of the United States Code, this file is not subject to copyright protection and is in the public domain.</dc:rights>
<dc:contributor>Congressional Research Service, Library of Congress</dc:contributor>
<dc:description>This file contains bill summaries for federal legislation. A bill summary describes the most significant provisions of a piece of legislation and details the effects the legislative text may have on current law and federal programs. Bill summaries are authored by the Congressional Research Service (CRS) of the Library of Congress. As stated in Public Law 91-510 (2 USC 166 (d)(6)), one of the duties of CRS is "to prepare summaries and digests of bills and resolutions of a public general nature introduced in the Senate or House of Representatives". For more information, refer to the User Guide that accompanies this file.</dc:description>
</dublinCore>
</BillSummaries>
