<?xml version="1.0" encoding="UTF-8"?>
<BillSummaries>
<item congress="113" measure-type="hr" measure-number="289" measure-id="id113hr289" originChamber="HOUSE" orig-publish-date="2013-01-15" update-date="2013-02-12">
<title>VOTE Act</title>
<summary summary-id="id113hr289v00" currentChamber="HOUSE" update-date="2013-02-12">
<action-date>2013-01-15</action-date>
<action-desc>Introduced in House</action-desc>
<summary-text><![CDATA[<p> Value Our Time Elections Act or VOTE Act - Amends the National Voter Registration Act of 1993 (NVRA) to require each state to make available official public websites for online voter registration.</p> <p>Authorizes automated voter registration of certain individuals and establishes other initiatives to promote voter registration, such as same day registration and voter registration of individuals under 18 years of age.</p> <p>Sets forth requirements for maintenance, privacy, and security of voter registration lists, including establishing deadlines for transmittal of change of address or other identifying information.</p> <p>Amends the Help America Vote Act of 2002 (HAVA) to direct each state to provide, according to standards issued by the Election Assistance Commission, for the minimum required number of voting systems, poll workers, and other election resources (including all other physical resources) for each voting site on the day of any federal election and on any days during which such state allows early voting for a federal election. </p> <p>Require each state to submit a written plan to the Commission describing the measures it is implementing to ensure, to the greatest extent possible, an equitable waiting time for all voters in the state and a waiting time of less than one hour at any polling place in the election. </p> <p>Requires each jurisdiction for which the Commission determines that a substantial number of voters waited more than 90 minutes to cast a vote in a federal election, or in which there were substantial violations of certain established standards, to comply with a state remedial plan established by the Commission to provide for the effective allocation of resources to administer elections in the state and to reduce voter waiting times.</p> <p>Requires provision of an emergency paper ballot to any requesting voter in the event of a failure of voting equipment or other circumstances at a polling place that causes an unreasonable delay.</p> <p>Requires each state to allow individuals to vote during the seven day period (or, at state option, a longer period) before a federal election in the same manner as voting is allowed on election day.</p> <p>Establishes minimum early voting requirements.</p> <p>Directs the Commission to issue standards for the administration of early voting.</p>]]></summary-text>
</summary>
</item>
<dublinCore xmlns:dc="http://purl.org/dc/elements/1.1/">
<dc:format>text/xml</dc:format>
<dc:language>EN</dc:language>
<dc:rights>Pursuant to Title 17 Section 105 of the United States Code, this file is not subject to copyright protection and is in the public domain.</dc:rights>
<dc:contributor>Congressional Research Service, Library of Congress</dc:contributor>
<dc:description>This file contains bill summaries for federal legislation. A bill summary describes the most significant provisions of a piece of legislation and details the effects the legislative text may have on current law and federal programs. Bill summaries are authored by the Congressional Research Service (CRS) of the Library of Congress. As stated in Public Law 91-510 (2 USC 166 (d)(6)), one of the duties of CRS is "to prepare summaries and digests of bills and resolutions of a public general nature introduced in the Senate or House of Representatives". For more information, refer to the User Guide that accompanies this file.</dc:description>
</dublinCore>
</BillSummaries>
