<?xml version="1.0" encoding="UTF-8"?>
<BillSummaries>
<item congress="113" measure-type="hr" measure-number="506" measure-id="id113hr506" originChamber="HOUSE" orig-publish-date="2013-02-05" update-date="2013-02-15">
<title>Jane's Law</title>
<summary summary-id="id113hr506v00" currentChamber="HOUSE" update-date="2013-02-15">
<action-date>2013-02-05</action-date>
<action-desc>Introduced in House</action-desc>
<summary-text><![CDATA[<p>Jane's Law - Amends the federal criminal code to impose a fine and/or a prison term of up to two years on any person who travels in interstate or foreign commerce to evade compliance with a court-ordered property distribution in a divorce proceeding involving more than $5,000. Requires payment of restitution equal to the total unpaid property distribution from any person convicted of evading payment.</p>]]></summary-text>
</summary>
</item>
<dublinCore xmlns:dc="http://purl.org/dc/elements/1.1/">
<dc:format>text/xml</dc:format>
<dc:language>EN</dc:language>
<dc:rights>Pursuant to Title 17 Section 105 of the United States Code, this file is not subject to copyright protection and is in the public domain.</dc:rights>
<dc:contributor>Congressional Research Service, Library of Congress</dc:contributor>
<dc:description>This file contains bill summaries for federal legislation. A bill summary describes the most significant provisions of a piece of legislation and details the effects the legislative text may have on current law and federal programs. Bill summaries are authored by the Congressional Research Service (CRS) of the Library of Congress. As stated in Public Law 91-510 (2 USC 166 (d)(6)), one of the duties of CRS is "to prepare summaries and digests of bills and resolutions of a public general nature introduced in the Senate or House of Representatives". For more information, refer to the User Guide that accompanies this file.</dc:description>
</dublinCore>
</BillSummaries>
