<?xml version="1.0" encoding="UTF-8"?>
<BillSummaries>
<item congress="113" measure-type="hr" measure-number="512" measure-id="id113hr512" originChamber="HOUSE" orig-publish-date="2013-02-05" update-date="2013-02-22">
<title>Dr. Rita Hocog Inos Territorial Fellowship Act</title>
<summary summary-id="id113hr512v00" currentChamber="HOUSE" update-date="2013-02-22">
<action-date>2013-02-05</action-date>
<action-desc>Introduced in House</action-desc>
<summary-text><![CDATA[<p>Dr. Rita Hocog Inos Territorial Fellowship Act - Directs the Secretary of the Interior to establish the Dr. Rita Hocog Inos Fellowship Program to award local government and federal government fellowships to qualified students from American Samoa, the Commonwealth of the Northern Mariana Islands, Guam, or the U.S. Virgin Islands.</p> <p>Allows a fellow to receive either a specified stipend or academic credit toward graduation for participating in an internship. </p> <p>Defines a &quot;qualified student&quot; as a student who is a U.S. citizen, domiciled in American Samoa, the Commonwealth of the Northern Mariana Islands, Guam, or the U.S. Virgin Islands, and enrolled in a degree or certificate program at an institution of higher education.</p>]]></summary-text>
</summary>
</item>
<dublinCore xmlns:dc="http://purl.org/dc/elements/1.1/">
<dc:format>text/xml</dc:format>
<dc:language>EN</dc:language>
<dc:rights>Pursuant to Title 17 Section 105 of the United States Code, this file is not subject to copyright protection and is in the public domain.</dc:rights>
<dc:contributor>Congressional Research Service, Library of Congress</dc:contributor>
<dc:description>This file contains bill summaries for federal legislation. A bill summary describes the most significant provisions of a piece of legislation and details the effects the legislative text may have on current law and federal programs. Bill summaries are authored by the Congressional Research Service (CRS) of the Library of Congress. As stated in Public Law 91-510 (2 USC 166 (d)(6)), one of the duties of CRS is "to prepare summaries and digests of bills and resolutions of a public general nature introduced in the Senate or House of Representatives". For more information, refer to the User Guide that accompanies this file.</dc:description>
</dublinCore>
</BillSummaries>
