<?xml version="1.0" encoding="UTF-8"?>
<BillSummaries>
<item congress="113" measure-type="hr" measure-number="247" measure-id="id113hr247" originChamber="HOUSE" orig-publish-date="2013-01-14" update-date="2013-02-08">
<title>Ensuring the Full Faith and Credit of the United States and Protecting America's Soldiers and Seniors Act</title>
<summary summary-id="id113hr247v00" currentChamber="HOUSE" update-date="2013-02-08">
<action-date>2013-01-14</action-date>
<action-desc>Introduced in House</action-desc>
<summary-text><![CDATA[<p>Ensuring the Full Faith and Credit of the United States and Protecting America's Soldiers and Seniors Act - Requires the following to take equal priority over all other federally incurred obligations in the event that the public debt reaches the statutory limit: (1) the authority of the Department of the Treasury to pay with legal tender the principal and interest on debt held by the public; (2) the authority of the Commissioner of Social Security to pay monthly Old Age, Survivors and Disability Insurance benefits under title II of the Social Security Act; and (3) the payment of pay and allowances for members of the Armed Forces on active duty. </p>]]></summary-text>
</summary>
</item>
<dublinCore xmlns:dc="http://purl.org/dc/elements/1.1/">
<dc:format>text/xml</dc:format>
<dc:language>EN</dc:language>
<dc:rights>Pursuant to Title 17 Section 105 of the United States Code, this file is not subject to copyright protection and is in the public domain.</dc:rights>
<dc:contributor>Congressional Research Service, Library of Congress</dc:contributor>
<dc:description>This file contains bill summaries for federal legislation. A bill summary describes the most significant provisions of a piece of legislation and details the effects the legislative text may have on current law and federal programs. Bill summaries are authored by the Congressional Research Service (CRS) of the Library of Congress. As stated in Public Law 91-510 (2 USC 166 (d)(6)), one of the duties of CRS is "to prepare summaries and digests of bills and resolutions of a public general nature introduced in the Senate or House of Representatives". For more information, refer to the User Guide that accompanies this file.</dc:description>
</dublinCore>
</BillSummaries>
