<?xml version="1.0" encoding="UTF-8"?>
<BillSummaries>
<item congress="113" measure-type="hr" measure-number="498" measure-id="id113hr498" originChamber="HOUSE" orig-publish-date="2013-02-05" update-date="2013-03-05">
<title>STOP Act</title>
<summary summary-id="id113hr498v00" currentChamber="HOUSE" update-date="2013-03-05">
<action-date>2013-02-05</action-date>
<action-desc>Introduced in House</action-desc>
<summary-text><![CDATA[<p>Sober Truth on Preventing Underage Drinking Reauthorization Act or STOP Act - Amends the Public Health Service Act to reauthorize the program to reduce underage drinking for FY2014-FY2018.</p> <p>Revises reporting requirements for state programs on underage drinking.</p> <p> Specifies additional requirements for the development of the national media campaign to prevent underage drinking.</p> <p>Directs the Administrator of the Substance Abuse and Mental Health Services Administration to make grants to professional pediatric provider organizations to increase effective practices, including the screening of children and adolescents for alcohol use,&nbsp;to reduce the prevalence of alcohol use among individuals under the age of 21, including college students.</p> <p>Directs the Secretary of Health and Human Services (HHS) to collect data and conduct or support new research on underage drinking that improves and conducts public health surveillance of alcohol use and alcohol-related conditions in states among individuals between age 18 and 20 by increasing the use of surveys, such as the Behavioral Risk Factor Surveillance System, to monitor binge and excessive drinking and related harms.</p>]]></summary-text>
</summary>
</item>
<dublinCore xmlns:dc="http://purl.org/dc/elements/1.1/">
<dc:format>text/xml</dc:format>
<dc:language>EN</dc:language>
<dc:rights>Pursuant to Title 17 Section 105 of the United States Code, this file is not subject to copyright protection and is in the public domain.</dc:rights>
<dc:contributor>Congressional Research Service, Library of Congress</dc:contributor>
<dc:description>This file contains bill summaries for federal legislation. A bill summary describes the most significant provisions of a piece of legislation and details the effects the legislative text may have on current law and federal programs. Bill summaries are authored by the Congressional Research Service (CRS) of the Library of Congress. As stated in Public Law 91-510 (2 USC 166 (d)(6)), one of the duties of CRS is "to prepare summaries and digests of bills and resolutions of a public general nature introduced in the Senate or House of Representatives". For more information, refer to the User Guide that accompanies this file.</dc:description>
</dublinCore>
</BillSummaries>
