<?xml version="1.0" encoding="UTF-8"?>
<BillSummaries>
<item congress="113" measure-type="hr" measure-number="295" measure-id="id113hr295" originChamber="HOUSE" orig-publish-date="2013-01-15" update-date="2013-01-22">
<title>Protect and Save Act of 2013</title>
<summary summary-id="id113hr295v00" currentChamber="HOUSE" update-date="2013-01-22">
<action-date>2013-01-15</action-date>
<action-desc>Introduced in House</action-desc>
<summary-text><![CDATA[<p>Protect and Save Act of 2013 - Amends the Internal Revenue Code to: (1) authorize the Secretary of the Treasury to disclose tax return information to federal and state law enforcement agencies to assist in the investigation of the misuse of the identity of another person for purposes of filing a false or fraudulent tax return,&nbsp;(2) direct the Commissioner of Internal Revenue to establish within the Criminal Investigation Division of the Internal Revenue Service (IRS) the position of Local Law Enforcement Liaison to coordinate the investigation of tax fraud with state and local law enforcement agencies,&nbsp;and (3) make permanent the authority of the Secretary to disclose tax return information to federal and state prison officials to prevent the filing of false or fraudulent tax returns by prison inmates. </p> <p>Requires the Secretary of the Treasury to: (1)&nbsp;implement an identity theft tax fraud prevention program; and (2) review whether current tax laws and regulations related to the confidentiality and disclosure of tax return information prevent the effective enforcement of federal, state, and local identity theft statutes.</p> <p>Requires the Comptroller General (GAO) to conduct a study and report&nbsp;on: (1) the role of prepaid debit cards and commercial tax preparation software in facilitating fraudulent tax returns through identity theft, and (2) the role e-filing and electronic tax returns play in either facilitating or preventing fraudulent tax returns through identity theft.</p> <p>Prohibits the Secretary of Commerce from disclosing information contained&nbsp;on the Death Master File relating to a deceased individual to persons who are not certified to access such information.</p> <p>Requires the head of the Federal Bureau of Prisons to submit a detailed plan to Congress on how information obtained from the IRS will be used to reduce prison tax fraud. </p>]]></summary-text>
</summary>
</item>
<dublinCore xmlns:dc="http://purl.org/dc/elements/1.1/">
<dc:format>text/xml</dc:format>
<dc:language>EN</dc:language>
<dc:rights>Pursuant to Title 17 Section 105 of the United States Code, this file is not subject to copyright protection and is in the public domain.</dc:rights>
<dc:contributor>Congressional Research Service, Library of Congress</dc:contributor>
<dc:description>This file contains bill summaries for federal legislation. A bill summary describes the most significant provisions of a piece of legislation and details the effects the legislative text may have on current law and federal programs. Bill summaries are authored by the Congressional Research Service (CRS) of the Library of Congress. As stated in Public Law 91-510 (2 USC 166 (d)(6)), one of the duties of CRS is "to prepare summaries and digests of bills and resolutions of a public general nature introduced in the Senate or House of Representatives". For more information, refer to the User Guide that accompanies this file.</dc:description>
</dublinCore>
</BillSummaries>
