<?xml version="1.0" encoding="UTF-8"?>
<BillSummaries>
<item congress="113" measure-type="hr" measure-number="341" measure-id="id113hr341" originChamber="HOUSE" orig-publish-date="2013-01-22" update-date="2013-01-31">
<title>Volunteer Income Tax Assistance (VITA) Act</title>
<summary summary-id="id113hr341v00" currentChamber="HOUSE" update-date="2013-01-31">
<action-date>2013-01-22</action-date>
<action-desc>Introduced in House</action-desc>
<summary-text><![CDATA[<p>Volunteer Income Tax Assistance (VITA) Act - Directs the Secretary of the Treasury, through the Internal Revenue Service (IRS), to establish a Community Volunteer Income Tax Assistance Matching Grant Program (VITA grant program) for the development, expansion, or continuation of volunteer tax preparation programs to assist low-income taxpayers and members of underserved populations. </p> <p>Establishes the National Center to Promote Quality, Excellence, and Evaluation in Volunteer Income Tax Assistance. Requires such Center to: (1) promote the adoption of a universally accessible volunteer training platform for the preparation of federal income tax returns, (2) provide technical assistance to tax return preparation program managers, (3) identify and disseminate best practices related to tax site management, (4) support outreach and marketing efforts, and (5) provide evaluation of programs and activities funded under this Act. </p>]]></summary-text>
</summary>
</item>
<dublinCore xmlns:dc="http://purl.org/dc/elements/1.1/">
<dc:format>text/xml</dc:format>
<dc:language>EN</dc:language>
<dc:rights>Pursuant to Title 17 Section 105 of the United States Code, this file is not subject to copyright protection and is in the public domain.</dc:rights>
<dc:contributor>Congressional Research Service, Library of Congress</dc:contributor>
<dc:description>This file contains bill summaries for federal legislation. A bill summary describes the most significant provisions of a piece of legislation and details the effects the legislative text may have on current law and federal programs. Bill summaries are authored by the Congressional Research Service (CRS) of the Library of Congress. As stated in Public Law 91-510 (2 USC 166 (d)(6)), one of the duties of CRS is "to prepare summaries and digests of bills and resolutions of a public general nature introduced in the Senate or House of Representatives". For more information, refer to the User Guide that accompanies this file.</dc:description>
</dublinCore>
</BillSummaries>
