<?xml version="1.0" encoding="UTF-8"?>
<BillSummaries>
<item congress="113" measure-type="hr" measure-number="746" measure-id="id113hr746" originChamber="HOUSE" orig-publish-date="2013-02-15" update-date="2013-03-18">
<title>Protect Small Business Jobs Act of 2013</title>
<summary summary-id="id113hr746v00" currentChamber="HOUSE" update-date="2013-03-18">
<action-date>2013-02-15</action-date>
<action-desc>Introduced in House</action-desc>
<summary-text><![CDATA[<p>Protect Small Business Jobs Act of 2013 - Requires a federal agency, before any enforcement action is taken on any sanction on a small business for any violation of a rule or pursuant to an adjudication, to: (1) notify the small business that it may be subject to a sanction at the end of a six-month grace period following such notification; (2) delay further action for 15 days after such notification; (3) defer further action for the six-month period (allowing an additional three-month period upon application by the small business demonstrating reasonable good-faith efforts to remedy the violation or other conduct giving rise to the sanction); (4) make a further determination at the end of the applicable grace period as to whether the small business would still be subject to the sanction; and (5) upon a negative determination, waive the sanction. Makes the grace period inapplicable with respect to a violation that puts anyone in imminent danger, as defined by the Occupational Safety and Health Act.</p> <p>Makes null and void any sanction imposed in violation of such requirements.</p> <p>Requires: (1) federal agencies to report annually to the Small Business and Agriculture Regulatory Enforcement Ombudsman on the utilization of this directive and to disclose the penalty mitigation for small businesses, and (2) the Ombudsman to include such information in a currently-required annual report to Congress.</p>]]></summary-text>
</summary>
</item>
<dublinCore xmlns:dc="http://purl.org/dc/elements/1.1/">
<dc:format>text/xml</dc:format>
<dc:language>EN</dc:language>
<dc:rights>Pursuant to Title 17 Section 105 of the United States Code, this file is not subject to copyright protection and is in the public domain.</dc:rights>
<dc:contributor>Congressional Research Service, Library of Congress</dc:contributor>
<dc:description>This file contains bill summaries for federal legislation. A bill summary describes the most significant provisions of a piece of legislation and details the effects the legislative text may have on current law and federal programs. Bill summaries are authored by the Congressional Research Service (CRS) of the Library of Congress. As stated in Public Law 91-510 (2 USC 166 (d)(6)), one of the duties of CRS is "to prepare summaries and digests of bills and resolutions of a public general nature introduced in the Senate or House of Representatives". For more information, refer to the User Guide that accompanies this file.</dc:description>
</dublinCore>
</BillSummaries>
