<?xml version="1.0" encoding="UTF-8"?>
<BillSummaries>
<item congress="113" measure-type="hr" measure-number="249" measure-id="id113hr249" originChamber="HOUSE" orig-publish-date="2013-01-15" update-date="2013-04-17">
<title>Federal Employee Tax Accountability Act of 2013</title>
<summary summary-id="id113hr249v28" currentChamber="HOUSE" update-date="2013-04-17">
<action-date>2013-04-12</action-date>
<action-desc>Reported to House without amendment, Part I</action-desc>
<summary-text><![CDATA[<p><b>(This measure has not been amended since it was introduced. The summary of that version is repeated here.)</b></p> <p>Federal Employee Tax Accountability Act of 2013 - Makes any person who has a seriously delinquent tax debt ineligible for federal employment or to continue serving as a federal employee. Defines "seriously delinquent tax debt" as an outstanding tax debt for which a notice of lien has been filed in public records. Exempts a tax debt: (1) that is being paid in a timely manner under an approved installment payment agreement or an offer-in-compromise, (2) for which a collection due process hearing has been requested or pending, (3) for which a levy has been issued or agreed to by an applicant for employment, or (4) that is determined to be an economic hardship to the taxpayer. </p> <p>Requires each federal agency to: (1) ensure that applicants for employment certify that they do not have a seriously delinquent tax debt, (2) review public records to determine if a notice of lien has been filed against an employee or applicant, and (3) restrict access to and use of information obtained under this Act.</p> <p>Authorizes an agency, if a tax lien against a federal employee or applicant is discovered in any public record, to: (1) request such employee or applicant to execute and submit a form authorizing the Secretary of the Treasury to disclose to an agency head information describing whether the employee or applicant has a seriously delinquent tax debt, and (2) contact the Secretary to request tax information about a seriously delinquent tax debt of an employee or applicant. </p> <p>Requires the Office of Personnel Management (OPM) to promulgate regulations to carry out this Act that provide taxpayers with all due process rights and to report to Congress annually on the number of exemptions granted for financial hardship. Grants federal employees or applicants 180 days to demonstrate that their tax debts are exempt from classification as a seriously delinquent tax debt under this Act. </p> <p>Makes this Act effective nine months after its enactment.</p>]]></summary-text>
</summary>
<summary summary-id="id113hr249v00" currentChamber="HOUSE" update-date="2013-01-19">
<action-date>2013-01-15</action-date>
<action-desc>Introduced in House</action-desc>
<summary-text><![CDATA[<p>Federal Employee Tax Accountability Act of 2013 - Makes any person who has a seriously delinquent tax debt ineligible for federal employment or to continue serving as a federal employee. Defines "seriously delinquent tax debt" as an outstanding tax debt for which a notice of lien has been filed in public records. Exempts a tax debt: (1) that is being paid in a timely manner under an approved installment payment agreement or an offer-in-compromise, (2) for which a collection due process hearing has been requested or pending, (3) for which a levy has been issued or agreed to by an applicant for employment, or (4) that is determined to be an economic hardship to the taxpayer. </p> <p>Requires each federal agency to: (1) ensure that applicants for employment certify that they do not have a seriously delinquent tax debt, (2) review public records to determine if a notice of lien has been filed against an employee or applicant, and (3) restrict access to and use of information obtained under this Act.</p> <p>Authorizes an agency, if a tax lien against a federal employee or applicant is discovered in any public record, to: (1) request such employee or applicant to execute and submit a form authorizing the Secretary of the Treasury to disclose to an agency head information describing whether the employee or applicant has a seriously delinquent tax debt, and (2) contact the Secretary to request tax information about a seriously delinquent tax debt of an employee or applicant. </p> <p>Requires the Office of Personnel Management (OPM) to promulgate regulations to carry out this Act that provide taxpayers with all due process rights and to report to Congress annually on the number of exemptions granted for financial hardship. Grants federal employees or applicants 180 days to demonstrate that their tax debts are exempt from classification as a seriously delinquent tax debt under this Act. </p> <p>Makes this Act effective nine months after its enactment.</p>]]></summary-text>
</summary>
</item>
<dublinCore xmlns:dc="http://purl.org/dc/elements/1.1/">
<dc:format>text/xml</dc:format>
<dc:language>EN</dc:language>
<dc:rights>Pursuant to Title 17 Section 105 of the United States Code, this file is not subject to copyright protection and is in the public domain.</dc:rights>
<dc:contributor>Congressional Research Service, Library of Congress</dc:contributor>
<dc:description>This file contains bill summaries for federal legislation. A bill summary describes the most significant provisions of a piece of legislation and details the effects the legislative text may have on current law and federal programs. Bill summaries are authored by the Congressional Research Service (CRS) of the Library of Congress. As stated in Public Law 91-510 (2 USC 166 (d)(6)), one of the duties of CRS is "to prepare summaries and digests of bills and resolutions of a public general nature introduced in the Senate or House of Representatives". For more information, refer to the User Guide that accompanies this file.</dc:description>
</dublinCore>
</BillSummaries>
