<?xml version="1.0" encoding="UTF-8"?>
<BillSummaries>
<item congress="113" measure-type="hr" measure-number="892" measure-id="id113hr892" originChamber="HOUSE" orig-publish-date="2013-02-28" update-date="2013-03-23">
<title>S Corporation Modernization Act of 2013</title>
<summary summary-id="id113hr892v00" currentChamber="HOUSE" update-date="2013-03-23">
<action-date>2013-02-28</action-date>
<action-desc>Introduced in House</action-desc>
<summary-text><![CDATA[<p>S Corporation Modernization Act of 2013 - Amends the Internal Revenue Code to revise the tax treatment of S corporations by: (1) permanently reducing from 10 to 5 years the period during which S corporation built-in gains are subject to tax; (2) repealing mandatory termination of S corporation elections for excessive passive investment income; (3) allowing S corporations to increase passive investment income from 25 to 60% without incurring additional tax; (4) allowing nonresident aliens to be potential current beneficiaries of an electing small business trust (ESBT); (5) allowing individual retirement accounts (IRAs) to be S corporation shareholders; (6) allowing ESBTs to claim expanded charitable tax deductions; and (7) making permanent the rule requiring a basis adjustment to stock of an S corporation making charitable contributions of property. </p>]]></summary-text>
</summary>
</item>
<dublinCore xmlns:dc="http://purl.org/dc/elements/1.1/">
<dc:format>text/xml</dc:format>
<dc:language>EN</dc:language>
<dc:rights>Pursuant to Title 17 Section 105 of the United States Code, this file is not subject to copyright protection and is in the public domain.</dc:rights>
<dc:contributor>Congressional Research Service, Library of Congress</dc:contributor>
<dc:description>This file contains bill summaries for federal legislation. A bill summary describes the most significant provisions of a piece of legislation and details the effects the legislative text may have on current law and federal programs. Bill summaries are authored by the Congressional Research Service (CRS) of the Library of Congress. As stated in Public Law 91-510 (2 USC 166 (d)(6)), one of the duties of CRS is "to prepare summaries and digests of bills and resolutions of a public general nature introduced in the Senate or House of Representatives". For more information, refer to the User Guide that accompanies this file.</dc:description>
</dublinCore>
</BillSummaries>
