<?xml version="1.0" encoding="UTF-8"?>
<BillSummaries>
<item congress="113" measure-type="hr" measure-number="667" measure-id="id113hr667" originChamber="HOUSE" orig-publish-date="2013-02-13" update-date="2014-02-05">
<title>To redesignate the Dryden Flight Research Center as the Neil A. Armstrong Flight Research Center and the Western Aeronautical Test Range as the Hugh L. Dryden Aeronautical Test Range.</title>
<summary summary-id="id113hr667v49" currentChamber="BOTH" update-date="2014-02-05">
<action-date>2014-01-16</action-date>
<action-desc>Public Law</action-desc>
<summary-text><![CDATA[<p><b>(This measure has not been amended since it was introduced. The summary of that version is repeated here.)</b></p> <p>Redesignates: (1) the National Aeronautics and Space Administration (NASA) Hugh L. Dryden Flight Research Center in Edwards, California, as the "NASA Neil A. Armstrong Flight Research Center," and (2) the National Aeronautics and Space Administration Western Aeronautical Test Range in California as the "NASA Hugh L. Dryden Aeronautical Test Range." </p>]]></summary-text>
</summary>
<summary summary-id="id113hr667v82" currentChamber="SENATE" update-date="2014-01-13">
<action-date>2014-01-08</action-date>
<action-desc>Passed Senate without amendment</action-desc>
<summary-text><![CDATA[<p><b>(This measure has not been amended since it was introduced. The summary of that version is repeated here.)</b></p> <p>Redesignates: (1) the National Aeronautics and Space Administration (NASA) Hugh L. Dryden Flight Research Center in Edwards, California, as the "NASA Neil A. Armstrong Flight Research Center," and (2) the National Aeronautics and Space Administration Western Aeronautical Test Range in California as the "NASA Hugh L. Dryden Aeronautical Test Range."</p>]]></summary-text>
</summary>
<summary summary-id="id113hr667v81" currentChamber="HOUSE" update-date="2013-02-26">
<action-date>2013-02-25</action-date>
<action-desc>Passed House without amendment</action-desc>
<summary-text><![CDATA[<p><b>(This measure has not been amended since it was introduced. The summary of that version is repeated here.)</b></p> <p>Redesignates: (1) the National Aeronautics and Space Administration (NASA) Hugh L. Dryden Flight Research Center in Edwards, California, as the "NASA Neil A. Armstrong Flight Research Center," and (2) the National Aeronautics and Space Administration Western Aeronautical Test Range in California as the "NASA Hugh L. Dryden Aeronautical Test Range."</p>]]></summary-text>
</summary>
<summary summary-id="id113hr667v00" currentChamber="HOUSE" update-date="2013-03-04">
<action-date>2013-02-13</action-date>
<action-desc>Introduced in House</action-desc>
<summary-text><![CDATA[<p>Redesignates: (1) the National Aeronautics and Space Administration (NASA) Hugh L. Dryden Flight Research Center in Edwards, California, as the "NASA Neil A. Armstrong Flight Research Center," and (2) the National Aeronautics and Space Administration Western Aeronautical Test Range in California as the "NASA Hugh L. Dryden Aeronautical Test Range."</p>]]></summary-text>
</summary>
</item>
<dublinCore xmlns:dc="http://purl.org/dc/elements/1.1/">
<dc:format>text/xml</dc:format>
<dc:language>EN</dc:language>
<dc:rights>Pursuant to Title 17 Section 105 of the United States Code, this file is not subject to copyright protection and is in the public domain.</dc:rights>
<dc:contributor>Congressional Research Service, Library of Congress</dc:contributor>
<dc:description>This file contains bill summaries for federal legislation. A bill summary describes the most significant provisions of a piece of legislation and details the effects the legislative text may have on current law and federal programs. Bill summaries are authored by the Congressional Research Service (CRS) of the Library of Congress. As stated in Public Law 91-510 (2 USC 166 (d)(6)), one of the duties of CRS is "to prepare summaries and digests of bills and resolutions of a public general nature introduced in the Senate or House of Representatives". For more information, refer to the User Guide that accompanies this file.</dc:description>
</dublinCore>
</BillSummaries>
