<?xml version="1.0" encoding="UTF-8"?>
<BillSummaries>
<item congress="113" measure-type="hr" measure-number="742" measure-id="id113hr742" originChamber="HOUSE" orig-publish-date="2013-02-15" update-date="2013-07-24">
<title>Swap Data Repository and Clearinghouse Indemnification Correction Act of 2013</title>
<summary summary-id="id113hr742v81" currentChamber="HOUSE" update-date="2013-07-24">
<action-date>2013-06-12</action-date>
<action-desc>Passed House without amendment</action-desc>
<summary-text><![CDATA[<p><b>(This measure has not been amended since it was introduced. The summary of that version is repeated here.)</b></p> <p> Swap Data Repository and Clearinghouse Indemnification Correction Act of 2013 - Amends the Commodity Exchange Act, with respect to derivatives clearing organizations and swap data repositories, to repeal the prerequisite that, before the Commodity Futures Trading Commission (CFTC) may share information with specified regulatory agencies, such agencies must agree to indemnify the CFTC for expenses arising from litigation relating to information so provided. </p> <p>Amends the Securities Exchange Act of 1934 to repeal similarly the prerequisite that, before a security-based swap data repository may share information with specified regulatory entities, such entities must agree to indemnify both such repository and the Securities and Exchange Commission (SEC) for expenses arising from litigation relating to information so provided. </p>]]></summary-text>
</summary>
<summary summary-id="id113hr742v00" currentChamber="HOUSE" update-date="2013-03-28">
<action-date>2013-02-15</action-date>
<action-desc>Introduced in House</action-desc>
<summary-text><![CDATA[<p> Swap Data Repository and Clearinghouse Indemnification Correction Act of 2013 - Amends the Commodity Exchange Act, with respect to derivatives clearing organizations and swap data repositories, to repeal the prerequisite that, before the Commodity Futures Trading Commission (CFTC) may share information with specified regulatory agencies, such agencies must agree to indemnify the CFTC for expenses arising from litigation relating to information so provided. </p> <p>Amends the Securities Exchange Act of 1934 to repeal similarly the prerequisite that, before a security-based swap data repository may share information with specified regulatory entities, such entities must agree to indemnify both such repository and the Securities and Exchange Commission (SEC) for expenses arising from litigation relating to information so provided. </p>]]></summary-text>
</summary>
</item>
<dublinCore xmlns:dc="http://purl.org/dc/elements/1.1/">
<dc:format>text/xml</dc:format>
<dc:language>EN</dc:language>
<dc:rights>Pursuant to Title 17 Section 105 of the United States Code, this file is not subject to copyright protection and is in the public domain.</dc:rights>
<dc:contributor>Congressional Research Service, Library of Congress</dc:contributor>
<dc:description>This file contains bill summaries for federal legislation. A bill summary describes the most significant provisions of a piece of legislation and details the effects the legislative text may have on current law and federal programs. Bill summaries are authored by the Congressional Research Service (CRS) of the Library of Congress. As stated in Public Law 91-510 (2 USC 166 (d)(6)), one of the duties of CRS is "to prepare summaries and digests of bills and resolutions of a public general nature introduced in the Senate or House of Representatives". For more information, refer to the User Guide that accompanies this file.</dc:description>
</dublinCore>
</BillSummaries>
