<?xml version="1.0" encoding="UTF-8"?>
<BillSummaries>
<item congress="113" measure-type="hr" measure-number="563" measure-id="id113hr563" originChamber="HOUSE" orig-publish-date="2013-02-06" update-date="2013-02-25">
<title>School Social Workers Improving Student Success Act</title>
<summary summary-id="id113hr563v00" currentChamber="HOUSE" update-date="2013-02-25">
<action-date>2013-02-06</action-date>
<action-desc>Introduced in House</action-desc>
<summary-text><![CDATA[<p>School Social Workers Improving Student Success Act - Amends the Elementary and Secondary Education Act of 1965 to authorize the Secretary of Education to award renewable grants to high-need local educational agencies (LEAs) to retain or hire additional school social workers.</p> <p>Permits grantees to use the funds to reimburse school social workers for expenses they incur in rendering services.</p> <p>Requires grant-funded social workers to target their services to the highest-need students.</p> <p>Directs the Secretary to provide technical assistance to high-need LEAs in applying for such grants.</p> <p>Prohibits the grant funds from being used to supplant other federal, state, or local funds used for hiring and retaining school social workers.</p>]]></summary-text>
</summary>
</item>
<dublinCore xmlns:dc="http://purl.org/dc/elements/1.1/">
<dc:format>text/xml</dc:format>
<dc:language>EN</dc:language>
<dc:rights>Pursuant to Title 17 Section 105 of the United States Code, this file is not subject to copyright protection and is in the public domain.</dc:rights>
<dc:contributor>Congressional Research Service, Library of Congress</dc:contributor>
<dc:description>This file contains bill summaries for federal legislation. A bill summary describes the most significant provisions of a piece of legislation and details the effects the legislative text may have on current law and federal programs. Bill summaries are authored by the Congressional Research Service (CRS) of the Library of Congress. As stated in Public Law 91-510 (2 USC 166 (d)(6)), one of the duties of CRS is "to prepare summaries and digests of bills and resolutions of a public general nature introduced in the Senate or House of Representatives". For more information, refer to the User Guide that accompanies this file.</dc:description>
</dublinCore>
</BillSummaries>
