<?xml version="1.0" encoding="UTF-8"?>
<BillSummaries>
<item congress="113" measure-type="hr" measure-number="980" measure-id="id113hr980" originChamber="HOUSE" orig-publish-date="2013-03-06" update-date="2013-04-26">
<title>CARE Act</title>
<summary summary-id="id113hr980v00" currentChamber="HOUSE" update-date="2013-04-26">
<action-date>2013-03-06</action-date>
<action-desc>Introduced in House</action-desc>
<summary-text><![CDATA[<p>Coal Accountability and Retired Employee Act of 2013 or CARE Act - Amends the Surface Mining Control and Reclamation Act of 1977 to transfer specified excess funds derived from coal mine operator-paid reclamation fees to the trustees of the 1974 United Mine Workers of America (UMWA) Pension Plan for use solely to pay pension benefits required under such Plan.</p> <p>Amends the Internal Revenue Code to revise 1992 UMWA Benefit Plan eligibility requirements.</p> <p>Makes eligible for health benefits from the 1992 UMWA Benefit Plan an individual who would be eligible to receive benefits from the 1974 UMWA Benefit Plan (with a specified exception) following a bankruptcy or other insolvency proceeding of a coal mine operator, but who does not receive from that operator or any related person health benefits at least equal to those received under the Multiemployer Health Benefit Plan of the Surface Mining Control and Reclamation Act of 1977.</p> <p>Prescribes a special rule to state that employer contributions to an employees' trust or annuity benefit plan providing supplemental benefits solely to participants in a pension plan are neither deductible nor nondeductible as such from the employer's gross income. Subjects such contributions, on the other hand, to the requirements for deduction as an allowable trade or business expense.</p> <p>Treats a trust holding the assets of such a pension benefit plan as a tax-exempt organization.</p> <p>Excludes from wages any payments made to, or on behalf of, an employee or his or her beneficiary under such a plan.</p>]]></summary-text>
</summary>
</item>
<dublinCore xmlns:dc="http://purl.org/dc/elements/1.1/">
<dc:format>text/xml</dc:format>
<dc:language>EN</dc:language>
<dc:rights>Pursuant to Title 17 Section 105 of the United States Code, this file is not subject to copyright protection and is in the public domain.</dc:rights>
<dc:contributor>Congressional Research Service, Library of Congress</dc:contributor>
<dc:description>This file contains bill summaries for federal legislation. A bill summary describes the most significant provisions of a piece of legislation and details the effects the legislative text may have on current law and federal programs. Bill summaries are authored by the Congressional Research Service (CRS) of the Library of Congress. As stated in Public Law 91-510 (2 USC 166 (d)(6)), one of the duties of CRS is "to prepare summaries and digests of bills and resolutions of a public general nature introduced in the Senate or House of Representatives". For more information, refer to the User Guide that accompanies this file.</dc:description>
</dublinCore>
</BillSummaries>
