<?xml version="1.0" encoding="UTF-8"?>
<BillSummaries>
<item congress="113" measure-type="hr" measure-number="101" measure-id="id113hr101" originChamber="HOUSE" orig-publish-date="2013-01-03" update-date="2013-01-16">
<title>Home Foreclosure Reduction Act of 2013</title>
<summary summary-id="id113hr101v00" currentChamber="HOUSE" update-date="2013-01-16">
<action-date>2013-01-03</action-date>
<action-desc>Introduced in House</action-desc>
<summary-text><![CDATA[<p>Home Foreclosure Reduction Act of 2013 - Amends federal bankruptcy law governing a Chapter 13 debtor (adjustment of debts of an individual with regular income) to exclude from the computation of debts the secured or unsecured portions of: (1) debts secured by the debtor's principal residence if the value of the residence is less than the applicable maximum amount of noncontingent, liquidated, secured debts; or (2) debts secured or formerly secured by the debtor's principal residence that was either sold in foreclosure or surrendered to the creditor if the property's value was less than the applicable maximum amount of noncontingent, liquidated, secured debts.</p> <p>Applies the credit counseling requirement to a Chapter 13 debtor who certifies receipt of notice that the holder of a claim secured by the debtor's principal residence may commence a foreclosure on it.</p> <p>Requires the court to disallow a claim that is subject to any remedy for rescission under the Truth in Lending Act, notwithstanding the prior entry of a foreclosure judgment.</p> <p>Permits a Chapter 13 bankruptcy plan to modify the rights of claim holders with respect to a claim for a loan originated before the effective date of this Act and secured by a security interest in the debtor's principal residence that is the subject of a foreclosure notice.</p> <p>Authorizes reduction of a claim secured by the debtor's principal residence, but only in specified circumstances, particularly if the debtor sells the residence.</p> <p>Permits a Chapter 13 bankruptcy plan to deny debtor liability for certain fees and charges incurred while the bankruptcy case is pending and arising from a debt secured by the debtor's principal residence, unless the claim holder observes specified requirements.</p> <p>Adds to conditions for court confirmation of a plan in bankruptcy that: (1) the holder of a claim secured by the debtor's principal residence retain the lien securing the claim until the later of the payment of the claim as reduced and modified, completion of all payments under the plan, or the discharge of a debtor from all debts; and (2) the plan modifies the claim in good faith and the court does not find that the debtor has been convicted of obtaining by actual fraud the extension, renewal, or refinancing of credit that gives rise to a modified claim.</p> <p>Authorizes the court, upon request, to confirm a plan proposing a reduction in the interest rate on the loan secured by such security interest and that does not reduce the principal, if certain requirements are met. </p> <p>Excludes from the final discharge of a debtor from all debts any unpaid portion of such a claim as reduced.</p> <p>Amends the federal judicial code to prescribe standing trustee fees regarding certain payments received under a Chapter 13 bankruptcy plan.</p> <p>Instructs the Comptroller General to study: (1) the number of Chapter 13 debtors who filed, during the year following enactment of this Act, for the purpose of restructuring their principal residence mortgages; (2) the number of mortgages restructured under this Act that subsequently resulted in default and foreclosure; (3) a comparison between the effectiveness of mortgages restructured under programs outside of bankruptcy and mortgages restructured under this Act; (4) the number of cases presented to the bankruptcy courts where mortgages were restructured under this Act that were appealed; (5) the number of bankruptcy cases where mortgages were restructured under this Act that were overturned on appeal; (6) the number of bankruptcy judges disciplined as a result of actions taken to restructure mortgages under this Act; and (7) whether the amendments made by this Act should be amended to include a sunset clause.</p> <p>Directs the Comptroller General to conduct: (1) a comprehensive review of the effects of the amendments made by this subtitle on the bankruptcy court, (2) a survey of whether the program should limit the types of homeowners eligible for the program, and (3) whether such amendments should remain in effect.</p>]]></summary-text>
</summary>
</item>
<dublinCore xmlns:dc="http://purl.org/dc/elements/1.1/">
<dc:format>text/xml</dc:format>
<dc:language>EN</dc:language>
<dc:rights>Pursuant to Title 17 Section 105 of the United States Code, this file is not subject to copyright protection and is in the public domain.</dc:rights>
<dc:contributor>Congressional Research Service, Library of Congress</dc:contributor>
<dc:description>This file contains bill summaries for federal legislation. A bill summary describes the most significant provisions of a piece of legislation and details the effects the legislative text may have on current law and federal programs. Bill summaries are authored by the Congressional Research Service (CRS) of the Library of Congress. As stated in Public Law 91-510 (2 USC 166 (d)(6)), one of the duties of CRS is "to prepare summaries and digests of bills and resolutions of a public general nature introduced in the Senate or House of Representatives". For more information, refer to the User Guide that accompanies this file.</dc:description>
</dublinCore>
</BillSummaries>
